OrderID,OrderDate,OrderHour,City,Cuisine,OrderValueSEK,DeliveryTimeMin,DeliveryStatus,CustomerType
108911,2026-06-23,20,Göteborg,Thai,248.0,23.0,On time,Returning
105327,2026-05-05,21,Malmö,Indian,168.0,35.0,On time,Returning
112843,2026-08-15,11,Stockholm,Sushi,217.0,25.0,On time,Returning
104912,2026-04-30,16,Malmö,Thai,286.0,38.0,On time,Returning
110109,2026-07-10,20,Göteborg,Pizza,111.0,47.0,Late,New
104788,2026-04-28,17,Uppsala,Sushi,317.0,26.0,On time,New
108765,2026-06-21,17,Göteborg,Kebab,204.0,28.0,On time,Returning
108343,2026-06-15,20,Stockholm,Pizza,256.0,36.0,On time,New
109945,2026-07-07,17,Uppsala,Kebab,333.0,33.0,On time,Returning
111435,2026-07-27,20,Göteborg,Burgers,292.0,29.0,On time,New
112873,2026-08-15,13,Stockholm,Sushi,317.0,31.0,On time,Returning
105885,2026-05-13,19,Stockholm,Burgers,243.0,39.0,On time,New
106871,2026-05-26,12,Stockholm,Sushi,111.0,42.0,On time,New
111060,2026-07-22,17,Stockholm,Burgers,243.0,19.0,On time,New
104596,2026-04-26,12,Göteborg,Salad,309.0,44.0,On time,Returning
112732,2026-08-13,20,Malmö,Pizza,240.0,45.0,On time,Returning
103203,2026-04-07,19,Stockholm,Thai,287.0,35.0,On time,Returning
108441,2026-06-16,12,Stockholm,Kebab,389.0,35.0,On time,Returning
109025,2026-06-25,21,Göteborg,Salad,247.0,42.0,On time,New
105355,2026-05-06,16,Göteborg,Burgers,295.0,28.0,On time,New
105999,2026-05-15,20,Göteborg,Burgers,268.0,51.0,Late,New
110123,2026-07-10,21,Stockholm,Pizza,204.0,30.0,On time,Returning
109056,2026-06-25,20,Stockholm,Vegan,420.0,37.0,On time,Returning
110917,2026-07-20,10,Stockholm,Sushi,199.0,35.0,On time,Returning
109263,2026-06-28,17,Göteborg,Pizza,398.0,34.0,On time,New
111529,2026-07-28,10,Stockholm,Burgers,257.0,51.0,Late,Returning
106552,2026-05-22,18,Stockholm,Burgers,187.0,32.0,On time,Returning
110389,2026-07-13,11,Malmö,Thai,191.0,36.0,On time,New
113172,2026-08-19,20,Stockholm,Burgers,247.0,45.0,On time,Returning
112495,2026-08-10,11,Göteborg,Thai,219.0,23.0,On time,Returning
104693,2026-04-27,11,Stockholm,Salad,184.0,29.0,On time,Returning
105529,2026-05-08,11,Malmö,Kebab,209.0,34.0,On time,New
110628,2026-07-16,11,Uppsala,Kebab,229.0,23.0,On time,New
100166,2026-02-25,19,Stockholm,Salad,257.0,31.0,On time,Returning
100814,2026-03-06,19,Göteborg,Burgers,235.0,45.0,On time,Returning
111931,2026-08-02,12,Uppsala,Pizza,181.0,29.0,On time,Returning
108220,2026-06-13,23,Uppsala,Indian,140.0,54.0,Late,New
104858,2026-04-29,19,Lund,Pizza,280.0,32.0,On time,New
107715,2026-06-07,18,Göteborg,Pizza,236.0,58.0,Late,Returning
105905,2026-05-13,11,Uppsala,Thai,300.0,43.0,On time,Returning
102722,2026-04-01,17,Göteborg,Pizza,275.0,51.0,Late,Returning
108473,2026-06-16,11,Lund,Thai,238.0,15.0,On time,Returning
108672,2026-06-19,16,Malmö,Indian,294.0,33.0,On time,New
103066,2026-04-05,14,Stockholm,Thai,267.0,47.0,Late,New
104917,2026-04-30,17,Malmö,Indian,257.0,44.0,On time,New
101205,2026-03-11,13,Stockholm,Sushi,308.0,41.0,On time,New
100562,2026-03-02,12,Stockholm,Kebab,185.0,39.0,On time,Returning
106563,2026-05-22,9,Stockholm,Pizza,208.0,40.0,On time,New
107749,2026-06-07,13,Stockholm,Burgers,306.0,43.0,On time,New
108544,2026-06-18,13,Göteborg,Vegan,243.0,41.0,On time,New
102610,2026-03-30,17,Stockholm,Thai,201.0,52.0,Late,Returning
105026,2026-05-02,9,Göteborg,Vegan,342.0,44.0,On time,Returning
110814,2026-07-19,18,Göteborg,Pizza,205.0,49.0,Late,Returning
102571,2026-03-30,18,Göteborg,Burgers,246.0,33.0,On time,Returning
106280,2026-05-18,16,Stockholm,Thai,270.0,50.0,Late,Returning
110092,2026-07-09,9,Uppsala,Pizza,200.0,40.0,On time,New
113194,2026-08-19,15,Uppsala,Burgers,166.0,47.0,Late,New
105149,2026-05-03,11,Stockholm,Vegan,226.0,29.0,On time,Returning
104155,2026-04-19,11,Uppsala,Sushi,263.0,23.0,On time,Returning
101667,2026-03-17,20,Malmö,Pizza,368.0,33.0,On time,Returning
112508,2026-08-10,17,Stockholm,Vegan,228.0,35.0,On time,New
109982,2026-07-08,13,Stockholm,Thai,173.0,36.0,On time,New
107048,2026-05-29,14,Stockholm,Indian,285.0,58.0,Late,Returning
103682,2026-04-13,13,Stockholm,Kebab,204.0,33.0,On time,Returning
113214,2026-08-20,17,Unknown,Burgers,175.0,38.0,On time,Returning
113384,2026-08-22,17,Unknown,Kebab,225.0,22.0,On time,Returning
100447,2026-03-01,13,Göteborg,Salad,236.0,36.0,On time,Returning
103268,2026-04-08,12,Göteborg,Salad,236.0,24.0,On time,New
111969,2026-08-03,17,Stockholm,Pizza,202.0,40.0,On time,Returning
103305,2026-04-08,19,Malmö,Pizza,287.0,40.0,On time,Returning
112503,2026-08-10,11,Göteborg,Burgers,223.0,39.0,On time,New
111693,2026-07-30,11,Uppsala,Pizza,235.0,38.0,On time,Returning
102967,2026-04-04,12,Stockholm,Pizza,223.0,33.0,On time,New
105469,2026-05-07,12,Uppsala,Burgers,294.0,31.0,On time,Returning
103643,2026-04-12,11,Lund,Pizza,226.0,37.0,On time,Returning
111652,2026-07-30,14,Stockholm,Burgers,237.0,24.0,On time,Returning
106029,2026-05-15,16,Stockholm,Thai,318.0,38.0,On time,Returning
109395,2026-06-29,10,Lund,Thai,293.0,27.0,On time,New
110668,2026-07-17,11,Stockholm,Pizza,221.0,44.0,On time,Returning
106880,2026-05-26,18,Malmö,Pizza,312.0,27.0,On time,Returning
100370,2026-02-28,19,Göteborg,Sushi,198.0,40.0,On time,Returning
101768,2026-03-19,18,Stockholm,Burgers,249.0,41.0,On time,Returning
106363,2026-05-19,20,Uppsala,Vegan,183.0,48.0,Late,Returning
113507,2026-08-23,12,Malmö,Burgers,324.0,42.0,On time,New
104199,2026-04-20,18,Stockholm,Burgers,301.0,37.0,On time,Returning
111643,2026-07-30,18,Stockholm,Pizza,173.0,24.0,On time,New
110575,2026-07-16,19,Göteborg,Pizza,324.0,27.0,On time,Returning
110576,2026-07-16,19,Göteborg,Burgers,283.0,28.0,On time,Returning
107654,2026-06-06,16,Stockholm,Sushi,244.0,30.0,On time,New
113149,2026-08-19,17,Göteborg,Kebab,214.0,42.0,On time,Returning
112179,2026-08-06,19,Stockholm,Pizza,334.0,35.0,On time,Returning
100140,2026-02-24,13,Lund,Sushi,246.0,47.0,Late,Returning
103757,2026-04-14,10,Stockholm,Indian,237.0,35.0,On time,Returning
112926,2026-08-16,15,Göteborg,Indian,306.0,23.0,On time,Returning
110342,2026-07-12,16,Lund,Burgers,254.0,35.0,On time,Returning
106231,2026-05-17,20,Lund,Indian,292.0,29.0,On time,Returning
108732,2026-06-20,15,Stockholm,Burgers,272.0,40.0,On time,New
108109,2026-06-12,12,Stockholm,Sushi,230.0,31.0,On time,Returning
104790,2026-04-28,15,Lund,Pizza,227.0,37.0,On time,New
100495,2026-03-01,15,Stockholm,Indian,227.0,36.0,On time,Returning
102742,2026-04-01,10,Stockholm,Pizza,292.0,34.0,On time,Returning
106070,2026-05-16,11,Göteborg,Burgers,268.0,29.0,On time,Returning
107486,2026-06-03,18,Lund,Sushi,191.0,32.0,On time,Returning
106378,2026-05-20,10,Göteborg,Pizza,250.0,48.0,Late,Returning
106251,2026-05-18,19,Göteborg,Pizza,382.0,20.0,On time,Returning
104543,2026-04-25,12,Stockholm,Burgers,131.0,21.0,On time,Returning
109611,2026-07-03,13,Göteborg,Indian,270.0,37.0,On time,Returning
111558,2026-07-28,12,Lund,Burgers,279.0,40.0,On time,Returning
103712,2026-04-13,12,Malmö,Kebab,286.0,51.0,Late,New
105942,2026-05-14,11,Stockholm,Kebab,243.0,47.0,Late,Returning
110461,2026-07-14,17,Stockholm,Salad,232.0,37.0,Unknown,Returning
107630,2026-06-06,12,Göteborg,Burgers,295.0,37.0,On time,Returning
104743,2026-04-28,20,Göteborg,Pizza,244.0,46.0,Late,New
107006,2026-05-28,16,Stockholm,Indian,246.0,15.0,On time,Returning
100152,2026-02-25,9,Göteborg,Indian,252.0,38.0,On time,New
105017,2026-05-02,10,Göteborg,Pizza,287.0,33.0,On time,Returning
110031,2026-07-09,12,Göteborg,Indian,242.0,44.0,On time,Returning
109210,2026-06-27,10,Stockholm,Indian,124.0,37.0,On time,Returning
104229,2026-04-20,20,Uppsala,Indian,217.0,45.0,On time,New
108796,2026-06-21,13,Stockholm,Kebab,288.0,45.0,On time,Returning
109657,2026-07-03,13,Uppsala,Burgers,297.0,27.0,On time,Returning
110000,2026-07-08,11,Stockholm,Kebab,249.0,29.0,On time,Returning
112185,2026-08-06,17,Stockholm,Thai,151.0,15.0,On time,Returning
110400,2026-07-13,18,Malmö,Vegan,280.0,35.0,On time,Returning
109764,2026-07-05,23,Stockholm,Burgers,223.0,39.0,On time,New
102366,2026-03-27,17,Stockholm,Salad,251.0,43.0,On time,New
113442,2026-08-23,20,Göteborg,Kebab,204.0,50.0,Late,Returning
101773,2026-03-19,16,Stockholm,Indian,113.0,49.0,Late,Returning
106987,2026-05-28,19,Göteborg,Sushi,190.0,51.0,Late,Returning
111321,2026-07-25,21,Malmö,Sushi,162.0,33.0,On time,Returning
112479,2026-08-09,9,Uppsala,Burgers,283.0,39.0,On time,New
101765,2026-03-19,11,Göteborg,Pizza,259.0,49.0,Late,New
103872,2026-04-16,12,Göteborg,Pizza,324.0,44.0,On time,Returning
104138,2026-04-19,11,Malmö,Sushi,245.0,50.0,Late,New
106164,2026-05-17,12,Stockholm,Kebab,316.0,37.0,On time,New
100023,2026-02-23,11,Stockholm,Pizza,194.0,46.0,Late,New
112213,2026-08-06,16,Uppsala,Pizza,137.0,34.0,On time,Returning
100728,2026-03-04,21,Malmö,Kebab,176.0,25.0,On time,Returning
101827,2026-03-20,17,Göteborg,Pizza,242.0,51.0,Late,Returning
111363,2026-07-26,14,Stockholm,Thai,224.0,15.0,On time,New
100739,2026-03-04,16,Lund,Sushi,339.0,42.0,On time,Returning
107268,2026-05-31,16,Lund,Burgers,194.0,43.0,On time,Returning
101240,2026-03-11,19,Uppsala,Pizza,178.0,36.0,On time,Returning
102809,2026-04-02,20,Göteborg,Indian,276.0,35.0,On time,New
111648,2026-07-30,14,Stockholm,Burgers,205.0,36.0,On time,Returning
103719,2026-04-13,12,Uppsala,Kebab,258.0,40.0,On time,Returning
109857,2026-07-06,12,Malmö,Sushi,250.0,48.0,Late,Returning
106763,2026-05-25,20,Göteborg,Sushi,224.0,29.0,On time,Returning
105427,2026-05-07,11,Unknown,Thai,229.0,250.0,Unknown,Returning
108426,2026-06-16,12,Unknown,Indian,237.0,37.0,On time,New
107435,2026-06-03,14,Stockholm,Vegan,204.0,38.0,On time,Returning
109208,2026-06-27,13,Stockholm,Vegan,150.0,38.0,On time,Returning
101888,2026-03-21,13,Göteborg,Kebab,303.0,46.0,Late,Returning
101295,2026-03-12,18,Stockholm,Indian,194.0,32.0,On time,Returning
108637,2026-06-19,12,Stockholm,Pizza,157.0,28.0,On time,Returning
105523,2026-05-08,12,Malmö,Pizza,290.0,45.0,On time,New
110274,2026-07-12,17,Göteborg,Burgers,208.0,48.0,Late,Returning
103045,2026-04-05,20,Stockholm,Pizza,296.0,33.0,On time,New
106595,2026-05-22,16,Lund,Burgers,210.0,43.0,On time,New
109566,2026-07-02,11,Stockholm,Pizza,182.0,36.0,On time,New
101750,2026-03-19,21,Göteborg,Thai,200.0,36.0,On time,Returning
108817,2026-06-21,12,Unknown,Thai,263.0,55.0,Late,New
112173,2026-08-06,12,Stockholm,Burgers,182.0,36.0,On time,Returning
109200,2026-06-27,19,Stockholm,Sushi,206.0,57.0,Late,Returning
102784,2026-04-01,17,Uppsala,Burgers,388.0,50.0,Late,Returning
112001,2026-08-03,18,Lund,Thai,301.0,38.0,On time,New
108868,2026-06-22,19,Stockholm,Indian,238.0,47.0,Late,Returning
112375,2026-08-08,12,Malmö,Burgers,239.0,52.0,Late,Returning
107607,2026-06-05,18,Uppsala,Pizza,240.0,35.0,On time,Returning
112115,2026-08-05,12,Stockholm,Indian,342.0,31.0,On time,Returning
103198,2026-04-07,9,Stockholm,Vegan,269.0,42.0,On time,New
106025,2026-05-15,18,Stockholm,Thai,319.0,33.0,On time,Returning
105739,2026-05-11,15,Göteborg,Burgers,243.0,42.0,On time,New
104621,2026-04-26,13,Stockholm,Burgers,218.0,48.0,Late,Returning
109102,2026-06-26,14,Stockholm,Burgers,205.0,46.0,Late,Returning
112485,2026-08-09,19,Lund,Vegan,270.0,40.0,On time,New
112545,2026-08-10,13,Malmö,Burgers,264.0,42.0,On time,Returning
112114,2026-08-05,13,Stockholm,Pizza,244.0,36.0,On time,New
103931,2026-04-17,11,Göteborg,Pizza,249.0,45.0,On time,Returning
104697,2026-04-27,20,Stockholm,Burgers,232.0,28.0,On time,New
100379,2026-02-28,12,Göteborg,Sushi,227.0,39.0,On time,Returning
100841,2026-03-06,17,Stockholm,Thai,243.0,57.0,Late,Returning
110407,2026-07-13,19,Uppsala,Kebab,280.0,38.0,On time,New
110358,2026-07-13,12,Göteborg,Thai,181.0,31.0,On time,New
103328,2026-04-09,13,Göteborg,Kebab,326.0,30.0,On time,Returning
107112,2026-05-30,16,Göteborg,Indian,151.0,39.0,On time,Returning
108873,2026-06-22,14,Stockholm,Salad,248.0,47.0,Late,Returning
104360,2026-04-22,19,Malmö,Pizza,276.0,20.0,On time,Returning
110892,2026-07-20,10,Göteborg,Kebab,292.0,22.0,On time,New
103043,2026-04-05,13,Stockholm,Pizza,304.0,18.0,On time,Returning
104506,2026-04-24,12,Uppsala,Sushi,212.0,41.0,On time,Returning
113288,2026-08-21,19,Göteborg,Indian,225.0,43.0,On time,Returning
105254,2026-05-04,12,Malmö,Kebab,173.0,46.0,Late,Returning
109558,2026-07-02,18,Unknown,Pizza,205.0,36.0,On time,New
101327,2026-03-13,19,Göteborg,Pizza,251.0,30.0,On time,New
107875,2026-06-09,11,Göteborg,Thai,306.0,39.0,On time,New
101803,2026-03-19,20,Malmö,Kebab,251.0,34.0,On time,New
108336,2026-06-15,18,Stockholm,Pizza,176.0,20.0,On time,Returning
110830,2026-07-19,19,Stockholm,Pizza,246.0,32.0,On time,Returning
100194,2026-02-25,17,Malmö,Sushi,350.0,38.0,On time,Returning
112352,2026-08-08,20,Stockholm,Pizza,278.0,39.0,On time,Returning
110190,2026-07-11,18,Stockholm,Sushi,260.0,39.0,On time,Returning
107064,2026-05-29,17,Stockholm,Indian,338.0,38.0,On time,New
106608,2026-05-23,20,Göteborg,Sushi,323.0,25.0,On time,Returning
110935,2026-07-20,19,Malmö,Pizza,263.0,48.0,Late,New
112379,2026-08-08,18,Malmö,Burgers,231.0,35.0,On time,New
103319,2026-04-08,19,Uppsala,Thai,160.0,26.0,On time,Returning
105539,2026-05-08,10,Uppsala,Burgers,233.0,50.0,Late,Returning
104383,2026-04-23,13,Göteborg,Pizza,222.0,41.0,On time,Returning
111581,2026-07-29,16,Unknown,Burgers,306.0,45.0,On time,Returning
112736,2026-08-13,14,Malmö,Kebab,208.0,39.0,On time,New
102956,2026-04-04,21,Stockholm,Thai,288.0,36.0,On time,Returning
107227,2026-05-31,19,Stockholm,Burgers,235.0,32.0,On time,New
104735,2026-04-28,16,Göteborg,Vegan,301.0,36.0,On time,Returning
105035,2026-05-02,9,Stockholm,Burgers,229.0,30.0,On time,New
109922,2026-07-07,9,Stockholm,Pizza,271.0,33.0,On time,Returning
101644,2026-03-17,19,Stockholm,Salad,309.0,36.0,On time,Returning
110657,2026-07-17,19,Göteborg,Kebab,268.0,24.0,On time,New
105437,2026-05-07,15,Stockholm,Burgers,285.0,30.0,On time,Returning
109527,2026-07-01,13,Lund,Sushi,221.0,37.0,On time,New
105830,2026-05-12,17,Malmö,Sushi,248.0,19.0,On time,Returning
111897,2026-08-02,20,Stockholm,Thai,258.0,33.0,On time,Returning
106014,2026-05-15,13,Stockholm,Indian,317.0,37.0,On time,New
102778,2026-04-01,9,Malmö,Thai,203.0,43.0,On time,Returning
103284,2026-04-08,11,Stockholm,Pizza,211.0,34.0,On time,Returning
106983,2026-05-28,19,Göteborg,Pizza,230.0,41.0,On time,New
106467,2026-05-21,20,Stockholm,Thai,289.0,38.0,On time,Returning
106903,2026-05-27,14,Göteborg,Sushi,167.0,25.0,On time,Returning
102714,2026-03-31,12,Lund,Burgers,254.0,56.0,Late,New
106884,2026-05-26,17,Malmö,Sushi,254.0,38.0,On time,Returning
105242,2026-05-04,18,Stockholm,Burgers,161.0,34.0,On time,Returning
110042,2026-07-09,10,Göteborg,Burgers,275.0,24.0,On time,Returning
100573,2026-03-02,14,Stockholm,Sushi,231.0,40.0,On time,Returning
102477,2026-03-28,10,Lund,Indian,215.0,46.0,Late,Returning
108401,2026-06-16,17,Göteborg,Vegan,290.0,26.0,On time,Returning
110746,2026-07-18,17,Stockholm,Kebab,183.0,43.0,On time,Returning
111871,2026-08-02,11,Göteborg,Pizza,236.0,45.0,On time,New
111623,2026-07-30,11,Göteborg,Burgers,283.0,51.0,Late,New
110712,2026-07-18,20,Göteborg,Sushi,244.0,41.0,On time,Returning
111593,2026-07-29,19,Stockholm,Burgers,213.0,38.0,On time,Returning
105866,2026-05-13,12,Unknown,Indian,249.0,39.0,On time,Returning
101733,2026-03-18,13,Malmö,Pizza,125.0,36.0,On time,New
101980,2026-03-22,12,Stockholm,Burgers,224.0,31.0,On time,New
108158,2026-06-13,18,Göteborg,Pizza,243.0,36.0,On time,Returning
112853,2026-08-15,21,Stockholm,Burgers,292.0,30.0,On time,Returning
112204,2026-08-06,9,Malmö,Sushi,190.0,34.0,On time,Returning
107757,2026-06-07,13,Stockholm,Pizza,292.0,30.0,On time,Returning
105102,2026-05-03,22,Göteborg,Burgers,330.0,48.0,Late,Returning
101163,2026-03-10,20,Malmö,Vegan,269.0,28.0,On time,New
109949,2026-07-07,15,Uppsala,Pizza,189.0,37.0,Unknown,Returning
105761,2026-05-11,10,Stockholm,Vegan,210.0,33.0,On time,Returning
103407,2026-04-10,14,Göteborg,Burgers,271.0,46.0,Late,Returning
104359,2026-04-22,20,Malmö,Sushi,256.0,47.0,Late,Returning
109961,2026-07-08,11,Göteborg,Kebab,239.0,45.0,On time,New
106553,2026-05-22,17,Stockholm,Indian,205.0,34.0,On time,New
108442,2026-06-16,10,Stockholm,Salad,172.0,29.0,On time,Returning
109605,2026-07-03,9,Göteborg,Sushi,243.0,29.0,On time,New
101061,2026-03-09,19,Göteborg,Sushi,163.0,37.0,Unknown,Returning
109676,2026-07-04,11,Göteborg,Thai,204.0,27.0,On time,Returning
110738,2026-07-18,13,Stockholm,Burgers,133.0,51.0,Late,Returning
104432,2026-04-23,19,Uppsala,Pizza,280.0,29.0,On time,Returning
110153,2026-07-10,16,Malmö,Pizza,232.0,37.0,On time,New
110331,2026-07-12,19,Uppsala,Burgers,317.0,47.0,Late,Returning
110838,2026-07-19,11,Stockholm,Thai,215.0,36.0,On time,Returning
111311,2026-07-25,13,Malmö,Indian,221.0,33.0,On time,Returning
112124,2026-08-05,20,Malmö,Pizza,225.0,41.0,On time,Returning
107656,2026-06-06,13,Stockholm,Pizza,265.0,34.0,On time,Returning
102697,2026-03-31,19,Malmö,Thai,286.0,36.0,On time,New
105416,2026-05-07,22,Göteborg,Vegan,206.0,44.0,On time,Returning
105517,2026-05-08,14,Stockholm,Thai,233.0,29.0,On time,Returning
105384,2026-05-06,19,Stockholm,Indian,210.0,36.0,On time,Returning
110837,2026-07-19,13,Stockholm,Sushi,325.0,26.0,On time,New
109049,2026-06-25,13,Stockholm,Vegan,240.0,22.0,On time,Returning
102476,2026-03-28,10,Lund,Pizza,187.0,42.0,On time,New
107959,2026-06-10,10,Stockholm,Vegan,324.0,34.0,On time,Returning
109649,2026-07-03,18,Stockholm,Salad,183.0,34.0,On time,New
102849,2026-04-02,21,Malmö,Salad,250.0,30.0,On time,Returning
113488,2026-08-23,12,Stockholm,Thai,251.0,50.0,Late,Returning
103846,2026-04-15,12,Malmö,Salad,277.0,51.0,Late,Returning
107251,2026-05-31,18,Uppsala,Burgers,205.0,29.0,On time,Returning
105788,2026-05-11,15,Malmö,Burgers,246.0,45.0,On time,New
112309,2026-08-08,11,Göteborg,Pizza,259.0,44.0,On time,New
111285,2026-07-25,10,Stockholm,Burgers,351.0,43.0,On time,Returning
105365,2026-05-06,13,Stockholm,Burgers,262.0,26.0,On time,Returning
101017,2026-03-08,11,Stockholm,Sushi,243.0,17.0,On time,New
107384,2026-06-02,15,Malmö,Kebab,234.0,51.0,Late,Returning
111101,2026-07-22,12,Uppsala,Pizza,235.0,42.0,On time,New
105742,2026-05-11,18,Göteborg,Sushi,247.0,45.0,On time,Returning
104000,2026-04-18,20,Göteborg,Kebab,269.0,41.0,On time,Returning
111813,2026-08-01,18,Stockholm,Indian,243.0,46.0,Late,New
108111,2026-06-12,18,Stockholm,Vegan,288.0,28.0,On time,Returning
100354,2026-02-27,10,Uppsala,Burgers,257.0,36.0,On time,Returning
105947,2026-05-14,20,Stockholm,Burgers,261.0,40.0,On time,Returning
111692,2026-07-30,11,Uppsala,Pizza,288.0,31.0,On time,Returning
100914,2026-03-07,12,Stockholm,Thai,259.0,41.0,On time,Returning
108771,2026-06-21,11,Göteborg,Kebab,295.0,38.0,On time,Returning
102160,2026-03-24,10,Stockholm,Pizza,225.0,42.0,On time,New
100926,2026-03-07,14,Stockholm,Kebab,295.0,46.0,Late,Returning
104561,2026-04-25,12,Stockholm,Salad,227.0,51.0,Late,Returning
101007,2026-03-08,16,Stockholm,Kebab,294.0,35.0,On time,Returning
109166,2026-06-27,19,Göteborg,Pizza,240.0,19.0,On time,Returning
100408,2026-02-28,18,Stockholm,Sushi,259.0,29.0,On time,Returning
107254,2026-05-31,13,Uppsala,Pizza,315.0,250.0,Unknown,New
108985,2026-06-24,11,Stockholm,Indian,246.0,38.0,On time,New
111855,2026-08-01,15,Lund,Kebab,299.0,17.0,On time,Returning
109596,2026-07-02,11,Lund,Burgers,135.0,23.0,On time,Returning
100151,2026-02-25,15,Göteborg,Burgers,259.0,57.0,Late,Returning
109984,2026-07-08,17,Stockholm,Sushi,239.0,34.0,On time,Returning
103375,2026-04-09,10,Stockholm,Vegan,331.0,19.0,On time,Returning
100324,2026-02-27,17,Stockholm,Thai,165.0,35.0,On time,Returning
112724,2026-08-13,19,Stockholm,Sushi,241.0,20.0,On time,Returning
112061,2026-08-04,10,Uppsala,Thai,363.0,22.0,On time,Returning
105698,2026-05-10,11,Malmö,Kebab,267.0,40.0,On time,Returning
102882,2026-04-03,20,Stockholm,Salad,289.0,47.0,Late,New
107152,2026-05-30,20,Malmö,Kebab,123.0,42.0,On time,Returning
103216,2026-04-07,11,Stockholm,Indian,228.0,40.0,On time,Returning
105414,2026-05-07,11,Göteborg,Burgers,274.0,35.0,On time,Returning
109361,2026-06-29,17,Stockholm,Burgers,357.0,49.0,Late,Returning
104922,2026-04-30,12,Malmö,Burgers,219.0,42.0,On time,Returning
102103,2026-03-23,10,Uppsala,Kebab,215.0,37.0,On time,Returning
108189,2026-06-13,11,Stockholm,Indian,301.0,37.0,On time,Returning
106086,2026-05-16,19,Stockholm,Sushi,220.0,39.0,On time,Returning
105456,2026-05-07,20,Stockholm,Thai,160.0,26.0,On time,Returning
109288,2026-06-28,18,Stockholm,Kebab,208.0,42.0,On time,Returning
106386,2026-05-20,13,Göteborg,Pizza,278.0,50.0,Late,Returning
102911,2026-04-03,13,Malmö,Burgers,231.0,39.0,On time,Returning
111204,2026-07-24,11,Stockholm,Burgers,323.0,26.0,On time,Returning
105599,2026-05-09,11,Stockholm,Kebab,204.0,36.0,On time,New
110929,2026-07-20,12,Stockholm,Salad,156.0,30.0,On time,New
108682,2026-06-19,10,Uppsala,Burgers,196.0,17.0,On time,New
110265,2026-07-12,19,Göteborg,Thai,217.0,27.0,On time,Returning
108402,2026-06-16,14,Unknown,Thai,203.0,32.0,On time,New
105514,2026-05-08,16,Unknown,Vegan,293.0,45.0,On time,New
107688,2026-06-06,23,Malmö,Kebab,247.0,45.0,On time,Returning
108054,2026-06-11,23,Malmö,Kebab,257.0,24.0,On time,New
102439,2026-03-28,12,Stockholm,Burgers,257.0,31.0,On time,New
113044,2026-08-17,20,Malmö,Indian,213.0,30.0,On time,Returning
101674,2026-03-17,18,Uppsala,Kebab,265.0,43.0,On time,New
102771,2026-04-01,13,Malmö,Salad,227.0,39.0,On time,New
104699,2026-04-27,12,Stockholm,Burgers,249.0,41.0,On time,New
113067,2026-08-18,12,Göteborg,Pizza,205.0,50.0,Late,Returning
111763,2026-07-31,18,Uppsala,Indian,269.0,32.0,On time,Returning
103810,2026-04-15,18,Göteborg,Kebab,317.0,42.0,On time,New
113240,2026-08-20,19,Stockholm,Thai,288.0,37.0,On time,Returning
104866,2026-04-30,18,Göteborg,Sushi,354.0,22.0,On time,Returning
102614,2026-03-30,19,Stockholm,Pizza,231.0,41.0,On time,New
102863,2026-04-03,13,Göteborg,Pizza,236.0,33.0,On time,New
112751,2026-08-13,13,Lund,Vegan,122.0,48.0,Late,Returning
101870,2026-03-20,17,Uppsala,Pizza,179.0,48.0,Late,Returning
110434,2026-07-14,17,Unknown,Sushi,302.0,41.0,On time,Returning
102618,2026-03-30,13,Malmö,Pizza,168.0,37.0,On time,New
110120,2026-07-10,13,Göteborg,Burgers,292.0,48.0,Late,Returning
105829,2026-05-12,22,Malmö,Indian,337.0,37.0,Unknown,Returning
113327,2026-08-21,17,Malmö,Thai,307.0,37.0,On time,Returning
104323,2026-04-22,12,Stockholm,Salad,144.0,22.0,On time,Returning
104774,2026-04-28,11,Malmö,Sushi,287.0,43.0,On time,New
102829,2026-04-02,17,Stockholm,Pizza,341.0,39.0,On time,New
100271,2026-02-26,11,Malmö,Burgers,187.0,43.0,On time,New
105229,2026-05-04,17,Stockholm,Kebab,319.0,41.0,On time,New
102081,2026-03-23,13,Stockholm,Thai,187.0,27.0,On time,Returning
110528,2026-07-15,23,Stockholm,Pizza,215.0,38.0,On time,New
100490,2026-03-01,11,Stockholm,Thai,350.0,41.0,On time,Returning
101819,2026-03-20,18,Göteborg,Burgers,225.0,34.0,On time,Returning
100104,2026-02-24,15,Stockholm,Burgers,264.0,37.0,Unknown,Returning
111277,2026-07-25,10,Stockholm,Burgers,244.0,54.0,Late,New
109228,2026-06-27,18,Malmö,Kebab,266.0,36.0,On time,Returning
110816,2026-07-19,20,Göteborg,Salad,253.0,47.0,Late,Returning
108660,2026-06-19,19,Malmö,Sushi,216.0,27.0,On time,New
107686,2026-06-06,17,Malmö,Kebab,198.0,32.0,On time,New
105877,2026-05-13,21,Stockholm,Thai,269.0,31.0,On time,Returning
112522,2026-08-10,20,Stockholm,Burgers,269.0,31.0,On time,New
101983,2026-03-22,17,Stockholm,Indian,284.0,42.0,On time,New
112848,2026-08-15,12,Stockholm,Pizza,273.0,34.0,On time,Returning
104353,2026-04-22,19,Malmö,Sushi,235.0,46.0,Late,New
106731,2026-05-24,18,Malmö,Thai,308.0,33.0,On time,Returning
100770,2026-03-05,14,Stockholm,Vegan,247.0,22.0,On time,Returning
109498,2026-07-01,19,Stockholm,Pizza,277.0,30.0,On time,Returning
107197,2026-05-31,20,Göteborg,Kebab,354.0,41.0,On time,Returning
107333,2026-06-02,11,Göteborg,Pizza,265.0,57.0,Late,Returning
108794,2026-06-21,11,Stockholm,Pizza,298.0,35.0,On time,Returning
106375,2026-05-20,19,Göteborg,Pizza,265.0,25.0,On time,Returning
109981,2026-07-08,21,Stockholm,Kebab,193.0,52.0,Late,Returning
109074,2026-06-25,16,Malmö,Pizza,178.0,44.0,On time,New
106849,2026-05-26,20,Stockholm,Indian,295.0,34.0,On time,New
103869,2026-04-16,21,Göteborg,Burgers,197.0,44.0,On time,New
104369,2026-04-22,13,Uppsala,Thai,224.0,40.0,On time,New
111548,2026-07-28,19,Malmö,Vegan,273.0,42.0,On time,Returning
104180,2026-04-20,12,Göteborg,Burgers,170.0,45.0,On time,Returning
105268,2026-05-04,19,Uppsala,Burgers,204.0,38.0,On time,Returning
112798,2026-08-14,17,Stockholm,Burgers,155.0,54.0,Late,Returning
105882,2026-05-13,19,Stockholm,Vegan,283.0,31.0,On time,New
105834,2026-05-12,11,Malmö,Sushi,206.0,30.0,On time,Returning
103649,2026-04-13,13,Göteborg,Burgers,370.0,24.0,On time,Returning
109130,2026-06-26,18,Stockholm,Indian,285.0,33.0,On time,New
110210,2026-07-11,20,Stockholm,Burgers,277.0,40.0,On time,Returning
111962,2026-08-03,15,Stockholm,Salad,200.0,50.0,Late,Returning
107183,2026-05-31,11,Göteborg,Burgers,183.0,60.0,Late,New
107417,2026-06-03,19,Göteborg,Burgers,276.0,21.0,On time,Returning
106213,2026-05-17,16,Malmö,Sushi,287.0,51.0,Late,Returning
103858,2026-04-15,16,Lund,Pizza,189.0,39.0,On time,Returning
109918,2026-07-07,22,Stockholm,Sushi,258.0,42.0,On time,New
106362,2026-05-19,13,Uppsala,Burgers,99.0,38.0,On time,Returning
105688,2026-05-10,13,Stockholm,Sushi,306.0,30.0,On time,Returning
104278,2026-04-21,18,Stockholm,Burgers,242.0,50.0,Late,Returning
100439,2026-02-28,20,Uppsala,Burgers,287.0,40.0,On time,Returning
107738,2026-06-07,11,Göteborg,Salad,192.0,27.0,On time,New
102298,2026-03-26,17,Malmö,Salad,280.0,51.0,Late,Returning
110410,2026-07-13,15,Uppsala,Vegan,211.0,42.0,On time,New
110249,2026-07-11,23,Lund,Sushi,274.0,52.0,Late,New
109409,2026-06-30,22,Göteborg,Pizza,282.0,28.0,On time,Returning
103320,2026-04-08,16,Lund,Kebab,180.0,25.0,On time,Returning
105094,2026-05-03,12,Göteborg,Burgers,333.0,20.0,On time,Returning
103031,2026-04-05,20,Göteborg,Vegan,283.0,47.0,Late,New
112544,2026-08-10,10,Malmö,Burgers,247.0,33.0,On time,Returning
110415,2026-07-13,20,Lund,Kebab,201.0,50.0,Late,New
111705,2026-07-31,18,Göteborg,Kebab,174.0,39.0,On time,New
101354,2026-03-13,11,Stockholm,Pizza,236.0,40.0,On time,Returning
109637,2026-07-03,14,Stockholm,Kebab,196.0,39.0,On time,Returning
108929,2026-06-23,18,Stockholm,Pizza,211.0,37.0,Unknown,New
107290,2026-06-01,10,Stockholm,Burgers,190.0,35.0,On time,Returning
113320,2026-08-21,22,Stockholm,Pizza,280.0,40.0,On time,New
102100,2026-03-23,11,Uppsala,Burgers,206.0,32.0,On time,Returning
109168,2026-06-27,16,Göteborg,Salad,258.0,39.0,On time,Returning
108800,2026-06-21,14,Stockholm,Pizza,220.0,43.0,On time,Returning
110655,2026-07-17,18,Göteborg,Pizza,185.0,47.0,Late,New
110197,2026-07-11,13,Stockholm,Burgers,275.0,34.0,On time,Returning
113098,2026-08-18,19,Stockholm,Salad,320.0,45.0,On time,Returning
109141,2026-06-26,19,Malmö,Indian,240.0,25.0,On time,Returning
107298,2026-06-01,15,Stockholm,Pizza,203.0,33.0,On time,Returning
112803,2026-08-14,20,Malmö,Sushi,212.0,36.0,On time,New
101636,2026-03-17,20,Stockholm,Vegan,261.0,44.0,On time,Returning
110305,2026-07-12,19,Stockholm,Sushi,152.0,250.0,Unknown,Returning
100306,2026-02-27,11,Stockholm,Kebab,230.0,37.0,On time,Returning
103754,2026-04-14,14,Stockholm,Kebab,250.0,38.0,On time,Returning
101275,2026-03-12,21,Stockholm,Thai,273.0,50.0,Late,Returning
111145,2026-07-23,12,Malmö,Sushi,123.0,28.0,On time,Returning
113094,2026-08-18,12,Stockholm,Thai,246.0,42.0,On time,Returning
107396,2026-06-02,11,Uppsala,Thai,187.0,22.0,On time,Returning
110221,2026-07-11,11,Stockholm,Vegan,271.0,47.0,Late,Returning
104651,2026-04-26,12,Unknown,Burgers,188.0,35.0,On time,New
104257,2026-04-21,11,Stockholm,Sushi,241.0,25.0,On time,Returning
108061,2026-06-11,15,Malmö,Kebab,249.0,25.0,On time,New
107314,2026-06-01,13,Malmö,Pizza,340.0,42.0,On time,Returning
108797,2026-06-21,19,Stockholm,Thai,285.0,30.0,On time,New
110032,2026-07-09,20,Göteborg,Kebab,188.0,47.0,Late,New
101060,2026-03-09,13,Göteborg,Sushi,197.0,32.0,On time,Returning
101937,2026-03-21,23,Malmö,Burgers,338.0,43.0,On time,Returning
109997,2026-07-08,18,Stockholm,Indian,279.0,45.0,On time,Returning
106581,2026-05-22,19,Malmö,Burgers,322.0,35.0,On time,New
105002,2026-05-01,19,Uppsala,Indian,338.0,58.0,Late,New
112989,2026-08-16,19,Uppsala,Kebab,263.0,53.0,Late,Returning
103580,2026-04-12,19,Stockholm,Pizza,174.0,36.0,On time,New
102788,2026-04-01,15,Lund,Kebab,307.0,35.0,On time,Returning
109528,2026-07-01,21,Lund,Sushi,130.0,20.0,On time,New
105311,2026-05-05,13,Stockholm,Kebab,284.0,40.0,On time,Returning
101264,2026-03-12,11,Göteborg,Pizza,302.0,42.0,On time,New
102773,2026-04-01,19,Malmö,Sushi,208.0,30.0,On time,Returning
111780,2026-08-01,20,Göteborg,Sushi,292.0,29.0,On time,New
107830,2026-06-08,18,Stockholm,Pizza,159.0,43.0,On time,New
100075,2026-02-23,11,Lund,Sushi,227.0,34.0,On time,New
110984,2026-07-21,19,Stockholm,Thai,276.0,36.0,On time,Returning
106733,2026-05-24,11,Malmö,Pizza,274.0,36.0,On time,New
106237,2026-05-18,19,Göteborg,Pizza,297.0,36.0,On time,Returning
110276,2026-07-12,17,Stockholm,Pizza,236.0,35.0,On time,Returning
111700,2026-07-31,10,Göteborg,Sushi,251.0,54.0,Late,New
100206,2026-02-25,11,Uppsala,Burgers,247.0,48.0,Late,New
101384,2026-03-14,20,Göteborg,Salad,241.0,44.0,On time,Returning
100167,2026-02-25,21,Stockholm,Salad,195.0,24.0,On time,Returning
112770,2026-08-14,17,Göteborg,Burgers,233.0,38.0,On time,Returning
101268,2026-03-12,18,Göteborg,Sushi,250.0,42.0,On time,Returning
104368,2026-04-22,19,Uppsala,Pizza,272.0,29.0,On time,Returning
106583,2026-05-22,19,Malmö,Pizza,254.0,32.0,On time,New
106543,2026-05-22,22,Göteborg,Pizza,181.0,32.0,On time,New
107641,2026-06-06,11,Stockholm,Sushi,244.0,22.0,On time,Returning
109451,2026-06-30,12,Uppsala,Kebab,266.0,37.0,On time,Returning
109419,2026-06-30,16,Stockholm,Kebab,157.0,45.0,On time,Returning
112667,2026-08-12,14,Malmö,Salad,303.0,34.0,On time,Returning
111138,2026-07-23,12,Stockholm,Indian,207.0,34.0,On time,Returning
102303,2026-03-26,23,Malmö,Indian,256.0,23.0,On time,Returning
109060,2026-06-25,19,Stockholm,Kebab,212.0,32.0,On time,Returning
109761,2026-07-05,13,Stockholm,Pizza,171.0,25.0,On time,Returning
108695,2026-06-20,17,Göteborg,Thai,167.0,35.0,On time,Returning
104093,2026-04-19,18,Göteborg,Pizza,315.0,22.0,On time,Returning
105304,2026-05-05,14,Stockholm,Vegan,241.0,35.0,On time,New
103772,2026-04-14,18,Malmö,Pizza,223.0,54.0,Late,Returning
105226,2026-05-04,12,Stockholm,Pizza,324.0,43.0,On time,New
103406,2026-04-10,15,Göteborg,Pizza,249.0,24.0,On time,Returning
102367,2026-03-27,14,Stockholm,Pizza,219.0,54.0,Late,Returning
104803,2026-04-29,12,Göteborg,Sushi,314.0,48.0,Late,Returning
101654,2026-03-17,12,Stockholm,Kebab,178.0,40.0,On time,Returning
105125,2026-05-03,20,Stockholm,Salad,279.0,32.0,On time,Returning
105917,2026-05-13,12,Lund,Salad,271.0,30.0,On time,Returning
112844,2026-08-15,9,Stockholm,Pizza,265.0,36.0,On time,New
108209,2026-06-13,11,Malmö,Burgers,247.0,46.0,Late,Returning
100062,2026-02-23,13,Malmö,Sushi,261.0,32.0,On time,Returning
105139,2026-05-03,15,Stockholm,Pizza,281.0,29.0,On time,Returning
112953,2026-08-16,13,Stockholm,Vegan,241.0,33.0,On time,Returning
102860,2026-04-02,17,Lund,Sushi,394.0,44.0,On time,Returning
103431,2026-04-10,17,Stockholm,Sushi,237.0,30.0,On time,Returning
100956,2026-03-07,17,Lund,Kebab,287.0,40.0,On time,New
110549,2026-07-15,17,Malmö,Burgers,197.0,50.0,Late,Returning
100024,2026-02-23,18,Stockholm,Burgers,254.0,47.0,Late,Returning
106135,2026-05-16,12,Lund,Indian,273.0,53.0,Late,New
100237,2026-02-26,17,Göteborg,Kebab,299.0,48.0,Late,New
105790,2026-05-11,19,Uppsala,Pizza,268.0,45.0,On time,New
110195,2026-07-11,20,Stockholm,Thai,331.0,39.0,On time,Returning
112120,2026-08-05,19,Stockholm,Sushi,208.0,37.0,On time,New
102855,2026-04-02,9,Lund,Salad,123.0,36.0,On time,Returning
103680,2026-04-13,20,Stockholm,Kebab,168.0,21.0,On time,Returning
107016,2026-05-28,13,Malmö,Burgers,276.0,54.0,Late,Returning
107726,2026-06-07,20,Unknown,Pizza,269.0,39.0,On time,New
101407,2026-03-14,14,Stockholm,Kebab,234.0,37.0,On time,Returning
106901,2026-05-27,12,Göteborg,Pizza,189.0,34.0,On time,New
111036,2026-07-22,14,Göteborg,Pizza,245.0,48.0,Late,New
108148,2026-06-13,11,Göteborg,Salad,247.0,32.0,On time,Returning
102939,2026-04-04,11,Göteborg,Thai,324.0,28.0,On time,New
100010,2026-02-23,20,Göteborg,Vegan,312.0,42.0,On time,New
101076,2026-03-09,16,Stockholm,Sushi,193.0,57.0,Late,Returning
100974,2026-03-08,11,Göteborg,Kebab,315.0,34.0,On time,Returning
110449,2026-07-14,11,Stockholm,Pizza,192.0,56.0,Late,Returning
110719,2026-07-18,19,Göteborg,Kebab,205.0,30.0,On time,Returning
113294,2026-08-21,15,Göteborg,Pizza,203.0,49.0,Late,Returning
109883,2026-07-07,19,Göteborg,Vegan,285.0,40.0,On time,Returning
100073,2026-02-23,13,Lund,Pizza,257.0,28.0,On time,New
103980,2026-04-17,19,Uppsala,Kebab,218.0,31.0,On time,New
100591,2026-03-02,13,Malmö,Pizza,233.0,46.0,Late,New
105402,2026-05-06,11,Uppsala,Salad,184.0,36.0,On time,Returning
101430,2026-03-14,11,Malmö,Pizza,200.0,28.0,On time,New
106165,2026-05-17,14,Stockholm,Sushi,317.0,28.0,On time,Returning
106456,2026-05-21,10,Göteborg,Sushi,294.0,38.0,On time,New
109833,2026-07-06,23,Göteborg,Indian,243.0,42.0,On time,Returning
103592,2026-04-12,9,Stockholm,Pizza,231.0,38.0,On time,New
108504,2026-06-17,20,Stockholm,Kebab,151.0,37.0,On time,Returning
111276,2026-07-25,10,Stockholm,Burgers,254.0,38.0,On time,Returning
113267,2026-08-20,20,Malmö,Thai,237.0,40.0,On time,Returning
111639,2026-07-30,14,Stockholm,Burgers,275.0,41.0,On time,Returning
105133,2026-05-03,20,Stockholm,Indian,189.0,57.0,Late,New
105483,2026-05-08,17,Göteborg,Kebab,228.0,43.0,On time,New
104468,2026-04-24,12,Stockholm,Vegan,201.0,49.0,Late,Returning
103236,2026-04-07,12,Malmö,Indian,258.0,31.0,On time,New
107514,2026-06-04,20,Stockholm,Salad,265.0,63.0,Late,Returning
107965,2026-06-10,18,Stockholm,Pizza,211.0,47.0,Late,New
110165,2026-07-10,12,Lund,Kebab,378.0,53.0,Late,New
105769,2026-05-11,20,Stockholm,Thai,102.0,34.0,On time,New
108146,2026-06-13,9,Göteborg,Burgers,165.0,29.0,On time,Returning
103213,2026-04-07,19,Stockholm,Vegan,297.0,34.0,On time,Returning
106444,2026-05-20,11,Lund,Pizza,262.0,39.0,On time,Returning
112865,2026-08-15,12,Stockholm,Kebab,195.0,40.0,On time,Returning
107072,2026-05-29,12,Malmö,Pizza,245.0,42.0,On time,Returning
111209,2026-07-24,13,Stockholm,Sushi,153.0,37.0,On time,Returning
101961,2026-03-22,18,Göteborg,Kebab,351.0,39.0,On time,New
109601,2026-07-03,12,Göteborg,Sushi,244.0,39.0,On time,New
106800,2026-05-25,21,Stockholm,Pizza,280.0,27.0,On time,New
104891,2026-04-30,22,Stockholm,Pizza,196.0,37.0,On time,Returning
109295,2026-06-28,17,Malmö,Pizza,210.0,45.0,On time,Returning
111445,2026-07-27,17,Göteborg,Burgers,194.0,40.0,On time,Returning
105246,2026-05-04,18,Stockholm,Salad,195.0,30.0,On time,New
100655,2026-03-03,17,Malmö,Burgers,242.0,27.0,On time,New
102937,2026-04-04,11,Göteborg,Kebab,255.0,31.0,On time,Returning
107682,2026-06-06,20,Malmö,Sushi,266.0,32.0,On time,Returning
100459,2026-03-01,18,Göteborg,Salad,209.0,30.0,On time,Returning
110904,2026-07-20,22,Stockholm,Indian,312.0,44.0,On time,Returning
107843,2026-06-08,14,Malmö,Kebab,216.0,39.0,On time,New
110913,2026-07-20,14,Stockholm,Pizza,286.0,26.0,On time,Returning
100790,2026-03-05,17,Uppsala,Thai,279.0,40.0,On time,Returning
108971,2026-06-24,21,Göteborg,Burgers,216.0,26.0,On time,New
101731,2026-03-18,19,Malmö,Pizza,203.0,25.0,On time,Returning
105488,2026-05-08,10,Göteborg,Thai,208.0,38.0,On time,New
111211,2026-07-24,17,Stockholm,Sushi,281.0,32.0,On time,New
104161,2026-04-19,13,Uppsala,Pizza,316.0,41.0,On time,New
113079,2026-08-18,18,Göteborg,Kebab,154.0,41.0,On time,Returning
110834,2026-07-19,11,Stockholm,Kebab,304.0,39.0,On time,New
104988,2026-05-01,17,Malmö,Pizza,159.0,30.0,On time,Returning
109954,2026-07-07,11,Lund,Thai,164.0,37.0,On time,New
112374,2026-08-08,12,Malmö,Indian,286.0,40.0,On time,Returning
109178,2026-06-27,10,Göteborg,Pizza,288.0,34.0,On time,Returning
109652,2026-07-03,12,Malmö,Salad,300.0,45.0,On time,Returning
108967,2026-06-24,19,Göteborg,Kebab,259.0,38.0,On time,Returning
104071,2026-04-19,13,Göteborg,Burgers,188.0,33.0,On time,Returning
110518,2026-07-15,11,Stockholm,Vegan,291.0,50.0,Late,Returning
101763,2026-03-19,20,Göteborg,Salad,134.0,15.0,On time,Returning
110247,2026-07-11,14,Lund,Kebab,245.0,37.0,On time,New
103464,2026-04-10,19,Uppsala,Thai,227.0,47.0,Late,New
102761,2026-04-01,22,Stockholm,Pizza,244.0,39.0,On time,Returning
106277,2026-05-18,11,Stockholm,Sushi,172.0,43.0,On time,Returning
110676,2026-07-17,13,Stockholm,Sushi,250.0,29.0,On time,Returning
106780,2026-05-25,12,Stockholm,Burgers,216.0,32.0,On time,Returning
105545,2026-05-08,18,Lund,Burgers,179.0,32.0,On time,Returning
104392,2026-04-23,13,Göteborg,Pizza,243.0,28.0,On time,Returning
111707,2026-07-31,19,Göteborg,Burgers,331.0,40.0,On time,Returning
110601,2026-07-16,13,Stockholm,Burgers,221.0,35.0,On time,Returning
109821,2026-07-05,19,Lund,Burgers,213.0,40.0,On time,Returning
110424,2026-07-14,22,Göteborg,Burgers,295.0,41.0,On time,Returning
104331,2026-04-22,13,Stockholm,Pizza,260.0,28.0,On time,New
112496,2026-08-10,12,Göteborg,Kebab,248.0,43.0,On time,Returning
112073,2026-08-04,12,Unknown,Pizza,285.0,28.0,On time,Returning
103206,2026-04-07,19,Stockholm,Pizza,117.0,17.0,On time,Returning
107104,2026-05-30,12,Göteborg,Salad,231.0,54.0,Late,New
100531,2026-03-01,22,Lund,Sushi,255.0,40.0,On time,Returning
113180,2026-08-19,12,Malmö,Sushi,264.0,32.0,On time,Returning
103778,2026-04-14,17,Malmö,Sushi,292.0,31.0,On time,New
104620,2026-04-26,20,Stockholm,Pizza,219.0,23.0,On time,Returning
103821,2026-04-15,17,Stockholm,Pizza,140.0,42.0,On time,Returning
100328,2026-02-27,15,Stockholm,Kebab,196.0,36.0,On time,New
100674,2026-03-03,13,Uppsala,Sushi,211.0,48.0,Late,New
107739,2026-06-07,13,Göteborg,Sushi,281.0,30.0,On time,Returning
102851,2026-04-02,19,Malmö,Burgers,238.0,33.0,On time,New
106404,2026-05-20,19,Stockholm,Burgers,166.0,25.0,On time,Returning
101078,2026-03-09,14,Stockholm,Thai,201.0,43.0,On time,New
112259,2026-08-07,15,Stockholm,Sushi,321.0,20.0,On time,New
100301,2026-02-27,16,Göteborg,Indian,255.0,39.0,On time,New
106027,2026-05-15,12,Stockholm,Thai,278.0,31.0,On time,Returning
112175,2026-08-06,12,Stockholm,Vegan,291.0,35.0,On time,Returning
105692,2026-05-10,19,Stockholm,Burgers,207.0,27.0,On time,New
105952,2026-05-14,16,Stockholm,Thai,262.0,36.0,On time,Returning
102923,2026-04-03,20,Uppsala,Salad,293.0,31.0,On time,Returning
107802,2026-06-07,9,Lund,Burgers,317.0,51.0,Late,New
101214,2026-03-11,12,Stockholm,Pizza,216.0,35.0,On time,Returning
102458,2026-03-28,14,Malmö,Burgers,311.0,38.0,On time,Returning
111860,2026-08-02,18,Göteborg,Pizza,223.0,48.0,Late,New
104040,2026-04-18,21,Malmö,Thai,223.0,49.0,Late,New
102509,2026-03-29,11,Stockholm,Burgers,193.0,37.0,On time,Returning
107300,2026-06-01,13,Stockholm,Indian,265.0,33.0,On time,New
100528,2026-03-01,19,Lund,Sushi,228.0,36.0,On time,New
109894,2026-07-07,14,Göteborg,Kebab,204.0,51.0,Late,Returning
110823,2026-07-19,17,Stockholm,Vegan,173.0,32.0,On time,Returning
105740,2026-05-11,14,Göteborg,Burgers,106.0,30.0,On time,Returning
105707,2026-05-10,10,Malmö,Burgers,272.0,41.0,On time,Returning
104032,2026-04-18,20,Stockholm,Pizza,295.0,38.0,On time,New
104498,2026-04-24,17,Malmö,Indian,252.0,55.0,Late,Returning
101183,2026-03-10,12,Lund,Kebab,292.0,37.0,On time,Returning
101916,2026-03-21,22,Stockholm,Pizza,157.0,44.0,On time,Returning
105326,2026-05-05,18,Malmö,Pizza,195.0,24.0,On time,New
102022,2026-03-22,11,Malmö,Kebab,329.0,51.0,Late,Returning
111649,2026-07-30,12,Stockholm,Sushi,189.0,20.0,On time,Returning
100432,2026-02-28,10,Uppsala,Thai,291.0,34.0,On time,Returning
112677,2026-08-12,13,Uppsala,Thai,205.0,38.0,On time,Returning
101645,2026-03-17,17,Stockholm,Kebab,253.0,37.0,On time,Returning
111274,2026-07-25,17,Stockholm,Burgers,201.0,37.0,On time,Returning
107455,2026-06-03,15,Stockholm,Vegan,237.0,21.0,On time,New
105013,2026-05-02,10,Göteborg,Indian,330.0,50.0,Late,Returning
108863,2026-06-22,11,Stockholm,Sushi,239.0,26.0,On time,Returning
113144,2026-08-19,11,Göteborg,Sushi,260.0,41.0,On time,Returning
108832,2026-06-21,22,Uppsala,Sushi,297.0,46.0,Late,New
108370,2026-06-15,12,Stockholm,Thai,179.0,40.0,On time,New
113298,2026-08-21,22,Göteborg,Kebab,255.0,36.0,On time,Returning
110530,2026-07-15,13,Stockholm,Burgers,242.0,56.0,Late,Returning
113319,2026-08-21,10,Stockholm,Pizza,257.0,20.0,On time,New
107062,2026-05-29,16,Stockholm,Burgers,282.0,31.0,On time,New
106435,2026-05-20,21,Uppsala,Pizza,232.0,44.0,On time,New
102907,2026-04-03,13,Malmö,Kebab,213.0,35.0,On time,Returning
100508,2026-03-01,16,Malmö,Sushi,259.0,42.0,On time,Returning
100930,2026-03-07,11,Malmö,Thai,273.0,46.0,Late,Returning
109412,2026-06-30,11,Göteborg,Pizza,195.0,37.0,On time,Returning
112711,2026-08-13,18,Stockholm,Kebab,232.0,37.0,On time,Returning
109388,2026-06-29,15,Uppsala,Pizza,223.0,37.0,On time,Returning
107283,2026-06-01,12,Göteborg,Burgers,315.0,37.0,On time,Returning
102255,2026-03-26,11,Göteborg,Salad,401.0,27.0,On time,New
108125,2026-06-12,11,Malmö,Thai,276.0,35.0,On time,Returning
104119,2026-04-19,11,Stockholm,Indian,308.0,39.0,On time,New
109766,2026-07-05,19,Stockholm,Salad,171.0,31.0,On time,New
111832,2026-08-01,19,Malmö,Vegan,258.0,37.0,On time,New
107430,2026-06-03,17,Stockholm,Pizza,304.0,53.0,Late,New
101378,2026-03-13,18,Lund,Sushi,250.0,29.0,On time,New
106401,2026-05-20,9,Stockholm,Indian,260.0,45.0,On time,New
102108,2026-03-23,14,Lund,Sushi,358.0,36.0,On time,Returning
101781,2026-03-19,22,Stockholm,Kebab,236.0,32.0,On time,New
107712,2026-06-07,21,Göteborg,Burgers,242.0,40.0,On time,New
103395,2026-04-09,12,Uppsala,Salad,272.0,23.0,On time,New
105040,2026-05-02,11,Stockholm,Thai,275.0,30.0,On time,Returning
109332,2026-06-29,21,Göteborg,Indian,234.0,36.0,On time,New
102735,2026-04-01,11,Göteborg,Vegan,239.0,34.0,On time,Returning
104809,2026-04-29,19,Göteborg,Burgers,266.0,44.0,On time,Returning
109551,2026-07-02,17,Stockholm,Pizza,144.0,15.0,On time,New
100055,2026-02-23,19,Malmö,Pizza,347.0,36.0,On time,New
110137,2026-07-10,20,Stockholm,Salad,303.0,36.0,On time,Returning
110958,2026-07-21,23,Göteborg,Salad,238.0,36.0,On time,New
106159,2026-05-17,12,Göteborg,Sushi,256.0,35.0,On time,Returning
110285,2026-07-12,11,Stockholm,Pizza,268.0,41.0,On time,Returning
109360,2026-06-29,10,Stockholm,Salad,280.0,15.0,On time,New
112376,2026-08-08,10,Malmö,Indian,317.0,41.0,On time,Returning
107224,2026-05-31,12,Stockholm,Pizza,278.0,48.0,Late,Returning
109580,2026-07-02,10,Malmö,Burgers,226.0,22.0,On time,Returning
102004,2026-03-22,16,Stockholm,Kebab,255.0,29.0,On time,Returning
112937,2026-08-16,12,Stockholm,Pizza,150.0,37.0,Unknown,Returning
101492,2026-03-15,18,Stockholm,Pizza,253.0,23.0,On time,New
104719,2026-04-27,16,Uppsala,Burgers,132.0,39.0,On time,New
100648,2026-03-03,19,Malmö,Kebab,174.0,37.0,On time,Returning
102466,2026-03-28,19,Uppsala,Burgers,337.0,52.0,Late,Returning
111883,2026-08-02,17,Stockholm,Thai,315.0,41.0,On time,Returning
113176,2026-08-19,11,Stockholm,Burgers,181.0,43.0,On time,Returning
102302,2026-03-26,12,Malmö,Thai,289.0,32.0,On time,Returning
108069,2026-06-11,11,Uppsala,Burgers,170.0,41.0,On time,Returning
112062,2026-08-04,19,Uppsala,Burgers,287.0,44.0,On time,Returning
100254,2026-02-26,19,Stockholm,Sushi,262.0,26.0,On time,New
104882,2026-04-30,12,Stockholm,Sushi,297.0,45.0,On time,New
106309,2026-05-18,20,Lund,Burgers,240.0,27.0,On time,Returning
102433,2026-03-28,21,Unknown,Indian,235.0,21.0,On time,New
100599,2026-03-02,17,Uppsala,Burgers,345.0,50.0,Late,Returning
105576,2026-05-09,11,Göteborg,Burgers,89.0,39.0,On time,Returning
101559,2026-03-16,10,Göteborg,Kebab,283.0,43.0,On time,Returning
100824,2026-03-06,10,Stockholm,Kebab,143.0,23.0,On time,New
100118,2026-02-24,18,Stockholm,Burgers,199.0,44.0,On time,New
101455,2026-03-14,20,Lund,Salad,210.0,40.0,On time,Returning
111840,2026-08-01,11,Malmö,Thai,340.0,38.0,On time,New
109674,2026-07-04,12,Göteborg,Indian,265.0,32.0,On time,Returning
112693,2026-08-13,18,Göteborg,Burgers,274.0,31.0,On time,Returning
113265,2026-08-20,13,Unknown,Burgers,302.0,41.0,On time,New
105148,2026-05-03,18,Stockholm,Thai,189.0,37.0,On time,New
107534,2026-06-04,9,Uppsala,Burgers,210.0,45.0,On time,Returning
102781,2026-04-01,16,Uppsala,Sushi,242.0,21.0,On time,Returning
100627,2026-03-03,12,Stockholm,Kebab,236.0,25.0,On time,Returning
102336,2026-03-27,12,Göteborg,Thai,308.0,40.0,On time,Returning
110986,2026-07-21,14,Stockholm,Burgers,171.0,37.0,On time,Returning
110486,2026-07-14,19,Uppsala,Burgers,255.0,34.0,On time,Returning
103127,2026-04-06,17,Göteborg,Salad,286.0,25.0,On time,Returning
113512,2026-08-23,10,Malmö,Pizza,315.0,33.0,On time,Returning
109805,2026-07-05,14,Uppsala,Pizza,154.0,48.0,Late,New
107129,2026-05-30,12,Stockholm,Pizza,253.0,63.0,Late,Returning
102647,2026-03-31,18,Göteborg,Pizza,304.0,19.0,On time,Returning
105925,2026-05-14,19,Göteborg,Kebab,228.0,50.0,Late,New
111429,2026-07-27,11,Göteborg,Sushi,278.0,28.0,On time,Returning
104613,2026-04-26,10,Stockholm,Indian,274.0,22.0,On time,Returning
102140,2026-03-24,22,Stockholm,Pizza,331.0,36.0,On time,New
113407,2026-08-22,17,Malmö,Burgers,220.0,46.0,Late,Returning
106951,2026-05-27,17,Malmö,Indian,256.0,38.0,On time,Returning
111918,2026-08-02,12,Malmö,Kebab,218.0,32.0,On time,Returning
100195,2026-02-25,22,Malmö,Indian,311.0,36.0,On time,New
109694,2026-07-04,9,Stockholm,Kebab,239.0,24.0,On time,New
108462,2026-06-16,18,Malmö,Salad,365.0,43.0,On time,Returning
101647,2026-03-17,11,Stockholm,Kebab,258.0,56.0,Late,Returning
111232,2026-07-24,13,Uppsala,Indian,305.0,41.0,On time,Returning
107985,2026-06-10,12,Malmö,Burgers,248.0,36.0,On time,New
110321,2026-07-12,19,Malmö,Kebab,409.0,49.0,Late,Returning
107928,2026-06-09,17,Lund,Pizza,254.0,42.0,On time,Returning
109673,2026-07-04,19,Göteborg,Sushi,271.0,28.0,On time,New
106640,2026-05-23,12,Stockholm,Burgers,206.0,38.0,On time,Returning
107888,2026-06-09,9,Stockholm,Sushi,209.0,52.0,Late,Returning
112499,2026-08-10,13,Göteborg,Sushi,298.0,26.0,On time,Returning
100198,2026-02-25,13,Malmö,Pizza,228.0,40.0,On time,New
109958,2026-07-08,20,Göteborg,Kebab,286.0,53.0,Late,Returning
113450,2026-08-23,12,Göteborg,Indian,238.0,40.0,On time,Returning
111717,2026-07-31,12,Göteborg,Kebab,294.0,30.0,On time,New
113510,2026-08-23,20,Malmö,Vegan,247.0,26.0,On time,Returning
107310,2026-06-01,19,Stockholm,Salad,163.0,49.0,Late,New
109869,2026-07-06,12,Uppsala,Vegan,277.0,46.0,Late,Returning
100373,2026-02-28,12,Göteborg,Sushi,366.0,21.0,On time,Returning
101233,2026-03-11,19,Malmö,Pizza,313.0,36.0,On time,New
111964,2026-08-03,16,Stockholm,Sushi,258.0,18.0,On time,New
105096,2026-05-03,22,Göteborg,Kebab,260.0,30.0,On time,Returning
111810,2026-08-01,17,Stockholm,Thai,339.0,46.0,Late,New
101248,2026-03-11,19,Lund,Burgers,224.0,22.0,On time,New
106716,2026-05-24,19,Stockholm,Salad,216.0,42.0,On time,Returning
112104,2026-08-05,17,Stockholm,Indian,201.0,51.0,Late,Returning
103146,2026-04-06,13,Stockholm,Vegan,277.0,40.0,On time,Returning
110487,2026-07-14,13,Unknown,Sushi,256.0,33.0,On time,New
108430,2026-06-16,12,Stockholm,Burgers,304.0,34.0,On time,Returning
104299,2026-04-21,14,Uppsala,Pizza,288.0,36.0,On time,New
104096,2026-04-19,17,Göteborg,Thai,201.0,37.0,On time,Returning
110564,2026-07-15,12,Lund,Sushi,214.0,50.0,Late,Returning
103895,2026-04-16,18,Stockholm,Sushi,250.0,47.0,Late,New
107748,2026-06-07,12,Stockholm,Pizza,279.0,33.0,On time,New
107997,2026-06-11,19,Göteborg,Thai,270.0,41.0,On time,New
111822,2026-08-01,13,Stockholm,Sushi,280.0,23.0,On time,Returning
107844,2026-06-08,12,Malmö,Sushi,263.0,57.0,Late,New
108338,2026-06-15,19,Stockholm,Burgers,285.0,36.0,On time,New
108432,2026-06-16,19,Stockholm,Thai,219.0,38.0,On time,Returning
107493,2026-06-04,13,Göteborg,Kebab,273.0,38.0,On time,Returning
108164,2026-06-13,11,Stockholm,Indian,218.0,43.0,On time,Returning
109721,2026-07-04,22,Malmö,Salad,203.0,28.0,On time,Returning
108976,2026-06-24,21,Göteborg,Burgers,232.0,42.0,On time,Returning
108915,2026-06-23,11,Göteborg,Kebab,219.0,22.0,On time,Returning
104976,2026-05-01,15,Stockholm,Pizza,301.0,28.0,On time,New
104068,2026-04-18,19,Lund,Vegan,246.0,36.0,On time,Returning
101517,2026-03-15,11,Stockholm,Kebab,187.0,29.0,On time,Returning
100731,2026-03-04,12,Uppsala,Indian,216.0,39.0,On time,Returning
106730,2026-05-24,20,Malmö,Sushi,185.0,45.0,On time,Returning
111879,2026-08-02,13,Stockholm,Thai,301.0,28.0,On time,Returning
102629,2026-03-30,17,Malmö,Indian,266.0,44.0,On time,Returning
109414,2026-06-30,19,Göteborg,Pizza,379.0,38.0,On time,Returning
100793,2026-03-05,14,Uppsala,Burgers,263.0,29.0,On time,New
101475,2026-03-15,14,Göteborg,Vegan,266.0,35.0,On time,New
101065,2026-03-09,14,Göteborg,Pizza,321.0,36.0,On time,Returning
111174,2026-07-24,17,Göteborg,Pizza,276.0,35.0,On time,Returning
100962,2026-03-07,11,Lund,Thai,263.0,30.0,On time,Returning
113280,2026-08-20,21,Lund,Burgers,317.0,41.0,On time,New
106926,2026-05-27,11,Stockholm,Thai,380.0,23.0,On time,Returning
112760,2026-08-14,20,Göteborg,Burgers,192.0,35.0,On time,Returning
105827,2026-05-12,12,Stockholm,Burgers,189.0,32.0,On time,Returning
107398,2026-06-02,15,Lund,Burgers,236.0,55.0,Late,Returning
105204,2026-05-04,12,Göteborg,Thai,263.0,41.0,On time,New
100416,2026-02-28,13,Malmö,Kebab,259.0,71.0,Late,Returning
111301,2026-07-25,9,Stockholm,Pizza,202.0,31.0,On time,Returning
111632,2026-07-30,20,Göteborg,Pizza,222.0,41.0,On time,New
108362,2026-06-15,13,Stockholm,Thai,180.0,41.0,On time,New
103558,2026-04-12,11,Göteborg,Vegan,298.0,15.0,On time,New
100781,2026-03-05,18,Malmö,Vegan,202.0,50.0,Late,Returning
102831,2026-04-02,20,Stockholm,Burgers,314.0,21.0,On time,Returning
100421,2026-02-28,17,Malmö,Sushi,245.0,25.0,On time,New
100147,2026-02-25,21,Göteborg,Salad,290.0,22.0,On time,Returning
110422,2026-07-14,11,Göteborg,Thai,336.0,19.0,On time,New
113251,2026-08-20,12,Stockholm,Pizza,240.0,37.0,On time,Returning
110987,2026-07-21,13,Stockholm,Sushi,355.0,32.0,On time,New
111658,2026-07-30,12,Stockholm,Salad,206.0,23.0,On time,Returning
112014,2026-08-04,20,Göteborg,Indian,273.0,38.0,On time,Returning
104784,2026-04-28,19,Uppsala,Pizza,228.0,29.0,On time,Returning
107873,2026-06-09,22,Unknown,Pizza,312.0,43.0,On time,Returning
100498,2026-03-01,22,Stockholm,Indian,231.0,36.0,On time,Returning
111903,2026-08-02,17,Stockholm,Sushi,239.0,28.0,On time,Returning
111470,2026-07-27,17,Malmö,Thai,241.0,46.0,Late,Returning
105073,2026-05-02,14,Malmö,Thai,112.0,42.0,On time,Returning
112308,2026-08-08,19,Göteborg,Pizza,275.0,43.0,On time,Returning
100618,2026-03-03,17,Göteborg,Pizza,260.0,31.0,On time,New
101751,2026-03-19,19,Göteborg,Kebab,192.0,43.0,On time,New
110294,2026-07-12,17,Stockholm,Indian,329.0,24.0,On time,Returning
102364,2026-03-27,20,Stockholm,Pizza,244.0,40.0,On time,Returning
100178,2026-02-25,23,Stockholm,Sushi,264.0,37.0,On time,Returning
110651,2026-07-17,10,Göteborg,Indian,317.0,27.0,On time,Returning
105115,2026-05-03,18,Göteborg,Sushi,356.0,32.0,On time,New
105631,2026-05-09,18,Uppsala,Sushi,267.0,33.0,On time,Returning
103413,2026-04-10,17,Göteborg,Burgers,184.0,39.0,On time,Returning
106427,2026-05-20,12,Malmö,Kebab,201.0,39.0,On time,New
101668,2026-03-17,17,Malmö,Sushi,265.0,43.0,On time,Returning
103715,2026-04-13,13,Uppsala,Burgers,233.0,33.0,On time,Returning
111298,2026-07-25,12,Stockholm,Pizza,194.0,42.0,On time,New
109486,2026-07-01,14,Stockholm,Burgers,292.0,31.0,On time,Returning
104206,2026-04-20,21,Stockholm,Burgers,147.0,42.0,On time,Returning
108618,2026-06-19,12,Göteborg,Indian,166.0,43.0,On time,New
104355,2026-04-22,19,Malmö,Thai,333.0,54.0,Late,New
111849,2026-08-01,20,Uppsala,Pizza,218.0,41.0,On time,New
113292,2026-08-21,20,Göteborg,Burgers,290.0,43.0,On time,Returning
102520,2026-03-29,18,Stockholm,Salad,157.0,25.0,On time,Returning
100637,2026-03-03,16,Stockholm,Pizza,255.0,57.0,Late,Returning
113364,2026-08-22,12,Göteborg,Indian,350.0,43.0,On time,Returning
110481,2026-07-14,18,Unknown,Salad,116.0,23.0,On time,Returning
103629,2026-04-12,18,Malmö,Sushi,210.0,38.0,On time,Returning
106924,2026-05-27,18,Stockholm,Sushi,236.0,25.0,On time,Returning
109305,2026-06-28,13,Malmö,Burgers,239.0,49.0,Late,New
110366,2026-07-13,21,Stockholm,Sushi,283.0,34.0,On time,Returning
113064,2026-08-18,18,Göteborg,Pizza,263.0,42.0,On time,Returning
110813,2026-07-19,18,Unknown,Salad,340.0,40.0,On time,New
100300,2026-02-27,12,Göteborg,Burgers,157.0,43.0,On time,New
100948,2026-03-07,12,Uppsala,Salad,229.0,51.0,Late,Returning
113091,2026-08-18,21,Stockholm,Kebab,259.0,27.0,On time,Returning
105715,2026-05-10,12,Uppsala,Burgers,323.0,26.0,On time,New
110060,2026-07-09,19,Stockholm,Vegan,235.0,38.0,On time,Returning
110869,2026-07-19,12,Malmö,Indian,311.0,36.0,On time,New
102547,2026-03-29,11,Malmö,Burgers,200.0,39.0,On time,Returning
112007,2026-08-04,18,Göteborg,Burgers,217.0,51.0,Late,Returning
112709,2026-08-13,12,Stockholm,Pizza,323.0,40.0,On time,New
111837,2026-08-01,13,Malmö,Sushi,291.0,29.0,On time,Returning
105465,2026-05-07,10,Malmö,Pizza,231.0,35.0,On time,Returning
107144,2026-05-30,14,Malmö,Burgers,254.0,33.0,On time,New
102270,2026-03-26,12,Stockholm,Indian,246.0,52.0,Late,Returning
101655,2026-03-17,20,Stockholm,Burgers,115.0,42.0,On time,Returning
100270,2026-02-26,14,Malmö,Kebab,225.0,20.0,On time,New
106241,2026-05-18,22,Göteborg,Indian,266.0,36.0,On time,Returning
107453,2026-06-03,23,Stockholm,Burgers,201.0,34.0,On time,New
109892,2026-07-07,13,Göteborg,Pizza,285.0,40.0,On time,Returning
105289,2026-05-05,21,Göteborg,Sushi,226.0,44.0,On time,Returning
101550,2026-03-15,22,Lund,Kebab,185.0,27.0,On time,New
111654,2026-07-30,10,Stockholm,Pizza,286.0,16.0,On time,New
102592,2026-03-30,15,Stockholm,Pizza,229.0,38.0,On time,Returning
104672,2026-04-27,16,Göteborg,Vegan,250.0,33.0,On time,New
107559,2026-06-05,17,Göteborg,Pizza,287.0,33.0,On time,New
113239,2026-08-20,19,Stockholm,Kebab,384.0,50.0,Late,New
107555,2026-06-05,12,Göteborg,Pizza,265.0,47.0,Late,New
107678,2026-06-06,12,Malmö,Indian,210.0,31.0,On time,New
101073,2026-03-09,11,Stockholm,Burgers,313.0,39.0,On time,Returning
112334,2026-08-08,10,Stockholm,Indian,350.0,55.0,Late,Returning
101564,2026-03-16,20,Göteborg,Burgers,180.0,50.0,Late,Returning
110752,2026-07-18,19,Stockholm,Salad,254.0,51.0,Late,Returning
101231,2026-03-11,17,Malmö,Vegan,206.0,19.0,On time,Returning
102926,2026-04-03,16,Lund,Burgers,260.0,40.0,On time,Returning
106110,2026-05-16,13,Malmö,Pizza,301.0,31.0,On time,Returning
107392,2026-06-02,13,Uppsala,Kebab,257.0,49.0,Late,Returning
109767,2026-07-05,13,Stockholm,Vegan,243.0,44.0,On time,Returning
105395,2026-05-06,13,Malmö,Burgers,250.0,52.0,Late,New
106266,2026-05-18,11,Stockholm,Pizza,194.0,34.0,On time,Returning
100485,2026-03-01,12,Stockholm,Sushi,144.0,23.0,On time,Returning
110822,2026-07-19,11,Stockholm,Burgers,247.0,38.0,On time,Returning
102819,2026-04-02,16,Stockholm,Vegan,174.0,25.0,On time,New
111888,2026-08-02,14,Stockholm,Kebab,193.0,34.0,On time,Returning
112368,2026-08-08,20,Malmö,Vegan,269.0,38.0,On time,Returning
109323,2026-06-28,13,Lund,Pizza,179.0,36.0,On time,Returning
112369,2026-08-08,14,Malmö,Pizza,176.0,46.0,Late,Returning
104649,2026-04-26,17,Malmö,Thai,249.0,36.0,On time,Returning
107952,2026-06-10,11,Stockholm,Sushi,270.0,43.0,On time,New
110523,2026-07-15,20,Stockholm,Vegan,315.0,32.0,On time,Returning
100086,2026-02-24,17,Göteborg,Pizza,264.0,42.0,On time,New
100564,2026-03-02,12,Stockholm,Pizza,176.0,28.0,On time,New
104447,2026-04-24,17,Göteborg,Sushi,247.0,38.0,On time,Returning
111071,2026-07-22,20,Stockholm,Sushi,182.0,34.0,On time,Returning
104568,2026-04-25,20,Malmö,Burgers,216.0,31.0,On time,Returning
103762,2026-04-14,12,Stockholm,Burgers,245.0,34.0,On time,New
106063,2026-05-16,16,Göteborg,Burgers,243.0,38.0,On time,Returning
108119,2026-06-12,14,Malmö,Vegan,354.0,33.0,On time,Returning
111517,2026-07-28,21,Stockholm,Kebab,212.0,43.0,On time,Returning
111471,2026-07-27,11,Malmö,Burgers,178.0,33.0,On time,New
110033,2026-07-09,18,Göteborg,Pizza,136.0,40.0,On time,New
111358,2026-07-26,12,Göteborg,Burgers,331.0,20.0,On time,New
105279,2026-05-04,20,Lund,Vegan,116.0,24.0,On time,Returning
106798,2026-05-25,20,Stockholm,Thai,287.0,26.0,On time,Returning
111760,2026-07-31,17,Unknown,Sushi,222.0,26.0,On time,Returning
112673,2026-08-12,17,Malmö,Sushi,258.0,41.0,On time,Returning
113505,2026-08-23,17,Malmö,Pizza,181.0,25.0,On time,New
107165,2026-05-30,20,Uppsala,Vegan,246.0,44.0,On time,Returning
111476,2026-07-27,11,Malmö,Thai,317.0,37.0,On time,Returning
106859,2026-05-26,18,Stockholm,Thai,402.0,29.0,On time,Returning
108230,2026-06-14,18,Göteborg,Burgers,310.0,35.0,On time,Returning
113151,2026-08-19,20,Stockholm,Vegan,293.0,33.0,On time,Returning
107969,2026-06-10,13,Stockholm,Kebab,193.0,32.0,On time,Returning
100310,2026-02-27,13,Stockholm,Indian,209.0,61.0,Late,Returning
104303,2026-04-21,19,Lund,Indian,198.0,34.0,On time,New
102581,2026-03-30,18,Göteborg,Pizza,279.0,42.0,On time,Returning
113326,2026-08-21,13,Malmö,Pizza,297.0,29.0,On time,Returning
101263,2026-03-12,22,Göteborg,Sushi,269.0,32.0,On time,Returning
101839,2026-03-20,12,Stockholm,Burgers,221.0,36.0,On time,Returning
111383,2026-07-26,11,Stockholm,Burgers,179.0,29.0,On time,Returning
109507,2026-07-01,10,Stockholm,Salad,216.0,39.0,On time,New
112821,2026-08-15,12,Göteborg,Salad,202.0,43.0,On time,New
101318,2026-03-12,22,Uppsala,Thai,197.0,41.0,On time,Returning
113526,2026-08-23,13,Lund,Thai,232.0,30.0,On time,New
102209,2026-03-25,13,Stockholm,Thai,241.0,42.0,On time,Returning
110399,2026-07-13,13,Malmö,Vegan,281.0,39.0,On time,New
102946,2026-04-04,21,Stockholm,Vegan,321.0,31.0,On time,Returning
101657,2026-03-17,11,Stockholm,Pizza,191.0,42.0,On time,Returning
102411,2026-03-28,10,Göteborg,Burgers,202.0,47.0,Late,New
106203,2026-05-17,16,Malmö,Pizza,197.0,38.0,On time,Returning
113018,2026-08-17,18,Stockholm,Indian,282.0,24.0,On time,Returning
103245,2026-04-07,12,Lund,Sushi,314.0,32.0,On time,New
105217,2026-05-04,12,Göteborg,Burgers,256.0,49.0,Late,New
109066,2026-06-25,18,Malmö,Pizza,199.0,19.0,On time,New
101154,2026-03-10,11,Stockholm,Sushi,202.0,20.0,On time,Returning
105318,2026-05-05,12,Stockholm,Sushi,339.0,40.0,On time,Returning
108717,2026-06-20,15,Stockholm,Burgers,292.0,37.0,On time,Returning
109907,2026-07-07,19,Stockholm,Pizza,240.0,39.0,On time,Returning
103944,2026-04-17,12,Göteborg,Kebab,204.0,31.0,On time,Returning
107563,2026-06-05,18,Göteborg,Sushi,205.0,36.0,On time,Returning
101867,2026-03-20,14,Uppsala,Pizza,275.0,52.0,Late,Returning
101482,2026-03-15,11,Göteborg,Pizza,326.0,54.0,Late,Returning
106243,2026-05-18,19,Göteborg,Thai,238.0,34.0,On time,Returning
109746,2026-07-05,21,Göteborg,Sushi,205.0,51.0,Late,Returning
101869,2026-03-20,12,Uppsala,Thai,242.0,40.0,On time,Returning
102535,2026-03-29,19,Stockholm,Kebab,304.0,33.0,On time,Returning
112121,2026-08-05,19,Stockholm,Burgers,322.0,23.0,On time,Returning
111299,2026-07-25,17,Stockholm,Pizza,324.0,41.0,On time,Returning
112330,2026-08-08,17,Stockholm,Kebab,248.0,57.0,Late,Returning
106437,2026-05-20,23,Uppsala,Pizza,291.0,34.0,On time,Returning
105472,2026-05-07,12,Uppsala,Vegan,173.0,32.0,On time,Returning
101310,2026-03-12,18,Malmö,Burgers,172.0,41.0,On time,Returning
104192,2026-04-20,19,Stockholm,Kebab,329.0,21.0,On time,New
108131,2026-06-12,19,Uppsala,Thai,364.0,38.0,On time,New
100427,2026-02-28,12,Malmö,Indian,239.0,32.0,On time,Returning
105749,2026-05-11,12,Göteborg,Kebab,254.0,32.0,On time,New
109861,2026-07-06,11,Malmö,Pizza,329.0,44.0,On time,Returning
103125,2026-04-06,16,Göteborg,Indian,197.0,36.0,On time,Returning
111768,2026-07-31,10,Lund,Kebab,190.0,47.0,Late,Returning
111431,2026-07-27,19,Göteborg,Thai,181.0,42.0,On time,Returning
100428,2026-02-28,20,Malmö,Sushi,232.0,30.0,On time,Returning
109688,2026-07-04,13,Göteborg,Sushi,246.0,45.0,On time,Returning
107668,2026-06-06,17,Stockholm,Pizza,148.0,36.0,On time,New
104049,2026-04-18,11,Malmö,Indian,203.0,42.0,On time,Returning
112161,2026-08-06,18,Göteborg,Vegan,256.0,33.0,On time,New
113204,2026-08-19,18,Lund,Salad,228.0,60.0,Late,New
106488,2026-05-21,19,Stockholm,Kebab,216.0,37.0,On time,New
109405,2026-06-30,17,Göteborg,Pizza,231.0,33.0,On time,Returning
102842,2026-04-02,16,Malmö,Kebab,303.0,36.0,On time,Returning
105903,2026-05-13,16,Malmö,Salad,292.0,31.0,On time,Returning
107303,2026-06-01,23,Stockholm,Sushi,227.0,33.0,On time,New
110426,2026-07-14,10,Göteborg,Kebab,344.0,46.0,Late,Returning
103711,2026-04-13,19,Malmö,Vegan,283.0,52.0,Late,Returning
102109,2026-03-23,19,Lund,Burgers,310.0,29.0,On time,New
100611,2026-03-03,15,Göteborg,Salad,250.0,36.0,On time,New
105858,2026-05-13,22,Göteborg,Sushi,346.0,26.0,On time,Returning
104789,2026-04-28,15,Uppsala,Sushi,239.0,34.0,On time,Returning
106729,2026-05-24,21,Malmö,Kebab,257.0,37.0,On time,Returning
112482,2026-08-09,13,Lund,Kebab,383.0,28.0,On time,New
111291,2026-07-25,12,Stockholm,Thai,179.0,43.0,On time,New
102185,2026-03-24,13,Lund,Salad,193.0,36.0,On time,Returning
101436,2026-03-14,12,Malmö,Sushi,282.0,37.0,On time,New
102694,2026-03-31,10,Stockholm,Sushi,259.0,27.0,On time,Returning
103812,2026-04-15,21,Stockholm,Pizza,173.0,40.0,On time,New
110287,2026-07-12,20,Stockholm,Sushi,284.0,48.0,Late,Returning
103673,2026-04-13,11,Göteborg,Sushi,199.0,37.0,On time,New
107102,2026-05-30,15,Göteborg,Pizza,187.0,48.0,Late,New
102120,2026-03-24,19,Göteborg,Indian,211.0,36.0,On time,New
112057,2026-08-04,20,Malmö,Pizza,234.0,20.0,On time,New
105388,2026-05-06,12,Malmö,Pizza,240.0,43.0,On time,Returning
101330,2026-03-13,20,Göteborg,Pizza,240.0,32.0,On time,New
110043,2026-07-09,18,Göteborg,Kebab,339.0,37.0,On time,New
100967,2026-03-08,17,Göteborg,Salad,315.0,33.0,On time,New
110774,2026-07-18,21,Malmö,Burgers,262.0,36.0,On time,New
101041,2026-03-08,19,Uppsala,Pizza,311.0,40.0,On time,Returning
104421,2026-04-23,13,Malmö,Pizza,288.0,29.0,On time,New
108191,2026-06-13,12,Stockholm,Thai,325.0,34.0,On time,Returning
108767,2026-06-21,21,Göteborg,Vegan,235.0,25.0,On time,Returning
108884,2026-06-22,12,Malmö,Sushi,269.0,47.0,Late,Returning
106249,2026-05-18,11,Göteborg,Sushi,213.0,43.0,On time,New
100113,2026-02-24,18,Stockholm,Kebab,288.0,41.0,On time,New
112721,2026-08-13,14,Stockholm,Kebab,224.0,31.0,On time,New
100836,2026-03-06,18,Stockholm,Thai,204.0,30.0,On time,Returning
107388,2026-06-02,12,Malmö,Vegan,259.0,28.0,On time,Returning
101744,2026-03-18,18,Lund,Indian,301.0,41.0,On time,Returning
100117,2026-02-24,15,Stockholm,Pizza,203.0,41.0,On time,Returning
106720,2026-05-24,13,Stockholm,Pizza,284.0,23.0,On time,Returning
107947,2026-06-10,9,Göteborg,Pizza,278.0,31.0,On time,Returning
100036,2026-02-23,14,Stockholm,Burgers,333.0,32.0,On time,Returning
112199,2026-08-06,12,Malmö,Indian,264.0,34.0,On time,New
106006,2026-05-15,19,Göteborg,Pizza,228.0,38.0,On time,New
109668,2026-07-04,14,Göteborg,Pizza,274.0,29.0,On time,Returning
109693,2026-07-04,19,Stockholm,Indian,324.0,33.0,On time,Returning
108929,2026-06-23,18,Stockholm,Pizza,211.0,39.0,On time,New
104905,2026-04-30,22,Stockholm,Pizza,177.0,35.0,On time,New
100064,2026-02-23,19,Uppsala,Pizza,123.0,40.0,On time,Returning
108018,2026-06-11,17,Stockholm,Burgers,274.0,31.0,On time,Returning
100417,2026-02-28,9,Malmö,Pizza,171.0,44.0,On time,New
106044,2026-05-15,10,Uppsala,Burgers,317.0,34.0,On time,Returning
113266,2026-08-20,10,Malmö,Burgers,231.0,42.0,On time,Returning
104146,2026-04-19,13,Malmö,Burgers,231.0,29.0,On time,Returning
101978,2026-03-22,20,Göteborg,Kebab,217.0,47.0,Late,New
102101,2026-03-23,16,Uppsala,Burgers,336.0,36.0,On time,New
111594,2026-07-29,17,Unknown,Salad,241.0,43.0,On time,Returning
104046,2026-04-18,18,Malmö,Burgers,230.0,29.0,On time,Returning
110472,2026-07-14,15,Malmö,Thai,287.0,31.0,On time,New
100348,2026-02-27,19,Malmö,Kebab,235.0,52.0,Late,Returning
112245,2026-08-07,20,Stockholm,Thai,276.0,50.0,Late,Returning
105064,2026-05-02,12,Malmö,Thai,313.0,33.0,On time,Returning
107377,2026-06-02,12,Stockholm,Pizza,242.0,23.0,On time,New
112426,2026-08-09,12,Stockholm,Indian,244.0,40.0,On time,New
100801,2026-03-06,14,Göteborg,Thai,262.0,41.0,On time,Returning
105501,2026-05-08,16,Stockholm,Indian,228.0,37.0,Unknown,Returning
103479,2026-04-10,14,Lund,Kebab,363.0,19.0,On time,Returning
105898,2026-05-13,15,Malmö,Kebab,260.0,25.0,On time,New
111155,2026-07-23,19,Uppsala,Burgers,298.0,39.0,On time,Returning
103463,2026-04-10,10,Unknown,Burgers,217.0,44.0,On time,Returning
102481,2026-03-29,16,Göteborg,Salad,243.0,45.0,On time,Returning
111826,2026-08-01,13,Malmö,Kebab,192.0,34.0,On time,Returning
110391,2026-07-13,10,Malmö,Kebab,222.0,47.0,Late,New
102490,2026-03-29,19,Göteborg,Burgers,235.0,33.0,On time,Returning
101002,2026-03-08,12,Stockholm,Salad,203.0,44.0,On time,New
112659,2026-08-12,12,Stockholm,Vegan,179.0,26.0,On time,New
103131,2026-04-06,20,Göteborg,Kebab,370.0,41.0,On time,New
107787,2026-06-07,19,Malmö,Indian,221.0,42.0,On time,New
101287,2026-03-12,22,Stockholm,Pizza,303.0,38.0,On time,Returning
108763,2026-06-21,17,Göteborg,Burgers,242.0,37.0,On time,New
106183,2026-05-17,12,Stockholm,Thai,286.0,38.0,On time,New
112879,2026-08-15,16,Malmö,Pizza,272.0,51.0,Late,New
105645,2026-05-10,12,Göteborg,Salad,211.0,38.0,On time,Returning
109505,2026-07-01,19,Stockholm,Pizza,187.0,34.0,On time,Returning
109665,2026-07-03,19,Lund,Kebab,305.0,45.0,On time,Returning
109577,2026-07-02,13,Malmö,Thai,221.0,31.0,On time,Returning
102225,2026-03-25,12,Stockholm,Burgers,251.0,32.0,On time,Returning
111191,2026-07-24,14,Stockholm,Kebab,224.0,26.0,On time,New
108620,2026-06-19,10,Göteborg,Pizza,111.0,23.0,On time,Returning
107276,2026-06-01,19,Göteborg,Burgers,274.0,27.0,On time,New
102658,2026-03-31,12,Göteborg,Thai,333.0,31.0,On time,Returning
113290,2026-08-21,11,Göteborg,Vegan,280.0,36.0,On time,New
111904,2026-08-02,11,Stockholm,Burgers,206.0,43.0,On time,New
113362,2026-08-22,13,Göteborg,Thai,220.0,22.0,On time,New
104997,2026-05-01,18,Malmö,Pizza,349.0,39.0,On time,Returning
109051,2026-06-25,12,Stockholm,Pizza,259.0,47.0,Late,Returning
111485,2026-07-27,16,Uppsala,Thai,230.0,41.0,On time,Returning
109617,2026-07-03,12,Stockholm,Thai,223.0,29.0,On time,Returning
109520,2026-07-01,9,Uppsala,Thai,333.0,34.0,On time,Returning
104347,2026-04-22,14,Stockholm,Pizza,292.0,53.0,Late,New
108251,2026-06-14,12,Stockholm,Salad,169.0,48.0,Late,New
104362,2026-04-22,10,Malmö,Pizza,380.0,39.0,On time,Returning
103974,2026-04-17,20,Malmö,Burgers,366.0,50.0,Late,New
100669,2026-03-03,19,Uppsala,Pizza,266.0,34.0,On time,New
111816,2026-08-01,19,Stockholm,Indian,295.0,46.0,Late,New
102888,2026-04-03,20,Stockholm,Kebab,212.0,25.0,On time,New
101462,2026-03-15,17,Göteborg,Vegan,325.0,47.0,Late,Returning
103199,2026-04-07,15,Stockholm,Burgers,255.0,39.0,On time,Returning
100785,2026-03-05,18,Malmö,Pizza,260.0,40.0,On time,New
109885,2026-07-07,14,Göteborg,Thai,221.0,44.0,On time,Returning
105455,2026-05-07,12,Stockholm,Burgers,302.0,37.0,On time,Returning
100455,2026-03-01,13,Göteborg,Sushi,177.0,61.0,Late,Returning
107204,2026-05-31,14,Stockholm,Pizza,203.0,28.0,On time,Returning
113020,2026-08-17,12,Stockholm,Burgers,194.0,35.0,On time,Returning
105142,2026-05-03,15,Stockholm,Kebab,220.0,38.0,On time,New
104173,2026-04-20,12,Göteborg,Burgers,281.0,34.0,On time,Returning
106256,2026-05-18,12,Stockholm,Kebab,128.0,36.0,On time,Returning
105092,2026-05-02,13,Lund,Vegan,265.0,55.0,Late,Returning
103688,2026-04-13,9,Stockholm,Salad,310.0,50.0,Late,Returning
105972,2026-05-14,18,Malmö,Pizza,233.0,31.0,On time,New
106003,2026-05-15,19,Göteborg,Sushi,235.0,34.0,On time,New
106754,2026-05-24,19,Lund,Burgers,348.0,34.0,On time,Returning
106999,2026-05-28,12,Stockholm,Thai,248.0,35.0,On time,Returning
103799,2026-04-15,9,Göteborg,Sushi,156.0,54.0,Late,Returning
112684,2026-08-12,17,Unknown,Thai,292.0,55.0,Late,New
100885,2026-03-07,13,Göteborg,Vegan,223.0,41.0,On time,New
102252,2026-03-26,20,Göteborg,Thai,275.0,27.0,On time,Returning
106197,2026-05-17,12,Malmö,Burgers,151.0,40.0,On time,Returning
111020,2026-07-21,19,Malmö,Salad,297.0,20.0,On time,Returning
108383,2026-06-15,13,Malmö,Pizza,221.0,39.0,On time,Returning
101528,2026-03-15,13,Malmö,Pizza,179.0,45.0,On time,New
110535,2026-07-15,22,Stockholm,Burgers,267.0,25.0,On time,New
109024,2026-06-24,16,Lund,Burgers,238.0,27.0,On time,New
100555,2026-03-02,12,Stockholm,Thai,274.0,30.0,On time,Returning
111866,2026-08-02,17,Göteborg,Pizza,288.0,36.0,On time,Returning
102077,2026-03-23,11,Stockholm,Sushi,200.0,39.0,On time,Returning
101986,2026-03-22,17,Stockholm,Pizza,291.0,30.0,On time,Returning
101062,2026-03-09,17,Göteborg,Sushi,326.0,51.0,Late,Returning
107651,2026-06-06,15,Stockholm,Pizza,274.0,34.0,On time,Returning
106742,2026-05-24,19,Uppsala,Burgers,229.0,17.0,On time,Returning
106222,2026-05-17,13,Uppsala,Pizza,250.0,34.0,On time,Returning
103093,2026-04-05,18,Malmö,Thai,96.0,45.0,On time,Returning
112152,2026-08-06,20,Göteborg,Pizza,320.0,37.0,On time,Returning
110635,2026-07-16,12,Lund,Sushi,224.0,34.0,On time,Returning
103960,2026-04-17,13,Stockholm,Pizza,215.0,36.0,On time,Returning
108156,2026-06-13,11,Göteborg,Pizza,249.0,47.0,Late,Returning
110046,2026-07-09,21,Göteborg,Burgers,218.0,32.0,On time,Returning
103047,2026-04-05,22,Stockholm,Indian,243.0,33.0,On time,Returning
106403,2026-05-20,11,Stockholm,Sushi,317.0,34.0,On time,Returning
111555,2026-07-28,18,Uppsala,Vegan,228.0,24.0,On time,Returning
107156,2026-05-30,15,Malmö,Sushi,194.0,37.0,On time,Returning
110828,2026-07-19,11,Stockholm,Pizza,290.0,32.0,On time,Returning
113179,2026-08-19,17,Malmö,Pizza,214.0,43.0,On time,New
103399,2026-04-09,21,Lund,Salad,274.0,50.0,Late,Returning
108711,2026-06-20,16,Stockholm,Pizza,225.0,42.0,On time,New
108724,2026-06-20,13,Stockholm,Burgers,292.0,34.0,On time,Returning
110778,2026-07-18,20,Malmö,Sushi,309.0,40.0,On time,Returning
103481,2026-04-11,13,Göteborg,Pizza,283.0,18.0,On time,New
101068,2026-03-09,14,Stockholm,Kebab,275.0,52.0,Late,Returning
107100,2026-05-30,11,Göteborg,Kebab,320.0,34.0,On time,Returning
100267,2026-02-26,18,Malmö,Thai,263.0,38.0,On time,Returning
109848,2026-07-06,13,Unknown,Burgers,294.0,35.0,On time,New
110318,2026-07-12,13,Malmö,Sushi,191.0,36.0,On time,New
102208,2026-03-25,21,Stockholm,Indian,252.0,31.0,On time,Returning
110500,2026-07-15,11,Göteborg,Kebab,179.0,40.0,On time,New
104258,2026-04-21,18,Stockholm,Sushi,276.0,50.0,Late,New
100240,2026-02-26,17,Stockholm,Kebab,200.0,47.0,Late,Returning
113425,2026-08-22,13,Uppsala,Vegan,233.0,47.0,Late,Returning
112029,2026-08-04,11,Stockholm,Vegan,169.0,54.0,Late,Returning
110215,2026-07-11,12,Stockholm,Burgers,261.0,47.0,Late,Returning
112118,2026-08-05,16,Stockholm,Thai,246.0,36.0,On time,New
108439,2026-06-16,20,Stockholm,Vegan,257.0,46.0,Late,New
111955,2026-08-03,20,Göteborg,Sushi,188.0,30.0,On time,Returning
111070,2026-07-22,18,Stockholm,Indian,214.0,37.0,On time,Returning
105840,2026-05-12,15,Malmö,Vegan,241.0,31.0,On time,New
111356,2026-07-26,14,Göteborg,Burgers,227.0,40.0,On time,New
104245,2026-04-21,14,Göteborg,Burgers,326.0,50.0,Late,Returning
106753,2026-05-24,12,Lund,Pizza,217.0,21.0,On time,Returning
105248,2026-05-04,16,Stockholm,Thai,222.0,42.0,On time,Returning
101423,2026-03-14,22,Stockholm,Salad,297.0,37.0,On time,Returning
107994,2026-06-10,12,Lund,Thai,275.0,38.0,On time,Returning
101953,2026-03-21,13,Lund,Indian,253.0,37.0,On time,New
112600,2026-08-11,10,Malmö,Pizza,228.0,15.0,On time,Returning
102057,2026-03-23,22,Stockholm,Burgers,261.0,35.0,On time,New
103378,2026-04-09,18,Malmö,Thai,199.0,38.0,On time,New
103880,2026-04-16,11,Stockholm,Vegan,248.0,47.0,Late,Returning
110749,2026-07-18,11,Stockholm,Pizza,240.0,46.0,Late,Returning
100131,2026-02-24,12,Malmö,Salad,166.0,33.0,On time,Returning
108635,2026-06-19,14,Stockholm,Pizza,220.0,51.0,Late,New
111271,2026-07-25,19,Stockholm,Vegan,348.0,31.0,On time,New
103769,2026-04-14,20,Malmö,Sushi,169.0,39.0,On time,Returning
111483,2026-07-27,11,Uppsala,Sushi,178.0,33.0,On time,New
101102,2026-03-09,20,Malmö,Salad,255.0,42.0,On time,New
108770,2026-06-21,11,Göteborg,Kebab,295.0,45.0,On time,New
105620,2026-05-09,18,Malmö,Kebab,257.0,31.0,On time,Returning
100752,2026-03-05,13,Göteborg,Salad,294.0,35.0,On time,Returning
110998,2026-07-21,15,Stockholm,Indian,169.0,39.0,On time,Returning
111182,2026-07-24,18,Göteborg,Pizza,302.0,36.0,On time,Returning
111304,2026-07-25,18,Stockholm,Vegan,295.0,31.0,On time,New
107954,2026-06-10,12,Stockholm,Burgers,236.0,52.0,Late,New
105012,2026-05-02,11,Göteborg,Burgers,224.0,55.0,Late,Returning
109774,2026-07-05,16,Stockholm,Pizza,288.0,35.0,On time,Returning
111701,2026-07-31,12,Göteborg,Indian,277.0,34.0,On time,Returning
113385,2026-08-22,21,Stockholm,Pizza,142.0,49.0,Late,New
107818,2026-06-08,18,Stockholm,Pizza,316.0,36.0,On time,Returning
108203,2026-06-13,20,Malmö,Kebab,290.0,34.0,On time,Returning
105773,2026-05-11,16,Stockholm,Burgers,339.0,33.0,On time,Returning
108322,2026-06-15,13,Göteborg,Burgers,259.0,30.0,On time,Returning
105108,2026-05-03,11,Göteborg,Sushi,300.0,30.0,On time,Returning
109046,2026-06-25,19,Stockholm,Pizza,299.0,48.0,Late,Returning
110383,2026-07-13,14,Stockholm,Pizza,217.0,19.0,On time,Returning
109334,2026-06-29,19,Göteborg,Salad,359.0,24.0,On time,New
101242,2026-03-11,16,Uppsala,Pizza,347.0,29.0,On time,Returning
107728,2026-06-07,20,Göteborg,Thai,233.0,43.0,On time,Returning
106892,2026-05-26,17,Uppsala,Kebab,221.0,25.0,On time,Returning
108000,2026-06-11,11,Göteborg,Kebab,299.0,45.0,On time,Returning
112262,2026-08-07,20,Stockholm,Burgers,263.0,25.0,On time,Returning
110931,2026-07-20,20,Malmö,Sushi,280.0,33.0,On time,Returning
102713,2026-03-31,10,Uppsala,Salad,278.0,30.0,On time,Returning
111601,2026-07-29,19,Malmö,Thai,247.0,40.0,On time,New
111046,2026-07-22,19,Göteborg,Vegan,266.0,46.0,Late,Returning
107571,2026-06-05,18,Stockholm,Pizza,278.0,51.0,Late,Returning
105166,2026-05-03,17,Malmö,Sushi,157.0,33.0,On time,Returning
107745,2026-06-07,17,Stockholm,Pizza,311.0,43.0,On time,Returning
111930,2026-08-02,18,Uppsala,Burgers,182.0,36.0,On time,Returning
100414,2026-02-28,21,Malmö,Sushi,302.0,30.0,On time,New
110637,2026-07-16,11,Lund,Sushi,248.0,46.0,Late,New
100202,2026-02-25,21,Malmö,Thai,264.0,43.0,On time,Returning
106900,2026-05-27,11,Göteborg,Vegan,225.0,30.0,On time,Returning
107123,2026-05-30,17,Stockholm,Indian,325.0,42.0,On time,Returning
105382,2026-05-06,15,Stockholm,Burgers,251.0,44.0,On time,New
109791,2026-07-05,14,Malmö,Salad,276.0,31.0,On time,Returning
107768,2026-06-07,12,Stockholm,Burgers,202.0,34.0,On time,New
103636,2026-04-12,9,Uppsala,Kebab,323.0,40.0,On time,Returning
112689,2026-08-13,11,Göteborg,Sushi,186.0,39.0,On time,New
109062,2026-06-25,13,Stockholm,Salad,204.0,36.0,On time,Returning
108100,2026-06-12,12,Stockholm,Indian,203.0,38.0,On time,New
101167,2026-03-10,19,Malmö,Burgers,205.0,41.0,On time,Returning
103510,2026-04-11,11,Stockholm,Sushi,153.0,43.0,On time,Returning
109016,2026-06-24,11,Uppsala,Pizza,232.0,43.0,On time,Returning
100372,2026-02-28,13,Göteborg,Pizza,312.0,55.0,Late,Returning
105764,2026-05-11,20,Stockholm,Vegan,256.0,19.0,On time,Returning
103835,2026-04-15,19,Malmö,Pizza,220.0,34.0,On time,Returning
110088,2026-07-09,11,Malmö,Thai,210.0,36.0,On time,Returning
107799,2026-06-07,13,Lund,Kebab,330.0,53.0,Late,New
110849,2026-07-19,9,Stockholm,Salad,259.0,24.0,On time,Returning
109235,2026-06-27,12,Malmö,Pizza,286.0,26.0,On time,Returning
110722,2026-07-18,19,Göteborg,Kebab,305.0,29.0,On time,Returning
112226,2026-08-07,11,Göteborg,Sushi,175.0,30.0,On time,Returning
113343,2026-08-21,15,Lund,Pizza,317.0,43.0,On time,Returning
107902,2026-06-09,17,Stockholm,Burgers,277.0,39.0,On time,Returning
103506,2026-04-11,20,Stockholm,Burgers,257.0,49.0,Late,Returning
108428,2026-06-16,10,Stockholm,Indian,271.0,38.0,On time,Returning
111090,2026-07-22,16,Malmö,Sushi,207.0,33.0,On time,Returning
106909,2026-05-27,14,Göteborg,Kebab,218.0,43.0,On time,New
110670,2026-07-17,18,Stockholm,Sushi,312.0,50.0,Late,New
107622,2026-06-06,18,Göteborg,Pizza,171.0,43.0,On time,Returning
113328,2026-08-21,23,Malmö,Salad,186.0,23.0,On time,New
100543,2026-03-02,12,Göteborg,Kebab,223.0,46.0,Late,Returning
112139,2026-08-05,13,Lund,Sushi,246.0,48.0,Late,Returning
102351,2026-03-27,19,Unknown,Burgers,319.0,50.0,Late,Returning
107074,2026-05-29,20,Malmö,Pizza,269.0,45.0,On time,Returning
109410,2026-06-30,21,Göteborg,Pizza,160.0,45.0,On time,Returning
109548,2026-07-02,16,Stockholm,Indian,291.0,35.0,On time,Returning
107190,2026-05-31,10,Göteborg,Sushi,281.0,36.0,On time,New
113475,2026-08-23,11,Stockholm,Indian,264.0,47.0,Late,New
107619,2026-06-06,20,Göteborg,Kebab,193.0,39.0,On time,Returning
104241,2026-04-21,9,Göteborg,Burgers,247.0,39.0,On time,New
100132,2026-02-24,21,Malmö,Vegan,344.0,44.0,On time,Returning
108935,2026-06-23,14,Stockholm,Vegan,275.0,54.0,Late,New
100358,2026-02-27,20,Uppsala,Thai,353.0,21.0,On time,Returning
113128,2026-08-18,11,Uppsala,Kebab,228.0,42.0,On time,New
106146,2026-05-17,18,Göteborg,Indian,268.0,38.0,On time,Returning
111778,2026-08-01,13,Göteborg,Burgers,278.0,40.0,On time,Returning
110406,2026-07-13,13,Uppsala,Pizza,186.0,52.0,Late,Returning
108176,2026-06-13,19,Stockholm,Burgers,289.0,23.0,On time,Returning
108010,2026-06-11,12,Göteborg,Burgers,158.0,31.0,On time,Returning
104294,2026-04-21,16,Uppsala,Pizza,260.0,41.0,On time,New
109965,2026-07-08,13,Göteborg,Thai,346.0,42.0,On time,New
102217,2026-03-25,17,Stockholm,Pizza,262.0,42.0,On time,New
100005,2026-02-23,13,Göteborg,Kebab,281.0,48.0,Late,Returning
113121,2026-08-18,11,Malmö,Vegan,204.0,39.0,On time,Returning
108956,2026-06-23,17,Lund,Thai,140.0,52.0,Late,New
111095,2026-07-22,10,Uppsala,Pizza,211.0,31.0,On time,Returning
108631,2026-06-19,10,Stockholm,Sushi,241.0,27.0,On time,New
104508,2026-04-24,13,Uppsala,Thai,297.0,44.0,On time,Returning
112171,2026-08-06,21,Stockholm,Indian,258.0,33.0,On time,New
108446,2026-06-16,19,Stockholm,Kebab,205.0,44.0,On time,New
104560,2026-04-25,19,Stockholm,Sushi,204.0,36.0,On time,Returning
109832,2026-07-06,12,Göteborg,Sushi,176.0,33.0,On time,New
100168,2026-02-25,10,Stockholm,Pizza,194.0,50.0,Late,Returning
110443,2026-07-14,23,Stockholm,Thai,257.0,39.0,On time,New
113148,2026-08-19,21,Göteborg,Salad,286.0,42.0,On time,Returning
105969,2026-05-14,19,Malmö,Sushi,163.0,47.0,Late,Returning
108508,2026-06-17,18,Stockholm,Pizza,227.0,25.0,On time,Returning
110370,2026-07-13,13,Stockholm,Thai,292.0,37.0,On time,Returning
101755,2026-03-19,20,Göteborg,Burgers,285.0,42.0,On time,Returning
104343,2026-04-22,19,Stockholm,Kebab,271.0,45.0,On time,Returning
107638,2026-06-06,20,Göteborg,Kebab,277.0,32.0,On time,Returning
113371,2026-08-22,19,Stockholm,Kebab,192.0,29.0,On time,Returning
104751,2026-04-28,19,Stockholm,Burgers,257.0,40.0,On time,Returning
101174,2026-03-10,18,Uppsala,Sushi,251.0,37.0,Unknown,Returning
106410,2026-05-20,20,Stockholm,Vegan,325.0,30.0,On time,Returning
106627,2026-05-23,18,Stockholm,Thai,191.0,31.0,On time,Returning
101748,2026-03-19,14,Göteborg,Pizza,146.0,38.0,On time,New
101179,2026-03-10,12,Uppsala,Pizza,275.0,30.0,On time,Returning
110104,2026-07-10,18,Göteborg,Indian,308.0,34.0,On time,Returning
111426,2026-07-27,19,Göteborg,Pizza,193.0,57.0,Late,New
101790,2026-03-19,12,Stockholm,Thai,320.0,35.0,On time,Returning
106055,2026-05-15,12,Lund,Pizza,172.0,36.0,On time,New
112441,2026-08-09,19,Stockholm,Burgers,194.0,37.0,Unknown,New
101262,2026-03-12,13,Göteborg,Indian,217.0,43.0,On time,Returning
104446,2026-04-24,13,Göteborg,Salad,249.0,32.0,On time,Returning
106786,2026-05-25,11,Stockholm,Kebab,275.0,34.0,On time,New
109872,2026-07-06,19,Lund,Burgers,177.0,29.0,On time,Returning
102037,2026-03-22,19,Lund,Pizza,337.0,42.0,On time,New
109540,2026-07-02,18,Göteborg,Pizza,297.0,49.0,Late,Returning
107138,2026-05-30,11,Stockholm,Salad,317.0,32.0,On time,Returning
100606,2026-03-02,10,Lund,Kebab,276.0,20.0,On time,Returning
112317,2026-08-08,21,Stockholm,Indian,330.0,29.0,On time,Returning
111201,2026-07-24,20,Stockholm,Indian,358.0,39.0,On time,New
104634,2026-04-26,19,Stockholm,Kebab,156.0,32.0,On time,New
106598,2026-05-22,20,Lund,Sushi,296.0,32.0,On time,New
103683,2026-04-13,9,Stockholm,Thai,260.0,33.0,On time,Returning
100322,2026-02-27,12,Stockholm,Vegan,256.0,43.0,On time,Returning
101424,2026-03-14,13,Stockholm,Kebab,327.0,38.0,On time,Returning
106108,2026-05-16,18,Malmö,Pizza,258.0,38.0,On time,Returning
113226,2026-08-20,15,Stockholm,Pizza,159.0,37.0,Unknown,Returning
102822,2026-04-02,17,Stockholm,Thai,269.0,36.0,On time,New
102259,2026-03-26,14,Göteborg,Pizza,212.0,40.0,On time,Returning
103537,2026-04-11,11,Malmö,Pizza,193.0,49.0,Late,Returning
108213,2026-06-13,16,Uppsala,Kebab,225.0,31.0,On time,New
104689,2026-04-27,11,Stockholm,Kebab,283.0,42.0,On time,Returning
111008,2026-07-21,19,Malmö,Pizza,154.0,48.0,Late,Returning
101595,2026-03-16,19,Malmö,Vegan,226.0,44.0,On time,Returning
101551,2026-03-16,12,Göteborg,Pizza,264.0,50.0,Late,Returning
105385,2026-05-06,19,Stockholm,Sushi,253.0,27.0,On time,New
106654,2026-05-23,11,Malmö,Burgers,314.0,29.0,On time,Returning
110777,2026-07-18,18,Malmö,Pizza,283.0,60.0,Late,New
104861,2026-04-30,16,Göteborg,Kebab,124.0,24.0,On time,New
110858,2026-07-19,15,Stockholm,Salad,410.0,35.0,On time,Returning
101270,2026-03-12,12,Göteborg,Pizza,204.0,48.0,Late,Returning
104829,2026-04-29,19,Stockholm,Indian,380.0,35.0,On time,Returning
107939,2026-06-10,19,Göteborg,Kebab,176.0,34.0,On time,Returning
113400,2026-08-22,13,Malmö,Thai,221.0,23.0,On time,New
102920,2026-04-03,12,Uppsala,Burgers,237.0,55.0,Late,Returning
100510,2026-03-01,14,Malmö,Burgers,215.0,45.0,On time,Returning
105995,2026-05-15,21,Göteborg,Pizza,201.0,36.0,On time,Returning
104280,2026-04-21,12,Stockholm,Pizza,284.0,35.0,On time,Returning
113426,2026-08-22,9,Uppsala,Kebab,274.0,46.0,Late,Returning
111541,2026-07-28,13,Malmö,Thai,387.0,35.0,On time,Returning
105438,2026-05-07,19,Stockholm,Thai,338.0,31.0,On time,New
112761,2026-08-14,19,Göteborg,Sushi,218.0,31.0,On time,New
107046,2026-05-29,17,Göteborg,Salad,288.0,36.0,On time,Returning
106330,2026-05-19,18,Stockholm,Kebab,269.0,36.0,On time,Returning
106195,2026-05-17,12,Stockholm,Burgers,229.0,30.0,On time,New
106102,2026-05-16,12,Stockholm,Pizza,240.0,33.0,On time,Returning
112514,2026-08-10,20,Stockholm,Burgers,291.0,37.0,On time,Returning
106493,2026-05-21,11,Stockholm,Thai,170.0,43.0,On time,Returning
100061,2026-02-23,13,Malmö,Pizza,210.0,36.0,On time,Returning
100122,2026-02-24,14,Stockholm,Burgers,261.0,36.0,On time,Returning
108629,2026-06-19,19,Stockholm,Sushi,294.0,38.0,On time,Returning
106316,2026-05-19,9,Göteborg,Indian,193.0,38.0,On time,Returning
102043,2026-03-23,20,Göteborg,Salad,278.0,45.0,On time,Returning
109594,2026-07-02,13,Uppsala,Pizza,242.0,49.0,Late,Returning
111264,2026-07-25,11,Stockholm,Sushi,226.0,32.0,On time,New
113192,2026-08-19,12,Uppsala,Salad,244.0,27.0,On time,Returning
109149,2026-06-26,21,Uppsala,Kebab,303.0,45.0,On time,Returning
110803,2026-07-18,22,Lund,Pizza,315.0,33.0,On time,New
112221,2026-08-06,19,Lund,Burgers,216.0,51.0,Late,New
103099,2026-04-05,18,Uppsala,Burgers,240.0,48.0,Late,Returning
102178,2026-03-24,14,Uppsala,Pizza,237.0,42.0,On time,Returning
108233,2026-06-14,18,Göteborg,Pizza,330.0,39.0,On time,Returning
106810,2026-05-25,11,Malmö,Indian,172.0,22.0,On time,New
106744,2026-05-24,12,Uppsala,Sushi,315.0,44.0,On time,Returning
113383,2026-08-22,21,Stockholm,Pizza,327.0,45.0,On time,Returning
100491,2026-03-01,14,Stockholm,Thai,174.0,31.0,On time,New
106033,2026-05-15,21,Malmö,Sushi,254.0,27.0,On time,Returning
110553,2026-07-15,14,Uppsala,Thai,165.0,36.0,On time,Returning
101829,2026-03-20,11,Göteborg,Burgers,206.0,26.0,On time,Returning
112198,2026-08-06,20,Malmö,Vegan,205.0,43.0,On time,New
105487,2026-05-08,11,Göteborg,Pizza,212.0,33.0,On time,New
109819,2026-07-05,11,Lund,Burgers,240.0,45.0,On time,Returning
100643,2026-03-03,15,Stockholm,Pizza,375.0,51.0,Late,New
105683,2026-05-10,12,Stockholm,Indian,131.0,32.0,On time,Returning
110675,2026-07-17,12,Stockholm,Kebab,200.0,31.0,On time,Returning
109213,2026-06-27,15,Stockholm,Salad,270.0,38.0,On time,Returning
106797,2026-05-25,15,Stockholm,Sushi,286.0,37.0,On time,Returning
111237,2026-07-24,13,Lund,Pizza,299.0,36.0,On time,Returning
104785,2026-04-28,12,Uppsala,Sushi,260.0,45.0,On time,New
107826,2026-06-08,15,Stockholm,Kebab,224.0,24.0,On time,Returning
107573,2026-06-05,17,Stockholm,Sushi,175.0,41.0,On time,Returning
109110,2026-06-26,17,Stockholm,Pizza,187.0,51.0,Late,Returning
112830,2026-08-15,16,Göteborg,Kebab,268.0,21.0,On time,Returning
102949,2026-04-04,13,Stockholm,Pizza,174.0,34.0,On time,New
111433,2026-07-27,16,Göteborg,Burgers,167.0,59.0,Late,Returning
109581,2026-07-02,21,Malmö,Indian,221.0,43.0,On time,Returning
107324,2026-06-01,19,Uppsala,Pizza,240.0,44.0,On time,Returning
102895,2026-04-03,16,Stockholm,Pizza,159.0,29.0,On time,Returning
108707,2026-06-20,22,Göteborg,Pizza,241.0,46.0,Late,Returning
113473,2026-08-23,17,Unknown,Indian,193.0,39.0,On time,Returning
107878,2026-06-09,19,Göteborg,Vegan,353.0,36.0,On time,Returning
108372,2026-06-15,10,Stockholm,Thai,291.0,35.0,On time,Returning
112881,2026-08-15,14,Malmö,Indian,199.0,38.0,On time,New
105504,2026-05-08,13,Stockholm,Sushi,308.0,24.0,On time,Returning
106710,2026-05-24,12,Stockholm,Thai,213.0,41.0,On time,New
105878,2026-05-13,18,Stockholm,Kebab,251.0,25.0,On time,Returning
110352,2026-07-13,11,Göteborg,Kebab,278.0,31.0,On time,New
104710,2026-04-27,19,Malmö,Pizza,386.0,30.0,On time,Returning
111616,2026-07-29,13,Uppsala,Pizza,240.0,21.0,On time,Returning
107096,2026-05-30,20,Göteborg,Thai,180.0,29.0,On time,Returning
105515,2026-05-08,20,Stockholm,Burgers,260.0,48.0,Late,New
111424,2026-07-27,11,Göteborg,Sushi,166.0,38.0,On time,New
104140,2026-04-19,20,Malmö,Pizza,313.0,36.0,On time,Returning
111329,2026-07-25,19,Uppsala,Pizza,262.0,40.0,On time,Returning
100391,2026-02-28,13,Stockholm,Salad,241.0,23.0,On time,Returning
110648,2026-07-17,12,Göteborg,Salad,218.0,36.0,On time,New
100633,2026-03-03,15,Stockholm,Kebab,203.0,36.0,On time,New
108305,2026-06-14,9,Uppsala,Pizza,240.0,34.0,On time,Returning
100041,2026-02-23,18,Stockholm,Kebab,334.0,43.0,On time,New
108798,2026-06-21,20,Stockholm,Pizza,370.0,31.0,On time,New
107811,2026-06-08,9,Göteborg,Thai,103.0,52.0,Late,Returning
100165,2026-02-25,10,Stockholm,Sushi,184.0,49.0,Late,Returning
100614,2026-03-03,13,Göteborg,Indian,348.0,34.0,On time,Returning
107860,2026-06-08,12,Lund,Thai,217.0,35.0,On time,New
111345,2026-07-26,18,Göteborg,Burgers,302.0,37.0,Unknown,New
107694,2026-06-06,13,Uppsala,Pizza,218.0,35.0,On time,Returning
108638,2026-06-19,11,Stockholm,Pizza,302.0,41.0,On time,New
112664,2026-08-12,18,Malmö,Salad,282.0,19.0,On time,Returning
106530,2026-05-22,18,Göteborg,Indian,154.0,44.0,On time,Returning
105214,2026-05-04,13,Göteborg,Thai,225.0,38.0,On time,New
106273,2026-05-18,11,Stockholm,Kebab,300.0,32.0,On time,New
106053,2026-05-15,19,Lund,Burgers,202.0,26.0,On time,New
106617,2026-05-23,12,Göteborg,Kebab,257.0,49.0,Late,New
100289,2026-02-27,13,Göteborg,Thai,258.0,42.0,On time,New
100085,2026-02-24,12,Göteborg,Indian,221.0,24.0,On time,Returning
112417,2026-08-09,23,Stockholm,Burgers,245.0,38.0,On time,Returning
104933,2026-04-30,13,Lund,Burgers,209.0,43.0,On time,New
103449,2026-04-10,12,Malmö,Burgers,303.0,30.0,On time,New
104501,2026-04-24,12,Uppsala,Indian,236.0,31.0,On time,New
102431,2026-03-28,16,Stockholm,Vegan,200.0,51.0,Late,New
104947,2026-05-01,21,Göteborg,Burgers,211.0,47.0,Late,Returning
102724,2026-04-01,13,Göteborg,Kebab,261.0,43.0,On time,Returning
107459,2026-06-03,22,Stockholm,Vegan,200.0,35.0,On time,Returning
107302,2026-06-01,14,Stockholm,Salad,198.0,29.0,On time,Returning
105062,2026-05-02,13,Malmö,Burgers,190.0,41.0,On time,Returning
112172,2026-08-06,12,Stockholm,Pizza,212.0,26.0,On time,Returning
102748,2026-04-01,13,Stockholm,Sushi,194.0,24.0,On time,Returning
108621,2026-06-19,19,Göteborg,Kebab,227.0,25.0,On time,New
104250,2026-04-21,17,Göteborg,Burgers,294.0,28.0,On time,New
113370,2026-08-22,12,Stockholm,Pizza,112.0,40.0,On time,Returning
102644,2026-03-31,15,Göteborg,Burgers,204.0,46.0,Late,New
108659,2026-06-19,19,Malmö,Burgers,398.0,23.0,On time,Returning
110063,2026-07-09,12,Stockholm,Pizza,103.0,30.0,On time,Returning
107086,2026-05-29,13,Lund,Sushi,280.0,38.0,On time,New
106752,2026-05-24,11,Lund,Burgers,253.0,52.0,Late,Returning
113246,2026-08-20,21,Stockholm,Kebab,268.0,38.0,On time,Returning
103652,2026-04-13,10,Göteborg,Burgers,283.0,51.0,Late,Returning
104694,2026-04-27,17,Stockholm,Pizza,252.0,32.0,On time,New
104462,2026-04-24,19,Stockholm,Burgers,190.0,32.0,On time,Returning
113441,2026-08-23,20,Göteborg,Sushi,257.0,53.0,Late,Returning
104103,2026-04-19,11,Stockholm,Salad,252.0,58.0,Late,Returning
101871,2026-03-20,20,Uppsala,Sushi,242.0,51.0,Late,New
101778,2026-03-19,19,Stockholm,Kebab,258.0,27.0,On time,New
109126,2026-06-26,10,Stockholm,Kebab,221.0,31.0,On time,Returning
101066,2026-03-09,12,Göteborg,Pizza,216.0,36.0,On time,New
112937,2026-08-16,12,Stockholm,Pizza,150.0,51.0,Late,Returning
109431,2026-06-30,20,Stockholm,Pizza,290.0,42.0,On time,New
105888,2026-05-13,9,Stockholm,Pizza,183.0,41.0,On time,Returning
110463,2026-07-14,15,Stockholm,Kebab,229.0,38.0,On time,Returning
109011,2026-06-24,11,Malmö,Burgers,324.0,32.0,On time,Returning
100857,2026-03-06,20,Malmö,Burgers,321.0,35.0,On time,New
113518,2026-08-23,18,Uppsala,Burgers,251.0,24.0,On time,New
102420,2026-03-28,20,Stockholm,Pizza,282.0,39.0,On time,Returning
107407,2026-06-03,17,Göteborg,Vegan,251.0,49.0,Late,Returning
111031,2026-07-21,16,Lund,Thai,237.0,29.0,On time,Returning
108363,2026-06-15,18,Stockholm,Indian,261.0,45.0,On time,New
104291,2026-04-21,17,Uppsala,Pizza,290.0,38.0,On time,Returning
105927,2026-05-14,11,Göteborg,Pizza,328.0,32.0,On time,Returning
103749,2026-04-14,18,Stockholm,Thai,311.0,39.0,On time,Returning
111246,2026-07-25,20,Göteborg,Pizza,292.0,32.0,On time,Returning
107823,2026-06-08,10,Stockholm,Indian,270.0,33.0,On time,Returning
107263,2026-05-31,18,Lund,Indian,299.0,36.0,On time,Returning
103923,2026-04-16,11,Lund,Sushi,188.0,32.0,On time,Returning
107958,2026-06-10,21,Stockholm,Pizza,273.0,40.0,On time,Returning
113008,2026-08-17,13,Göteborg,Pizza,238.0,35.0,On time,New
111180,2026-07-24,13,Göteborg,Thai,277.0,38.0,On time,Returning
103625,2026-04-12,18,Malmö,Salad,253.0,32.0,On time,New
112962,2026-08-16,10,Stockholm,Burgers,212.0,44.0,On time,Returning
100639,2026-03-03,19,Stockholm,Burgers,330.0,37.0,Unknown,Returning
109813,2026-07-05,19,Uppsala,Sushi,292.0,32.0,On time,New
110567,2026-07-16,21,Göteborg,Vegan,198.0,44.0,On time,New
106270,2026-05-18,21,Stockholm,Salad,246.0,25.0,On time,Returning
107044,2026-05-29,19,Göteborg,Sushi,209.0,47.0,Late,Returning
109467,2026-07-01,18,Göteborg,Thai,268.0,28.0,On time,Returning
111221,2026-07-24,19,Malmö,Pizza,284.0,39.0,On time,New
101676,2026-03-17,11,Uppsala,Sushi,230.0,45.0,On time,Returning
106232,2026-05-17,17,Lund,Burgers,177.0,32.0,On time,New
106891,2026-05-26,15,Uppsala,Sushi,236.0,33.0,On time,Returning
106919,2026-05-27,20,Göteborg,Indian,323.0,42.0,On time,Returning
101450,2026-03-14,9,Uppsala,Burgers,258.0,33.0,On time,New
100889,2026-03-07,18,Göteborg,Kebab,302.0,42.0,On time,Returning
110394,2026-07-13,16,Malmö,Pizza,256.0,31.0,On time,New
103272,2026-04-08,18,Stockholm,Kebab,224.0,43.0,On time,Returning
111295,2026-07-25,13,Stockholm,Pizza,275.0,39.0,On time,Returning
109296,2026-06-28,12,Malmö,Sushi,167.0,23.0,On time,Returning
110939,2026-07-20,13,Malmö,Sushi,181.0,35.0,On time,Returning
101160,2026-03-10,17,Malmö,Salad,252.0,29.0,On time,Returning
104736,2026-04-28,21,Göteborg,Thai,263.0,33.0,On time,Returning
104238,2026-04-21,14,Göteborg,Pizza,198.0,31.0,On time,Returning
109008,2026-06-24,17,Malmö,Kebab,217.0,34.0,On time,New
108065,2026-06-11,16,Uppsala,Sushi,200.0,25.0,On time,Returning
100525,2026-03-01,10,Lund,Pizza,340.0,45.0,On time,Returning
111575,2026-07-29,19,Stockholm,Kebab,160.0,42.0,On time,Returning
108918,2026-06-23,16,Stockholm,Burgers,316.0,24.0,On time,Returning
103240,2026-04-07,13,Uppsala,Sushi,199.0,30.0,On time,Returning
105359,2026-05-06,18,Stockholm,Salad,226.0,24.0,On time,Returning
101442,2026-03-14,12,Malmö,Salad,283.0,25.0,On time,Returning
106264,2026-05-18,11,Stockholm,Sushi,330.0,35.0,On time,New
109362,2026-06-29,11,Stockholm,Pizza,180.0,20.0,On time,Returning
104541,2026-04-25,13,Stockholm,Pizza,345.0,25.0,On time,New
107116,2026-05-30,10,Stockholm,Thai,216.0,38.0,On time,Returning
101603,2026-03-16,19,Malmö,Sushi,181.0,40.0,On time,New
103152,2026-04-06,13,Stockholm,Sushi,219.0,44.0,On time,New
101486,2026-03-15,11,Göteborg,Kebab,197.0,45.0,On time,New
103815,2026-04-15,16,Stockholm,Burgers,253.0,15.0,On time,New
111108,2026-07-22,17,Lund,Vegan,228.0,49.0,Late,New
111339,2026-07-25,12,Lund,Kebab,303.0,46.0,Late,Returning
110840,2026-07-19,20,Stockholm,Pizza,192.0,43.0,On time,New
109807,2026-07-05,18,Uppsala,Pizza,190.0,23.0,On time,Returning
104095,2026-04-19,9,Göteborg,Indian,214.0,36.0,On time,Returning
101360,2026-03-13,21,Malmö,Burgers,258.0,35.0,On time,Returning
109930,2026-07-07,20,Malmö,Thai,295.0,43.0,On time,Returning
110337,2026-07-12,14,Uppsala,Pizza,269.0,32.0,On time,Returning
112546,2026-08-10,16,Malmö,Thai,152.0,39.0,On time,Returning
103646,2026-04-12,19,Unknown,Thai,212.0,27.0,On time,Returning
112960,2026-08-16,18,Stockholm,Pizza,258.0,31.0,On time,Returning
112440,2026-08-09,14,Stockholm,Salad,275.0,24.0,On time,Returning
112891,2026-08-15,13,Malmö,Pizza,202.0,53.0,Late,New
106271,2026-05-18,11,Stockholm,Burgers,246.0,40.0,On time,Returning
105785,2026-05-11,21,Malmö,Sushi,209.0,39.0,On time,New
100077,2026-02-23,18,Lund,Kebab,333.0,38.0,On time,New
102990,2026-04-04,19,Malmö,Sushi,188.0,34.0,On time,New
109653,2026-07-03,12,Malmö,Sushi,377.0,44.0,On time,Returning
100978,2026-03-08,18,Göteborg,Vegan,251.0,38.0,On time,Returning
102334,2026-03-27,9,Göteborg,Pizza,248.0,37.0,On time,New
105932,2026-05-14,12,Stockholm,Kebab,286.0,40.0,On time,Returning
110656,2026-07-17,12,Göteborg,Pizza,188.0,31.0,On time,Returning
100316,2026-02-27,11,Stockholm,Kebab,196.0,52.0,Late,New
113254,2026-08-20,20,Stockholm,Burgers,281.0,28.0,On time,Returning
112947,2026-08-16,16,Stockholm,Pizza,323.0,32.0,On time,Returning
113283,2026-08-20,19,Lund,Pizza,267.0,56.0,Late,New
110533,2026-07-15,19,Stockholm,Sushi,272.0,40.0,On time,Returning
105222,2026-05-04,12,Stockholm,Burgers,261.0,46.0,Late,Returning
109793,2026-07-05,16,Malmö,Burgers,248.0,22.0,On time,Returning
104371,2026-04-22,13,Uppsala,Pizza,221.0,31.0,On time,Returning
111908,2026-08-02,10,Stockholm,Thai,201.0,29.0,On time,Returning
108226,2026-06-13,16,Lund,Salad,346.0,43.0,On time,New
111947,2026-08-03,16,Göteborg,Kebab,214.0,40.0,On time,New
103543,2026-04-11,16,Uppsala,Vegan,294.0,36.0,On time,Returning
111124,2026-07-23,19,Stockholm,Pizza,154.0,30.0,On time,Returning
100390,2026-02-28,18,Stockholm,Kebab,211.0,29.0,On time,Returning
111846,2026-08-01,9,Uppsala,Pizza,238.0,42.0,On time,Returning
106964,2026-05-27,18,Uppsala,Kebab,265.0,26.0,On time,New
108900,2026-06-22,17,Lund,Pizza,308.0,42.0,On time,New
104559,2026-04-25,18,Stockholm,Pizza,271.0,18.0,On time,Returning
110785,2026-07-18,11,Uppsala,Kebab,185.0,35.0,On time,New
112096,2026-08-05,18,Stockholm,Vegan,423.0,59.0,Late,New
105890,2026-05-13,12,Malmö,Thai,210.0,35.0,On time,Returning
105616,2026-05-09,20,Malmö,Salad,288.0,35.0,On time,Returning
107036,2026-05-29,12,Göteborg,Burgers,224.0,39.0,On time,Returning
107461,2026-06-03,19,Malmö,Indian,244.0,39.0,On time,Returning
101662,2026-03-17,17,Malmö,Sushi,244.0,23.0,On time,Returning
106196,2026-05-17,10,Stockholm,Burgers,192.0,28.0,On time,Returning
110968,2026-07-21,23,Göteborg,Sushi,221.0,37.0,On time,Returning
113268,2026-08-20,13,Uppsala,Vegan,282.0,26.0,On time,Returning
107001,2026-05-28,19,Stockholm,Vegan,173.0,31.0,On time,Returning
111932,2026-08-02,18,Uppsala,Burgers,202.0,49.0,Late,Returning
110642,2026-07-17,19,Göteborg,Burgers,332.0,32.0,On time,Returning
109026,2026-06-25,10,Göteborg,Burgers,276.0,40.0,On time,New
110388,2026-07-13,20,Stockholm,Kebab,316.0,39.0,On time,Returning
110515,2026-07-15,10,Stockholm,Kebab,212.0,43.0,On time,New
103156,2026-04-06,12,Stockholm,Burgers,180.0,38.0,On time,Returning
109493,2026-07-01,23,Stockholm,Pizza,223.0,44.0,On time,New
112516,2026-08-10,10,Stockholm,Thai,289.0,46.0,Late,New
108259,2026-06-14,17,Stockholm,Kebab,200.0,29.0,On time,New
103265,2026-04-08,10,Göteborg,Burgers,182.0,43.0,On time,Returning
105569,2026-05-09,19,Göteborg,Thai,283.0,25.0,On time,Returning
109267,2026-06-28,11,Göteborg,Pizza,195.0,40.0,On time,Returning
100530,2026-03-01,17,Lund,Pizza,246.0,31.0,On time,New
102772,2026-04-01,18,Malmö,Burgers,243.0,17.0,On time,Returning
111152,2026-07-23,13,Malmö,Pizza,228.0,48.0,Late,New
104794,2026-04-28,20,Lund,Pizza,283.0,39.0,On time,Returning
103101,2026-04-05,13,Uppsala,Kebab,203.0,21.0,On time,Returning
103856,2026-04-15,11,Uppsala,Pizza,261.0,43.0,On time,New
104084,2026-04-19,22,Göteborg,Sushi,247.0,43.0,On time,Returning
104588,2026-04-25,18,Lund,Pizza,149.0,56.0,Late,Returning
102459,2026-03-28,13,Malmö,Kebab,265.0,47.0,Late,Returning
102176,2026-03-24,13,Uppsala,Thai,214.0,40.0,On time,Returning
112370,2026-08-08,12,Malmö,Pizza,246.0,28.0,On time,New
100464,2026-03-01,12,Göteborg,Kebab,172.0,30.0,On time,Returning
107546,2026-06-05,10,Göteborg,Pizza,207.0,41.0,On time,New
110650,2026-07-17,13,Göteborg,Burgers,115.0,37.0,On time,Returning
101165,2026-03-10,15,Malmö,Sushi,265.0,28.0,On time,New
101135,2026-03-10,9,Göteborg,Pizza,272.0,44.0,On time,New
106051,2026-05-15,17,Lund,Kebab,197.0,29.0,On time,Returning
109264,2026-06-28,12,Göteborg,Salad,277.0,32.0,On time,Returning
101228,2026-03-11,12,Malmö,Kebab,186.0,42.0,On time,Returning
104344,2026-04-22,16,Stockholm,Burgers,187.0,30.0,On time,New
105118,2026-05-03,16,Stockholm,Pizza,329.0,27.0,On time,New
107743,2026-06-07,18,Stockholm,Sushi,213.0,44.0,On time,New
112402,2026-08-09,10,Göteborg,Salad,240.0,41.0,On time,New
112012,2026-08-04,11,Göteborg,Pizza,308.0,33.0,On time,Returning
104374,2026-04-22,11,Uppsala,Pizza,316.0,29.0,On time,New
101335,2026-03-13,11,Göteborg,Pizza,226.0,38.0,On time,New
113433,2026-08-22,21,Lund,Thai,301.0,33.0,On time,Returning
106166,2026-05-17,10,Stockholm,Burgers,296.0,27.0,On time,Returning
102295,2026-03-26,11,Stockholm,Burgers,202.0,56.0,Late,Returning
111027,2026-07-21,16,Uppsala,Thai,351.0,38.0,On time,Returning
111362,2026-07-26,13,Stockholm,Thai,329.0,39.0,On time,Returning
112307,2026-08-08,19,Göteborg,Kebab,266.0,28.0,On time,New
109129,2026-06-26,20,Stockholm,Thai,238.0,40.0,On time,New
103699,2026-04-13,19,Stockholm,Vegan,184.0,55.0,Late,Returning
110694,2026-07-17,19,Uppsala,Sushi,252.0,51.0,Late,New
106477,2026-05-21,21,Stockholm,Pizza,301.0,50.0,Late,New
111613,2026-07-29,20,Unknown,Kebab,157.0,49.0,Late,Returning
111934,2026-08-02,19,Uppsala,Kebab,200.0,45.0,On time,Returning
101987,2026-03-22,17,Stockholm,Kebab,381.0,35.0,On time,New
109291,2026-06-28,16,Stockholm,Sushi,302.0,41.0,On time,New
105669,2026-05-10,11,Stockholm,Kebab,164.0,33.0,On time,New
113285,2026-08-20,13,Lund,Sushi,111.0,40.0,On time,Returning
102301,2026-03-26,20,Malmö,Kebab,238.0,27.0,On time,New
105489,2026-05-08,14,Göteborg,Burgers,206.0,34.0,On time,Returning
103460,2026-04-10,17,Malmö,Thai,223.0,50.0,Late,Returning
109770,2026-07-05,21,Stockholm,Pizza,225.0,29.0,On time,New
105137,2026-05-03,14,Stockholm,Burgers,225.0,33.0,On time,Returning
113107,2026-08-18,11,Stockholm,Sushi,237.0,34.0,On time,Returning
106186,2026-05-17,22,Stockholm,Salad,226.0,29.0,On time,Returning
109888,2026-07-07,20,Göteborg,Sushi,239.0,47.0,Late,Returning
104066,2026-04-18,13,Unknown,Thai,222.0,42.0,On time,New
106567,2026-05-22,13,Stockholm,Burgers,240.0,38.0,On time,Returning
110780,2026-07-18,18,Malmö,Kebab,305.0,50.0,Late,Returning
108854,2026-06-22,17,Göteborg,Thai,274.0,40.0,On time,Returning
103830,2026-04-15,12,Stockholm,Salad,221.0,31.0,On time,Returning
108195,2026-06-13,18,Stockholm,Thai,285.0,40.0,On time,Returning
100716,2026-03-04,17,Stockholm,Pizza,235.0,32.0,On time,Returning
100349,2026-02-27,19,Malmö,Vegan,199.0,33.0,On time,New
105980,2026-05-14,17,Uppsala,Sushi,327.0,35.0,On time,Returning
109702,2026-07-04,13,Stockholm,Pizza,270.0,65.0,Late,Returning
113436,2026-08-23,11,Göteborg,Pizza,314.0,40.0,On time,Returning
111069,2026-07-22,10,Stockholm,Thai,231.0,30.0,On time,New
109788,2026-07-05,17,Stockholm,Thai,193.0,52.0,Late,New
107476,2026-06-03,22,Uppsala,Thai,299.0,44.0,On time,Returning
102995,2026-04-04,17,Malmö,Pizza,268.0,44.0,On time,Returning
106298,2026-05-18,19,Uppsala,Burgers,363.0,47.0,Late,Returning
104696,2026-04-27,13,Stockholm,Pizza,322.0,52.0,Late,Returning
104259,2026-04-21,19,Stockholm,Burgers,221.0,37.0,On time,New
107420,2026-06-03,10,Göteborg,Kebab,201.0,44.0,On time,New
103700,2026-04-13,9,Malmö,Thai,239.0,36.0,On time,Returning
102619,2026-03-30,19,Malmö,Sushi,191.0,33.0,On time,Returning
107454,2026-06-03,19,Stockholm,Pizza,250.0,41.0,On time,Returning
100963,2026-03-07,17,Lund,Sushi,217.0,43.0,On time,New
102600,2026-03-30,9,Stockholm,Pizza,206.0,28.0,On time,New
109181,2026-06-27,19,Göteborg,Burgers,138.0,33.0,On time,Returning
109459,2026-06-30,15,Lund,Burgers,210.0,42.0,On time,New
109803,2026-07-05,9,Uppsala,Pizza,258.0,16.0,On time,Returning
104937,2026-04-30,12,Lund,Indian,267.0,41.0,On time,Returning
101637,2026-03-17,11,Stockholm,Pizza,295.0,23.0,On time,Returning
103867,2026-04-16,17,Göteborg,Pizza,245.0,57.0,Late,Returning
100028,2026-02-23,14,Stockholm,Kebab,156.0,34.0,On time,Returning
107735,2026-06-07,14,Göteborg,Pizza,235.0,46.0,Late,Returning
104247,2026-04-21,11,Göteborg,Pizza,146.0,34.0,On time,Returning
112487,2026-08-09,17,Lund,Indian,252.0,36.0,On time,New
103019,2026-04-05,9,Göteborg,Sushi,208.0,42.0,On time,New
102927,2026-04-03,11,Lund,Pizza,296.0,46.0,Late,Returning
108493,2026-06-17,13,Stockholm,Indian,258.0,42.0,On time,Returning
107610,2026-06-05,13,Uppsala,Thai,172.0,31.0,On time,New
104722,2026-04-27,17,Uppsala,Kebab,263.0,34.0,On time,New
102976,2026-04-04,19,Stockholm,Kebab,296.0,39.0,On time,Returning
112964,2026-08-16,17,Stockholm,Salad,257.0,28.0,On time,New
110315,2026-07-12,12,Stockholm,Pizza,252.0,54.0,Late,Returning
110745,2026-07-18,11,Unknown,Salad,284.0,33.0,On time,New
100622,2026-03-03,12,Stockholm,Burgers,248.0,44.0,On time,New
107408,2026-06-03,13,Göteborg,Burgers,250.0,25.0,On time,New
111583,2026-07-29,12,Stockholm,Burgers,206.0,28.0,On time,Returning
113261,2026-08-20,18,Malmö,Salad,322.0,37.0,On time,New
112077,2026-08-05,11,Göteborg,Indian,153.0,47.0,Late,Returning
106054,2026-05-15,19,Lund,Pizza,211.0,47.0,Late,Returning
107786,2026-06-07,21,Malmö,Sushi,257.0,49.0,Late,New
108257,2026-06-14,10,Stockholm,Pizza,219.0,48.0,Late,New
109772,2026-07-05,13,Stockholm,Sushi,174.0,39.0,On time,Returning
100631,2026-03-03,18,Stockholm,Kebab,268.0,40.0,On time,Returning
111179,2026-07-24,18,Göteborg,Salad,360.0,37.0,Unknown,New
112135,2026-08-05,10,Uppsala,Kebab,223.0,25.0,On time,New
110973,2026-07-21,9,Göteborg,Sushi,236.0,49.0,Late,New
111044,2026-07-22,11,Göteborg,Kebab,291.0,43.0,On time,Returning
102241,2026-03-25,16,Uppsala,Sushi,329.0,44.0,On time,Returning
100515,2026-03-01,13,Malmö,Thai,282.0,39.0,On time,New
103385,2026-04-09,20,Malmö,Pizza,162.0,35.0,On time,Returning
101452,2026-03-14,14,Uppsala,Pizza,228.0,45.0,On time,New
104128,2026-04-19,13,Stockholm,Salad,266.0,41.0,On time,Returning
104855,2026-04-29,11,Uppsala,Salad,238.0,54.0,Late,New
102710,2026-03-31,10,Uppsala,Sushi,297.0,37.0,On time,Returning
109484,2026-07-01,11,Stockholm,Sushi,313.0,37.0,On time,Returning
105193,2026-05-03,22,Lund,Kebab,250.0,29.0,On time,Returning
109512,2026-07-01,12,Malmö,Pizza,236.0,27.0,On time,Returning
105856,2026-05-13,17,Göteborg,Thai,143.0,39.0,On time,Returning
104088,2026-04-19,20,Göteborg,Sushi,233.0,29.0,On time,New
108464,2026-06-16,17,Malmö,Pizza,232.0,40.0,On time,Returning
111959,2026-08-03,20,Göteborg,Pizza,234.0,33.0,On time,New
108803,2026-06-21,18,Stockholm,Pizza,371.0,35.0,On time,New
112681,2026-08-12,10,Lund,Pizza,221.0,41.0,On time,New
101046,2026-03-08,22,Lund,Kebab,268.0,23.0,On time,Returning
112889,2026-08-15,17,Malmö,Vegan,249.0,33.0,On time,New
101390,2026-03-14,19,Göteborg,Vegan,258.0,41.0,On time,New
112645,2026-08-12,11,Stockholm,Burgers,396.0,47.0,Late,New
110781,2026-07-18,11,Malmö,Sushi,204.0,33.0,On time,Returning
111306,2026-07-25,13,Stockholm,Burgers,293.0,51.0,Late,Returning
106208,2026-05-17,18,Malmö,Thai,254.0,41.0,On time,Returning
109278,2026-06-28,19,Stockholm,Pizza,188.0,36.0,On time,Returning
105889,2026-05-13,17,Stockholm,Burgers,285.0,43.0,On time,Returning
105106,2026-05-03,14,Göteborg,Sushi,224.0,32.0,On time,New
109065,2026-06-25,21,Malmö,Vegan,172.0,43.0,On time,Returning
108950,2026-06-23,11,Uppsala,Vegan,148.0,52.0,Late,Returning
113181,2026-08-19,21,Malmö,Pizza,250.0,38.0,On time,New
100740,2026-03-04,11,Lund,Pizza,370.0,35.0,On time,Returning
105678,2026-05-10,18,Stockholm,Thai,364.0,27.0,On time,New
105886,2026-05-13,19,Stockholm,Thai,217.0,56.0,Late,Returning
105335,2026-05-05,12,Uppsala,Thai,252.0,42.0,On time,Returning
107576,2026-06-05,21,Stockholm,Burgers,204.0,36.0,On time,Returning
107422,2026-06-03,12,Göteborg,Salad,291.0,28.0,On time,New
113132,2026-08-18,12,Uppsala,Kebab,249.0,30.0,On time,Returning
106207,2026-05-17,12,Malmö,Sushi,326.0,47.0,Late,Returning
113009,2026-08-17,12,Göteborg,Indian,150.0,33.0,On time,New
101573,2026-03-16,16,Stockholm,Thai,309.0,23.0,On time,New
104831,2026-04-29,16,Stockholm,Pizza,280.0,30.0,On time,Returning
108138,2026-06-12,10,Lund,Salad,296.0,42.0,On time,Returning
100403,2026-02-28,20,Stockholm,Indian,253.0,44.0,On time,Returning
112076,2026-08-05,13,Göteborg,Indian,260.0,40.0,On time,Returning
105212,2026-05-04,18,Göteborg,Indian,227.0,44.0,On time,New
108826,2026-06-21,18,Malmö,Burgers,277.0,43.0,On time,Returning
112599,2026-08-11,22,Malmö,Kebab,240.0,36.0,On time,Returning
109645,2026-07-03,14,Stockholm,Pizza,326.0,45.0,On time,New
108351,2026-06-15,20,Stockholm,Pizza,283.0,40.0,On time,New
107689,2026-06-06,12,Malmö,Thai,226.0,37.0,Unknown,Returning
110695,2026-07-17,17,Uppsala,Indian,241.0,26.0,On time,Returning
107934,2026-06-10,21,Göteborg,Thai,229.0,60.0,Late,Returning
112633,2026-08-12,10,Göteborg,Pizza,260.0,35.0,On time,Returning
111454,2026-07-27,16,Stockholm,Pizza,322.0,31.0,On time,Returning
108632,2026-06-19,11,Unknown,Indian,277.0,25.0,On time,Returning
105862,2026-05-13,12,Göteborg,Thai,331.0,33.0,On time,Returning
103620,2026-04-12,12,Malmö,Sushi,246.0,52.0,Late,Returning
104594,2026-04-26,18,Göteborg,Burgers,206.0,28.0,On time,Returning
109726,2026-07-04,18,Uppsala,Vegan,268.0,23.0,On time,Returning
105259,2026-05-04,22,Malmö,Thai,289.0,34.0,On time,New
108276,2026-06-14,22,Stockholm,Vegan,234.0,15.0,On time,New
110112,2026-07-10,20,Göteborg,Burgers,235.0,38.0,On time,New
102461,2026-03-28,18,Uppsala,Pizza,326.0,36.0,On time,Returning
100994,2026-03-08,22,Stockholm,Pizza,299.0,31.0,On time,New
103610,2026-04-12,13,Stockholm,Indian,253.0,44.0,On time,Returning
101372,2026-03-13,11,Uppsala,Pizza,218.0,27.0,On time,Returning
104850,2026-04-29,17,Uppsala,Pizza,266.0,38.0,On time,Returning
112933,2026-08-16,11,Göteborg,Salad,294.0,44.0,On time,Returning
110254,2026-07-12,13,Göteborg,Burgers,214.0,34.0,On time,New
100294,2026-02-27,14,Göteborg,Sushi,345.0,25.0,On time,New
111912,2026-08-02,10,Stockholm,Vegan,241.0,33.0,On time,Returning
107511,2026-06-04,20,Stockholm,Pizza,100.0,36.0,On time,Returning
108317,2026-06-15,11,Göteborg,Pizza,277.0,49.0,Late,New
101607,2026-03-16,13,Uppsala,Burgers,323.0,20.0,On time,New
113257,2026-08-20,20,Stockholm,Indian,216.0,30.0,On time,Returning
100565,2026-03-02,15,Stockholm,Kebab,289.0,46.0,Late,Returning
113147,2026-08-19,12,Göteborg,Pizza,212.0,26.0,On time,New
108925,2026-06-23,12,Stockholm,Sushi,335.0,39.0,On time,New
105119,2026-05-03,14,Stockholm,Kebab,181.0,40.0,On time,Returning
111353,2026-07-26,16,Göteborg,Burgers,174.0,49.0,Late,Returning
103935,2026-04-17,18,Göteborg,Pizza,379.0,47.0,Late,New
104413,2026-04-23,10,Unknown,Thai,246.0,39.0,On time,Returning
103941,2026-04-17,17,Göteborg,Thai,322.0,38.0,On time,New
112127,2026-08-05,11,Malmö,Indian,149.0,29.0,On time,Returning
108604,2026-06-18,22,Lund,Sushi,247.0,24.0,On time,Returning
109462,2026-06-30,18,Lund,Kebab,191.0,21.0,On time,Returning
111703,2026-07-31,17,Göteborg,Burgers,196.0,33.0,On time,Returning
100327,2026-02-27,10,Stockholm,Pizza,210.0,47.0,Late,Returning
111646,2026-07-30,20,Stockholm,Kebab,192.0,27.0,On time,Returning
106300,2026-05-18,11,Uppsala,Burgers,160.0,33.0,On time,Returning
105532,2026-05-08,16,Malmö,Sushi,319.0,41.0,On time,New
101689,2026-03-18,20,Göteborg,Salad,118.0,35.0,On time,Returning
104908,2026-04-30,18,Stockholm,Burgers,305.0,44.0,On time,Returning
104393,2026-04-23,13,Göteborg,Burgers,331.0,42.0,On time,Returning
109084,2026-06-25,11,Lund,Burgers,297.0,36.0,On time,New
112311,2026-08-08,12,Göteborg,Vegan,245.0,33.0,On time,New
112038,2026-08-04,20,Stockholm,Pizza,160.0,27.0,On time,New
112556,2026-08-10,11,Lund,Salad,263.0,42.0,On time,Returning
100205,2026-02-25,17,Malmö,Burgers,199.0,34.0,On time,New
103247,2026-04-07,13,Lund,Sushi,246.0,54.0,Late,Returning
110079,2026-07-09,11,Stockholm,Kebab,299.0,46.0,Late,New
108127,2026-06-12,21,Malmö,Burgers,228.0,35.0,On time,New
110101,2026-07-09,18,Lund,Burgers,292.0,44.0,On time,Returning
104901,2026-04-30,14,Stockholm,Sushi,225.0,40.0,On time,Returning
107572,2026-06-05,9,Stockholm,Sushi,277.0,28.0,On time,Returning
112763,2026-08-14,20,Göteborg,Thai,284.0,47.0,Late,Returning
104094,2026-04-19,20,Göteborg,Burgers,198.0,35.0,On time,New
108892,2026-06-22,18,Uppsala,Salad,237.0,48.0,Late,Returning
112839,2026-08-15,9,Göteborg,Pizza,322.0,39.0,On time,Returning
106874,2026-05-26,18,Stockholm,Kebab,248.0,36.0,On time,Returning
104236,2026-04-20,19,Lund,Burgers,292.0,45.0,On time,New
111614,2026-07-29,18,Uppsala,Sushi,281.0,40.0,On time,New
107575,2026-06-05,16,Stockholm,Indian,222.0,61.0,Late,New
107107,2026-05-30,16,Göteborg,Kebab,297.0,22.0,On time,Returning
100043,2026-02-23,18,Stockholm,Kebab,262.0,25.0,On time,New
106077,2026-05-16,19,Stockholm,Kebab,279.0,57.0,Late,Returning
105641,2026-05-10,16,Göteborg,Pizza,200.0,36.0,On time,New
110176,2026-07-11,13,Göteborg,Pizza,405.0,27.0,On time,Returning
106326,2026-05-19,20,Stockholm,Pizza,126.0,40.0,On time,Returning
103631,2026-04-12,19,Uppsala,Kebab,342.0,35.0,On time,Returning
105313,2026-05-05,11,Stockholm,Sushi,201.0,31.0,On time,Returning
110886,2026-07-19,18,Lund,Kebab,350.0,43.0,On time,New
107361,2026-06-02,11,Stockholm,Sushi,179.0,41.0,On time,Returning
100058,2026-02-23,20,Malmö,Sushi,232.0,53.0,Late,Returning
100214,2026-02-25,12,Uppsala,Burgers,160.0,34.0,On time,New
104970,2026-05-01,19,Stockholm,Burgers,302.0,39.0,On time,Returning
107496,2026-06-04,15,Göteborg,Kebab,248.0,44.0,On time,New
104034,2026-04-18,15,Stockholm,Burgers,246.0,30.0,On time,Returning
111255,2026-07-25,11,Göteborg,Burgers,318.0,30.0,On time,Returning
105777,2026-05-11,10,Malmö,Sushi,204.0,30.0,On time,New
110330,2026-07-12,23,Uppsala,Vegan,358.0,45.0,On time,Returning
105635,2026-05-09,23,Lund,Pizza,296.0,29.0,On time,Returning
108463,2026-06-16,16,Malmö,Burgers,204.0,39.0,On time,Returning
110302,2026-07-12,18,Stockholm,Sushi,275.0,33.0,On time,Returning
107730,2026-06-07,11,Göteborg,Thai,270.0,43.0,On time,Returning
105533,2026-05-08,19,Uppsala,Sushi,217.0,23.0,On time,Returning
101280,2026-03-12,13,Stockholm,Kebab,233.0,34.0,On time,Returning
101548,2026-03-15,12,Lund,Sushi,138.0,58.0,Late,Returning
102594,2026-03-30,18,Stockholm,Burgers,250.0,44.0,On time,New
102653,2026-03-31,18,Göteborg,Kebab,260.0,36.0,On time,Returning
107526,2026-06-04,17,Malmö,Pizza,254.0,30.0,On time,Returning
103979,2026-04-17,21,Uppsala,Pizza,302.0,41.0,On time,Returning
102843,2026-04-02,21,Malmö,Pizza,253.0,28.0,On time,New
100012,2026-02-23,12,Göteborg,Indian,332.0,43.0,On time,Returning
104004,2026-04-18,14,Stockholm,Sushi,319.0,36.0,On time,New
101741,2026-03-18,13,Lund,Salad,292.0,16.0,On time,Returning
105989,2026-05-14,19,Lund,Pizza,265.0,35.0,On time,New
103842,2026-04-15,17,Malmö,Burgers,372.0,30.0,On time,Returning
105284,2026-05-05,18,Göteborg,Kebab,267.0,29.0,On time,Returning
110638,2026-07-16,18,Lund,Sushi,266.0,48.0,Late,New
102704,2026-03-31,13,Malmö,Burgers,266.0,33.0,On time,Returning
103837,2026-04-15,18,Malmö,Pizza,305.0,35.0,On time,Returning
102844,2026-04-02,18,Malmö,Kebab,220.0,40.0,On time,Returning
112716,2026-08-13,20,Stockholm,Pizza,209.0,54.0,Late,Returning
111154,2026-07-23,10,Malmö,Pizza,192.0,44.0,On time,Returning
105705,2026-05-10,19,Malmö,Pizza,239.0,56.0,Late,Returning
109604,2026-07-03,16,Göteborg,Salad,346.0,34.0,On time,New
109977,2026-07-08,12,Stockholm,Thai,257.0,38.0,On time,New
106381,2026-05-20,19,Göteborg,Thai,301.0,36.0,On time,New
103126,2026-04-06,11,Göteborg,Burgers,265.0,42.0,On time,New
110884,2026-07-19,14,Lund,Indian,235.0,41.0,On time,Returning
102675,2026-03-31,14,Stockholm,Sushi,167.0,28.0,On time,Returning
101601,2026-03-16,13,Malmö,Pizza,298.0,16.0,On time,Returning
111622,2026-07-29,11,Lund,Kebab,250.0,34.0,On time,New
113095,2026-08-18,11,Stockholm,Indian,184.0,21.0,On time,Returning
102806,2026-04-02,13,Göteborg,Burgers,207.0,35.0,On time,Returning
109571,2026-07-02,20,Stockholm,Thai,294.0,38.0,On time,Returning
111430,2026-07-27,19,Göteborg,Burgers,252.0,44.0,On time,New
107418,2026-06-03,19,Göteborg,Pizza,347.0,30.0,On time,Returning
112944,2026-08-16,13,Stockholm,Burgers,184.0,30.0,On time,Returning
108328,2026-06-15,15,Unknown,Indian,336.0,36.0,On time,New
100905,2026-03-07,20,Stockholm,Pizza,264.0,41.0,On time,New
103854,2026-04-15,13,Uppsala,Burgers,251.0,38.0,On time,New
109223,2026-06-27,16,Stockholm,Sushi,201.0,40.0,On time,Returning
108059,2026-06-11,18,Malmö,Sushi,223.0,35.0,On time,New
111330,2026-07-25,12,Uppsala,Sushi,257.0,46.0,Late,New
107636,2026-06-06,12,Göteborg,Thai,265.0,40.0,On time,New
108003,2026-06-11,11,Göteborg,Salad,290.0,26.0,On time,Returning
103953,2026-04-17,21,Stockholm,Burgers,276.0,52.0,Late,Returning
100473,2026-03-01,16,Stockholm,Thai,206.0,45.0,On time,Returning
109326,2026-06-29,19,Göteborg,Burgers,176.0,29.0,On time,Returning
112969,2026-08-16,19,Malmö,Kebab,319.0,43.0,On time,Returning
112048,2026-08-04,18,Malmö,Pizza,313.0,21.0,On time,Returning
105174,2026-05-03,13,Malmö,Thai,316.0,45.0,On time,Returning
102315,2026-03-26,17,Uppsala,Kebab,374.0,37.0,On time,New
104115,2026-04-19,10,Stockholm,Pizza,191.0,39.0,On time,New
102097,2026-03-23,20,Uppsala,Burgers,281.0,37.0,On time,Returning
104938,2026-04-30,16,Lund,Indian,275.0,32.0,On time,Returning
112820,2026-08-15,19,Göteborg,Pizza,302.0,43.0,On time,Returning
111791,2026-08-01,20,Göteborg,Burgers,199.0,52.0,Late,New
102125,2026-03-24,10,Göteborg,Pizza,243.0,17.0,On time,Returning
105432,2026-05-07,11,Stockholm,Kebab,288.0,41.0,On time,Returning
110206,2026-07-11,19,Stockholm,Salad,174.0,34.0,On time,New
104207,2026-04-20,17,Stockholm,Pizza,277.0,45.0,On time,Returning
109374,2026-06-29,9,Stockholm,Kebab,232.0,48.0,Late,Returning
100339,2026-02-27,13,Malmö,Burgers,290.0,27.0,On time,Returning
109150,2026-06-26,22,Uppsala,Burgers,221.0,19.0,On time,Returning
109568,2026-07-02,20,Stockholm,Burgers,281.0,46.0,Late,Returning
106127,2026-05-16,11,Uppsala,Kebab,156.0,29.0,On time,New
103881,2026-04-16,18,Stockholm,Pizza,238.0,35.0,On time,New
112281,2026-08-07,12,Malmö,Pizza,218.0,32.0,On time,New
101899,2026-03-21,12,Stockholm,Burgers,194.0,51.0,Late,Returning
102969,2026-04-04,21,Stockholm,Indian,182.0,42.0,On time,New
104389,2026-04-23,16,Göteborg,Pizza,254.0,36.0,On time,Returning
103068,2026-04-05,10,Stockholm,Burgers,309.0,40.0,On time,Returning
103940,2026-04-17,13,Göteborg,Sushi,212.0,36.0,On time,New
110543,2026-07-15,12,Malmö,Burgers,191.0,37.0,On time,New
100026,2026-02-23,20,Stockholm,Sushi,380.0,30.0,On time,New
104669,2026-04-27,20,Göteborg,Pizza,297.0,38.0,On time,New
108181,2026-06-13,13,Stockholm,Pizza,303.0,42.0,On time,Returning
110766,2026-07-18,22,Malmö,Pizza,220.0,30.0,On time,New
109370,2026-06-29,14,Stockholm,Thai,356.0,49.0,Late,New
104144,2026-04-19,9,Malmö,Kebab,217.0,39.0,On time,New
101024,2026-03-08,10,Malmö,Burgers,150.0,30.0,On time,Returning
102121,2026-03-24,21,Göteborg,Pizza,240.0,43.0,On time,Returning
100940,2026-03-07,11,Malmö,Vegan,191.0,36.0,On time,Returning
110995,2026-07-21,11,Stockholm,Burgers,288.0,56.0,Late,Returning
105358,2026-05-06,12,Göteborg,Burgers,383.0,26.0,On time,New
106182,2026-05-17,10,Stockholm,Sushi,127.0,31.0,On time,New
111325,2026-07-25,12,Uppsala,Vegan,217.0,34.0,On time,Returning
104089,2026-04-19,11,Göteborg,Kebab,367.0,36.0,On time,New
108602,2026-06-18,12,Lund,Kebab,238.0,43.0,On time,New
108485,2026-06-17,19,Göteborg,Vegan,178.0,36.0,On time,New
104552,2026-04-25,20,Stockholm,Pizza,196.0,29.0,On time,Returning
104015,2026-04-18,14,Stockholm,Pizza,279.0,21.0,On time,Returning
105578,2026-05-09,17,Stockholm,Indian,211.0,31.0,On time,Returning
100903,2026-03-07,22,Stockholm,Burgers,249.0,35.0,On time,Returning
106047,2026-05-15,20,Uppsala,Sushi,234.0,42.0,On time,Returning
102838,2026-04-02,18,Stockholm,Pizza,262.0,35.0,On time,New
110277,2026-07-12,12,Stockholm,Burgers,204.0,42.0,On time,Returning
110937,2026-07-20,13,Malmö,Pizza,272.0,31.0,On time,Returning
105814,2026-05-12,21,Stockholm,Sushi,158.0,28.0,On time,Returning
109495,2026-07-01,11,Stockholm,Sushi,332.0,32.0,On time,Returning
102997,2026-04-04,20,Malmö,Kebab,203.0,33.0,On time,New
107201,2026-05-31,12,Göteborg,Pizza,420.0,24.0,On time,Returning
111007,2026-07-21,19,Stockholm,Burgers,215.0,56.0,Late,Returning
104204,2026-04-20,18,Stockholm,Pizza,267.0,35.0,On time,Returning
107673,2026-06-06,19,Stockholm,Burgers,254.0,40.0,On time,New
103364,2026-04-09,11,Stockholm,Sushi,313.0,48.0,Late,New
102627,2026-03-30,17,Malmö,Kebab,244.0,37.0,On time,Returning
105152,2026-05-03,18,Unknown,Thai,190.0,47.0,Late,New
109485,2026-07-01,21,Stockholm,Pizza,220.0,26.0,On time,Returning
100463,2026-03-01,11,Göteborg,Sushi,250.0,41.0,On time,Returning
111620,2026-07-29,13,Lund,Salad,335.0,51.0,Late,Returning
107761,2026-06-07,12,Stockholm,Salad,262.0,29.0,On time,Returning
112361,2026-08-08,15,Stockholm,Sushi,211.0,48.0,Late,New
103397,2026-04-09,21,Uppsala,Sushi,307.0,36.0,On time,New
104023,2026-04-18,12,Stockholm,Pizza,208.0,41.0,On time,Returning
112283,2026-08-07,16,Uppsala,Pizza,261.0,20.0,On time,Returning
107776,2026-06-07,19,Malmö,Vegan,273.0,22.0,On time,Returning
109301,2026-06-28,12,Malmö,Indian,240.0,20.0,On time,Returning
109034,2026-06-25,11,Göteborg,Thai,182.0,32.0,On time,Returning
100995,2026-03-08,20,Stockholm,Burgers,313.0,34.0,On time,Returning
106315,2026-05-19,16,Göteborg,Sushi,103.0,28.0,On time,Returning
111178,2026-07-24,11,Göteborg,Salad,288.0,28.0,On time,Returning
110150,2026-07-10,17,Malmö,Pizza,337.0,15.0,On time,Returning
102625,2026-03-30,13,Malmö,Vegan,214.0,50.0,Late,Returning
100692,2026-03-04,17,Unknown,Thai,200.0,26.0,On time,Returning
103018,2026-04-05,12,Göteborg,Thai,195.0,29.0,On time,New
109710,2026-07-04,16,Stockholm,Sushi,222.0,53.0,Late,Returning
106969,2026-05-27,20,Uppsala,Pizza,198.0,40.0,On time,New
106496,2026-05-21,12,Malmö,Sushi,212.0,43.0,On time,New
110626,2026-07-16,20,Malmö,Thai,250.0,42.0,On time,Returning
104941,2026-05-01,11,Göteborg,Salad,244.0,40.0,On time,New
105255,2026-05-04,12,Malmö,Salad,307.0,35.0,On time,New
105213,2026-05-04,18,Göteborg,Burgers,258.0,48.0,Late,New
100128,2026-02-24,14,Malmö,Indian,173.0,39.0,On time,Returning
107832,2026-06-08,16,Stockholm,Vegan,224.0,41.0,On time,Returning
107467,2026-06-03,11,Malmö,Salad,152.0,35.0,On time,Returning
109947,2026-07-07,16,Uppsala,Pizza,194.0,40.0,On time,New
104182,2026-04-20,13,Göteborg,Vegan,280.0,53.0,Late,New
111280,2026-07-25,12,Stockholm,Burgers,263.0,35.0,On time,Returning
103326,2026-04-09,20,Göteborg,Indian,292.0,29.0,On time,New
111399,2026-07-26,13,Malmö,Pizza,317.0,36.0,On time,Returning
104349,2026-04-22,20,Stockholm,Thai,237.0,38.0,On time,Returning
106129,2026-05-16,16,Uppsala,Salad,236.0,29.0,On time,New
107078,2026-05-29,18,Malmö,Pizza,285.0,41.0,On time,New
105249,2026-05-04,11,Stockholm,Burgers,229.0,37.0,On time,New
106103,2026-05-16,14,Stockholm,Burgers,197.0,35.0,On time,Returning
105696,2026-05-10,12,Malmö,Kebab,196.0,41.0,On time,Returning
113042,2026-08-17,13,Malmö,Salad,246.0,23.0,On time,Returning
110298,2026-07-12,20,Stockholm,Thai,131.0,29.0,On time,Returning
110927,2026-07-20,14,Stockholm,Thai,274.0,45.0,On time,Returning
101283,2026-03-12,13,Stockholm,Pizza,293.0,21.0,On time,Returning
109743,2026-07-05,19,Göteborg,Burgers,210.0,32.0,On time,New
103886,2026-04-16,13,Stockholm,Thai,158.0,33.0,On time,Returning
108077,2026-06-12,17,Göteborg,Thai,254.0,45.0,On time,Returning
113222,2026-08-20,17,Göteborg,Pizza,256.0,35.0,On time,Returning
113087,2026-08-18,9,Stockholm,Kebab,251.0,45.0,On time,Returning
111716,2026-07-31,14,Göteborg,Burgers,203.0,20.0,On time,New
104020,2026-04-18,17,Stockholm,Thai,275.0,28.0,On time,Returning
107371,2026-06-02,17,Stockholm,Pizza,298.0,31.0,On time,Returning
106956,2026-05-27,11,Malmö,Kebab,89.0,37.0,Unknown,New
108470,2026-06-16,12,Uppsala,Vegan,293.0,27.0,On time,New
109367,2026-06-29,16,Stockholm,Pizza,261.0,39.0,On time,Returning
112898,2026-08-15,12,Uppsala,Salad,222.0,44.0,On time,Returning
109980,2026-07-08,19,Stockholm,Burgers,314.0,34.0,On time,Returning
110283,2026-07-12,16,Stockholm,Pizza,232.0,31.0,On time,New
101134,2026-03-10,12,Göteborg,Kebab,363.0,36.0,On time,Returning
110087,2026-07-09,18,Malmö,Indian,218.0,34.0,On time,New
105381,2026-05-06,10,Stockholm,Indian,201.0,35.0,On time,New
112606,2026-08-11,12,Unknown,Burgers,285.0,27.0,On time,Returning
109899,2026-07-07,18,Stockholm,Indian,279.0,44.0,On time,Returning
104338,2026-04-22,12,Stockholm,Thai,194.0,40.0,On time,New
104712,2026-04-27,19,Malmö,Pizza,89.0,53.0,Late,Returning
105712,2026-05-10,19,Malmö,Indian,276.0,33.0,On time,New
111675,2026-07-30,18,Malmö,Thai,265.0,31.0,On time,Returning
103977,2026-04-17,15,Uppsala,Thai,198.0,27.0,On time,Returning
104658,2026-04-26,18,Lund,Kebab,195.0,35.0,On time,New
104925,2026-04-30,22,Uppsala,Pizza,270.0,46.0,Late,Returning
108152,2026-06-13,12,Göteborg,Pizza,217.0,46.0,Late,Returning
103552,2026-04-11,20,Lund,Burgers,166.0,30.0,On time,New
109672,2026-07-04,17,Göteborg,Burgers,137.0,37.0,On time,Returning
108715,2026-06-20,19,Stockholm,Pizza,347.0,50.0,Late,Returning
101850,2026-03-20,12,Unknown,Pizza,339.0,18.0,On time,New
105509,2026-05-08,10,Stockholm,Pizza,306.0,27.0,On time,Returning
103368,2026-04-09,22,Stockholm,Pizza,303.0,46.0,Late,New
105586,2026-05-09,13,Stockholm,Sushi,321.0,44.0,On time,Returning
106697,2026-05-24,16,Stockholm,Pizza,323.0,41.0,On time,Returning
112580,2026-08-11,19,Stockholm,Vegan,328.0,46.0,Late,New
107160,2026-05-30,13,Malmö,Kebab,172.0,53.0,Late,New
111988,2026-08-03,12,Malmö,Indian,128.0,45.0,On time,Returning
105016,2026-05-02,18,Göteborg,Indian,118.0,35.0,On time,Returning
113224,2026-08-20,15,Stockholm,Indian,241.0,29.0,On time,Returning
110439,2026-07-14,20,Stockholm,Sushi,335.0,24.0,On time,Returning
104744,2026-04-28,11,Göteborg,Sushi,173.0,50.0,Late,Returning
101921,2026-03-21,16,Stockholm,Kebab,369.0,19.0,On time,Returning
101998,2026-03-22,10,Stockholm,Pizza,201.0,41.0,On time,Returning
113521,2026-08-23,20,Lund,Thai,343.0,32.0,On time,New
104750,2026-04-28,20,Stockholm,Pizza,275.0,57.0,Late,New
106301,2026-05-18,17,Uppsala,Indian,327.0,48.0,Late,Returning
105949,2026-05-14,19,Stockholm,Pizza,254.0,41.0,On time,Returning
113378,2026-08-22,20,Stockholm,Thai,278.0,20.0,On time,Returning
110938,2026-07-20,15,Malmö,Pizza,303.0,36.0,On time,New
109216,2026-06-27,16,Stockholm,Kebab,152.0,40.0,On time,Returning
106823,2026-05-25,13,Uppsala,Kebab,180.0,49.0,Late,New
108920,2026-06-23,17,Stockholm,Indian,244.0,43.0,On time,Returning
102389,2026-03-27,11,Uppsala,Sushi,274.0,39.0,On time,New
101989,2026-03-22,19,Stockholm,Kebab,271.0,42.0,On time,Returning
109797,2026-07-05,12,Malmö,Pizza,233.0,31.0,On time,Returning
109925,2026-07-07,11,Stockholm,Kebab,291.0,33.0,On time,New
107838,2026-06-08,19,Malmö,Kebab,235.0,21.0,On time,Returning
104106,2026-04-19,18,Stockholm,Salad,167.0,38.0,On time,Returning
109252,2026-06-28,20,Göteborg,Kebab,309.0,24.0,On time,Returning
107721,2026-06-07,12,Göteborg,Pizza,162.0,21.0,On time,Returning
107822,2026-06-08,14,Stockholm,Sushi,231.0,42.0,On time,New
100366,2026-02-28,17,Unknown,Vegan,199.0,33.0,On time,Returning
104974,2026-05-01,14,Stockholm,Vegan,303.0,49.0,Late,New
105368,2026-05-06,19,Stockholm,Burgers,211.0,30.0,On time,Returning
110179,2026-07-11,17,Unknown,Thai,306.0,44.0,On time,New
104026,2026-04-18,17,Stockholm,Sushi,291.0,39.0,On time,New
104931,2026-04-30,18,Uppsala,Vegan,259.0,27.0,On time,New
108568,2026-06-18,19,Stockholm,Sushi,245.0,36.0,On time,Returning
109681,2026-07-04,16,Göteborg,Sushi,266.0,31.0,On time,New
113047,2026-08-17,22,Malmö,Burgers,290.0,50.0,Late,New
110736,2026-07-18,12,Stockholm,Salad,229.0,46.0,Late,New
105351,2026-05-06,10,Göteborg,Kebab,231.0,37.0,On time,Returning
102867,2026-04-03,19,Göteborg,Salad,150.0,24.0,On time,Returning
101315,2026-03-12,20,Uppsala,Burgers,210.0,30.0,On time,Returning
112931,2026-08-16,12,Göteborg,Pizza,273.0,23.0,On time,New
103266,2026-04-08,16,Göteborg,Kebab,168.0,38.0,On time,Returning
113184,2026-08-19,11,Malmö,Burgers,131.0,49.0,Late,Returning
113454,2026-08-23,13,Göteborg,Kebab,239.0,51.0,Late,Returning
100138,2026-02-24,23,Uppsala,Pizza,239.0,44.0,On time,New
100602,2026-03-02,20,Lund,Kebab,294.0,44.0,On time,Returning
101959,2026-03-22,18,Göteborg,Indian,314.0,38.0,On time,Returning
108489,2026-06-17,13,Göteborg,Indian,203.0,24.0,On time,Returning
107570,2026-06-05,20,Stockholm,Burgers,240.0,32.0,On time,New
110623,2026-07-16,16,Malmö,Burgers,273.0,43.0,On time,New
106831,2026-05-26,14,Göteborg,Pizza,206.0,35.0,On time,Returning
104033,2026-04-18,17,Stockholm,Vegan,263.0,24.0,On time,Returning
101746,2026-03-18,18,Lund,Burgers,195.0,42.0,On time,Returning
103069,2026-04-05,20,Stockholm,Pizza,288.0,30.0,On time,New
105816,2026-05-12,18,Stockholm,Burgers,192.0,37.0,On time,New
105114,2026-05-03,14,Göteborg,Burgers,211.0,32.0,On time,Returning
108516,2026-06-17,22,Unknown,Salad,233.0,39.0,On time,New
108857,2026-06-22,14,Göteborg,Thai,254.0,24.0,On time,Returning
109391,2026-06-29,12,Uppsala,Sushi,140.0,35.0,On time,Returning
102793,2026-04-02,14,Göteborg,Thai,255.0,34.0,On time,Returning
113408,2026-08-22,10,Malmö,Sushi,222.0,44.0,On time,Returning
101056,2026-03-09,23,Göteborg,Sushi,250.0,23.0,On time,Returning
101401,2026-03-14,10,Stockholm,Salad,270.0,50.0,Late,Returning
104271,2026-04-21,11,Stockholm,Vegan,200.0,24.0,On time,Returning
108474,2026-06-16,16,Lund,Pizza,182.0,41.0,On time,Returning
108878,2026-06-22,13,Stockholm,Vegan,221.0,25.0,On time,Returning
105290,2026-05-05,18,Göteborg,Vegan,209.0,25.0,On time,New
107849,2026-06-08,18,Uppsala,Salad,192.0,36.0,On time,Returning
108358,2026-06-15,19,Stockholm,Thai,206.0,40.0,On time,Returning
101865,2026-03-20,14,Uppsala,Salad,312.0,250.0,Unknown,Returning
106990,2026-05-28,13,Göteborg,Burgers,258.0,58.0,Late,Returning
106579,2026-05-22,19,Malmö,Thai,325.0,43.0,On time,New
108064,2026-06-11,17,Uppsala,Thai,314.0,41.0,On time,New
112250,2026-08-07,11,Stockholm,Kebab,280.0,45.0,On time,Returning
100471,2026-03-01,17,Göteborg,Thai,209.0,27.0,On time,Returning
111609,2026-07-29,10,Malmö,Salad,263.0,47.0,Late,New
105471,2026-05-07,11,Uppsala,Burgers,259.0,37.0,On time,New
110335,2026-07-12,21,Uppsala,Salad,230.0,42.0,On time,Returning
110909,2026-07-20,15,Stockholm,Burgers,172.0,41.0,On time,Returning
104500,2026-04-24,13,Uppsala,Burgers,245.0,34.0,On time,Returning
110891,2026-07-20,17,Göteborg,Pizza,243.0,47.0,Late,Returning
111422,2026-07-26,14,Lund,Burgers,215.0,30.0,On time,New
111540,2026-07-28,16,Malmö,Indian,180.0,29.0,On time,Returning
113388,2026-08-22,18,Stockholm,Pizza,238.0,44.0,On time,Returning
104731,2026-04-28,11,Göteborg,Indian,259.0,44.0,On time,Returning
105918,2026-05-14,17,Göteborg,Thai,269.0,21.0,On time,New
109194,2026-06-27,10,Stockholm,Kebab,274.0,21.0,On time,New
112304,2026-08-08,14,Göteborg,Indian,217.0,48.0,Late,New
109576,2026-07-02,11,Stockholm,Sushi,237.0,44.0,On time,Returning
109893,2026-07-07,17,Göteborg,Pizza,272.0,38.0,On time,Returning
106150,2026-05-17,18,Göteborg,Indian,279.0,25.0,On time,New
104730,2026-04-27,16,Lund,Pizza,225.0,39.0,On time,Returning
108885,2026-06-22,15,Malmö,Thai,175.0,42.0,On time,New
113322,2026-08-21,9,Malmö,Thai,276.0,35.0,On time,New
103089,2026-04-05,19,Malmö,Thai,288.0,47.0,Late,New
110501,2026-07-15,17,Göteborg,Burgers,290.0,44.0,On time,Returning
103555,2026-04-11,16,Lund,Pizza,304.0,40.0,On time,Returning
112900,2026-08-15,13,Uppsala,Sushi,146.0,33.0,On time,Returning
108781,2026-06-21,14,Göteborg,Salad,214.0,34.0,On time,Returning
111464,2026-07-27,12,Stockholm,Indian,269.0,30.0,On time,New
104133,2026-04-19,17,Malmö,Burgers,226.0,27.0,On time,New
107173,2026-05-30,21,Uppsala,Sushi,215.0,32.0,On time,Returning
109776,2026-07-05,18,Stockholm,Pizza,208.0,56.0,Late,Returning
101797,2026-03-19,18,Malmö,Sushi,277.0,26.0,On time,Returning
101363,2026-03-13,17,Malmö,Sushi,243.0,37.0,On time,New
111122,2026-07-23,19,Stockholm,Salad,303.0,19.0,On time,New
102386,2026-03-27,12,Uppsala,Pizza,221.0,33.0,On time,New
100172,2026-02-25,11,Stockholm,Burgers,276.0,32.0,On time,Returning
110519,2026-07-15,17,Stockholm,Burgers,260.0,36.0,On time,Returning
109450,2026-06-30,13,Uppsala,Sushi,242.0,32.0,On time,New
101367,2026-03-13,17,Malmö,Burgers,331.0,28.0,On time,New
106882,2026-05-26,21,Malmö,Burgers,186.0,23.0,On time,New
112540,2026-08-10,13,Malmö,Pizza,237.0,38.0,On time,Returning
101609,2026-03-16,17,Uppsala,Thai,233.0,35.0,On time,Returning
108736,2026-06-20,18,Malmö,Vegan,245.0,47.0,Late,New
105312,2026-05-05,16,Stockholm,Burgers,175.0,41.0,On time,Returning
103073,2026-04-05,13,Stockholm,Burgers,202.0,19.0,On time,New
102447,2026-03-28,19,Malmö,Burgers,202.0,36.0,On time,New
111024,2026-07-21,12,Uppsala,Salad,313.0,23.0,On time,Returning
111595,2026-07-29,17,Stockholm,Sushi,276.0,15.0,On time,Returning
104387,2026-04-23,12,Göteborg,Pizza,290.0,24.0,On time,Returning
101365,2026-03-13,17,Unknown,Pizza,298.0,20.0,On time,Returning
112212,2026-08-06,19,Uppsala,Sushi,348.0,39.0,On time,New
110747,2026-07-18,13,Stockholm,Burgers,269.0,35.0,On time,Returning
101796,2026-03-19,10,Malmö,Kebab,252.0,40.0,On time,Returning
110398,2026-07-13,13,Malmö,Pizza,120.0,50.0,Late,New
105585,2026-05-09,17,Stockholm,Pizza,173.0,32.0,On time,Returning
100840,2026-03-06,16,Stockholm,Salad,227.0,27.0,On time,Returning
106936,2026-05-27,11,Stockholm,Kebab,312.0,39.0,On time,New
107800,2026-06-07,12,Lund,Burgers,229.0,34.0,On time,New
112128,2026-08-05,18,Malmö,Pizza,260.0,15.0,On time,Returning
106947,2026-05-27,16,Malmö,Vegan,216.0,32.0,On time,New
110430,2026-07-14,11,Göteborg,Salad,157.0,39.0,On time,New
102688,2026-03-31,13,Stockholm,Vegan,259.0,26.0,On time,Returning
105192,2026-05-03,19,Uppsala,Sushi,198.0,40.0,On time,Returning
108676,2026-06-19,12,Uppsala,Burgers,342.0,38.0,On time,Returning
109312,2026-06-28,19,Uppsala,Burgers,302.0,44.0,On time,New
104171,2026-04-20,18,Göteborg,Burgers,238.0,39.0,On time,Returning
111735,2026-07-31,17,Stockholm,Indian,266.0,37.0,On time,Returning
107065,2026-05-29,16,Stockholm,Indian,184.0,24.0,On time,Returning
102543,2026-03-29,10,Malmö,Pizza,124.0,39.0,On time,Returning
110160,2026-07-10,20,Uppsala,Sushi,272.0,29.0,On time,New
112176,2026-08-06,14,Stockholm,Pizza,273.0,27.0,On time,Returning
100612,2026-03-03,15,Göteborg,Pizza,226.0,24.0,On time,Returning
102080,2026-03-23,11,Stockholm,Thai,293.0,36.0,On time,Returning
105662,2026-05-10,17,Göteborg,Burgers,228.0,33.0,On time,Returning
101398,2026-03-14,20,Stockholm,Sushi,340.0,37.0,On time,Returning
101353,2026-03-13,13,Stockholm,Pizza,240.0,37.0,On time,New
111670,2026-07-30,14,Malmö,Pizza,270.0,26.0,On time,Returning
111496,2026-07-28,21,Göteborg,Salad,319.0,57.0,Late,New
105577,2026-05-09,17,Stockholm,Burgers,261.0,24.0,On time,New
112834,2026-08-15,16,Göteborg,Burgers,280.0,35.0,On time,New
104196,2026-04-20,23,Stockholm,Indian,349.0,35.0,On time,Returning
109364,2026-06-29,13,Stockholm,Burgers,366.0,47.0,Late,Returning
107093,2026-05-30,21,Göteborg,Kebab,350.0,47.0,Late,Returning
101130,2026-03-10,20,Göteborg,Sushi,141.0,46.0,Late,New
104964,2026-05-01,14,Stockholm,Pizza,206.0,43.0,On time,Returning
106714,2026-05-24,13,Stockholm,Kebab,220.0,37.0,Unknown,Returning
111039,2026-07-22,18,Göteborg,Sushi,244.0,37.0,On time,New
105085,2026-05-02,20,Lund,Pizza,296.0,41.0,On time,New
109931,2026-07-07,16,Malmö,Burgers,112.0,31.0,On time,Returning
110925,2026-07-20,16,Stockholm,Kebab,286.0,40.0,On time,Returning
103016,2026-04-05,17,Göteborg,Burgers,264.0,39.0,On time,New
110320,2026-07-12,12,Malmö,Pizza,236.0,35.0,On time,New
101894,2026-03-21,12,Göteborg,Thai,307.0,45.0,On time,New
100264,2026-02-26,13,Malmö,Burgers,169.0,21.0,On time,Returning
105049,2026-05-02,18,Stockholm,Salad,241.0,49.0,Late,Returning
107870,2026-06-09,20,Göteborg,Pizza,306.0,54.0,Late,Returning
107444,2026-06-03,13,Stockholm,Pizza,310.0,40.0,On time,New
112391,2026-08-08,18,Uppsala,Thai,293.0,48.0,Late,Returning
100329,2026-02-27,18,Stockholm,Sushi,285.0,15.0,On time,New
112698,2026-08-13,21,Göteborg,Sushi,179.0,39.0,On time,Returning
106187,2026-05-17,16,Stockholm,Kebab,325.0,53.0,Late,Returning
103311,2026-04-08,20,Malmö,Burgers,309.0,34.0,On time,Returning
107765,2026-06-07,21,Stockholm,Sushi,258.0,43.0,On time,New
112071,2026-08-04,13,Lund,Sushi,181.0,15.0,On time,New
110916,2026-07-20,19,Stockholm,Pizza,275.0,31.0,On time,New
113056,2026-08-17,18,Uppsala,Sushi,179.0,27.0,On time,Returning
107504,2026-06-04,21,Stockholm,Pizza,233.0,50.0,Late,Returning
106400,2026-05-20,12,Stockholm,Sushi,217.0,48.0,Late,New
108536,2026-06-17,17,Uppsala,Salad,182.0,23.0,On time,Returning
108031,2026-06-11,13,Stockholm,Thai,211.0,17.0,On time,Returning
113467,2026-08-23,19,Stockholm,Sushi,235.0,34.0,On time,Returning
107260,2026-05-31,18,Uppsala,Thai,138.0,34.0,On time,New
106478,2026-05-21,22,Stockholm,Salad,299.0,22.0,On time,New
112261,2026-08-07,22,Stockholm,Burgers,256.0,30.0,On time,Returning
105727,2026-05-10,12,Lund,Thai,305.0,34.0,On time,New
103010,2026-04-04,23,Lund,Pizza,268.0,33.0,On time,Returning
111171,2026-07-24,20,Göteborg,Pizza,189.0,31.0,On time,Returning
100720,2026-03-04,17,Malmö,Pizza,281.0,21.0,On time,Returning
101673,2026-03-17,19,Uppsala,Burgers,191.0,47.0,Late,Returning
113115,2026-08-18,17,Malmö,Pizza,309.0,31.0,On time,Returning
109844,2026-07-06,21,Stockholm,Salad,273.0,49.0,Late,Returning
106686,2026-05-24,12,Göteborg,Indian,310.0,33.0,On time,Returning
106748,2026-05-24,14,Uppsala,Burgers,271.0,46.0,Late,New
104879,2026-04-30,11,Göteborg,Kebab,299.0,53.0,Late,New
107068,2026-05-29,11,Stockholm,Thai,342.0,47.0,Late,New
101563,2026-03-16,20,Göteborg,Salad,233.0,35.0,On time,New
110114,2026-07-10,21,Göteborg,Thai,270.0,61.0,Late,Returning
105450,2026-05-07,15,Stockholm,Vegan,233.0,56.0,Late,New
105821,2026-05-12,20,Stockholm,Pizza,239.0,32.0,On time,Returning
106211,2026-05-17,19,Malmö,Burgers,120.0,32.0,On time,Returning
104885,2026-04-30,23,Stockholm,Burgers,319.0,25.0,On time,New
106943,2026-05-27,13,Unknown,Burgers,289.0,39.0,On time,Returning
101711,2026-03-18,11,Stockholm,Kebab,178.0,58.0,Late,New
111033,2026-07-21,17,Lund,Burgers,353.0,27.0,On time,New
105281,2026-05-04,21,Lund,Indian,240.0,31.0,On time,Returning
111808,2026-08-01,13,Stockholm,Kebab,141.0,37.0,Unknown,Returning
112537,2026-08-10,20,Malmö,Burgers,249.0,47.0,Late,Returning
102796,2026-04-02,11,Göteborg,Sushi,267.0,51.0,Late,New
102725,2026-04-01,18,Göteborg,Burgers,287.0,36.0,On time,Returning
112433,2026-08-09,22,Stockholm,Sushi,225.0,34.0,On time,Returning
111905,2026-08-02,12,Stockholm,Kebab,247.0,37.0,Unknown,Returning
109708,2026-07-04,18,Stockholm,Vegan,215.0,26.0,On time,Returning
107464,2026-06-03,11,Malmö,Kebab,222.0,46.0,Late,New
107880,2026-06-09,17,Stockholm,Burgers,236.0,34.0,On time,Returning
113238,2026-08-20,22,Stockholm,Pizza,255.0,48.0,Late,New
103059,2026-04-05,19,Stockholm,Pizza,299.0,23.0,On time,Returning
106646,2026-05-23,18,Malmö,Burgers,115.0,38.0,On time,Returning
107066,2026-05-29,20,Stockholm,Pizza,281.0,57.0,Late,Returning
105325,2026-05-05,13,Malmö,Thai,160.0,42.0,On time,Returning
105362,2026-05-06,18,Stockholm,Vegan,288.0,34.0,On time,Returning
110219,2026-07-11,20,Stockholm,Sushi,310.0,15.0,On time,New
101443,2026-03-14,23,Malmö,Salad,336.0,44.0,On time,Returning
106394,2026-05-20,14,Stockholm,Pizza,164.0,31.0,On time,Returning
106834,2026-05-26,19,Göteborg,Thai,241.0,37.0,Unknown,Returning
112144,2026-08-05,10,Lund,Burgers,267.0,32.0,On time,Returning
101468,2026-03-15,18,Göteborg,Burgers,149.0,28.0,On time,Returning
110525,2026-07-15,14,Stockholm,Pizza,284.0,36.0,On time,New
101305,2026-03-12,13,Malmö,Burgers,252.0,27.0,On time,Returning
111605,2026-07-29,18,Malmö,Pizza,228.0,43.0,On time,Returning
105876,2026-05-13,19,Stockholm,Sushi,227.0,33.0,On time,New
104148,2026-04-19,21,Malmö,Pizza,216.0,28.0,On time,Returning
113225,2026-08-20,12,Stockholm,Pizza,226.0,32.0,On time,Returning
103578,2026-04-12,12,Göteborg,Thai,258.0,50.0,Late,New
103149,2026-04-06,12,Stockholm,Pizza,324.0,34.0,On time,Returning
101812,2026-03-19,17,Uppsala,Burgers,247.0,38.0,On time,New
106607,2026-05-23,17,Göteborg,Pizza,174.0,50.0,Late,Returning
103702,2026-04-13,20,Malmö,Pizza,310.0,39.0,On time,New
103761,2026-04-14,20,Stockholm,Pizza,345.0,41.0,On time,Returning
107351,2026-06-02,18,Stockholm,Burgers,178.0,50.0,Late,New
109732,2026-07-04,17,Lund,Pizza,374.0,28.0,On time,Returning
103072,2026-04-05,13,Stockholm,Sushi,213.0,40.0,On time,Returning
113458,2026-08-23,11,Stockholm,Sushi,235.0,40.0,On time,Returning
105151,2026-05-03,17,Stockholm,Sushi,240.0,17.0,On time,New
106846,2026-05-26,11,Göteborg,Burgers,278.0,26.0,On time,Returning
101303,2026-03-12,12,Malmö,Pizza,152.0,36.0,On time,Returning
103017,2026-04-05,10,Göteborg,Pizza,211.0,36.0,On time,New
109534,2026-07-02,12,Göteborg,Pizza,226.0,38.0,On time,Returning
101117,2026-03-09,16,Uppsala,Indian,222.0,54.0,Late,Returning
112919,2026-08-16,12,Göteborg,Thai,282.0,35.0,On time,Returning
105944,2026-05-14,19,Stockholm,Sushi,190.0,40.0,On time,Returning
107525,2026-06-04,18,Malmö,Kebab,237.0,40.0,On time,New
108656,2026-06-19,12,Stockholm,Indian,308.0,29.0,On time,New
104598,2026-04-26,20,Göteborg,Pizza,222.0,33.0,On time,Returning
111730,2026-07-31,11,Stockholm,Burgers,188.0,47.0,Late,Returning
104924,2026-04-30,19,Uppsala,Kebab,252.0,18.0,On time,New
104282,2026-04-21,13,Malmö,Salad,262.0,44.0,On time,New
109826,2026-07-06,18,Göteborg,Salad,400.0,43.0,On time,Returning
106793,2026-05-25,13,Stockholm,Kebab,292.0,45.0,On time,Returning
103544,2026-04-11,14,Uppsala,Pizza,233.0,50.0,Late,Returning
112754,2026-08-13,17,Lund,Thai,268.0,39.0,On time,New
113377,2026-08-22,12,Stockholm,Sushi,173.0,40.0,On time,Returning
102234,2026-03-25,20,Malmö,Burgers,242.0,40.0,On time,New
108845,2026-06-22,13,Göteborg,Sushi,264.0,42.0,On time,Returning
109628,2026-07-03,10,Stockholm,Thai,300.0,37.0,On time,Returning
101028,2026-03-08,11,Malmö,Burgers,131.0,41.0,On time,New
108427,2026-06-16,17,Stockholm,Salad,338.0,36.0,On time,Returning
112649,2026-08-12,14,Stockholm,Burgers,270.0,35.0,On time,Returning
112755,2026-08-13,12,Lund,Burgers,213.0,52.0,Late,Returning
101713,2026-03-18,14,Stockholm,Vegan,165.0,45.0,On time,Returning
110667,2026-07-17,19,Stockholm,Indian,284.0,42.0,On time,New
110776,2026-07-18,11,Malmö,Salad,341.0,26.0,On time,Returning
111713,2026-07-31,12,Göteborg,Kebab,176.0,31.0,On time,New
103716,2026-04-13,12,Uppsala,Kebab,273.0,53.0,Late,Returning
102620,2026-03-30,21,Malmö,Vegan,254.0,42.0,On time,Returning
111898,2026-08-02,19,Stockholm,Sushi,277.0,35.0,On time,Returning
113203,2026-08-19,10,Lund,Pizza,271.0,45.0,On time,New
108524,2026-06-17,19,Malmö,Pizza,261.0,55.0,Late,Returning
105572,2026-05-09,10,Göteborg,Sushi,245.0,28.0,On time,Returning
104637,2026-04-26,10,Stockholm,Vegan,260.0,47.0,Late,New
110600,2026-07-16,17,Stockholm,Sushi,199.0,25.0,On time,Returning
106644,2026-05-23,19,Stockholm,Burgers,206.0,35.0,On time,Returning
106141,2026-05-17,19,Göteborg,Sushi,360.0,45.0,On time,New
100997,2026-03-08,19,Stockholm,Burgers,261.0,20.0,On time,Returning
106699,2026-05-24,18,Stockholm,Thai,299.0,23.0,On time,Returning
109225,2026-06-27,19,Stockholm,Thai,207.0,35.0,On time,Returning
109413,2026-06-30,19,Göteborg,Thai,182.0,30.0,On time,Returning
113138,2026-08-18,10,Lund,Thai,306.0,45.0,On time,Returning
103401,2026-04-09,20,Lund,Indian,207.0,23.0,On time,New
102084,2026-03-23,14,Stockholm,Burgers,220.0,40.0,On time,New
107506,2026-06-04,9,Stockholm,Thai,270.0,39.0,On time,Returning
113420,2026-08-22,13,Uppsala,Burgers,241.0,40.0,On time,New
109489,2026-07-01,10,Stockholm,Salad,228.0,37.0,On time,Returning
112609,2026-08-11,10,Uppsala,Pizza,263.0,35.0,On time,Returning
106292,2026-05-18,12,Malmö,Pizza,268.0,17.0,On time,Returning
103804,2026-04-15,13,Göteborg,Pizza,243.0,44.0,On time,New
101218,2026-03-11,10,Stockholm,Pizza,220.0,38.0,On time,Returning
104720,2026-04-27,12,Uppsala,Pizza,345.0,31.0,On time,Returning
100871,2026-03-06,13,Uppsala,Pizza,335.0,30.0,On time,New
105831,2026-05-12,20,Malmö,Kebab,331.0,42.0,On time,Returning
104470,2026-04-24,18,Stockholm,Pizza,194.0,33.0,On time,Returning
100751,2026-03-05,12,Göteborg,Pizza,209.0,67.0,Late,Returning
108082,2026-06-12,18,Göteborg,Kebab,323.0,42.0,On time,Returning
111921,2026-08-02,13,Malmö,Burgers,246.0,24.0,On time,New
112043,2026-08-04,12,Stockholm,Pizza,171.0,46.0,Late,Returning
109763,2026-07-05,15,Stockholm,Thai,322.0,41.0,On time,New
101951,2026-03-21,11,Lund,Sushi,214.0,38.0,On time,New
104230,2026-04-20,11,Uppsala,Thai,262.0,49.0,Late,Returning
102282,2026-03-26,20,Stockholm,Thai,269.0,24.0,On time,Returning
102538,2026-03-29,19,Stockholm,Sushi,297.0,45.0,On time,New
101489,2026-03-15,13,Stockholm,Sushi,231.0,29.0,On time,New
100629,2026-03-03,12,Stockholm,Salad,270.0,28.0,On time,Returning
109680,2026-07-04,22,Göteborg,Burgers,291.0,41.0,On time,New
112899,2026-08-15,18,Uppsala,Indian,224.0,38.0,On time,Returning
107456,2026-06-03,11,Stockholm,Salad,241.0,38.0,On time,New
112274,2026-08-07,12,Malmö,Vegan,271.0,41.0,On time,Returning
108053,2026-06-11,22,Malmö,Indian,228.0,29.0,On time,New
108947,2026-06-23,19,Uppsala,Thai,223.0,30.0,On time,New
102165,2026-03-24,17,Malmö,Indian,267.0,37.0,On time,Returning
111290,2026-07-25,14,Stockholm,Kebab,221.0,38.0,On time,New
104726,2026-04-27,20,Lund,Vegan,220.0,32.0,On time,Returning
102651,2026-03-31,13,Göteborg,Pizza,355.0,45.0,On time,Returning
110379,2026-07-13,18,Stockholm,Indian,398.0,37.0,On time,Returning
108944,2026-06-23,13,Malmö,Kebab,336.0,29.0,On time,Returning
108572,2026-06-18,15,Stockholm,Thai,327.0,54.0,Late,New
106647,2026-05-23,13,Malmö,Sushi,301.0,43.0,On time,New
102554,2026-03-29,12,Uppsala,Pizza,248.0,27.0,On time,Returning
104009,2026-04-18,12,Stockholm,Kebab,330.0,24.0,On time,Returning
103713,2026-04-13,17,Malmö,Burgers,318.0,39.0,On time,Returning
108483,2026-06-17,11,Göteborg,Pizza,202.0,35.0,On time,Returning
102075,2026-03-23,14,Stockholm,Kebab,274.0,35.0,On time,Returning
112731,2026-08-13,13,Malmö,Vegan,188.0,31.0,On time,Returning
102606,2026-03-30,21,Stockholm,Kebab,266.0,24.0,On time,Returning
105610,2026-05-09,13,Stockholm,Kebab,277.0,46.0,Late,New
103623,2026-04-12,11,Malmö,Pizza,248.0,36.0,On time,Returning
107445,2026-06-03,10,Stockholm,Salad,177.0,39.0,On time,Returning
105101,2026-05-03,18,Göteborg,Pizza,129.0,45.0,On time,New
100150,2026-02-25,11,Göteborg,Indian,413.0,34.0,On time,New
110902,2026-07-20,10,Stockholm,Indian,272.0,24.0,On time,Returning
111263,2026-07-25,17,Stockholm,Pizza,321.0,41.0,On time,Returning
112774,2026-08-14,17,Göteborg,Pizza,179.0,26.0,On time,Returning
110940,2026-07-20,11,Malmö,Thai,252.0,34.0,On time,New
103325,2026-04-09,12,Göteborg,Burgers,274.0,46.0,Late,Returning
100342,2026-02-27,20,Malmö,Kebab,254.0,38.0,On time,Returning
107182,2026-05-31,21,Göteborg,Burgers,195.0,36.0,On time,Returning
113329,2026-08-21,19,Malmö,Vegan,245.0,39.0,On time,Returning
108754,2026-06-20,17,Uppsala,Salad,260.0,45.0,On time,Returning
105920,2026-05-14,18,Göteborg,Sushi,216.0,33.0,On time,New
111689,2026-07-30,14,Uppsala,Pizza,310.0,27.0,On time,New
102181,2026-03-24,13,Uppsala,Kebab,199.0,51.0,Late,Returning
107664,2026-06-06,20,Stockholm,Indian,225.0,39.0,On time,Returning
102243,2026-03-25,17,Uppsala,Indian,271.0,38.0,On time,Returning
101901,2026-03-21,12,Stockholm,Pizza,306.0,30.0,On time,New
106284,2026-05-18,18,Stockholm,Thai,237.0,42.0,On time,Returning
104399,2026-04-23,19,Stockholm,Sushi,324.0,52.0,Late,New
109071,2026-06-25,23,Malmö,Salad,218.0,41.0,On time,Returning
102730,2026-04-01,17,Göteborg,Kebab,236.0,31.0,On time,Returning
108883,2026-06-22,12,Malmö,Salad,241.0,44.0,On time,Returning
112800,2026-08-14,19,Malmö,Pizza,246.0,47.0,Late,Returning
112098,2026-08-05,9,Stockholm,Sushi,278.0,18.0,On time,Returning
111389,2026-07-26,13,Stockholm,Pizza,205.0,41.0,On time,Returning
105567,2026-05-09,20,Göteborg,Sushi,210.0,27.0,On time,Returning
108392,2026-06-15,9,Uppsala,Indian,274.0,34.0,On time,Returning
103138,2026-04-06,17,Stockholm,Kebab,247.0,28.0,On time,New
106379,2026-05-20,11,Göteborg,Pizza,303.0,42.0,On time,Returning
105954,2026-05-14,13,Stockholm,Burgers,298.0,36.0,On time,Returning
107246,2026-05-31,20,Malmö,Pizza,272.0,36.0,On time,New
106354,2026-05-19,16,Malmö,Indian,287.0,15.0,On time,New
111147,2026-07-23,19,Malmö,Pizza,172.0,38.0,On time,Returning
103843,2026-04-15,18,Malmö,Thai,335.0,26.0,On time,Returning
104563,2026-04-25,21,Stockholm,Pizza,285.0,24.0,On time,Returning
110445,2026-07-14,9,Stockholm,Burgers,222.0,26.0,On time,Returning
103848,2026-04-15,14,Uppsala,Pizza,288.0,57.0,Late,Returning
104478,2026-04-24,12,Stockholm,Pizza,315.0,34.0,On time,Returning
107348,2026-06-02,21,Göteborg,Thai,290.0,40.0,On time,Returning
106028,2026-05-15,12,Stockholm,Sushi,286.0,40.0,On time,Returning
112620,2026-08-11,18,Lund,Pizza,356.0,38.0,On time,New
107352,2026-06-02,12,Stockholm,Indian,213.0,32.0,On time,Returning
101895,2026-03-21,9,Göteborg,Pizza,173.0,42.0,On time,Returning
108514,2026-06-17,12,Stockholm,Thai,241.0,36.0,On time,New
103307,2026-04-08,14,Malmö,Kebab,248.0,59.0,Late,Returning
106819,2026-05-25,13,Uppsala,Indian,243.0,26.0,On time,New
106876,2026-05-26,15,Stockholm,Sushi,232.0,39.0,On time,Returning
100985,2026-03-08,21,Stockholm,Indian,217.0,51.0,Late,Returning
101420,2026-03-14,21,Stockholm,Pizza,308.0,44.0,On time,Returning
109671,2026-07-04,11,Göteborg,Kebab,272.0,27.0,On time,New
111169,2026-07-24,11,Göteborg,Pizza,335.0,41.0,On time,Returning
108244,2026-06-14,19,Göteborg,Salad,248.0,51.0,Late,Returning
105076,2026-05-02,12,Uppsala,Thai,330.0,22.0,On time,Returning
107047,2026-05-29,11,Göteborg,Vegan,256.0,43.0,On time,Returning
107797,2026-06-07,11,Uppsala,Vegan,243.0,20.0,On time,New
100595,2026-03-02,14,Uppsala,Burgers,279.0,33.0,On time,New
103332,2026-04-09,21,Göteborg,Burgers,224.0,40.0,On time,New
105492,2026-05-08,12,Göteborg,Pizza,89.0,27.0,On time,Returning
103489,2026-04-11,12,Göteborg,Burgers,190.0,41.0,On time,Returning
109683,2026-07-04,20,Göteborg,Thai,214.0,40.0,On time,Returning
105804,2026-05-12,11,Göteborg,Burgers,164.0,24.0,On time,New
102660,2026-03-31,22,Göteborg,Pizza,280.0,20.0,On time,Returning
107343,2026-06-02,18,Göteborg,Thai,327.0,33.0,On time,New
112032,2026-08-04,18,Stockholm,Kebab,293.0,30.0,On time,New
107846,2026-06-08,9,Malmö,Thai,250.0,30.0,On time,New
113500,2026-08-23,20,Malmö,Pizza,248.0,41.0,On time,Returning
102168,2026-03-24,18,Malmö,Indian,222.0,31.0,On time,Returning
106095,2026-05-16,17,Stockholm,Indian,89.0,43.0,On time,Returning
110058,2026-07-09,18,Stockholm,Vegan,363.0,30.0,On time,New
108810,2026-06-21,18,Stockholm,Burgers,178.0,37.0,Unknown,Returning
108982,2026-06-24,15,Stockholm,Sushi,295.0,32.0,On time,Returning
100597,2026-03-02,17,Uppsala,Sushi,235.0,30.0,On time,New
110361,2026-07-13,10,Stockholm,Burgers,270.0,38.0,On time,Returning
104170,2026-04-20,20,Göteborg,Sushi,192.0,30.0,On time,Returning
104627,2026-04-26,12,Stockholm,Indian,269.0,23.0,On time,Returning
102777,2026-04-01,13,Malmö,Kebab,276.0,34.0,On time,New
103794,2026-04-14,13,Lund,Thai,351.0,33.0,On time,Returning
100619,2026-03-03,18,Göteborg,Kebab,247.0,47.0,Late,Returning
109396,2026-06-29,18,Lund,Kebab,160.0,53.0,Late,Returning
112034,2026-08-04,11,Stockholm,Thai,264.0,36.0,On time,New
107618,2026-06-06,18,Göteborg,Burgers,186.0,40.0,On time,New
102848,2026-04-02,11,Malmö,Burgers,284.0,36.0,On time,Returning
102074,2026-03-23,18,Stockholm,Vegan,305.0,38.0,On time,Returning
108019,2026-06-11,12,Stockholm,Sushi,296.0,43.0,On time,Returning
109729,2026-07-04,20,Uppsala,Vegan,243.0,41.0,On time,Returning
106938,2026-05-27,17,Stockholm,Indian,377.0,28.0,On time,Returning
112164,2026-08-06,14,Göteborg,Kebab,220.0,29.0,On time,Returning
104080,2026-04-19,14,Göteborg,Sushi,291.0,15.0,On time,New
110855,2026-07-19,14,Stockholm,Pizza,249.0,22.0,On time,New
112683,2026-08-12,17,Lund,Kebab,304.0,39.0,On time,Returning
104325,2026-04-22,21,Stockholm,Pizza,201.0,37.0,On time,New
105921,2026-05-14,18,Göteborg,Indian,321.0,29.0,On time,Returning
106828,2026-05-25,20,Lund,Indian,224.0,39.0,On time,Returning
112697,2026-08-13,19,Göteborg,Pizza,242.0,39.0,On time,Returning
108475,2026-06-16,9,Lund,Indian,236.0,39.0,On time,Returning
102355,2026-03-27,18,Stockholm,Pizza,231.0,33.0,On time,New
108385,2026-06-15,10,Malmö,Pizza,191.0,41.0,On time,New
112824,2026-08-15,11,Göteborg,Indian,291.0,33.0,On time,New
102319,2026-03-26,16,Lund,Indian,251.0,35.0,On time,Returning
112771,2026-08-14,13,Göteborg,Sushi,224.0,31.0,On time,New
107595,2026-06-05,14,Malmö,Burgers,209.0,36.0,On time,New
103964,2026-04-17,13,Stockholm,Vegan,200.0,37.0,On time,New
108355,2026-06-15,14,Stockholm,Pizza,255.0,51.0,Late,Returning
101421,2026-03-14,14,Stockholm,Thai,186.0,31.0,On time,New
103690,2026-04-13,19,Stockholm,Indian,309.0,34.0,On time,New
103376,2026-04-09,21,Malmö,Sushi,264.0,25.0,On time,New
108330,2026-06-15,19,Göteborg,Indian,309.0,23.0,On time,New
101844,2026-03-20,15,Stockholm,Salad,179.0,22.0,On time,Returning
108332,2026-06-15,11,Göteborg,Burgers,244.0,20.0,On time,Returning
104550,2026-04-25,12,Stockholm,Burgers,208.0,24.0,On time,Returning
105122,2026-05-03,18,Stockholm,Thai,165.0,35.0,On time,Returning
111488,2026-07-27,13,Lund,Pizza,276.0,39.0,On time,Returning
111073,2026-07-22,13,Stockholm,Burgers,303.0,37.0,Unknown,Returning
104993,2026-05-01,12,Malmö,Burgers,282.0,36.0,On time,Returning
103541,2026-04-11,12,Uppsala,Burgers,312.0,38.0,On time,Returning
100074,2026-02-23,17,Lund,Indian,290.0,31.0,On time,Returning
107031,2026-05-29,14,Göteborg,Sushi,261.0,32.0,On time,Returning
110883,2026-07-19,12,Lund,Indian,280.0,46.0,Late,Returning
104221,2026-04-20,10,Malmö,Indian,323.0,39.0,On time,Returning
102987,2026-04-04,19,Malmö,Indian,250.0,29.0,On time,Returning
103471,2026-04-10,22,Uppsala,Burgers,293.0,45.0,On time,Returning
108912,2026-06-23,17,Göteborg,Salad,226.0,18.0,On time,New
113395,2026-08-22,17,Stockholm,Pizza,241.0,39.0,On time,Returning
104378,2026-04-22,19,Lund,Pizza,368.0,37.0,Unknown,New
102534,2026-03-29,12,Stockholm,Pizza,252.0,47.0,Late,New
101300,2026-03-12,19,Malmö,Burgers,308.0,40.0,On time,New
106703,2026-05-24,13,Stockholm,Vegan,213.0,34.0,On time,Returning
104304,2026-04-21,17,Lund,Thai,296.0,23.0,On time,Returning
105466,2026-05-07,20,Malmö,Burgers,245.0,35.0,On time,New
101219,2026-03-11,17,Stockholm,Sushi,302.0,34.0,On time,Returning
102883,2026-04-03,12,Stockholm,Pizza,275.0,46.0,Late,Returning
108529,2026-06-17,13,Malmö,Burgers,262.0,35.0,On time,New
102348,2026-03-27,13,Stockholm,Vegan,300.0,20.0,On time,New
109716,2026-07-04,17,Malmö,Salad,332.0,47.0,Late,Returning
109215,2026-06-27,12,Stockholm,Salad,253.0,27.0,On time,New
108666,2026-06-19,11,Malmö,Kebab,196.0,34.0,On time,Returning
107750,2026-06-07,16,Stockholm,Vegan,271.0,41.0,On time,Returning
100419,2026-02-28,22,Malmö,Burgers,310.0,42.0,On time,Returning
104224,2026-04-20,12,Uppsala,Sushi,272.0,26.0,On time,New
103050,2026-04-05,21,Stockholm,Pizza,271.0,40.0,On time,New
105961,2026-05-14,19,Unknown,Burgers,218.0,27.0,On time,New
111704,2026-07-31,18,Göteborg,Burgers,146.0,39.0,On time,New
110631,2026-07-16,16,Uppsala,Indian,270.0,56.0,Late,Returning
108300,2026-06-14,18,Uppsala,Thai,372.0,39.0,On time,Returning
106440,2026-05-20,19,Lund,Salad,183.0,37.0,On time,Returning
109677,2026-07-04,20,Göteborg,Kebab,252.0,36.0,On time,Returning
105461,2026-05-07,19,Malmö,Pizza,305.0,33.0,On time,Returning
105722,2026-05-10,12,Uppsala,Kebab,361.0,38.0,On time,Returning
111128,2026-07-23,18,Stockholm,Kebab,283.0,40.0,On time,Returning
108758,2026-06-20,17,Lund,Indian,292.0,32.0,On time,Returning
104176,2026-04-20,19,Göteborg,Sushi,250.0,38.0,On time,New
106173,2026-05-17,13,Stockholm,Pizza,252.0,53.0,Late,Returning
102866,2026-04-03,14,Göteborg,Pizza,225.0,35.0,On time,New
107285,2026-06-01,18,Stockholm,Pizza,304.0,49.0,Late,Returning
105595,2026-05-09,12,Stockholm,Kebab,254.0,32.0,On time,New
105573,2026-05-09,17,Göteborg,Indian,208.0,45.0,On time,Returning
105800,2026-05-12,18,Göteborg,Kebab,264.0,56.0,Late,Returning
104186,2026-04-20,19,Göteborg,Pizza,166.0,53.0,Late,Returning
100227,2026-02-26,18,Göteborg,Burgers,308.0,30.0,On time,New
107672,2026-06-06,14,Stockholm,Kebab,255.0,29.0,On time,New
100388,2026-02-28,14,Stockholm,Salad,199.0,40.0,On time,Returning
103194,2026-04-07,19,Göteborg,Pizza,247.0,39.0,On time,New
103584,2026-04-12,19,Stockholm,Sushi,306.0,35.0,On time,Returning
103797,2026-04-14,12,Lund,Sushi,244.0,24.0,On time,Returning
110038,2026-07-09,18,Göteborg,Kebab,343.0,40.0,On time,Returning
103665,2026-04-13,20,Göteborg,Vegan,89.0,51.0,Late,Returning
103366,2026-04-09,9,Stockholm,Burgers,285.0,41.0,On time,Returning
101358,2026-03-13,14,Stockholm,Pizza,288.0,28.0,On time,Returning
103493,2026-04-11,18,Göteborg,Kebab,290.0,41.0,On time,Returning
110961,2026-07-21,20,Göteborg,Burgers,284.0,55.0,Late,New
108281,2026-06-14,21,Stockholm,Burgers,264.0,31.0,On time,New
104174,2026-04-20,11,Göteborg,Pizza,334.0,44.0,On time,Returning
109539,2026-07-02,19,Göteborg,Indian,282.0,43.0,On time,Returning
107169,2026-05-30,11,Uppsala,Salad,270.0,36.0,On time,Returning
104760,2026-04-28,20,Stockholm,Sushi,225.0,50.0,Late,Returning
106453,2026-05-21,22,Göteborg,Pizza,314.0,44.0,On time,Returning
104631,2026-04-26,21,Stockholm,Salad,299.0,29.0,On time,New
103092,2026-04-05,11,Malmö,Pizza,228.0,36.0,On time,New
110875,2026-07-19,20,Uppsala,Thai,179.0,42.0,On time,New
112547,2026-08-10,20,Malmö,Pizza,217.0,38.0,On time,New
104240,2026-04-21,12,Göteborg,Sushi,295.0,50.0,Late,Returning
112342,2026-08-08,18,Stockholm,Salad,252.0,55.0,Late,Returning
103300,2026-04-08,19,Stockholm,Kebab,243.0,39.0,On time,New
111864,2026-08-02,18,Göteborg,Kebab,207.0,28.0,On time,New
107500,2026-06-04,11,Göteborg,Thai,221.0,37.0,On time,Returning
101399,2026-03-14,19,Stockholm,Thai,235.0,45.0,On time,New
113137,2026-08-18,14,Lund,Burgers,269.0,35.0,On time,New
106954,2026-05-27,13,Malmö,Sushi,235.0,29.0,On time,New
111141,2026-07-23,19,Stockholm,Thai,194.0,46.0,Late,New
106504,2026-05-21,21,Malmö,Burgers,255.0,21.0,On time,Returning
108038,2026-06-11,12,Stockholm,Pizza,308.0,36.0,On time,New
100014,2026-02-23,11,Göteborg,Thai,211.0,37.0,On time,Returning
112003,2026-08-03,13,Lund,Sushi,270.0,47.0,Late,New
108016,2026-06-11,14,Göteborg,Sushi,262.0,38.0,On time,Returning
109373,2026-06-29,11,Stockholm,Pizza,294.0,47.0,Late,Returning
111407,2026-07-26,17,Uppsala,Vegan,254.0,28.0,On time,Returning
102573,2026-03-30,12,Göteborg,Thai,218.0,37.0,On time,Returning
111960,2026-08-03,18,Göteborg,Pizza,261.0,40.0,On time,Returning
102082,2026-03-23,12,Stockholm,Thai,261.0,30.0,On time,Returning
102779,2026-04-01,17,Uppsala,Sushi,302.0,40.0,On time,Returning
105746,2026-05-11,10,Göteborg,Pizza,257.0,27.0,On time,Returning
112350,2026-08-08,13,Stockholm,Pizza,343.0,34.0,On time,New
103722,2026-04-13,21,Lund,Salad,239.0,29.0,On time,Returning
110413,2026-07-13,11,Lund,Burgers,219.0,22.0,On time,New
108197,2026-06-13,20,Malmö,Burgers,251.0,32.0,On time,Returning
105974,2026-05-14,10,Malmö,Salad,272.0,33.0,On time,New
109249,2026-06-27,14,Lund,Thai,282.0,40.0,On time,Returning
110039,2026-07-09,16,Göteborg,Kebab,271.0,29.0,On time,Returning
111857,2026-08-02,20,Göteborg,Thai,287.0,31.0,On time,Returning
100831,2026-03-06,19,Stockholm,Sushi,203.0,45.0,On time,New
112356,2026-08-08,9,Stockholm,Burgers,238.0,40.0,On time,Returning
110949,2026-07-20,12,Uppsala,Kebab,344.0,28.0,On time,Returning
105354,2026-05-06,18,Göteborg,Burgers,300.0,28.0,On time,Returning
110097,2026-07-09,13,Uppsala,Kebab,152.0,43.0,On time,Returning
100245,2026-02-26,11,Stockholm,Thai,289.0,28.0,On time,Returning
112712,2026-08-13,17,Stockholm,Sushi,280.0,33.0,On time,Returning
108050,2026-06-11,18,Malmö,Pizza,164.0,49.0,Late,Returning
113028,2026-08-17,19,Stockholm,Pizza,163.0,39.0,On time,Returning
110882,2026-07-19,17,Lund,Pizza,221.0,24.0,On time,Returning
113250,2026-08-20,15,Stockholm,Pizza,294.0,38.0,On time,Returning
104797,2026-04-28,13,Lund,Thai,240.0,39.0,On time,Returning
104528,2026-04-25,13,Göteborg,Pizza,336.0,52.0,Late,Returning
109209,2026-06-27,13,Stockholm,Pizza,233.0,34.0,On time,Returning
105968,2026-05-14,11,Malmö,Sushi,178.0,38.0,On time,New
108559,2026-06-18,10,Stockholm,Sushi,204.0,43.0,On time,Returning
112707,2026-08-13,21,Stockholm,Kebab,256.0,30.0,On time,Returning
110841,2026-07-19,17,Stockholm,Salad,251.0,28.0,On time,New
106758,2026-05-25,19,Göteborg,Kebab,159.0,33.0,On time,Returning
100854,2026-03-06,13,Malmö,Salad,234.0,28.0,On time,Returning
105347,2026-05-06,11,Göteborg,Kebab,194.0,28.0,On time,Returning
110290,2026-07-12,21,Stockholm,Pizza,204.0,31.0,On time,Returning
110698,2026-07-17,12,Uppsala,Thai,263.0,22.0,On time,Returning
110728,2026-07-18,11,Stockholm,Burgers,291.0,30.0,On time,Returning
102416,2026-03-28,20,Göteborg,Pizza,267.0,45.0,On time,New
109275,2026-06-28,19,Stockholm,Pizza,169.0,38.0,On time,Returning
105706,2026-05-10,12,Malmö,Pizza,274.0,44.0,On time,Returning
102157,2026-03-24,12,Stockholm,Burgers,223.0,37.0,On time,New
111207,2026-07-24,11,Stockholm,Pizza,260.0,47.0,Late,Returning
104494,2026-04-24,10,Malmö,Vegan,199.0,28.0,On time,New
113134,2026-08-18,15,Lund,Sushi,255.0,45.0,On time,Returning
101831,2026-03-20,17,Göteborg,Thai,262.0,37.0,On time,New
106527,2026-05-22,11,Göteborg,Sushi,247.0,33.0,On time,Returning
100137,2026-02-24,19,Uppsala,Pizza,319.0,43.0,On time,Returning
103992,2026-04-18,17,Göteborg,Salad,256.0,42.0,On time,Returning
108145,2026-06-13,9,Göteborg,Kebab,261.0,38.0,On time,Returning
111560,2026-07-28,13,Lund,Burgers,276.0,41.0,On time,Returning
107903,2026-06-09,12,Stockholm,Indian,281.0,43.0,On time,Returning
105019,2026-05-02,12,Göteborg,Pizza,254.0,45.0,On time,Returning
100229,2026-02-26,10,Göteborg,Pizza,257.0,32.0,On time,New
112113,2026-08-05,18,Stockholm,Pizza,256.0,54.0,Late,Returning
103409,2026-04-10,20,Göteborg,Pizza,237.0,42.0,On time,Returning
100936,2026-03-07,12,Malmö,Pizza,208.0,37.0,On time,Returning
111292,2026-07-25,20,Stockholm,Pizza,309.0,22.0,On time,New
100826,2026-03-06,22,Stockholm,Pizza,249.0,40.0,On time,Returning
104692,2026-04-27,12,Stockholm,Indian,286.0,43.0,On time,Returning
108844,2026-06-21,13,Lund,Pizza,348.0,37.0,On time,Returning
101189,2026-03-11,12,Göteborg,Burgers,265.0,26.0,On time,New
101600,2026-03-16,13,Malmö,Pizza,200.0,47.0,Late,Returning
101271,2026-03-12,17,Stockholm,Vegan,370.0,25.0,On time,New
103379,2026-04-09,18,Malmö,Burgers,235.0,15.0,On time,Returning
101201,2026-03-11,9,Stockholm,Burgers,303.0,47.0,Late,New
101955,2026-03-21,9,Lund,Burgers,274.0,52.0,Late,Returning
104361,2026-04-22,11,Malmö,Salad,281.0,15.0,On time,Returning
110427,2026-07-14,14,Göteborg,Thai,234.0,45.0,On time,Returning
113190,2026-08-19,19,Malmö,Vegan,307.0,43.0,On time,Returning
110779,2026-07-18,12,Malmö,Thai,280.0,25.0,On time,Returning
112269,2026-08-07,11,Malmö,Indian,310.0,30.0,On time,New
111403,2026-07-26,11,Malmö,Pizza,287.0,23.0,On time,New
112194,2026-08-06,20,Stockholm,Thai,152.0,46.0,Late,Returning
112190,2026-08-06,13,Stockholm,Burgers,201.0,27.0,On time,Returning
105375,2026-05-06,19,Stockholm,Kebab,325.0,28.0,On time,Returning
105141,2026-05-03,18,Stockholm,Sushi,269.0,30.0,On time,Returning
106633,2026-05-23,17,Stockholm,Vegan,302.0,39.0,On time,Returning
109779,2026-07-05,13,Stockholm,Pizza,313.0,53.0,Late,Returning
100502,2026-03-01,9,Stockholm,Burgers,321.0,24.0,On time,Returning
105872,2026-05-13,13,Stockholm,Kebab,209.0,27.0,On time,Returning
108026,2026-06-11,12,Stockholm,Vegan,171.0,35.0,On time,New
112521,2026-08-10,11,Unknown,Thai,215.0,39.0,On time,Returning
100475,2026-03-01,12,Stockholm,Vegan,321.0,32.0,On time,Returning
108444,2026-06-16,12,Stockholm,Indian,291.0,29.0,On time,Returning
106785,2026-05-25,14,Stockholm,Sushi,228.0,43.0,On time,Returning
104702,2026-04-27,18,Stockholm,Pizza,278.0,42.0,On time,Returning
111268,2026-07-25,20,Stockholm,Sushi,303.0,42.0,On time,Returning
106503,2026-05-21,20,Malmö,Pizza,198.0,39.0,On time,Returning
108598,2026-06-18,11,Uppsala,Sushi,301.0,38.0,On time,New
107024,2026-05-28,17,Uppsala,Pizza,172.0,23.0,On time,Returning
102659,2026-03-31,17,Göteborg,Indian,280.0,40.0,On time,Returning
106349,2026-05-19,14,Malmö,Salad,271.0,42.0,On time,New
102802,2026-04-02,16,Göteborg,Sushi,269.0,35.0,On time,Returning
101012,2026-03-08,15,Stockholm,Pizza,319.0,25.0,On time,Returning
101914,2026-03-21,20,Stockholm,Burgers,226.0,54.0,Late,New
104480,2026-04-24,20,Stockholm,Pizza,309.0,36.0,On time,Returning
105983,2026-05-14,15,Uppsala,Sushi,187.0,38.0,On time,Returning
103281,2026-04-08,18,Stockholm,Pizza,256.0,31.0,On time,New
103038,2026-04-05,12,Stockholm,Pizza,211.0,37.0,On time,New
101427,2026-03-14,12,Stockholm,Indian,306.0,48.0,Late,New
108123,2026-06-12,17,Malmö,Sushi,305.0,45.0,On time,New
107881,2026-06-09,17,Unknown,Pizza,345.0,38.0,On time,New
111544,2026-07-28,18,Malmö,Burgers,227.0,37.0,On time,Returning
109057,2026-06-25,20,Stockholm,Salad,291.0,39.0,On time,Returning
105144,2026-05-03,11,Stockholm,Burgers,285.0,27.0,On time,New
101207,2026-03-11,11,Stockholm,Thai,248.0,30.0,On time,Returning
100904,2026-03-07,19,Stockholm,Burgers,317.0,40.0,On time,New
109786,2026-07-05,12,Stockholm,Pizza,279.0,25.0,On time,Returning
100554,2026-03-02,20,Göteborg,Pizza,237.0,22.0,On time,Returning
101876,2026-03-20,15,Lund,Kebab,190.0,32.0,On time,New
101189,2026-03-11,12,Göteborg,Burgers,265.0,37.0,Unknown,New
103575,2026-04-12,16,Göteborg,Thai,273.0,42.0,On time,Returning
100689,2026-03-04,17,Göteborg,Burgers,257.0,26.0,On time,New
108612,2026-06-19,12,Göteborg,Thai,281.0,39.0,On time,Returning
102047,2026-03-23,19,Göteborg,Pizza,245.0,54.0,Late,New
109620,2026-07-03,22,Stockholm,Indian,155.0,20.0,On time,Returning
104791,2026-04-28,12,Lund,Pizza,222.0,28.0,On time,Returning
102018,2026-03-22,15,Malmö,Kebab,333.0,39.0,On time,Returning
102521,2026-03-29,16,Stockholm,Salad,308.0,38.0,On time,New
110580,2026-07-16,13,Stockholm,Salad,167.0,31.0,On time,Returning
102044,2026-03-23,17,Göteborg,Thai,310.0,43.0,On time,New
103497,2026-04-11,12,Stockholm,Salad,224.0,250.0,Unknown,Returning
108182,2026-06-13,14,Stockholm,Pizza,325.0,32.0,On time,Returning
107147,2026-05-30,11,Malmö,Burgers,262.0,54.0,Late,Returning
100467,2026-03-01,19,Göteborg,Thai,227.0,41.0,On time,Returning
112563,2026-08-11,11,Göteborg,Thai,242.0,46.0,Late,New
112668,2026-08-12,13,Malmö,Burgers,313.0,37.0,On time,Returning
104779,2026-04-28,17,Malmö,Pizza,150.0,37.0,On time,Returning
104406,2026-04-23,20,Stockholm,Burgers,306.0,40.0,On time,Returning
112576,2026-08-11,10,Göteborg,Burgers,231.0,36.0,On time,Returning
108951,2026-06-23,21,Uppsala,Sushi,186.0,37.0,Unknown,Returning
104665,2026-04-27,13,Göteborg,Pizza,222.0,51.0,Late,Returning
104520,2026-04-25,18,Göteborg,Thai,250.0,33.0,On time,New
113311,2026-08-21,19,Stockholm,Sushi,274.0,41.0,On time,New
113363,2026-08-22,12,Unknown,Burgers,227.0,59.0,Late,New
105649,2026-05-10,18,Göteborg,Sushi,177.0,30.0,On time,Returning
101650,2026-03-17,10,Stockholm,Vegan,353.0,15.0,On time,New
103774,2026-04-14,13,Malmö,Thai,341.0,41.0,On time,New
105387,2026-05-06,14,Malmö,Kebab,252.0,39.0,On time,New
108260,2026-06-14,11,Stockholm,Burgers,313.0,44.0,On time,Returning
105452,2026-05-07,13,Stockholm,Burgers,236.0,24.0,On time,New
109221,2026-06-27,17,Stockholm,Kebab,261.0,44.0,On time,Returning
102598,2026-03-30,17,Stockholm,Thai,332.0,43.0,On time,New
105627,2026-05-09,18,Malmö,Pizza,208.0,32.0,On time,New
108045,2026-06-11,13,Stockholm,Vegan,271.0,44.0,On time,Returning
104551,2026-04-25,13,Stockholm,Pizza,190.0,31.0,On time,Returning
102214,2026-03-25,12,Stockholm,Indian,289.0,42.0,On time,New
100547,2026-03-02,18,Göteborg,Burgers,272.0,35.0,On time,Returning
108436,2026-06-16,19,Stockholm,Indian,225.0,44.0,On time,Returning
100756,2026-03-05,12,Stockholm,Indian,337.0,55.0,Late,Returning
103962,2026-04-17,15,Stockholm,Sushi,288.0,27.0,On time,Returning
107967,2026-06-10,16,Stockholm,Sushi,278.0,41.0,On time,Returning
100870,2026-03-06,16,Uppsala,Vegan,273.0,20.0,On time,Returning
101698,2026-03-18,12,Göteborg,Kebab,307.0,29.0,On time,Returning
109175,2026-06-27,21,Göteborg,Salad,329.0,37.0,On time,New
107780,2026-06-07,19,Malmö,Thai,203.0,31.0,On time,New
107099,2026-05-30,12,Göteborg,Pizza,354.0,36.0,On time,Returning
100617,2026-03-03,12,Göteborg,Pizza,226.0,31.0,On time,Returning
104191,2026-04-20,15,Stockholm,Sushi,307.0,24.0,On time,Returning
110653,2026-07-17,19,Göteborg,Thai,228.0,45.0,On time,Returning
111665,2026-07-30,10,Stockholm,Indian,186.0,45.0,On time,Returning
113434,2026-08-22,10,Lund,Burgers,306.0,44.0,On time,Returning
105390,2026-05-06,20,Malmö,Burgers,401.0,35.0,On time,Returning
104342,2026-04-22,18,Stockholm,Burgers,217.0,28.0,On time,Returning
102215,2026-03-25,11,Stockholm,Salad,180.0,37.0,On time,Returning
105763,2026-05-11,20,Stockholm,Pizza,180.0,59.0,Late,Returning
111893,2026-08-02,16,Stockholm,Thai,258.0,44.0,On time,Returning
106546,2026-05-22,13,Stockholm,Kebab,221.0,39.0,On time,New
107316,2026-06-01,12,Malmö,Salad,263.0,56.0,Late,New
109942,2026-07-07,19,Malmö,Pizza,231.0,34.0,On time,Returning
103445,2026-04-10,10,Stockholm,Burgers,200.0,41.0,On time,New
101864,2026-03-20,13,Uppsala,Burgers,180.0,31.0,On time,Returning
108906,2026-06-23,12,Göteborg,Burgers,195.0,30.0,On time,Returning
108453,2026-06-16,21,Stockholm,Thai,266.0,47.0,Late,Returning
109338,2026-06-29,18,Göteborg,Sushi,217.0,37.0,On time,Returning
108683,2026-06-19,15,Lund,Indian,270.0,50.0,Late,Returning
100496,2026-03-01,13,Stockholm,Pizza,194.0,36.0,On time,Returning
102749,2026-04-01,11,Stockholm,Kebab,168.0,44.0,On time,Returning
101064,2026-03-09,17,Göteborg,Sushi,169.0,37.0,On time,Returning
100767,2026-03-05,11,Stockholm,Burgers,245.0,44.0,On time,Returning
111508,2026-07-28,13,Göteborg,Pizza,275.0,42.0,On time,Returning
105190,2026-05-03,21,Uppsala,Indian,314.0,47.0,Late,Returning
110376,2026-07-13,9,Stockholm,Kebab,260.0,36.0,On time,New
102758,2026-04-01,16,Stockholm,Burgers,230.0,51.0,Late,Returning
112083,2026-08-05,20,Unknown,Kebab,155.0,52.0,Late,New
103105,2026-04-05,15,Uppsala,Burgers,273.0,31.0,On time,New
110346,2026-07-13,12,Göteborg,Burgers,242.0,19.0,On time,Returning
113502,2026-08-23,17,Malmö,Sushi,249.0,40.0,On time,New
103900,2026-04-16,14,Stockholm,Pizza,227.0,46.0,Late,Returning
112228,2026-08-07,18,Göteborg,Sushi,240.0,47.0,Late,New
107207,2026-05-31,19,Stockholm,Salad,148.0,34.0,On time,Returning
104430,2026-04-23,17,Uppsala,Salad,285.0,57.0,Late,Returning
104441,2026-04-24,12,Unknown,Pizza,314.0,35.0,On time,Returning
103672,2026-04-13,11,Göteborg,Pizza,221.0,37.0,On time,Returning
104310,2026-04-22,18,Göteborg,Pizza,154.0,45.0,On time,New
104008,2026-04-18,13,Stockholm,Pizza,362.0,37.0,On time,Returning
105295,2026-05-05,18,Unknown,Pizza,321.0,32.0,On time,Returning
113430,2026-08-22,18,Lund,Burgers,142.0,59.0,Late,New
103677,2026-04-13,19,Stockholm,Pizza,159.0,43.0,On time,New
105216,2026-05-04,17,Göteborg,Pizza,211.0,36.0,On time,New
102640,2026-03-30,18,Lund,Indian,224.0,46.0,Late,Returning
100520,2026-03-01,18,Uppsala,Burgers,225.0,30.0,On time,Returning
105418,2026-05-07,13,Göteborg,Vegan,234.0,24.0,On time,Returning
103071,2026-04-05,12,Stockholm,Indian,125.0,48.0,Late,New
105467,2026-05-07,11,Malmö,Pizza,344.0,19.0,On time,Returning
111064,2026-07-22,11,Stockholm,Indian,336.0,33.0,On time,New
110332,2026-07-12,13,Uppsala,Sushi,277.0,35.0,On time,Returning
110817,2026-07-19,13,Göteborg,Pizza,326.0,33.0,On time,New
106707,2026-05-24,20,Stockholm,Kebab,158.0,42.0,On time,Returning
104025,2026-04-18,17,Stockholm,Pizza,246.0,41.0,On time,Returning
102406,2026-03-28,16,Göteborg,Pizza,278.0,42.0,On time,Returning
103144,2026-04-06,16,Stockholm,Pizza,213.0,33.0,On time,Returning
111608,2026-07-29,18,Malmö,Pizza,291.0,26.0,On time,Returning
112401,2026-08-09,18,Göteborg,Kebab,284.0,37.0,Unknown,Returning
101493,2026-03-15,12,Stockholm,Indian,307.0,33.0,On time,Returning
105583,2026-05-09,13,Stockholm,Thai,257.0,23.0,On time,New
106967,2026-05-27,12,Uppsala,Burgers,251.0,29.0,On time,Returning
103567,2026-04-12,13,Göteborg,Pizza,324.0,37.0,Unknown,New
102667,2026-03-31,13,Stockholm,Sushi,284.0,39.0,On time,Returning
100176,2026-02-25,13,Stockholm,Pizza,289.0,39.0,On time,New
100572,2026-03-02,17,Stockholm,Sushi,316.0,34.0,On time,New
101776,2026-03-19,12,Stockholm,Vegan,183.0,53.0,Late,Returning
111561,2026-07-29,12,Göteborg,Burgers,293.0,32.0,On time,Returning
111956,2026-08-03,15,Göteborg,Vegan,310.0,41.0,On time,Returning
112818,2026-08-14,18,Lund,Pizza,313.0,37.0,On time,Returning
104812,2026-04-29,13,Stockholm,Pizza,127.0,40.0,On time,New
112225,2026-08-07,11,Göteborg,Vegan,211.0,32.0,On time,New
109316,2026-06-28,19,Uppsala,Pizza,203.0,49.0,Late,New
112272,2026-08-07,13,Malmö,Burgers,303.0,34.0,On time,Returning
105797,2026-05-11,12,Lund,Indian,211.0,21.0,On time,Returning
101874,2026-03-20,20,Lund,Burgers,232.0,45.0,On time,New
107211,2026-05-31,12,Stockholm,Pizza,204.0,41.0,On time,Returning
105589,2026-05-09,12,Stockholm,Burgers,179.0,38.0,On time,Returning
101413,2026-03-14,12,Stockholm,Burgers,235.0,36.0,On time,New
106069,2026-05-16,18,Göteborg,Sushi,323.0,39.0,On time,New
108108,2026-06-12,19,Stockholm,Salad,277.0,42.0,On time,New
109320,2026-06-28,12,Lund,Pizza,281.0,35.0,On time,Returning
108588,2026-06-18,13,Malmö,Burgers,192.0,34.0,On time,Returning
103433,2026-04-10,11,Stockholm,Pizza,223.0,48.0,Late,Returning
110587,2026-07-16,19,Stockholm,Pizza,306.0,39.0,On time,Returning
112587,2026-08-11,11,Stockholm,Indian,237.0,28.0,On time,New
105369,2026-05-06,15,Stockholm,Vegan,184.0,44.0,On time,New
107720,2026-06-07,13,Göteborg,Pizza,114.0,35.0,On time,Returning
104428,2026-04-23,11,Uppsala,Sushi,257.0,28.0,On time,New
110496,2026-07-15,13,Göteborg,Pizza,141.0,45.0,On time,Returning
109820,2026-07-05,11,Lund,Indian,287.0,58.0,Late,Returning
102605,2026-03-30,23,Stockholm,Kebab,254.0,34.0,On time,New
102010,2026-03-22,12,Stockholm,Burgers,225.0,52.0,Late,New
109720,2026-07-04,12,Malmö,Kebab,215.0,43.0,On time,New
106176,2026-05-17,12,Stockholm,Pizza,278.0,43.0,On time,Returning
107851,2026-06-08,20,Uppsala,Pizza,204.0,58.0,Late,New
110329,2026-07-12,12,Uppsala,Pizza,291.0,46.0,Late,Returning
107347,2026-06-02,17,Göteborg,Kebab,281.0,31.0,On time,New
112474,2026-08-09,19,Malmö,Pizza,198.0,37.0,On time,Returning
101511,2026-03-15,14,Stockholm,Pizza,180.0,27.0,On time,New
113108,2026-08-18,11,Stockholm,Vegan,256.0,35.0,On time,New
112157,2026-08-06,20,Unknown,Indian,227.0,39.0,On time,New
104079,2026-04-19,19,Göteborg,Pizza,267.0,21.0,On time,New
104307,2026-04-22,12,Göteborg,Thai,187.0,48.0,Late,New
101962,2026-03-22,17,Göteborg,Thai,263.0,35.0,On time,Returning
109058,2026-06-25,13,Stockholm,Burgers,216.0,50.0,Late,Returning
103587,2026-04-12,12,Stockholm,Sushi,243.0,37.0,On time,New
102435,2026-03-28,11,Stockholm,Burgers,198.0,21.0,On time,Returning
106749,2026-05-24,13,Uppsala,Burgers,363.0,28.0,On time,New
102703,2026-03-31,10,Malmö,Kebab,315.0,28.0,On time,Returning
104959,2026-05-01,18,Stockholm,Sushi,259.0,33.0,On time,Returning
101855,2026-03-20,12,Malmö,Kebab,158.0,42.0,On time,New
105748,2026-05-11,13,Göteborg,Sushi,227.0,36.0,On time,Returning
112658,2026-08-12,12,Stockholm,Burgers,243.0,25.0,On time,New
107808,2026-06-08,20,Göteborg,Thai,290.0,37.0,On time,New
102562,2026-03-29,10,Uppsala,Burgers,247.0,54.0,Late,New
100184,2026-02-25,20,Stockholm,Thai,204.0,28.0,On time,Returning
104394,2026-04-23,16,Göteborg,Thai,219.0,26.0,On time,New
103922,2026-04-16,12,Lund,Pizza,164.0,27.0,On time,New
100216,2026-02-25,10,Lund,Thai,286.0,44.0,On time,New
104989,2026-05-01,11,Malmö,Salad,227.0,26.0,On time,New
100284,2026-02-26,21,Lund,Pizza,217.0,29.0,On time,Returning
106149,2026-05-17,18,Göteborg,Vegan,157.0,43.0,On time,New
105676,2026-05-10,19,Stockholm,Pizza,270.0,26.0,On time,Returning
103306,2026-04-08,20,Malmö,Kebab,310.0,29.0,On time,Returning
113375,2026-08-22,21,Stockholm,Pizza,229.0,35.0,On time,Returning
110408,2026-07-13,21,Uppsala,Indian,267.0,26.0,On time,Returning
100134,2026-02-24,23,Uppsala,Sushi,257.0,35.0,On time,Returning
109689,2026-07-04,11,Stockholm,Kebab,238.0,41.0,On time,New
105434,2026-05-07,17,Stockholm,Kebab,249.0,31.0,On time,Returning
112626,2026-08-12,13,Göteborg,Burgers,224.0,45.0,On time,Returning
104458,2026-04-24,19,Stockholm,Thai,227.0,25.0,On time,New
105682,2026-05-10,12,Stockholm,Thai,233.0,32.0,On time,Returning
106057,2026-05-16,21,Göteborg,Pizza,417.0,43.0,On time,Returning
105584,2026-05-09,10,Stockholm,Sushi,277.0,34.0,On time,New
106996,2026-05-28,12,Stockholm,Vegan,307.0,32.0,On time,Returning
112424,2026-08-09,17,Stockholm,Pizza,379.0,39.0,On time,Returning
113242,2026-08-20,14,Stockholm,Sushi,313.0,30.0,On time,Returning
108160,2026-06-13,13,Göteborg,Thai,172.0,22.0,On time,Returning
112447,2026-08-09,14,Stockholm,Sushi,192.0,45.0,On time,New
112670,2026-08-12,19,Malmö,Thai,259.0,42.0,On time,Returning
106912,2026-05-27,19,Göteborg,Burgers,164.0,51.0,Late,Returning
107460,2026-06-03,21,Malmö,Sushi,257.0,49.0,Late,New
106659,2026-05-23,18,Malmö,Indian,183.0,47.0,Late,Returning
101491,2026-03-15,20,Stockholm,Burgers,333.0,37.0,On time,Returning
112351,2026-08-08,23,Stockholm,Sushi,147.0,52.0,Late,New
111966,2026-08-03,12,Stockholm,Indian,271.0,20.0,On time,Returning
112178,2026-08-06,20,Stockholm,Vegan,215.0,47.0,Late,Returning
112381,2026-08-08,14,Malmö,Burgers,177.0,29.0,On time,Returning
104297,2026-04-21,14,Uppsala,Thai,150.0,38.0,On time,Returning
104900,2026-04-30,13,Stockholm,Salad,264.0,18.0,On time,Returning
111547,2026-07-28,20,Malmö,Thai,237.0,34.0,On time,New
110760,2026-07-18,19,Stockholm,Pizza,250.0,51.0,Late,Returning
112059,2026-08-04,18,Malmö,Vegan,302.0,39.0,On time,Returning
112548,2026-08-10,13,Malmö,Vegan,310.0,34.0,On time,Returning
112578,2026-08-11,11,Stockholm,Sushi,295.0,31.0,On time,New
111047,2026-07-22,16,Göteborg,Kebab,240.0,43.0,On time,Returning
111534,2026-07-28,17,Stockholm,Pizza,193.0,33.0,On time,Returning
105124,2026-05-03,17,Stockholm,Indian,242.0,33.0,On time,Returning
111139,2026-07-23,19,Stockholm,Kebab,262.0,56.0,Late,Returning
108268,2026-06-14,20,Stockholm,Sushi,287.0,31.0,On time,Returning
104135,2026-04-19,12,Malmö,Kebab,263.0,29.0,On time,Returning
112829,2026-08-15,19,Göteborg,Sushi,276.0,28.0,On time,Returning
104533,2026-04-25,12,Göteborg,Pizza,268.0,42.0,On time,Returning
109593,2026-07-02,23,Uppsala,Burgers,212.0,43.0,On time,Returning
112328,2026-08-08,20,Stockholm,Thai,225.0,42.0,On time,Returning
112892,2026-08-15,19,Uppsala,Burgers,301.0,31.0,On time,New
104121,2026-04-19,9,Stockholm,Burgers,217.0,26.0,On time,Returning
103316,2026-04-08,20,Uppsala,Pizza,307.0,38.0,On time,New
100901,2026-03-07,14,Stockholm,Vegan,214.0,44.0,On time,Returning
100559,2026-03-02,12,Stockholm,Pizza,272.0,23.0,On time,Returning
104385,2026-04-23,17,Göteborg,Kebab,208.0,42.0,On time,Returning
103190,2026-04-07,20,Göteborg,Burgers,272.0,42.0,On time,New
108673,2026-06-19,12,Malmö,Kebab,227.0,42.0,On time,New
107052,2026-05-29,11,Stockholm,Kebab,304.0,49.0,Late,Returning
107249,2026-05-31,13,Uppsala,Sushi,260.0,27.0,On time,Returning
107580,2026-06-05,16,Stockholm,Kebab,225.0,37.0,On time,Returning
106124,2026-05-16,13,Uppsala,Burgers,255.0,41.0,On time,Returning
112561,2026-08-10,14,Lund,Sushi,290.0,31.0,On time,Returning
106079,2026-05-16,12,Stockholm,Pizza,214.0,29.0,On time,New
105167,2026-05-03,15,Malmö,Pizza,374.0,34.0,On time,New
111499,2026-07-28,10,Göteborg,Burgers,311.0,43.0,On time,New
106235,2026-05-18,20,Göteborg,Pizza,218.0,42.0,On time,Returning
103928,2026-04-17,16,Göteborg,Kebab,180.0,27.0,On time,Returning
109509,2026-07-01,19,Malmö,Pizza,116.0,43.0,On time,New
104408,2026-04-23,13,Stockholm,Sushi,138.0,29.0,On time,Returning
102498,2026-03-29,17,Göteborg,Vegan,236.0,33.0,On time,New
102344,2026-03-27,13,Stockholm,Thai,312.0,42.0,On time,New
108693,2026-06-20,19,Göteborg,Thai,196.0,44.0,On time,Returning
103392,2026-04-09,16,Uppsala,Salad,192.0,42.0,On time,Returning
105051,2026-05-02,19,Stockholm,Sushi,281.0,50.0,Late,Returning
105701,2026-05-10,19,Malmö,Pizza,164.0,40.0,On time,Returning
107379,2026-06-02,19,Stockholm,Burgers,326.0,24.0,On time,Returning
112299,2026-08-08,9,Göteborg,Indian,313.0,34.0,On time,Returning
100954,2026-03-07,11,Lund,Thai,238.0,38.0,On time,Returning
108089,2026-06-12,14,Göteborg,Kebab,220.0,38.0,On time,New
110767,2026-07-18,16,Malmö,Sushi,281.0,37.0,On time,New
101426,2026-03-14,13,Stockholm,Salad,297.0,34.0,On time,Returning
111215,2026-07-24,13,Stockholm,Pizza,226.0,33.0,On time,Returning
101767,2026-03-19,11,Stockholm,Pizza,196.0,15.0,On time,Returning
107884,2026-06-09,11,Stockholm,Kebab,313.0,36.0,On time,Returning
106773,2026-05-25,12,Göteborg,Kebab,319.0,25.0,On time,Returning
101091,2026-03-09,10,Stockholm,Pizza,242.0,36.0,On time,Returning
104327,2026-04-22,14,Stockholm,Thai,183.0,37.0,On time,Returning
112089,2026-08-05,13,Göteborg,Thai,309.0,42.0,On time,Returning
100645,2026-03-03,21,Stockholm,Salad,247.0,42.0,On time,Returning
102638,2026-03-30,10,Lund,Pizza,280.0,44.0,On time,New
109584,2026-07-02,18,Malmö,Salad,295.0,37.0,On time,New
105321,2026-05-05,16,Stockholm,Pizza,271.0,47.0,Late,New
108858,2026-06-22,12,Göteborg,Pizza,192.0,49.0,Late,Returning
104451,2026-04-24,10,Göteborg,Sushi,212.0,44.0,On time,Returning
102833,2026-04-02,12,Stockholm,Kebab,216.0,40.0,On time,Returning
112267,2026-08-07,17,Malmö,Pizza,208.0,21.0,On time,Returning
109387,2026-06-29,12,Uppsala,Sushi,344.0,26.0,On time,Returning
107586,2026-06-05,12,Stockholm,Indian,260.0,37.0,On time,Returning
105672,2026-05-10,12,Stockholm,Thai,218.0,22.0,On time,Returning
102519,2026-03-29,12,Stockholm,Pizza,212.0,31.0,On time,New
100304,2026-02-27,14,Göteborg,Pizza,217.0,43.0,On time,New
110289,2026-07-12,11,Stockholm,Pizza,243.0,27.0,On time,Returning
109834,2026-07-06,11,Stockholm,Pizza,173.0,62.0,Late,Returning
109785,2026-07-05,12,Stockholm,Burgers,290.0,44.0,On time,New
106978,2026-05-28,12,Göteborg,Burgers,357.0,48.0,Late,Returning
112910,2026-08-15,12,Lund,Salad,158.0,52.0,Late,New
100864,2026-03-06,9,Uppsala,Kebab,255.0,34.0,On time,New
107404,2026-06-03,13,Göteborg,Indian,171.0,52.0,Late,New
106889,2026-05-26,14,Malmö,Vegan,346.0,34.0,On time,New
104639,2026-04-26,19,Stockholm,Vegan,293.0,29.0,On time,New
104330,2026-04-22,19,Stockholm,Sushi,246.0,39.0,On time,Returning
106620,2026-05-23,22,Stockholm,Salad,265.0,32.0,On time,Returning
109004,2026-06-24,11,Stockholm,Sushi,153.0,43.0,On time,New
102196,2026-03-25,11,Göteborg,Burgers,327.0,32.0,On time,Returning
109039,2026-06-25,12,Stockholm,Indian,248.0,53.0,Late,New
108134,2026-06-12,11,Uppsala,Burgers,383.0,29.0,On time,Returning
113295,2026-08-21,18,Göteborg,Burgers,239.0,35.0,On time,Returning
104367,2026-04-22,18,Uppsala,Indian,232.0,37.0,On time,Returning
106442,2026-05-20,13,Lund,Burgers,297.0,35.0,On time,Returning
105677,2026-05-10,19,Stockholm,Thai,170.0,29.0,On time,Returning
101499,2026-03-15,11,Stockholm,Indian,277.0,30.0,On time,Returning
105887,2026-05-13,11,Stockholm,Pizza,188.0,48.0,Late,Returning
105633,2026-05-09,18,Uppsala,Pizza,259.0,56.0,Late,Returning
108902,2026-06-22,21,Lund,Burgers,284.0,40.0,On time,Returning
105117,2026-05-03,16,Göteborg,Burgers,223.0,27.0,On time,Returning
104450,2026-04-24,11,Göteborg,Pizza,269.0,42.0,On time,Returning
106125,2026-05-16,19,Uppsala,Kebab,217.0,43.0,On time,Returning
109345,2026-06-29,12,Göteborg,Indian,329.0,44.0,On time,New
102751,2026-04-01,21,Stockholm,Burgers,320.0,31.0,On time,Returning
111636,2026-07-30,10,Göteborg,Pizza,296.0,48.0,Late,Returning
107315,2026-06-01,12,Malmö,Burgers,210.0,37.0,Unknown,New
113351,2026-08-22,12,Göteborg,Burgers,242.0,39.0,On time,Returning
109185,2026-06-27,15,Stockholm,Sushi,190.0,38.0,On time,Returning
106452,2026-05-21,11,Göteborg,Burgers,260.0,37.0,On time,Returning
102078,2026-03-23,10,Stockholm,Sushi,210.0,54.0,Late,Returning
110371,2026-07-13,11,Stockholm,Sushi,248.0,30.0,On time,Returning
110962,2026-07-21,11,Göteborg,Sushi,89.0,25.0,On time,Returning
104732,2026-04-28,21,Göteborg,Vegan,168.0,44.0,On time,Returning
104716,2026-04-27,19,Malmö,Burgers,274.0,54.0,Late,New
110380,2026-07-13,14,Stockholm,Sushi,366.0,38.0,On time,Returning
106068,2026-05-16,18,Göteborg,Thai,169.0,17.0,On time,Returning
100641,2026-03-03,21,Stockholm,Pizza,313.0,30.0,On time,Returning
108907,2026-06-23,19,Göteborg,Sushi,292.0,29.0,On time,New
106688,2026-05-24,19,Göteborg,Burgers,174.0,37.0,On time,New
101026,2026-03-08,20,Malmö,Burgers,312.0,21.0,On time,Returning
110922,2026-07-20,10,Stockholm,Pizza,251.0,39.0,On time,Returning
101286,2026-03-12,14,Stockholm,Thai,383.0,32.0,On time,New
103588,2026-04-12,11,Stockholm,Pizza,174.0,26.0,On time,Returning
111438,2026-07-27,12,Unknown,Kebab,191.0,37.0,Unknown,Returning
108023,2026-06-11,15,Stockholm,Burgers,224.0,35.0,On time,Returning
108245,2026-06-14,23,Göteborg,Pizza,173.0,35.0,On time,Returning
111915,2026-08-02,13,Malmö,Kebab,310.0,29.0,On time,Returning
102347,2026-03-27,15,Stockholm,Burgers,224.0,41.0,On time,Returning
108254,2026-06-14,15,Stockholm,Pizza,189.0,28.0,On time,Returning
102016,2026-03-22,17,Malmö,Kebab,230.0,39.0,On time,New
102897,2026-04-03,11,Stockholm,Burgers,289.0,36.0,On time,Returning
111559,2026-07-28,18,Lund,Pizza,280.0,46.0,Late,Returning
101802,2026-03-19,19,Malmö,Burgers,285.0,34.0,On time,Returning
111192,2026-07-24,13,Stockholm,Kebab,338.0,23.0,On time,Returning
104149,2026-04-19,19,Malmö,Indian,315.0,43.0,On time,New
112044,2026-08-04,16,Stockholm,Pizza,193.0,48.0,Late,New
113030,2026-08-17,12,Stockholm,Burgers,288.0,28.0,On time,New
105619,2026-05-09,12,Malmö,Pizza,277.0,37.0,Unknown,Returning
102973,2026-04-04,18,Stockholm,Pizza,233.0,29.0,On time,Returning
108761,2026-06-20,19,Lund,Thai,230.0,38.0,On time,New
108583,2026-06-18,18,Malmö,Kebab,263.0,30.0,On time,New
110460,2026-07-14,15,Stockholm,Thai,89.0,31.0,On time,Returning
103084,2026-04-05,21,Malmö,Burgers,321.0,23.0,On time,Returning
104853,2026-04-29,11,Uppsala,Kebab,157.0,50.0,Late,Returning
101954,2026-03-21,15,Lund,Indian,212.0,33.0,On time,Returning
101490,2026-03-15,11,Stockholm,Sushi,225.0,29.0,On time,New
111286,2026-07-25,11,Stockholm,Kebab,125.0,34.0,On time,Returning
104562,2026-04-25,11,Stockholm,Pizza,204.0,27.0,On time,Returning
106835,2026-05-26,14,Göteborg,Thai,256.0,28.0,On time,Returning
105987,2026-05-14,10,Uppsala,Indian,232.0,31.0,On time,Returning
108821,2026-06-21,19,Malmö,Indian,237.0,35.0,On time,Returning
107674,2026-06-06,18,Stockholm,Burgers,300.0,23.0,On time,Returning
108384,2026-06-15,13,Malmö,Salad,210.0,37.0,On time,New
103726,2026-04-13,17,Lund,Thai,362.0,35.0,On time,Returning
109428,2026-06-30,19,Stockholm,Pizza,256.0,30.0,On time,New
109518,2026-07-01,19,Malmö,Salad,308.0,29.0,On time,New
102275,2026-03-26,21,Stockholm,Salad,286.0,41.0,On time,New
105860,2026-05-13,18,Göteborg,Pizza,191.0,43.0,On time,Returning
104141,2026-04-19,17,Malmö,Burgers,236.0,37.0,On time,New
105910,2026-05-13,18,Uppsala,Kebab,284.0,30.0,On time,Returning
101670,2026-03-17,11,Malmö,Burgers,252.0,39.0,On time,New
110102,2026-07-09,16,Lund,Vegan,192.0,41.0,On time,New
106841,2026-05-26,11,Göteborg,Salad,271.0,45.0,On time,Returning
109492,2026-07-01,12,Stockholm,Pizza,212.0,38.0,On time,Returning
111783,2026-08-01,15,Göteborg,Pizza,329.0,32.0,On time,Returning
103925,2026-04-16,17,Lund,Sushi,277.0,43.0,On time,New
100697,2026-03-04,14,Stockholm,Vegan,251.0,35.0,On time,Returning
103185,2026-04-07,22,Göteborg,Burgers,245.0,41.0,On time,New
107449,2026-06-03,11,Stockholm,Thai,265.0,37.0,Unknown,Returning
110345,2026-07-12,17,Lund,Pizza,245.0,45.0,On time,Returning
106566,2026-05-22,20,Stockholm,Indian,207.0,31.0,On time,New
108486,2026-06-17,9,Göteborg,Kebab,259.0,45.0,On time,Returning
108225,2026-06-13,19,Lund,Burgers,311.0,35.0,On time,Returning
104531,2026-04-25,13,Göteborg,Kebab,215.0,37.0,Unknown,New
101185,2026-03-10,9,Lund,Kebab,198.0,44.0,On time,Returning
102265,2026-03-26,12,Göteborg,Kebab,312.0,43.0,On time,Returning
110316,2026-07-12,16,Malmö,Salad,285.0,31.0,On time,Returning
104265,2026-04-21,18,Stockholm,Pizza,171.0,36.0,On time,Returning
102419,2026-03-28,19,Göteborg,Burgers,197.0,38.0,On time,Returning
105554,2026-05-09,22,Göteborg,Kebab,187.0,30.0,On time,Returning
110750,2026-07-18,17,Stockholm,Sushi,300.0,39.0,On time,Returning
101965,2026-03-22,13,Göteborg,Burgers,183.0,37.0,On time,Returning
103148,2026-04-06,12,Stockholm,Salad,373.0,30.0,On time,New
103589,2026-04-12,20,Stockholm,Pizza,326.0,38.0,On time,Returning
101522,2026-03-15,9,Malmö,Burgers,187.0,43.0,On time,Returning
102546,2026-03-29,20,Malmö,Burgers,269.0,35.0,On time,New
111724,2026-07-31,11,Stockholm,Thai,216.0,41.0,On time,Returning
107879,2026-06-09,19,Stockholm,Burgers,330.0,31.0,On time,Returning
102155,2026-03-24,12,Stockholm,Kebab,225.0,35.0,On time,New
100976,2026-03-08,19,Göteborg,Sushi,355.0,41.0,On time,Returning
104272,2026-04-21,22,Stockholm,Salad,288.0,48.0,Late,New
101516,2026-03-15,12,Stockholm,Pizza,220.0,40.0,On time,Returning
102918,2026-04-03,20,Uppsala,Sushi,243.0,29.0,On time,New
101340,2026-03-13,11,Stockholm,Indian,272.0,27.0,On time,New
104940,2026-05-01,18,Göteborg,Thai,214.0,42.0,On time,Returning
108114,2026-06-12,19,Stockholm,Burgers,267.0,38.0,On time,Returning
100337,2026-02-27,23,Malmö,Burgers,243.0,47.0,Late,Returning
108875,2026-06-22,19,Stockholm,Pizza,250.0,48.0,Late,Returning
101049,2026-03-09,18,Göteborg,Burgers,256.0,29.0,On time,Returning
112870,2026-08-15,14,Stockholm,Burgers,282.0,34.0,On time,Returning
104595,2026-04-26,19,Göteborg,Pizza,202.0,46.0,Late,Returning
108713,2026-06-20,17,Stockholm,Thai,233.0,23.0,On time,Returning
107783,2026-06-07,18,Malmö,Pizza,229.0,44.0,On time,Returning
103836,2026-04-15,11,Malmö,Thai,246.0,32.0,On time,New
112779,2026-08-14,11,Stockholm,Pizza,263.0,50.0,Late,New
112539,2026-08-10,20,Malmö,Indian,326.0,18.0,On time,New
110192,2026-07-11,22,Stockholm,Burgers,227.0,31.0,On time,New
112906,2026-08-15,12,Lund,Salad,275.0,52.0,Late,Returning
100827,2026-03-06,13,Stockholm,Vegan,260.0,24.0,On time,Returning
113139,2026-08-19,12,Göteborg,Sushi,260.0,41.0,On time,Returning
113253,2026-08-20,12,Stockholm,Burgers,208.0,42.0,On time,New
105200,2026-05-04,12,Göteborg,Burgers,253.0,50.0,Late,Returning
102691,2026-03-31,10,Stockholm,Pizza,264.0,46.0,Late,New
101783,2026-03-19,12,Stockholm,Indian,226.0,38.0,On time,Returning
113259,2026-08-20,14,Malmö,Indian,283.0,44.0,On time,Returning
100923,2026-03-07,16,Stockholm,Vegan,287.0,42.0,On time,New
102716,2026-03-31,12,Lund,Pizza,359.0,42.0,On time,Returning
111679,2026-07-30,11,Malmö,Kebab,238.0,50.0,Late,New
100593,2026-03-02,18,Uppsala,Burgers,366.0,48.0,Late,Returning
109943,2026-07-07,20,Malmö,Burgers,279.0,48.0,Late,Returning
111889,2026-08-02,17,Stockholm,Vegan,259.0,35.0,On time,New
103568,2026-04-12,19,Göteborg,Kebab,320.0,26.0,On time,Returning
103909,2026-04-16,20,Malmö,Kebab,265.0,36.0,On time,Returning
103393,2026-04-09,20,Uppsala,Pizza,219.0,56.0,Late,Returning
111522,2026-07-28,13,Stockholm,Burgers,297.0,44.0,On time,Returning
103738,2026-04-14,18,Göteborg,Salad,173.0,23.0,On time,Returning
104605,2026-04-26,13,Göteborg,Indian,315.0,31.0,On time,New
110664,2026-07-17,20,Stockholm,Sushi,368.0,35.0,On time,Returning
109692,2026-07-04,19,Stockholm,Indian,209.0,17.0,On time,Returning
107329,2026-06-01,19,Lund,Thai,260.0,28.0,On time,New
107050,2026-05-29,13,Stockholm,Burgers,145.0,25.0,On time,Returning
111159,2026-07-23,18,Uppsala,Sushi,275.0,37.0,Unknown,Returning
104029,2026-04-18,11,Stockholm,Kebab,342.0,29.0,On time,Returning
110244,2026-07-11,13,Lund,Pizza,183.0,29.0,On time,Returning
105506,2026-05-08,13,Stockholm,Pizza,299.0,46.0,Late,Returning
102952,2026-04-04,13,Stockholm,Kebab,235.0,34.0,On time,Returning
108716,2026-06-20,19,Stockholm,Burgers,270.0,31.0,On time,Returning
100725,2026-03-04,17,Malmö,Pizza,307.0,16.0,On time,New
109602,2026-07-03,15,Göteborg,Burgers,239.0,20.0,On time,New
104539,2026-04-25,11,Stockholm,Thai,223.0,28.0,On time,Returning
101418,2026-03-14,16,Stockholm,Pizza,297.0,33.0,On time,Returning
112086,2026-08-05,11,Göteborg,Vegan,233.0,24.0,On time,Returning
111078,2026-07-22,20,Malmö,Pizza,187.0,56.0,Late,Returning
101342,2026-03-13,12,Stockholm,Burgers,260.0,47.0,Late,New
105147,2026-05-03,20,Stockholm,Kebab,179.0,49.0,Late,New
112672,2026-08-12,12,Malmö,Kebab,328.0,37.0,Unknown,Returning
112598,2026-08-11,23,Stockholm,Burgers,311.0,38.0,On time,Returning
100385,2026-02-28,11,Stockholm,Pizza,297.0,53.0,Late,Returning
105460,2026-05-07,19,Malmö,Thai,286.0,33.0,On time,Returning
107828,2026-06-08,9,Stockholm,Pizza,249.0,27.0,On time,Returning
103288,2026-04-08,21,Stockholm,Pizza,378.0,32.0,On time,New
104086,2026-04-19,12,Göteborg,Thai,249.0,55.0,Late,Returning
112009,2026-08-04,13,Göteborg,Indian,230.0,26.0,On time,Returning
102840,2026-04-02,21,Stockholm,Burgers,225.0,37.0,Unknown,New
102537,2026-03-29,19,Stockholm,Pizza,262.0,28.0,On time,New
111309,2026-07-25,11,Malmö,Thai,310.0,53.0,Late,New
103420,2026-04-10,18,Göteborg,Kebab,254.0,44.0,On time,Returning
108725,2026-06-20,23,Stockholm,Vegan,264.0,32.0,On time,New
109562,2026-07-02,15,Stockholm,Indian,241.0,43.0,On time,Returning
101707,2026-03-18,21,Stockholm,Burgers,275.0,25.0,On time,New
111092,2026-07-22,19,Malmö,Burgers,217.0,37.0,On time,Returning
107220,2026-05-31,18,Stockholm,Burgers,205.0,35.0,On time,New
106084,2026-05-16,13,Stockholm,Thai,196.0,25.0,On time,Returning
107304,2026-06-01,14,Stockholm,Burgers,186.0,47.0,Late,New
100809,2026-03-06,17,Göteborg,Sushi,240.0,31.0,On time,Returning
107043,2026-05-29,20,Göteborg,Pizza,217.0,41.0,On time,Returning
102799,2026-04-02,16,Göteborg,Sushi,242.0,45.0,On time,New
113059,2026-08-17,20,Lund,Burgers,257.0,33.0,On time,Returning
108881,2026-06-22,20,Malmö,Sushi,193.0,41.0,On time,New
106040,2026-05-15,11,Malmö,Sushi,263.0,34.0,On time,Returning
110360,2026-07-13,15,Göteborg,Pizza,365.0,27.0,On time,Returning
101416,2026-03-14,18,Stockholm,Burgers,258.0,27.0,On time,Returning
112680,2026-08-12,12,Uppsala,Kebab,394.0,38.0,On time,Returning
102401,2026-03-28,20,Göteborg,Burgers,221.0,31.0,On time,Returning
112380,2026-08-08,13,Malmö,Kebab,347.0,33.0,On time,Returning
110744,2026-07-18,12,Stockholm,Thai,341.0,34.0,On time,New
110319,2026-07-12,12,Malmö,Kebab,313.0,40.0,On time,Returning
109578,2026-07-02,13,Malmö,Indian,183.0,49.0,Late,Returning
105080,2026-05-02,18,Uppsala,Pizza,264.0,37.0,On time,New
104150,2026-04-19,16,Uppsala,Pizza,211.0,26.0,On time,Returning
112518,2026-08-10,20,Stockholm,Burgers,298.0,48.0,Late,Returning
104002,2026-04-18,14,Stockholm,Pizza,211.0,37.0,On time,New
102941,2026-04-04,18,Göteborg,Sushi,254.0,40.0,On time,Returning
101589,2026-03-16,13,Stockholm,Burgers,151.0,29.0,On time,New
106679,2026-05-24,20,Göteborg,Kebab,273.0,38.0,On time,Returning
111515,2026-07-28,17,Stockholm,Pizza,267.0,42.0,On time,Returning
108235,2026-06-14,16,Göteborg,Pizza,144.0,45.0,On time,Returning
104018,2026-04-18,21,Stockholm,Burgers,317.0,31.0,On time,Returning
106247,2026-05-18,17,Göteborg,Pizza,218.0,38.0,On time,New
108570,2026-06-18,13,Stockholm,Kebab,362.0,53.0,Late,Returning
108198,2026-06-13,19,Malmö,Thai,292.0,24.0,On time,Returning
104530,2026-04-25,17,Göteborg,Pizza,264.0,58.0,Late,Returning
113332,2026-08-21,22,Malmö,Pizza,220.0,47.0,Late,Returning
100203,2026-02-25,10,Malmö,Pizza,252.0,31.0,On time,Returning
105123,2026-05-03,20,Stockholm,Sushi,192.0,24.0,On time,New
102621,2026-03-30,20,Malmö,Kebab,206.0,50.0,Late,Returning
105500,2026-05-08,9,Stockholm,Pizza,261.0,40.0,On time,Returning
107498,2026-06-04,22,Göteborg,Kebab,232.0,36.0,On time,Returning
101456,2026-03-14,13,Lund,Sushi,157.0,30.0,On time,New
102064,2026-03-23,12,Stockholm,Kebab,274.0,42.0,On time,New
106602,2026-05-23,10,Göteborg,Pizza,202.0,42.0,On time,Returning
104701,2026-04-27,11,Stockholm,Kebab,285.0,41.0,On time,New
108547,2026-06-18,19,Göteborg,Thai,225.0,48.0,Late,New
112557,2026-08-10,20,Lund,Pizza,273.0,37.0,On time,Returning
101873,2026-03-20,14,Lund,Burgers,229.0,17.0,On time,New
105161,2026-05-03,18,Stockholm,Sushi,271.0,34.0,On time,New
100129,2026-02-24,17,Malmö,Burgers,280.0,37.0,Unknown,Returning
107701,2026-06-06,20,Uppsala,Burgers,250.0,37.0,On time,New
110950,2026-07-20,21,Uppsala,Sushi,298.0,43.0,On time,Returning
113340,2026-08-21,15,Uppsala,Vegan,276.0,41.0,On time,New
101278,2026-03-12,17,Stockholm,Indian,207.0,39.0,On time,Returning
106980,2026-05-28,14,Unknown,Thai,301.0,43.0,On time,New
109375,2026-06-29,9,Malmö,Thai,251.0,20.0,On time,New
105661,2026-05-10,13,Göteborg,Pizza,258.0,53.0,Late,Returning
109103,2026-06-26,11,Stockholm,Vegan,225.0,33.0,On time,Returning
113169,2026-08-19,11,Unknown,Salad,225.0,16.0,On time,Returning
110108,2026-07-10,20,Göteborg,Pizza,253.0,22.0,On time,New
112759,2026-08-14,18,Göteborg,Kebab,207.0,43.0,On time,New
109022,2026-06-24,13,Lund,Sushi,254.0,34.0,On time,Returning
111315,2026-07-25,18,Malmö,Pizza,248.0,51.0,Late,New
106314,2026-05-19,19,Göteborg,Sushi,294.0,46.0,Late,New
112460,2026-08-09,12,Malmö,Salad,297.0,35.0,On time,Returning
102814,2026-04-02,13,Stockholm,Indian,253.0,50.0,Late,Returning
111057,2026-07-22,18,Stockholm,Kebab,219.0,23.0,On time,Returning
107179,2026-05-30,17,Lund,Burgers,285.0,46.0,Late,Returning
105052,2026-05-02,19,Stockholm,Pizza,282.0,49.0,Late,Returning
103298,2026-04-08,19,Stockholm,Sushi,238.0,29.0,On time,New
110026,2026-07-08,23,Lund,Salad,238.0,21.0,On time,New
102166,2026-03-24,17,Malmö,Sushi,212.0,36.0,On time,New
106120,2026-05-16,19,Uppsala,Thai,161.0,26.0,On time,New
105165,2026-05-03,18,Malmö,Pizza,225.0,23.0,On time,New
107598,2026-06-05,12,Malmö,Burgers,227.0,28.0,On time,New
107437,2026-06-03,13,Stockholm,Salad,277.0,34.0,On time,Returning
107243,2026-05-31,18,Malmö,Pizza,300.0,45.0,On time,Returning
111197,2026-07-24,15,Stockholm,Kebab,292.0,26.0,On time,Returning
111967,2026-08-03,18,Stockholm,Sushi,133.0,48.0,Late,New
107149,2026-05-30,14,Malmö,Pizza,239.0,37.0,On time,Returning
108560,2026-06-18,13,Stockholm,Kebab,155.0,34.0,On time,Returning
107816,2026-06-08,19,Göteborg,Pizza,266.0,38.0,On time,Returning
110068,2026-07-09,19,Stockholm,Burgers,330.0,31.0,On time,Returning
109735,2026-07-04,19,Lund,Burgers,277.0,36.0,On time,Returning
102290,2026-03-26,13,Stockholm,Indian,322.0,34.0,On time,New
102616,2026-03-30,13,Stockholm,Pizza,231.0,28.0,On time,Returning
112314,2026-08-08,19,Göteborg,Kebab,226.0,24.0,On time,New
102800,2026-04-02,13,Göteborg,Pizza,322.0,44.0,On time,New
103484,2026-04-11,16,Göteborg,Indian,182.0,39.0,On time,Returning
102917,2026-04-03,18,Uppsala,Pizza,357.0,23.0,On time,Returning
100837,2026-03-06,10,Stockholm,Burgers,388.0,38.0,On time,Returning
111753,2026-07-31,12,Malmö,Kebab,237.0,20.0,On time,New
111332,2026-07-25,19,Uppsala,Indian,218.0,29.0,On time,New
103878,2026-04-16,17,Göteborg,Kebab,115.0,250.0,Unknown,New
112373,2026-08-08,11,Malmö,Indian,272.0,49.0,Late,Returning
102438,2026-03-28,11,Stockholm,Pizza,357.0,43.0,On time,Returning
110707,2026-07-17,13,Lund,Burgers,161.0,29.0,On time,Returning
102980,2026-04-04,17,Stockholm,Sushi,240.0,38.0,On time,Returning
110385,2026-07-13,18,Stockholm,Sushi,228.0,32.0,On time,Returning
110200,2026-07-11,15,Stockholm,Pizza,265.0,43.0,On time,Returning
107841,2026-06-08,18,Malmö,Indian,247.0,51.0,Late,New
101304,2026-03-12,13,Malmö,Salad,238.0,50.0,Late,Returning
104511,2026-04-24,17,Lund,Burgers,268.0,20.0,On time,Returning
107865,2026-06-09,18,Göteborg,Salad,307.0,42.0,On time,Returning
103889,2026-04-16,16,Stockholm,Kebab,260.0,37.0,On time,Returning
103377,2026-04-09,19,Malmö,Indian,164.0,15.0,On time,New
103229,2026-04-07,16,Malmö,Burgers,196.0,40.0,On time,New
103773,2026-04-14,22,Malmö,Salad,297.0,41.0,On time,Returning
113347,2026-08-21,9,Lund,Salad,218.0,23.0,On time,Returning
105300,2026-05-05,17,Göteborg,Vegan,146.0,29.0,On time,Returning
101938,2026-03-21,11,Malmö,Pizza,120.0,43.0,On time,New
102940,2026-04-04,12,Göteborg,Burgers,220.0,30.0,On time,New
109709,2026-07-04,13,Stockholm,Pizza,364.0,52.0,Late,New
108201,2026-06-13,13,Malmö,Pizza,242.0,34.0,On time,New
101599,2026-03-16,13,Malmö,Indian,264.0,42.0,On time,New
103860,2026-04-15,17,Lund,Kebab,325.0,35.0,On time,Returning
103035,2026-04-05,13,Stockholm,Pizza,157.0,43.0,On time,New
106486,2026-05-21,9,Stockholm,Burgers,306.0,40.0,On time,New
112611,2026-08-11,12,Uppsala,Pizza,164.0,41.0,On time,Returning
112638,2026-08-12,12,Unknown,Kebab,166.0,39.0,On time,New
110808,2026-07-19,20,Göteborg,Sushi,292.0,28.0,On time,New
109001,2026-06-24,19,Stockholm,Salad,292.0,44.0,On time,Returning
111698,2026-07-30,20,Lund,Burgers,206.0,42.0,On time,Returning
105624,2026-05-09,11,Malmö,Pizza,168.0,28.0,On time,Returning
112706,2026-08-13,21,Stockholm,Pizza,252.0,28.0,On time,New
102575,2026-03-30,14,Göteborg,Pizza,244.0,51.0,Late,New
111502,2026-07-28,13,Göteborg,Burgers,231.0,32.0,On time,Returning
104435,2026-04-23,11,Lund,Salad,216.0,15.0,On time,Returning
113297,2026-08-21,20,Göteborg,Sushi,184.0,35.0,On time,Returning
104819,2026-04-29,19,Stockholm,Kebab,292.0,28.0,On time,Returning
112690,2026-08-13,18,Göteborg,Kebab,246.0,38.0,On time,New
100888,2026-03-07,19,Göteborg,Kebab,312.0,40.0,On time,Returning
109510,2026-07-01,16,Malmö,Burgers,269.0,35.0,On time,Returning
112091,2026-08-05,13,Göteborg,Vegan,231.0,27.0,On time,Returning
108280,2026-06-14,21,Stockholm,Kebab,223.0,37.0,Unknown,New
103832,2026-04-15,12,Stockholm,Thai,225.0,27.0,On time,Returning
102251,2026-03-26,18,Göteborg,Indian,230.0,36.0,On time,Returning
112920,2026-08-16,19,Göteborg,Kebab,253.0,43.0,On time,Returning
101159,2026-03-10,20,Stockholm,Indian,236.0,34.0,On time,Returning
101215,2026-03-11,21,Stockholm,Kebab,251.0,31.0,On time,Returning
109261,2026-06-28,17,Göteborg,Sushi,205.0,54.0,Late,Returning
100748,2026-03-05,14,Göteborg,Burgers,254.0,35.0,On time,Returning
104765,2026-04-28,11,Stockholm,Pizza,287.0,28.0,On time,New
100242,2026-02-26,13,Stockholm,Thai,191.0,56.0,Late,Returning
104044,2026-04-18,13,Malmö,Vegan,201.0,25.0,On time,Returning
104609,2026-04-26,10,Stockholm,Kebab,247.0,49.0,Late,New
103734,2026-04-14,11,Göteborg,Sushi,285.0,30.0,On time,New
101621,2026-03-17,17,Göteborg,Thai,222.0,31.0,On time,New
103277,2026-04-08,14,Stockholm,Thai,268.0,42.0,On time,Returning
104800,2026-04-29,11,Göteborg,Pizza,319.0,40.0,On time,Returning
106359,2026-05-19,19,Uppsala,Kebab,221.0,25.0,On time,Returning
103639,2026-04-12,18,Lund,Sushi,266.0,28.0,On time,Returning
104786,2026-04-28,11,Uppsala,Sushi,222.0,41.0,On time,Returning
109837,2026-07-06,12,Stockholm,Pizza,212.0,47.0,Late,Returning
103751,2026-04-14,12,Stockholm,Pizza,225.0,28.0,On time,New
101653,2026-03-17,20,Stockholm,Pizza,219.0,43.0,On time,New
112591,2026-08-11,10,Stockholm,Vegan,251.0,25.0,On time,Returning
100022,2026-02-23,12,Stockholm,Thai,235.0,16.0,On time,Returning
108945,2026-06-23,13,Malmö,Kebab,298.0,35.0,On time,Returning
101857,2026-03-20,12,Malmö,Pizza,216.0,47.0,Late,Returning
102733,2026-04-01,15,Göteborg,Burgers,134.0,33.0,On time,Returning
102397,2026-03-27,10,Lund,Pizza,296.0,48.0,Late,New
105428,2026-05-07,16,Göteborg,Sushi,216.0,26.0,On time,Returning
109118,2026-06-26,22,Stockholm,Thai,254.0,43.0,On time,New
112642,2026-08-12,18,Stockholm,Kebab,236.0,34.0,On time,Returning
107228,2026-05-31,9,Stockholm,Kebab,267.0,39.0,On time,New
100088,2026-02-24,15,Göteborg,Pizza,280.0,43.0,On time,Returning
107527,2026-06-04,17,Malmö,Burgers,311.0,37.0,On time,Returning
111530,2026-07-28,12,Stockholm,Indian,250.0,48.0,Late,Returning
100096,2026-02-24,18,Göteborg,Sushi,264.0,21.0,On time,Returning
109739,2026-07-05,9,Göteborg,Sushi,283.0,33.0,On time,Returning
104700,2026-04-27,11,Stockholm,Vegan,252.0,27.0,On time,Returning
109211,2026-06-27,13,Stockholm,Burgers,239.0,33.0,On time,Returning
110056,2026-07-09,12,Stockholm,Kebab,371.0,36.0,On time,Returning
112913,2026-08-16,14,Göteborg,Indian,282.0,47.0,Late,Returning
108327,2026-06-15,13,Göteborg,Sushi,253.0,27.0,On time,Returning
100894,2026-03-07,20,Göteborg,Vegan,241.0,52.0,Late,New
110490,2026-07-14,13,Lund,Vegan,215.0,26.0,On time,New
103686,2026-04-13,15,Stockholm,Vegan,231.0,22.0,On time,Returning
112017,2026-08-04,21,Göteborg,Sushi,294.0,23.0,On time,Returning
103362,2026-04-09,15,Stockholm,Burgers,208.0,47.0,Late,New
101172,2026-03-10,9,Uppsala,Salad,321.0,37.0,Unknown,Returning
107778,2026-06-07,20,Malmö,Pizza,235.0,34.0,On time,Returning
105197,2026-05-03,15,Unknown,Burgers,302.0,46.0,Late,Returning
103498,2026-04-11,11,Stockholm,Kebab,230.0,51.0,Late,New
107058,2026-05-29,19,Stockholm,Pizza,289.0,38.0,On time,Returning
105826,2026-05-12,12,Stockholm,Burgers,202.0,37.0,On time,New
112166,2026-08-06,20,Unknown,Indian,221.0,55.0,Late,Returning
107025,2026-05-28,12,Uppsala,Sushi,212.0,31.0,On time,Returning
103997,2026-04-18,19,Göteborg,Thai,236.0,38.0,On time,New
106709,2026-05-24,19,Stockholm,Sushi,277.0,49.0,Late,Returning
112831,2026-08-15,11,Göteborg,Kebab,278.0,50.0,Late,Returning
110812,2026-07-19,19,Göteborg,Indian,200.0,34.0,On time,Returning
111663,2026-07-30,11,Stockholm,Vegan,206.0,30.0,On time,New
111843,2026-08-01,13,Uppsala,Kebab,189.0,28.0,On time,New
106899,2026-05-26,14,Lund,Pizza,104.0,30.0,On time,New
113100,2026-08-18,12,Stockholm,Burgers,262.0,28.0,On time,Returning
107900,2026-06-09,11,Stockholm,Kebab,236.0,42.0,On time,Returning
110919,2026-07-20,17,Stockholm,Sushi,172.0,49.0,Late,New
112984,2026-08-16,19,Malmö,Pizza,254.0,41.0,On time,Returning
107856,2026-06-08,20,Lund,Pizza,274.0,38.0,On time,New
108926,2026-06-23,15,Stockholm,Vegan,148.0,39.0,On time,Returning
111943,2026-08-03,12,Göteborg,Indian,213.0,37.0,On time,New
102031,2026-03-22,17,Uppsala,Burgers,322.0,52.0,Late,Returning
107556,2026-06-05,10,Göteborg,Burgers,302.0,37.0,Unknown,Returning
113099,2026-08-18,12,Stockholm,Kebab,339.0,37.0,On time,New
102341,2026-03-27,20,Göteborg,Pizza,257.0,30.0,On time,Returning
108811,2026-06-21,20,Stockholm,Indian,284.0,37.0,On time,New
101658,2026-03-17,11,Stockholm,Pizza,202.0,31.0,On time,Returning
111281,2026-07-25,13,Stockholm,Thai,297.0,45.0,On time,New
111463,2026-07-27,20,Stockholm,Burgers,280.0,39.0,On time,New
111015,2026-07-21,15,Malmö,Pizza,179.0,29.0,On time,Returning
101112,2026-03-09,20,Malmö,Sushi,250.0,44.0,On time,Returning
104926,2026-04-30,14,Uppsala,Kebab,312.0,32.0,On time,New
106008,2026-05-15,13,Göteborg,Burgers,302.0,34.0,On time,Returning
105130,2026-05-03,12,Stockholm,Thai,286.0,59.0,Late,Returning
103564,2026-04-12,13,Göteborg,Pizza,231.0,49.0,Late,Returning
111900,2026-08-02,10,Stockholm,Pizza,325.0,25.0,On time,New
101200,2026-03-11,21,Stockholm,Burgers,253.0,45.0,On time,New
112037,2026-08-04,18,Stockholm,Salad,335.0,42.0,On time,Returning
109559,2026-07-02,23,Stockholm,Salad,325.0,37.0,On time,Returning
106531,2026-05-22,17,Göteborg,Salad,239.0,41.0,On time,Returning
101659,2026-03-17,12,Stockholm,Burgers,289.0,61.0,Late,Returning
111848,2026-08-01,12,Uppsala,Sushi,154.0,53.0,Late,Returning
105294,2026-05-05,18,Göteborg,Indian,295.0,58.0,Late,Returning
106332,2026-05-19,13,Stockholm,Pizza,240.0,33.0,On time,New
110435,2026-07-14,16,Göteborg,Salad,217.0,54.0,Late,Returning
104483,2026-04-24,21,Stockholm,Kebab,294.0,42.0,On time,Returning
105084,2026-05-02,16,Uppsala,Burgers,233.0,39.0,On time,Returning
108204,2026-06-13,12,Malmö,Burgers,146.0,43.0,On time,Returning
107592,2026-06-05,13,Stockholm,Sushi,227.0,39.0,On time,Returning
101576,2026-03-16,11,Stockholm,Salad,253.0,31.0,On time,New
107481,2026-06-03,12,Lund,Burgers,314.0,44.0,On time,Returning
102388,2026-03-27,20,Uppsala,Burgers,189.0,38.0,On time,Returning
100002,2026-02-23,20,Göteborg,Pizza,264.0,45.0,On time,New
105997,2026-05-15,13,Göteborg,Sushi,205.0,45.0,On time,Returning
103132,2026-04-06,13,Stockholm,Pizza,274.0,40.0,On time,Returning
100719,2026-03-04,18,Stockholm,Indian,252.0,34.0,On time,New
103780,2026-04-14,19,Malmö,Pizza,223.0,57.0,Late,New
106778,2026-05-25,12,Stockholm,Burgers,245.0,26.0,On time,Returning
107685,2026-06-06,20,Malmö,Sushi,302.0,48.0,Late,Returning
107021,2026-05-28,18,Uppsala,Salad,241.0,42.0,On time,Returning
102472,2026-03-28,15,Uppsala,Vegan,329.0,37.0,On time,Returning
107557,2026-06-05,18,Göteborg,Burgers,338.0,35.0,On time,Returning
104378,2026-04-22,19,Lund,Pizza,368.0,26.0,On time,New
107051,2026-05-29,19,Stockholm,Pizza,205.0,19.0,On time,Returning
100755,2026-03-05,13,Stockholm,Sushi,201.0,37.0,On time,Returning
111489,2026-07-27,13,Lund,Pizza,195.0,26.0,On time,Returning
106428,2026-05-20,14,Malmö,Burgers,319.0,40.0,On time,New
100001,2026-02-23,19,Göteborg,Pizza,199.0,35.0,On time,Returning
112675,2026-08-12,21,Uppsala,Sushi,146.0,26.0,On time,Returning
104828,2026-04-29,18,Stockholm,Indian,250.0,32.0,On time,New
100107,2026-02-24,17,Stockholm,Sushi,307.0,15.0,On time,Returning
100355,2026-02-27,14,Uppsala,Kebab,252.0,15.0,On time,Returning
103814,2026-04-15,11,Stockholm,Kebab,226.0,41.0,On time,Returning
111270,2026-07-25,10,Stockholm,Pizza,266.0,28.0,On time,Returning
104737,2026-04-28,16,Göteborg,Sushi,325.0,41.0,On time,Returning
103189,2026-04-07,14,Göteborg,Kebab,292.0,38.0,On time,Returning
109146,2026-06-26,20,Uppsala,Indian,255.0,44.0,On time,New
101020,2026-03-08,20,Malmö,Burgers,210.0,45.0,On time,Returning
113111,2026-08-18,12,Stockholm,Pizza,120.0,22.0,On time,New
108421,2026-06-16,10,Stockholm,Vegan,278.0,41.0,On time,Returning
102818,2026-04-02,12,Stockholm,Salad,202.0,44.0,On time,Returning
101317,2026-03-12,22,Uppsala,Pizza,214.0,54.0,Late,New
107139,2026-05-30,17,Stockholm,Burgers,213.0,37.0,Unknown,New
106261,2026-05-18,11,Stockholm,Pizza,291.0,31.0,On time,New
103557,2026-04-12,13,Göteborg,Indian,222.0,41.0,On time,Returning
105988,2026-05-14,23,Lund,Indian,231.0,31.0,On time,New
110514,2026-07-15,17,Stockholm,Burgers,169.0,51.0,Late,New
112492,2026-08-10,13,Göteborg,Pizza,221.0,40.0,On time,New
111106,2026-07-22,13,Lund,Kebab,245.0,41.0,On time,Returning
112448,2026-08-09,17,Stockholm,Burgers,293.0,52.0,Late,Returning
110700,2026-07-17,17,Uppsala,Indian,294.0,51.0,Late,New
103887,2026-04-16,22,Stockholm,Pizza,331.0,36.0,On time,New
111058,2026-07-22,21,Stockholm,Burgers,221.0,34.0,On time,Returning
104490,2026-04-24,20,Malmö,Kebab,210.0,38.0,On time,Returning
101290,2026-03-12,19,Stockholm,Thai,254.0,34.0,On time,Returning
105758,2026-05-11,11,Stockholm,Burgers,341.0,38.0,On time,New
111971,2026-08-03,19,Stockholm,Sushi,300.0,53.0,Late,Returning
106297,2026-05-18,12,Unknown,Indian,345.0,51.0,Late,Returning
104260,2026-04-21,12,Stockholm,Kebab,191.0,36.0,On time,New
103989,2026-04-17,19,Lund,Vegan,220.0,23.0,On time,New
102604,2026-03-30,14,Stockholm,Thai,194.0,25.0,On time,New
102293,2026-03-26,19,Stockholm,Pizza,230.0,42.0,On time,Returning
108250,2026-06-14,13,Stockholm,Salad,246.0,39.0,On time,Returning
106865,2026-05-26,21,Stockholm,Burgers,298.0,35.0,On time,Returning
111647,2026-07-30,12,Stockholm,Kebab,293.0,44.0,On time,Returning
112676,2026-08-12,21,Uppsala,Indian,163.0,45.0,On time,Returning
103135,2026-04-06,15,Stockholm,Sushi,237.0,55.0,Late,New
109460,2026-06-30,12,Lund,Sushi,253.0,47.0,Late,New
107157,2026-05-30,21,Malmö,Burgers,209.0,43.0,On time,Returning
112882,2026-08-15,19,Malmö,Pizza,207.0,43.0,On time,New
103025,2026-04-05,15,Göteborg,Salad,172.0,42.0,On time,Returning
101086,2026-03-09,20,Stockholm,Pizza,224.0,28.0,On time,Returning
106693,2026-05-24,19,Göteborg,Pizza,292.0,33.0,On time,New
105293,2026-05-05,11,Unknown,Burgers,182.0,32.0,On time,Returning
106075,2026-05-16,16,Stockholm,Kebab,242.0,35.0,On time,Returning
105913,2026-05-13,18,Lund,Sushi,282.0,48.0,Late,New
106929,2026-05-27,11,Stockholm,Kebab,210.0,250.0,Unknown,Returning
107271,2026-06-01,11,Göteborg,Salad,254.0,54.0,Late,New
103915,2026-04-16,19,Uppsala,Pizza,128.0,26.0,On time,Returning
102966,2026-04-04,12,Stockholm,Pizza,233.0,37.0,Unknown,Returning
101571,2026-03-16,21,Stockholm,Burgers,230.0,36.0,On time,Returning
111236,2026-07-24,18,Uppsala,Kebab,250.0,36.0,On time,New
106762,2026-05-25,13,Göteborg,Kebab,229.0,38.0,On time,Returning
102686,2026-03-31,17,Stockholm,Sushi,199.0,33.0,On time,New
101042,2026-03-08,10,Lund,Burgers,254.0,43.0,On time,Returning
112554,2026-08-10,19,Uppsala,Burgers,264.0,44.0,On time,Returning
109719,2026-07-04,19,Malmö,Burgers,248.0,37.0,On time,Returning
101805,2026-03-19,11,Uppsala,Sushi,317.0,44.0,On time,Returning
110161,2026-07-10,22,Uppsala,Pizza,315.0,35.0,On time,New
106283,2026-05-18,19,Stockholm,Burgers,276.0,36.0,On time,New
104390,2026-04-23,11,Göteborg,Burgers,295.0,38.0,On time,New
105435,2026-05-07,19,Stockholm,Pizza,319.0,36.0,On time,New
112854,2026-08-15,10,Stockholm,Thai,231.0,37.0,On time,Returning
111075,2026-07-22,21,Stockholm,Indian,239.0,44.0,On time,Returning
100656,2026-03-03,17,Malmö,Kebab,339.0,28.0,On time,New
113232,2026-08-20,20,Stockholm,Thai,213.0,48.0,Late,Returning
100939,2026-03-07,14,Malmö,Burgers,271.0,45.0,On time,Returning
106796,2026-05-25,17,Stockholm,Pizza,321.0,46.0,Late,New
109929,2026-07-07,12,Malmö,Pizza,179.0,33.0,On time,Returning
108095,2026-06-12,12,Stockholm,Pizza,176.0,27.0,On time,New
106949,2026-05-27,15,Malmö,Kebab,308.0,39.0,On time,New
106377,2026-05-20,18,Göteborg,Kebab,303.0,43.0,On time,New
100883,2026-03-07,19,Göteborg,Pizza,265.0,46.0,Late,Returning
106289,2026-05-18,23,Malmö,Thai,218.0,39.0,On time,Returning
102925,2026-04-03,16,Uppsala,Burgers,170.0,22.0,On time,New
103219,2026-04-07,11,Stockholm,Vegan,242.0,15.0,On time,Returning
104055,2026-04-18,22,Uppsala,Vegan,232.0,34.0,On time,Returning
105000,2026-05-01,15,Uppsala,Vegan,256.0,40.0,On time,Returning
108749,2026-06-20,13,Uppsala,Indian,321.0,34.0,On time,New
104370,2026-04-22,14,Unknown,Sushi,329.0,55.0,Late,Returning
102731,2026-04-01,15,Göteborg,Burgers,309.0,47.0,Late,Returning
106948,2026-05-27,18,Malmö,Thai,256.0,30.0,On time,Returning
107892,2026-06-09,16,Stockholm,Vegan,292.0,52.0,Late,New
103730,2026-04-14,17,Göteborg,Indian,330.0,30.0,On time,New
102229,2026-03-25,17,Stockholm,Sushi,343.0,39.0,On time,Returning
106361,2026-05-19,22,Uppsala,Indian,170.0,50.0,Late,New
108846,2026-06-22,20,Göteborg,Pizza,145.0,43.0,On time,Returning
110510,2026-07-15,11,Göteborg,Sushi,176.0,40.0,On time,Returning
104536,2026-04-25,19,Stockholm,Burgers,274.0,43.0,On time,Returning
108549,2026-06-18,20,Göteborg,Burgers,247.0,40.0,On time,New
108299,2026-06-14,18,Uppsala,Sushi,360.0,41.0,On time,Returning
109018,2026-06-24,10,Uppsala,Sushi,248.0,42.0,On time,New
109782,2026-07-05,17,Stockholm,Pizza,313.0,39.0,On time,New
106096,2026-05-16,23,Stockholm,Thai,220.0,38.0,On time,Returning
103285,2026-04-08,12,Stockholm,Pizza,183.0,34.0,On time,Returning
112801,2026-08-14,10,Malmö,Pizza,173.0,39.0,On time,Returning
107311,2026-06-01,11,Malmö,Sushi,291.0,52.0,Late,Returning
110953,2026-07-20,20,Lund,Burgers,268.0,49.0,Late,Returning
105658,2026-05-10,16,Göteborg,Pizza,267.0,46.0,Late,Returning
106678,2026-05-24,11,Göteborg,Burgers,227.0,37.0,On time,New
101786,2026-03-19,19,Stockholm,Vegan,177.0,45.0,On time,Returning
106681,2026-05-24,12,Göteborg,Pizza,352.0,37.0,On time,Returning
109603,2026-07-03,20,Göteborg,Salad,143.0,33.0,On time,Returning
110121,2026-07-10,13,Göteborg,Kebab,272.0,33.0,On time,Returning
113348,2026-08-21,19,Lund,Pizza,291.0,48.0,Late,Returning
113427,2026-08-22,21,Uppsala,Sushi,260.0,39.0,On time,Returning
105579,2026-05-09,14,Unknown,Kebab,268.0,42.0,On time,Returning
104316,2026-04-22,11,Göteborg,Sushi,226.0,31.0,On time,Returning
106171,2026-05-17,18,Stockholm,Thai,213.0,40.0,On time,New
105733,2026-05-10,19,Lund,Pizza,184.0,43.0,On time,Returning
107387,2026-06-02,11,Malmö,Salad,214.0,54.0,Late,New
107076,2026-05-29,12,Malmö,Thai,172.0,59.0,Late,Returning
112793,2026-08-14,11,Stockholm,Pizza,230.0,34.0,On time,Returning
104212,2026-04-20,11,Unknown,Pizza,207.0,46.0,Late,Returning
106927,2026-05-27,13,Stockholm,Kebab,207.0,33.0,On time,New
102013,2026-03-22,10,Malmö,Sushi,209.0,33.0,On time,Returning
105530,2026-05-08,20,Malmö,Vegan,199.0,51.0,Late,New
111657,2026-07-30,23,Stockholm,Thai,348.0,31.0,On time,Returning
104657,2026-04-26,18,Lund,Kebab,191.0,26.0,On time,Returning
107395,2026-06-02,15,Uppsala,Indian,89.0,39.0,On time,New
103021,2026-04-05,19,Göteborg,Thai,279.0,23.0,On time,New
100177,2026-02-25,14,Stockholm,Burgers,197.0,59.0,Late,New
101972,2026-03-22,18,Göteborg,Sushi,282.0,43.0,On time,Returning
103415,2026-04-10,14,Göteborg,Burgers,216.0,28.0,On time,Returning
107199,2026-05-31,17,Göteborg,Burgers,278.0,34.0,On time,New
113393,2026-08-22,22,Stockholm,Pizza,278.0,41.0,On time,Returning
113479,2026-08-23,20,Stockholm,Burgers,370.0,31.0,On time,Returning
103118,2026-04-06,13,Göteborg,Thai,313.0,33.0,On time,New
100535,2026-03-02,19,Göteborg,Burgers,180.0,46.0,Late,New
110566,2026-07-16,16,Göteborg,Salad,257.0,41.0,On time,New
102709,2026-03-31,14,Uppsala,Salad,197.0,40.0,On time,New
102107,2026-03-23,12,Lund,Burgers,285.0,39.0,On time,Returning
113188,2026-08-19,18,Malmö,Vegan,254.0,30.0,On time,Returning
109615,2026-07-03,12,Göteborg,Pizza,292.0,36.0,On time,Returning
110314,2026-07-12,11,Stockholm,Burgers,157.0,38.0,On time,Returning
109117,2026-06-26,18,Stockholm,Pizza,249.0,46.0,Late,New
102197,2026-03-25,13,Göteborg,Thai,221.0,37.0,On time,Returning
108190,2026-06-13,17,Stockholm,Indian,303.0,25.0,On time,New
108776,2026-06-21,18,Göteborg,Pizza,222.0,40.0,On time,New
110224,2026-07-11,19,Malmö,Salad,282.0,52.0,Late,New
108416,2026-06-16,21,Göteborg,Indian,154.0,38.0,On time,New
110793,2026-07-18,20,Uppsala,Sushi,200.0,39.0,On time,Returning
112956,2026-08-16,11,Stockholm,Sushi,252.0,40.0,On time,Returning
100179,2026-02-25,17,Stockholm,Salad,277.0,41.0,On time,New
111458,2026-07-27,14,Stockholm,Sushi,219.0,46.0,Late,New
100044,2026-02-23,13,Stockholm,Pizza,309.0,50.0,Late,Returning
110502,2026-07-15,9,Göteborg,Pizza,209.0,26.0,On time,New
109616,2026-07-03,22,Stockholm,Burgers,212.0,37.0,On time,Returning
106190,2026-05-17,17,Stockholm,Pizza,219.0,24.0,On time,Returning
102589,2026-03-30,10,Göteborg,Salad,130.0,250.0,Unknown,Returning
103453,2026-04-10,20,Malmö,Burgers,243.0,37.0,On time,New
101037,2026-03-08,18,Uppsala,Burgers,309.0,28.0,On time,Returning
103664,2026-04-13,19,Göteborg,Burgers,207.0,42.0,On time,New
108886,2026-06-22,19,Malmö,Burgers,267.0,49.0,Late,Returning
109232,2026-06-27,14,Malmö,Burgers,259.0,40.0,On time,Returning
111053,2026-07-22,13,Stockholm,Kebab,194.0,42.0,On time,Returning
104623,2026-04-26,17,Stockholm,Kebab,296.0,33.0,On time,New
110572,2026-07-16,10,Göteborg,Vegan,250.0,38.0,On time,Returning
105750,2026-05-11,22,Stockholm,Salad,275.0,30.0,On time,Returning
100257,2026-02-26,19,Stockholm,Indian,274.0,54.0,Late,Returning
108388,2026-06-15,11,Malmö,Pizza,230.0,35.0,On time,Returning
105404,2026-05-06,12,Uppsala,Sushi,220.0,40.0,On time,Returning
112550,2026-08-10,12,Uppsala,Pizza,188.0,35.0,On time,New
101344,2026-03-13,12,Stockholm,Salad,239.0,44.0,On time,New
107187,2026-05-31,13,Göteborg,Sushi,184.0,29.0,On time,Returning
111674,2026-07-30,13,Malmö,Thai,178.0,34.0,On time,Returning
109358,2026-06-29,14,Stockholm,Burgers,233.0,26.0,On time,Returning
104286,2026-04-21,11,Malmö,Salad,318.0,34.0,On time,Returning
101133,2026-03-10,15,Göteborg,Burgers,310.0,25.0,On time,Returning
103442,2026-04-10,11,Stockholm,Kebab,266.0,45.0,On time,Returning
104839,2026-04-29,23,Malmö,Pizza,212.0,42.0,On time,Returning
100135,2026-02-24,18,Uppsala,Burgers,266.0,25.0,On time,Returning
109622,2026-07-03,11,Stockholm,Pizza,240.0,49.0,Late,New
109259,2026-06-28,11,Göteborg,Burgers,193.0,44.0,On time,Returning
109271,2026-06-28,12,Stockholm,Indian,218.0,42.0,On time,Returning
103487,2026-04-11,15,Göteborg,Kebab,316.0,49.0,Late,New
104564,2026-04-25,13,Stockholm,Vegan,216.0,42.0,On time,Returning
104155,2026-04-19,11,Unknown,Sushi,263.0,23.0,On time,Returning
113519,2026-08-23,12,Uppsala,Vegan,302.0,37.0,On time,Returning
105869,2026-05-13,10,Göteborg,Salad,282.0,21.0,On time,Returning
111624,2026-07-30,9,Unknown,Vegan,230.0,26.0,On time,Returning
108600,2026-06-18,18,Uppsala,Kebab,248.0,36.0,On time,New
105813,2026-05-12,13,Stockholm,Burgers,158.0,24.0,On time,Returning
112383,2026-08-08,17,Uppsala,Salad,240.0,41.0,On time,Returning
113032,2026-08-17,9,Stockholm,Pizza,206.0,38.0,On time,New
102163,2026-03-24,14,Malmö,Thai,260.0,41.0,On time,New
100987,2026-03-08,19,Stockholm,Salad,333.0,40.0,On time,Returning
107381,2026-06-02,13,Malmö,Thai,198.0,35.0,On time,Returning
110936,2026-07-20,14,Malmö,Pizza,238.0,43.0,On time,Returning
100832,2026-03-06,20,Stockholm,Sushi,348.0,62.0,Late,Returning
109623,2026-07-03,16,Stockholm,Pizza,245.0,24.0,On time,New
100850,2026-03-06,17,Malmö,Burgers,202.0,50.0,Late,Returning
100121,2026-02-24,17,Stockholm,Salad,319.0,41.0,On time,New
108058,2026-06-11,20,Malmö,Vegan,124.0,25.0,On time,Returning
109691,2026-07-04,18,Stockholm,Burgers,235.0,47.0,Late,Returning
105704,2026-05-10,19,Malmö,Thai,232.0,45.0,On time,Returning
102965,2026-04-04,12,Stockholm,Pizza,367.0,36.0,On time,Returning
100239,2026-02-26,16,Göteborg,Pizza,226.0,24.0,On time,New
102959,2026-04-04,14,Stockholm,Vegan,179.0,32.0,On time,Returning
100506,2026-03-01,16,Malmö,Indian,333.0,30.0,On time,Returning
111457,2026-07-27,18,Stockholm,Pizza,317.0,42.0,On time,Returning
100155,2026-02-25,11,Göteborg,Sushi,249.0,17.0,On time,Returning
100368,2026-02-28,20,Göteborg,Kebab,258.0,38.0,On time,New
109864,2026-07-06,17,Uppsala,Pizza,262.0,50.0,Late,New
109933,2026-07-07,19,Malmö,Burgers,259.0,30.0,On time,Returning
104041,2026-04-18,10,Malmö,Kebab,276.0,41.0,On time,Returning
104274,2026-04-21,17,Stockholm,Burgers,251.0,23.0,On time,Returning
100714,2026-03-04,13,Stockholm,Pizza,202.0,42.0,On time,Returning
111629,2026-07-30,10,Göteborg,Thai,371.0,52.0,Late,Returning
101661,2026-03-17,17,Malmö,Sushi,172.0,28.0,On time,Returning
106278,2026-05-18,19,Stockholm,Pizza,345.0,51.0,Late,Returning
104741,2026-04-28,18,Göteborg,Thai,220.0,33.0,On time,Returning
112862,2026-08-15,12,Stockholm,Kebab,128.0,45.0,On time,Returning
112977,2026-08-16,23,Malmö,Burgers,208.0,40.0,On time,Returning
111579,2026-07-29,12,Stockholm,Indian,251.0,30.0,On time,Returning
111217,2026-07-24,12,Malmö,Sushi,102.0,40.0,On time,Returning
101686,2026-03-17,11,Lund,Burgers,291.0,46.0,Late,Returning
109836,2026-07-06,11,Stockholm,Sushi,234.0,34.0,On time,Returning
108103,2026-06-12,21,Stockholm,Pizza,311.0,41.0,On time,New
112389,2026-08-08,21,Uppsala,Thai,204.0,37.0,Unknown,Returning
111052,2026-07-22,13,Stockholm,Thai,223.0,29.0,On time,Returning
107229,2026-05-31,17,Stockholm,Pizza,295.0,40.0,On time,Returning
112819,2026-08-15,15,Göteborg,Pizza,181.0,36.0,On time,New
103195,2026-04-07,12,Göteborg,Sushi,258.0,18.0,On time,Returning
103871,2026-04-16,12,Göteborg,Burgers,220.0,51.0,Late,Returning
104521,2026-04-25,11,Göteborg,Pizza,294.0,29.0,On time,Returning
110462,2026-07-14,17,Stockholm,Sushi,294.0,29.0,On time,New
113282,2026-08-20,21,Lund,Kebab,311.0,40.0,On time,Returning
106682,2026-05-24,13,Göteborg,Kebab,290.0,44.0,On time,Returning
101495,2026-03-15,18,Stockholm,Sushi,286.0,42.0,On time,New
104816,2026-04-29,13,Stockholm,Sushi,188.0,36.0,On time,New
107357,2026-06-02,23,Stockholm,Sushi,203.0,35.0,On time,New
103607,2026-04-12,18,Stockholm,Thai,172.0,34.0,On time,Returning
103921,2026-04-16,14,Lund,Kebab,203.0,37.0,On time,New
102487,2026-03-29,10,Göteborg,Burgers,315.0,44.0,On time,New
104547,2026-04-25,21,Unknown,Thai,224.0,23.0,On time,Returning
110854,2026-07-19,18,Stockholm,Sushi,272.0,43.0,On time,New
104419,2026-04-23,19,Malmö,Kebab,257.0,37.0,On time,Returning
105805,2026-05-12,13,Göteborg,Thai,226.0,43.0,On time,New
109415,2026-06-30,20,Göteborg,Vegan,219.0,33.0,On time,Returning
112382,2026-08-08,21,Uppsala,Pizza,223.0,41.0,On time,New
101974,2026-03-22,18,Göteborg,Pizza,284.0,31.0,On time,New
103087,2026-04-05,17,Malmö,Vegan,268.0,42.0,On time,Returning
104848,2026-04-29,13,Malmö,Kebab,285.0,37.0,Unknown,New
109917,2026-07-07,13,Stockholm,Pizza,184.0,40.0,On time,Returning
101084,2026-03-09,12,Stockholm,Pizza,283.0,39.0,On time,Returning
109464,2026-07-01,12,Göteborg,Kebab,165.0,32.0,On time,New
105943,2026-05-14,11,Unknown,Burgers,240.0,34.0,On time,Returning
108139,2026-06-12,11,Lund,Pizza,218.0,29.0,On time,Returning
109063,2026-06-25,11,Malmö,Sushi,122.0,31.0,On time,Returning
108639,2026-06-19,16,Stockholm,Burgers,263.0,41.0,On time,Returning
110187,2026-07-11,23,Göteborg,Indian,263.0,32.0,On time,Returning
105691,2026-05-10,18,Stockholm,Burgers,246.0,18.0,On time,New
104632,2026-04-26,21,Stockholm,Pizza,136.0,34.0,On time,Returning
112292,2026-08-07,12,Lund,Thai,216.0,42.0,On time,Returning
102354,2026-03-27,18,Stockholm,Thai,271.0,43.0,On time,Returning
104843,2026-04-29,18,Malmö,Thai,189.0,48.0,Late,New
103425,2026-04-10,18,Stockholm,Indian,164.0,39.0,On time,New
104268,2026-04-21,10,Stockholm,Burgers,270.0,25.0,On time,Returning
109874,2026-07-06,19,Lund,Burgers,268.0,21.0,On time,Returning
108326,2026-06-15,18,Göteborg,Kebab,127.0,60.0,Late,Returning
104952,2026-05-01,19,Göteborg,Salad,270.0,51.0,Late,Returning
109376,2026-06-29,12,Malmö,Kebab,221.0,18.0,On time,Returning
106961,2026-05-27,11,Malmö,Burgers,290.0,27.0,On time,New
101531,2026-03-15,18,Malmö,Indian,299.0,35.0,On time,Returning
113092,2026-08-18,9,Stockholm,Sushi,107.0,45.0,On time,Returning
112325,2026-08-08,14,Stockholm,Sushi,195.0,42.0,On time,Returning
101726,2026-03-18,11,Malmö,Thai,198.0,50.0,Late,Returning
108304,2026-06-14,20,Uppsala,Sushi,254.0,38.0,On time,Returning
105926,2026-05-14,14,Göteborg,Salad,153.0,34.0,On time,Returning
106589,2026-05-22,10,Uppsala,Burgers,211.0,38.0,On time,Returning
102561,2026-03-29,10,Uppsala,Indian,294.0,52.0,Late,Returning
109669,2026-07-04,18,Göteborg,Burgers,267.0,39.0,On time,Returning
110188,2026-07-11,19,Göteborg,Burgers,277.0,37.0,On time,New
101180,2026-03-10,19,Lund,Vegan,295.0,30.0,On time,Returning
107998,2026-06-11,20,Göteborg,Burgers,267.0,37.0,On time,Returning
109172,2026-06-27,21,Göteborg,Salad,298.0,23.0,On time,Returning
102948,2026-04-04,12,Stockholm,Kebab,248.0,250.0,Unknown,New
102029,2026-03-22,18,Uppsala,Sushi,219.0,30.0,On time,Returning
103483,2026-04-11,11,Göteborg,Pizza,303.0,36.0,On time,Returning
106959,2026-05-27,22,Malmö,Pizza,180.0,38.0,On time,Returning
112694,2026-08-13,18,Göteborg,Kebab,265.0,49.0,Late,Returning
105480,2026-05-07,12,Lund,Kebab,216.0,25.0,On time,Returning
108866,2026-06-22,19,Stockholm,Pizza,288.0,46.0,Late,Returning
103875,2026-04-16,10,Göteborg,Kebab,329.0,31.0,On time,New
110450,2026-07-14,12,Stockholm,Pizza,246.0,33.0,On time,Returning
110511,2026-07-15,14,Göteborg,Sushi,235.0,27.0,On time,New
110571,2026-07-16,20,Göteborg,Salad,307.0,51.0,Late,New
110997,2026-07-21,20,Stockholm,Vegan,193.0,30.0,On time,Returning
103704,2026-04-13,17,Malmö,Sushi,264.0,40.0,On time,New
106180,2026-05-17,14,Stockholm,Indian,328.0,37.0,On time,Returning
101194,2026-03-11,12,Stockholm,Pizza,305.0,37.0,On time,New
100823,2026-03-06,13,Stockholm,Pizza,140.0,22.0,On time,Returning
109124,2026-06-26,12,Stockholm,Burgers,310.0,50.0,Late,New
103802,2026-04-15,18,Göteborg,Sushi,287.0,38.0,On time,New
108151,2026-06-13,11,Göteborg,Thai,165.0,47.0,Late,New
105104,2026-05-03,12,Göteborg,Vegan,280.0,36.0,On time,Returning
110293,2026-07-12,15,Stockholm,Burgers,188.0,26.0,On time,Returning
109991,2026-07-08,9,Stockholm,Indian,159.0,36.0,On time,New
112782,2026-08-14,19,Stockholm,Burgers,324.0,41.0,On time,Returning
105745,2026-05-11,12,Göteborg,Burgers,282.0,26.0,On time,New
113336,2026-08-21,19,Uppsala,Burgers,224.0,33.0,On time,New
103678,2026-04-13,20,Stockholm,Kebab,250.0,41.0,On time,Returning
103759,2026-04-14,20,Stockholm,Pizza,340.0,41.0,On time,Returning
112217,2026-08-06,10,Lund,Pizza,259.0,49.0,Late,New
103136,2026-04-06,14,Stockholm,Kebab,204.0,37.0,On time,Returning
102443,2026-03-28,13,Malmö,Thai,280.0,25.0,On time,New
105822,2026-05-12,16,Stockholm,Sushi,348.0,34.0,On time,Returning
104064,2026-04-18,11,Lund,Burgers,309.0,36.0,On time,New
107710,2026-06-07,20,Göteborg,Vegan,321.0,47.0,Late,New
103853,2026-04-15,19,Uppsala,Sushi,218.0,29.0,On time,Returning
111240,2026-07-24,20,Lund,Kebab,254.0,30.0,On time,Returning
109346,2026-06-29,10,Stockholm,Pizza,154.0,31.0,On time,New
107837,2026-06-08,15,Stockholm,Thai,283.0,44.0,On time,New
110052,2026-07-09,18,Stockholm,Kebab,291.0,33.0,On time,Returning
102104,2026-03-23,9,Uppsala,Salad,197.0,38.0,On time,Returning
107495,2026-06-04,12,Göteborg,Vegan,183.0,34.0,On time,Returning
104345,2026-04-22,11,Unknown,Kebab,251.0,43.0,On time,New
108011,2026-06-11,19,Göteborg,Kebab,347.0,44.0,On time,New
108306,2026-06-14,16,Uppsala,Burgers,241.0,30.0,On time,Returning
109547,2026-07-02,19,Göteborg,Pizza,173.0,51.0,Late,New
102580,2026-03-30,23,Göteborg,Vegan,387.0,38.0,On time,Returning
100588,2026-03-02,16,Malmö,Pizza,214.0,28.0,On time,New
109575,2026-07-02,13,Stockholm,Burgers,178.0,38.0,On time,Returning
105352,2026-05-06,14,Göteborg,Thai,387.0,43.0,On time,Returning
106276,2026-05-18,12,Stockholm,Burgers,319.0,42.0,On time,New
100747,2026-03-05,18,Göteborg,Kebab,273.0,37.0,On time,Returning
113286,2026-08-20,19,Lund,Vegan,301.0,53.0,Late,New
100089,2026-02-24,12,Göteborg,Burgers,278.0,36.0,On time,New
105383,2026-05-06,20,Stockholm,Indian,234.0,32.0,On time,Returning
107172,2026-05-30,12,Uppsala,Vegan,223.0,35.0,On time,Returning
100712,2026-03-04,13,Stockholm,Vegan,282.0,33.0,On time,New
107588,2026-06-05,18,Stockholm,Pizza,201.0,37.0,On time,New
107871,2026-06-09,19,Göteborg,Indian,298.0,37.0,On time,Returning
105475,2026-05-07,22,Uppsala,Sushi,341.0,34.0,On time,Returning
102161,2026-03-24,19,Stockholm,Kebab,182.0,41.0,On time,Returning
105864,2026-05-13,16,Göteborg,Thai,245.0,31.0,On time,Returning
112218,2026-08-06,14,Unknown,Vegan,231.0,43.0,On time,Returning
108963,2026-06-24,23,Göteborg,Salad,288.0,30.0,On time,Returning
106662,2026-05-23,15,Uppsala,Indian,262.0,39.0,On time,Returning
102636,2026-03-30,13,Uppsala,Burgers,267.0,45.0,On time,Returning
111945,2026-08-03,11,Göteborg,Indian,211.0,49.0,Late,Returning
107469,2026-06-03,14,Malmö,Salad,284.0,30.0,On time,Returning
100275,2026-02-26,17,Uppsala,Thai,203.0,41.0,On time,New
110167,2026-07-10,19,Lund,Pizza,280.0,44.0,On time,Returning
105720,2026-05-10,12,Uppsala,Pizza,231.0,40.0,On time,Returning
104129,2026-04-19,18,Stockholm,Thai,285.0,25.0,On time,New
103103,2026-04-05,13,Uppsala,Pizza,292.0,32.0,On time,Returning
100529,2026-03-01,12,Lund,Sushi,234.0,43.0,On time,New
102553,2026-03-29,11,Uppsala,Pizza,231.0,37.0,On time,New
106344,2026-05-19,20,Malmö,Salad,271.0,38.0,On time,Returning
101364,2026-03-13,20,Malmö,Burgers,293.0,33.0,On time,New
101325,2026-03-13,12,Göteborg,Salad,285.0,42.0,On time,Returning
103187,2026-04-07,17,Göteborg,Pizza,219.0,26.0,On time,Returning
106603,2026-05-23,12,Göteborg,Sushi,314.0,27.0,On time,New
112015,2026-08-04,20,Göteborg,Pizza,208.0,19.0,On time,Returning
111392,2026-07-26,13,Malmö,Thai,163.0,37.0,On time,Returning
105305,2026-05-05,11,Stockholm,Pizza,195.0,32.0,On time,New
104910,2026-04-30,17,Malmö,Kebab,219.0,26.0,On time,Returning
112074,2026-08-05,12,Göteborg,Pizza,187.0,32.0,On time,Returning
104775,2026-04-28,20,Malmö,Burgers,304.0,24.0,On time,Returning
104690,2026-04-27,19,Stockholm,Pizza,225.0,44.0,On time,Returning
105593,2026-05-09,13,Stockholm,Sushi,266.0,27.0,On time,New
100392,2026-02-28,12,Stockholm,Sushi,281.0,35.0,On time,Returning
111642,2026-07-30,16,Stockholm,Pizza,274.0,39.0,On time,Returning
113002,2026-08-17,18,Göteborg,Sushi,293.0,43.0,On time,Returning
108766,2026-06-21,17,Göteborg,Indian,222.0,46.0,Late,Returning
112247,2026-08-07,21,Stockholm,Kebab,244.0,37.0,On time,New
101612,2026-03-16,14,Lund,Salad,252.0,35.0,On time,Returning
108806,2026-06-21,13,Stockholm,Kebab,270.0,30.0,On time,Returning
100456,2026-03-01,12,Göteborg,Sushi,290.0,38.0,On time,New
104844,2026-04-29,16,Malmö,Salad,234.0,32.0,On time,Returning
102890,2026-04-03,14,Stockholm,Burgers,208.0,32.0,On time,New
104409,2026-04-23,13,Stockholm,Pizza,277.0,33.0,On time,New
101103,2026-03-09,20,Malmö,Sushi,280.0,54.0,Late,Returning
102201,2026-03-25,11,Göteborg,Burgers,285.0,29.0,On time,Returning
108728,2026-06-20,12,Stockholm,Kebab,176.0,37.0,On time,New
107597,2026-06-05,12,Malmö,Kebab,301.0,28.0,On time,Returning
109052,2026-06-25,10,Stockholm,Kebab,180.0,28.0,On time,New
111279,2026-07-25,12,Stockholm,Thai,204.0,34.0,On time,New
100950,2026-03-07,17,Uppsala,Burgers,387.0,31.0,On time,New
109679,2026-07-04,11,Göteborg,Salad,312.0,15.0,On time,New
109202,2026-06-27,19,Stockholm,Kebab,215.0,33.0,On time,Returning
106350,2026-05-19,17,Malmö,Pizza,306.0,45.0,On time,New
104057,2026-04-18,14,Uppsala,Pizza,235.0,33.0,On time,New
109290,2026-06-28,12,Stockholm,Sushi,212.0,33.0,On time,Returning
108418,2026-06-16,17,Göteborg,Burgers,229.0,42.0,On time,New
106342,2026-05-19,15,Stockholm,Sushi,262.0,34.0,On time,Returning
103901,2026-04-16,18,Stockholm,Kebab,241.0,41.0,On time,Returning
104407,2026-04-23,13,Stockholm,Sushi,254.0,36.0,On time,Returning
103220,2026-04-07,17,Stockholm,Salad,265.0,22.0,On time,Returning
110325,2026-07-12,17,Malmö,Pizza,221.0,43.0,On time,Returning
102164,2026-03-24,17,Malmö,Thai,173.0,42.0,On time,Returning
107212,2026-05-31,17,Stockholm,Salad,324.0,50.0,Late,Returning
106443,2026-05-20,12,Lund,Vegan,348.0,32.0,On time,Returning
102762,2026-04-01,17,Stockholm,Burgers,287.0,23.0,On time,New
111437,2026-07-27,19,Göteborg,Thai,242.0,38.0,On time,New
110797,2026-07-18,13,Lund,Pizza,241.0,44.0,On time,New
103884,2026-04-16,17,Stockholm,Pizza,255.0,26.0,On time,New
105448,2026-05-07,15,Stockholm,Pizza,192.0,24.0,On time,Returning
110843,2026-07-19,12,Stockholm,Pizza,234.0,37.0,On time,Returning
108443,2026-06-16,21,Stockholm,Sushi,273.0,32.0,On time,New
113491,2026-08-23,19,Stockholm,Thai,180.0,41.0,On time,New
106743,2026-05-24,13,Uppsala,Salad,266.0,35.0,On time,Returning
101481,2026-03-15,12,Göteborg,Burgers,159.0,29.0,On time,Returning
101947,2026-03-21,18,Uppsala,Pizza,89.0,36.0,On time,Returning
110429,2026-07-14,11,Göteborg,Indian,168.0,43.0,On time,Returning
113193,2026-08-19,12,Uppsala,Salad,184.0,27.0,On time,Returning
103482,2026-04-11,18,Göteborg,Indian,180.0,43.0,On time,Returning
111831,2026-08-01,14,Malmö,Thai,232.0,48.0,Late,Returning
100095,2026-02-24,18,Göteborg,Indian,268.0,34.0,On time,New
109355,2026-06-29,16,Stockholm,Indian,308.0,29.0,On time,New
112132,2026-08-05,11,Uppsala,Kebab,219.0,65.0,Late,Returning
107286,2026-06-01,14,Stockholm,Pizza,319.0,30.0,On time,Returning
100879,2026-03-07,21,Göteborg,Kebab,237.0,32.0,On time,New
113001,2026-08-17,17,Göteborg,Pizza,182.0,38.0,On time,New
101815,2026-03-19,18,Lund,Kebab,251.0,31.0,On time,Returning
100623,2026-03-03,20,Stockholm,Burgers,231.0,42.0,On time,Returning
106518,2026-05-21,12,Lund,Burgers,234.0,30.0,On time,Returning
109818,2026-07-05,18,Lund,Kebab,217.0,31.0,On time,New
100222,2026-02-26,19,Göteborg,Indian,172.0,37.0,On time,Returning
103961,2026-04-17,10,Stockholm,Thai,187.0,37.0,On time,New
109614,2026-07-03,20,Göteborg,Pizza,304.0,22.0,On time,Returning
108206,2026-06-13,14,Malmö,Kebab,290.0,43.0,On time,Returning
109123,2026-06-26,12,Stockholm,Salad,170.0,48.0,Late,New
113338,2026-08-21,11,Unknown,Thai,346.0,38.0,On time,Returning
106501,2026-05-21,12,Malmö,Pizza,333.0,53.0,Late,Returning
103454,2026-04-10,12,Malmö,Burgers,227.0,32.0,On time,Returning
111976,2026-08-03,14,Stockholm,Pizza,224.0,29.0,On time,New
101387,2026-03-14,12,Göteborg,Sushi,168.0,39.0,On time,Returning
105650,2026-05-10,9,Göteborg,Pizza,349.0,40.0,On time,Returning
108221,2026-06-13,11,Lund,Vegan,153.0,36.0,On time,Returning
113357,2026-08-22,12,Göteborg,Burgers,220.0,26.0,On time,New
108589,2026-06-18,10,Unknown,Indian,296.0,49.0,Late,Returning
112762,2026-08-14,18,Göteborg,Pizza,285.0,29.0,On time,Returning
112411,2026-08-09,19,Göteborg,Salad,306.0,41.0,On time,New
101900,2026-03-21,11,Stockholm,Pizza,255.0,45.0,On time,Returning
112445,2026-08-09,22,Stockholm,Indian,321.0,20.0,On time,Returning
102497,2026-03-29,13,Göteborg,Pizza,250.0,37.0,Unknown,New
104991,2026-05-01,19,Malmö,Sushi,218.0,42.0,On time,New
110757,2026-07-18,19,Stockholm,Thai,251.0,45.0,On time,New
106121,2026-05-16,12,Uppsala,Sushi,241.0,31.0,On time,New
103911,2026-04-16,11,Malmö,Indian,217.0,30.0,On time,Returning
106463,2026-05-21,19,Stockholm,Thai,217.0,29.0,On time,New
112355,2026-08-08,13,Stockholm,Kebab,194.0,33.0,On time,Returning
109647,2026-07-03,11,Stockholm,Pizza,319.0,24.0,On time,Returning
112604,2026-08-11,11,Malmö,Salad,339.0,27.0,On time,Returning
100272,2026-02-26,18,Malmö,Pizza,329.0,38.0,On time,New
100116,2026-02-24,10,Stockholm,Pizza,292.0,43.0,On time,New
104314,2026-04-22,20,Göteborg,Kebab,217.0,55.0,Late,Returning
113159,2026-08-19,20,Stockholm,Sushi,260.0,42.0,On time,Returning
103920,2026-04-16,12,Uppsala,Kebab,254.0,41.0,On time,Returning
103046,2026-04-05,19,Stockholm,Thai,255.0,37.0,On time,New
112603,2026-08-11,12,Malmö,Kebab,252.0,31.0,On time,New
105334,2026-05-05,13,Uppsala,Kebab,247.0,22.0,On time,Returning
113208,2026-08-20,11,Göteborg,Thai,323.0,31.0,On time,Returning
111565,2026-07-29,18,Göteborg,Vegan,232.0,26.0,On time,Returning
102212,2026-03-25,20,Stockholm,Vegan,261.0,47.0,Late,Returning
110403,2026-07-13,13,Malmö,Vegan,232.0,52.0,Late,Returning
112745,2026-08-13,17,Uppsala,Sushi,340.0,36.0,On time,New
102362,2026-03-27,19,Stockholm,Vegan,232.0,52.0,Late,Returning
106825,2026-05-25,21,Lund,Burgers,295.0,33.0,On time,Returning
100912,2026-03-07,22,Stockholm,Burgers,261.0,44.0,On time,Returning
107288,2026-06-01,20,Stockholm,Pizza,272.0,21.0,On time,New
104770,2026-04-28,16,Stockholm,Burgers,196.0,41.0,On time,New
101197,2026-03-11,13,Stockholm,Burgers,263.0,40.0,On time,Returning
103117,2026-04-06,13,Göteborg,Thai,281.0,39.0,On time,Returning
102702,2026-03-31,17,Malmö,Burgers,299.0,33.0,On time,Returning
108525,2026-06-17,21,Malmö,Pizza,338.0,31.0,On time,New
106389,2026-05-20,13,Göteborg,Pizza,161.0,44.0,On time,Returning
107196,2026-05-31,19,Göteborg,Salad,220.0,36.0,On time,Returning
113465,2026-08-23,15,Stockholm,Burgers,226.0,15.0,On time,New
107296,2026-06-01,13,Stockholm,Burgers,265.0,37.0,On time,Returning
109959,2026-07-08,10,Göteborg,Sushi,272.0,42.0,On time,New
111656,2026-07-30,11,Stockholm,Burgers,233.0,48.0,Late,New
110877,2026-07-19,12,Uppsala,Kebab,355.0,44.0,On time,Returning
106824,2026-05-25,15,Lund,Burgers,249.0,22.0,On time,New
109971,2026-07-08,18,Göteborg,Kebab,182.0,21.0,On time,New
100057,2026-02-23,22,Malmö,Vegan,279.0,28.0,On time,Returning
101403,2026-03-14,20,Stockholm,Burgers,309.0,37.0,On time,Returning
110078,2026-07-09,16,Stockholm,Kebab,285.0,33.0,On time,New
108036,2026-06-11,12,Stockholm,Pizza,308.0,17.0,On time,Returning
112067,2026-08-04,20,Lund,Thai,264.0,32.0,On time,New
112571,2026-08-11,13,Göteborg,Indian,236.0,51.0,Late,New
106013,2026-05-15,12,Stockholm,Sushi,300.0,29.0,On time,New
102723,2026-04-01,11,Göteborg,Salad,324.0,54.0,Late,Returning
112622,2026-08-12,11,Göteborg,Kebab,250.0,45.0,On time,Returning
110872,2026-07-19,13,Malmö,Burgers,256.0,39.0,On time,New
107032,2026-05-29,11,Göteborg,Indian,313.0,18.0,On time,Returning
110844,2026-07-19,14,Stockholm,Burgers,185.0,35.0,On time,Returning
113272,2026-08-20,17,Uppsala,Pizza,257.0,31.0,On time,Returning
104893,2026-04-30,13,Stockholm,Burgers,177.0,32.0,On time,Returning
107452,2026-06-03,21,Stockholm,Kebab,143.0,35.0,On time,Returning
110819,2026-07-19,14,Göteborg,Vegan,100.0,30.0,On time,Returning
102921,2026-04-03,20,Uppsala,Vegan,302.0,28.0,On time,New
108509,2026-06-17,19,Stockholm,Vegan,233.0,23.0,On time,New
102856,2026-04-02,11,Lund,Pizza,304.0,26.0,On time,Returning
107889,2026-06-09,17,Stockholm,Pizza,299.0,25.0,On time,New
107544,2026-06-04,11,Lund,Vegan,306.0,34.0,On time,Returning
100352,2026-02-27,15,Uppsala,Pizza,240.0,42.0,On time,Returning
109659,2026-07-03,18,Uppsala,Pizza,215.0,37.0,On time,New
110945,2026-07-20,19,Malmö,Indian,278.0,55.0,Late,Returning
112156,2026-08-06,13,Göteborg,Pizza,309.0,32.0,On time,Returning
107168,2026-05-30,13,Uppsala,Pizza,205.0,34.0,On time,Returning
112215,2026-08-06,13,Lund,Kebab,266.0,49.0,Late,Returning
105322,2026-05-05,20,Stockholm,Burgers,290.0,38.0,On time,Returning
112845,2026-08-15,20,Stockholm,Burgers,236.0,41.0,On time,New
104459,2026-04-24,14,Stockholm,Indian,231.0,40.0,On time,Returning
105970,2026-05-14,14,Malmö,Pizza,147.0,28.0,On time,New
105991,2026-05-14,18,Lund,Vegan,212.0,28.0,On time,New
103270,2026-04-08,11,Göteborg,Pizza,259.0,34.0,On time,New
110832,2026-07-19,18,Stockholm,Vegan,252.0,36.0,On time,Returning
107366,2026-06-02,22,Stockholm,Thai,261.0,31.0,On time,Returning
100628,2026-03-03,13,Stockholm,Vegan,317.0,36.0,On time,Returning
106533,2026-05-22,18,Göteborg,Burgers,234.0,32.0,On time,Returning
109901,2026-07-07,18,Stockholm,Burgers,196.0,32.0,On time,New
105924,2026-05-14,18,Göteborg,Pizza,225.0,19.0,On time,New
112982,2026-08-16,13,Malmö,Kebab,272.0,39.0,On time,Returning
101458,2026-03-14,19,Lund,Kebab,349.0,32.0,On time,Returning
111509,2026-07-28,13,Göteborg,Indian,199.0,45.0,On time,Returning
110089,2026-07-09,20,Malmö,Burgers,302.0,40.0,On time,New
109378,2026-06-29,12,Malmö,Sushi,268.0,39.0,On time,Returning
102061,2026-03-23,19,Stockholm,Sushi,290.0,22.0,On time,New
109919,2026-07-07,10,Stockholm,Burgers,264.0,38.0,On time,New
107080,2026-05-29,14,Uppsala,Pizza,231.0,26.0,On time,New
108748,2026-06-20,13,Uppsala,Burgers,192.0,27.0,On time,New
109911,2026-07-07,13,Stockholm,Thai,293.0,32.0,On time,Returning
113514,2026-08-23,13,Uppsala,Pizza,290.0,47.0,Late,New
100424,2026-02-28,18,Malmö,Burgers,227.0,34.0,On time,New
104647,2026-04-26,9,Malmö,Thai,194.0,36.0,On time,Returning
108747,2026-06-20,19,Uppsala,Kebab,269.0,39.0,On time,New
100620,2026-03-03,12,Göteborg,Thai,238.0,25.0,On time,Returning
110994,2026-07-21,13,Stockholm,Salad,276.0,33.0,On time,Returning
111452,2026-07-27,14,Stockholm,Sushi,232.0,38.0,On time,New
110526,2026-07-15,12,Stockholm,Pizza,214.0,48.0,Late,New
107918,2026-06-09,13,Uppsala,Thai,283.0,25.0,On time,Returning
110456,2026-07-14,16,Stockholm,Pizza,138.0,24.0,On time,Returning
102224,2026-03-25,15,Stockholm,Burgers,245.0,29.0,On time,New
100351,2026-02-27,11,Uppsala,Sushi,232.0,41.0,On time,Returning
107202,2026-05-31,12,Stockholm,Pizza,260.0,41.0,On time,Returning
105786,2026-05-11,14,Malmö,Kebab,135.0,44.0,On time,New
113207,2026-08-20,16,Göteborg,Sushi,227.0,33.0,On time,Returning
100968,2026-03-08,12,Göteborg,Kebab,282.0,49.0,Late,Returning
109292,2026-06-28,13,Stockholm,Vegan,306.0,37.0,On time,Returning
108185,2026-06-13,13,Stockholm,Pizza,278.0,33.0,On time,Returning
101333,2026-03-13,11,Göteborg,Sushi,286.0,25.0,On time,New
103720,2026-04-13,21,Uppsala,Pizza,220.0,33.0,On time,Returning
111873,2026-08-02,11,Göteborg,Pizza,285.0,20.0,On time,Returning
103969,2026-04-17,12,Malmö,Vegan,256.0,38.0,On time,Returning
108738,2026-06-20,18,Malmö,Sushi,149.0,39.0,On time,Returning
100241,2026-02-26,18,Stockholm,Salad,234.0,41.0,On time,Returning
101967,2026-03-22,19,Göteborg,Thai,302.0,18.0,On time,New
109840,2026-07-06,10,Stockholm,Kebab,279.0,26.0,On time,Returning
101538,2026-03-15,10,Uppsala,Sushi,236.0,35.0,On time,New
101622,2026-03-17,16,Göteborg,Kebab,404.0,30.0,On time,New
104005,2026-04-18,12,Stockholm,Salad,187.0,28.0,On time,Returning
110979,2026-07-21,10,Stockholm,Burgers,213.0,31.0,On time,Returning
110933,2026-07-20,19,Unknown,Burgers,217.0,67.0,Late,Returning
112833,2026-08-15,10,Göteborg,Sushi,252.0,40.0,On time,Returning
100287,2026-02-27,11,Göteborg,Kebab,226.0,41.0,On time,New
103081,2026-04-05,13,Malmö,Burgers,126.0,40.0,On time,Returning
105594,2026-05-09,20,Stockholm,Thai,243.0,41.0,On time,Returning
106612,2026-05-23,22,Göteborg,Kebab,254.0,40.0,On time,Returning
106153,2026-05-17,12,Göteborg,Thai,314.0,37.0,On time,Returning
107825,2026-06-08,10,Stockholm,Indian,301.0,30.0,On time,Returning
107578,2026-06-05,20,Stockholm,Thai,313.0,27.0,On time,New
111026,2026-07-21,17,Uppsala,Thai,258.0,44.0,On time,New
105757,2026-05-11,19,Stockholm,Sushi,235.0,39.0,On time,New
103504,2026-04-11,18,Unknown,Thai,363.0,49.0,Late,Returning
109529,2026-07-01,14,Lund,Burgers,222.0,46.0,Late,Returning
103550,2026-04-11,20,Lund,Indian,200.0,32.0,On time,New
105959,2026-05-14,19,Stockholm,Sushi,238.0,38.0,On time,New
101250,2026-03-11,11,Lund,Pizza,211.0,33.0,On time,Returning
102823,2026-04-02,17,Stockholm,Sushi,209.0,55.0,Late,Returning
110684,2026-07-17,12,Malmö,Burgers,223.0,50.0,Late,New
111126,2026-07-23,15,Stockholm,Vegan,262.0,40.0,On time,Returning
113365,2026-08-22,9,Göteborg,Pizza,275.0,36.0,On time,New
105031,2026-05-02,16,Stockholm,Pizza,285.0,43.0,On time,New
100594,2026-03-02,20,Uppsala,Salad,242.0,29.0,On time,Returning
109322,2026-06-28,18,Lund,Pizza,232.0,27.0,On time,Returning
113202,2026-08-19,14,Lund,Sushi,239.0,39.0,On time,Returning
100045,2026-02-23,20,Stockholm,Kebab,264.0,35.0,On time,Returning
112909,2026-08-15,13,Lund,Vegan,230.0,32.0,On time,Returning
106432,2026-05-20,16,Malmö,Thai,362.0,39.0,On time,Returning
103632,2026-04-12,12,Unknown,Indian,236.0,34.0,On time,Returning
110821,2026-07-19,20,Stockholm,Burgers,149.0,39.0,On time,New
105343,2026-05-05,21,Lund,Sushi,234.0,45.0,On time,Returning
107606,2026-06-05,16,Uppsala,Burgers,208.0,36.0,On time,New
106525,2026-05-22,19,Göteborg,Kebab,312.0,55.0,Late,Returning
100065,2026-02-23,17,Uppsala,Kebab,277.0,29.0,On time,New
105743,2026-05-11,11,Göteborg,Burgers,245.0,19.0,On time,New
113498,2026-08-23,19,Malmö,Pizza,329.0,47.0,Late,Returning
109941,2026-07-07,12,Malmö,Pizza,230.0,41.0,On time,Returning
103514,2026-04-11,13,Stockholm,Thai,237.0,42.0,On time,Returning
103062,2026-04-05,12,Stockholm,Vegan,249.0,36.0,On time,New
111074,2026-07-22,13,Stockholm,Sushi,288.0,32.0,On time,Returning
100892,2026-03-07,17,Göteborg,Burgers,236.0,35.0,On time,Returning
103545,2026-04-11,16,Uppsala,Burgers,315.0,18.0,On time,New
108455,2026-06-16,12,Stockholm,Burgers,276.0,21.0,On time,Returning
106004,2026-05-15,11,Göteborg,Pizza,231.0,29.0,On time,Returning
105245,2026-05-04,11,Stockholm,Indian,376.0,41.0,On time,Returning
113493,2026-08-23,18,Malmö,Vegan,265.0,44.0,On time,Returning
109154,2026-06-26,19,Lund,Indian,242.0,36.0,On time,New
101984,2026-03-22,18,Stockholm,Indian,276.0,35.0,On time,Returning
107484,2026-06-03,18,Lund,Sushi,311.0,41.0,On time,Returning
106205,2026-05-17,18,Malmö,Burgers,258.0,48.0,Late,Returning
107029,2026-05-28,16,Lund,Burgers,245.0,21.0,On time,Returning
110617,2026-07-16,12,Malmö,Vegan,235.0,57.0,Late,Returning
106119,2026-05-16,18,Malmö,Indian,162.0,38.0,On time,Returning
107358,2026-06-02,12,Stockholm,Thai,302.0,44.0,On time,Returning
112988,2026-08-16,13,Uppsala,Vegan,172.0,40.0,On time,Returning
106542,2026-05-22,21,Göteborg,Burgers,343.0,40.0,On time,Returning
105228,2026-05-04,17,Stockholm,Sushi,304.0,22.0,On time,New
105047,2026-05-02,11,Stockholm,Pizza,219.0,33.0,On time,Returning
100100,2026-02-24,13,Stockholm,Burgers,288.0,38.0,On time,New
104745,2026-04-28,12,Göteborg,Burgers,278.0,32.0,On time,New
100524,2026-03-01,18,Uppsala,Burgers,330.0,40.0,On time,Returning
109870,2026-07-06,14,Uppsala,Salad,287.0,45.0,On time,Returning
104942,2026-05-01,9,Göteborg,Pizza,218.0,45.0,On time,New
101311,2026-03-12,13,Uppsala,Sushi,324.0,43.0,On time,Returning
109898,2026-07-07,21,Stockholm,Sushi,168.0,29.0,On time,Returning
106450,2026-05-21,11,Göteborg,Pizza,260.0,41.0,On time,Returning
108407,2026-06-16,14,Göteborg,Thai,152.0,46.0,Late,New
111913,2026-08-02,13,Stockholm,Pizza,214.0,40.0,On time,Returning
111337,2026-07-25,21,Lund,Kebab,269.0,51.0,Late,Returning
103985,2026-04-17,12,Lund,Thai,323.0,39.0,On time,Returning
102707,2026-03-31,18,Uppsala,Vegan,256.0,44.0,On time,Returning
100211,2026-02-25,21,Uppsala,Indian,297.0,40.0,On time,Returning
111115,2026-07-23,20,Göteborg,Kebab,144.0,25.0,On time,New
110646,2026-07-17,19,Göteborg,Burgers,379.0,40.0,On time,New
108975,2026-06-24,20,Göteborg,Salad,319.0,34.0,On time,Returning
106065,2026-05-16,18,Göteborg,Salad,303.0,37.0,Unknown,Returning
108687,2026-06-19,19,Lund,Sushi,322.0,37.0,On time,Returning
112575,2026-08-11,20,Göteborg,Pizza,119.0,36.0,On time,New
100990,2026-03-08,19,Stockholm,Burgers,305.0,34.0,On time,New
103020,2026-04-05,13,Göteborg,Sushi,302.0,28.0,On time,Returning
104262,2026-04-21,17,Stockholm,Pizza,246.0,33.0,On time,New
108678,2026-06-19,12,Uppsala,Pizza,269.0,35.0,On time,New
108265,2026-06-14,13,Stockholm,Salad,295.0,34.0,On time,Returning
112692,2026-08-13,11,Göteborg,Burgers,154.0,43.0,On time,Returning
107917,2026-06-09,18,Malmö,Thai,235.0,18.0,On time,Returning
113466,2026-08-23,12,Stockholm,Indian,230.0,29.0,On time,Returning
103398,2026-04-09,20,Lund,Indian,217.0,37.0,On time,New
109147,2026-06-26,20,Uppsala,Kebab,161.0,55.0,Late,New
110253,2026-07-12,13,Göteborg,Burgers,232.0,40.0,On time,Returning
102024,2026-03-22,12,Malmö,Pizza,317.0,37.0,On time,Returning
100713,2026-03-04,11,Stockholm,Pizza,170.0,38.0,On time,Returning
101784,2026-03-19,12,Stockholm,Sushi,156.0,27.0,On time,Returning
110193,2026-07-11,14,Stockholm,Pizza,323.0,35.0,On time,New
103798,2026-04-15,21,Göteborg,Burgers,197.0,43.0,On time,Returning
106857,2026-05-26,20,Stockholm,Pizza,256.0,48.0,Late,New
108136,2026-06-12,18,Uppsala,Thai,298.0,41.0,On time,Returning
100615,2026-03-03,22,Göteborg,Sushi,296.0,50.0,Late,Returning
103809,2026-04-15,18,Göteborg,Pizza,238.0,53.0,Late,New
101052,2026-03-09,16,Göteborg,Indian,281.0,40.0,On time,Returning
102449,2026-03-28,11,Malmö,Pizza,168.0,250.0,Unknown,Returning
105410,2026-05-06,18,Lund,Pizza,162.0,43.0,On time,Returning
102436,2026-03-28,17,Stockholm,Vegan,207.0,58.0,Late,Returning
111825,2026-08-01,13,Stockholm,Sushi,302.0,27.0,On time,Returning
103083,2026-04-05,12,Malmö,Burgers,257.0,41.0,On time,New
104317,2026-04-22,19,Göteborg,Sushi,339.0,36.0,On time,Returning
111659,2026-07-30,22,Stockholm,Burgers,210.0,48.0,Late,Returning
110963,2026-07-21,13,Göteborg,Pizza,214.0,29.0,On time,New
106470,2026-05-21,17,Stockholm,Sushi,205.0,52.0,Late,New
108223,2026-06-13,11,Unknown,Burgers,207.0,34.0,On time,Returning
106031,2026-05-15,11,Stockholm,Pizza,195.0,32.0,On time,Returning
113200,2026-08-19,15,Lund,Sushi,243.0,46.0,Late,Returning
113437,2026-08-23,12,Göteborg,Burgers,266.0,44.0,On time,New
108246,2026-06-14,15,Göteborg,Sushi,189.0,37.0,Unknown,Returning
100269,2026-02-26,19,Malmö,Indian,258.0,38.0,On time,Returning
105670,2026-05-10,23,Stockholm,Pizza,331.0,54.0,Late,Returning
109286,2026-06-28,18,Stockholm,Pizza,181.0,39.0,On time,Returning
106886,2026-05-26,14,Malmö,Salad,212.0,50.0,Late,New
110311,2026-07-12,12,Stockholm,Pizza,186.0,15.0,On time,Returning
109535,2026-07-02,19,Göteborg,Pizza,301.0,35.0,On time,Returning
112555,2026-08-10,13,Lund,Sushi,89.0,32.0,On time,Returning
111480,2026-07-27,23,Uppsala,Burgers,243.0,34.0,On time,New
111928,2026-08-02,22,Malmö,Vegan,319.0,37.0,On time,New
112327,2026-08-08,11,Stockholm,Pizza,287.0,35.0,On time,Returning
102763,2026-04-01,18,Stockholm,Burgers,266.0,38.0,On time,New
110861,2026-07-19,18,Stockholm,Burgers,297.0,40.0,On time,New
109310,2026-06-28,17,Malmö,Burgers,314.0,32.0,On time,Returning
108316,2026-06-14,11,Lund,Indian,267.0,40.0,On time,New
112918,2026-08-16,18,Göteborg,Indian,228.0,52.0,Late,New
102999,2026-04-04,17,Uppsala,Salad,213.0,28.0,On time,New
112553,2026-08-10,12,Uppsala,Sushi,338.0,36.0,On time,Returning
112046,2026-08-04,12,Stockholm,Pizza,163.0,37.0,On time,Returning
102142,2026-03-24,16,Stockholm,Indian,279.0,34.0,On time,New
110022,2026-07-08,12,Uppsala,Burgers,375.0,56.0,Late,New
103803,2026-04-15,17,Göteborg,Kebab,289.0,25.0,On time,Returning
112715,2026-08-13,19,Stockholm,Kebab,219.0,53.0,Late,Returning
106465,2026-05-21,9,Stockholm,Pizza,200.0,48.0,Late,Returning
105128,2026-05-03,18,Stockholm,Thai,246.0,31.0,On time,Returning
108599,2026-06-18,19,Uppsala,Burgers,247.0,26.0,On time,Returning
106005,2026-05-15,17,Göteborg,Salad,320.0,33.0,On time,Returning
100585,2026-03-02,13,Malmö,Pizza,146.0,31.0,On time,Returning
101009,2026-03-08,18,Stockholm,Indian,240.0,40.0,On time,Returning
101440,2026-03-14,14,Malmö,Vegan,291.0,37.0,On time,New
106490,2026-05-21,12,Stockholm,Vegan,313.0,40.0,On time,New
107142,2026-05-30,22,Stockholm,Burgers,290.0,31.0,On time,New
110229,2026-07-11,12,Malmö,Burgers,319.0,36.0,On time,New
104412,2026-04-23,13,Stockholm,Burgers,234.0,36.0,On time,New
107642,2026-06-06,12,Stockholm,Burgers,207.0,15.0,On time,Returning
106867,2026-05-26,11,Stockholm,Pizza,180.0,52.0,Late,New
106317,2026-05-19,14,Göteborg,Pizza,270.0,34.0,On time,Returning
112265,2026-08-07,18,Stockholm,Indian,293.0,44.0,On time,New
112088,2026-08-05,12,Göteborg,Indian,295.0,43.0,On time,Returning
105823,2026-05-12,10,Stockholm,Pizza,239.0,31.0,On time,New
102194,2026-03-25,14,Göteborg,Sushi,233.0,52.0,Late,New
112429,2026-08-09,13,Stockholm,Kebab,147.0,23.0,On time,Returning
110682,2026-07-17,12,Malmö,Salad,272.0,30.0,On time,Returning
108932,2026-06-23,14,Stockholm,Indian,168.0,45.0,On time,Returning
109335,2026-06-29,23,Göteborg,Vegan,182.0,32.0,On time,Returning
108889,2026-06-22,23,Malmö,Pizza,207.0,46.0,Late,New
112349,2026-08-08,19,Stockholm,Burgers,215.0,50.0,Late,New
102292,2026-03-26,19,Stockholm,Salad,275.0,35.0,On time,Returning
110073,2026-07-09,21,Stockholm,Thai,379.0,27.0,On time,New
112650,2026-08-12,20,Stockholm,Salad,285.0,41.0,On time,Returning
105007,2026-05-01,13,Lund,Pizza,199.0,24.0,On time,Returning
111198,2026-07-24,12,Stockholm,Kebab,261.0,46.0,Late,New
111884,2026-08-02,19,Stockholm,Sushi,210.0,36.0,On time,Returning
110754,2026-07-18,21,Stockholm,Sushi,204.0,32.0,On time,Returning
112950,2026-08-16,17,Unknown,Kebab,261.0,42.0,On time,Returning
104411,2026-04-23,20,Stockholm,Sushi,252.0,18.0,On time,Returning
102258,2026-03-26,12,Göteborg,Pizza,238.0,42.0,On time,New
107933,2026-06-10,16,Göteborg,Vegan,204.0,36.0,On time,Returning
109574,2026-07-02,15,Stockholm,Burgers,239.0,41.0,On time,Returning
106049,2026-05-15,18,Uppsala,Pizza,340.0,42.0,On time,New
102086,2026-03-23,16,Stockholm,Pizza,282.0,37.0,On time,Returning
111682,2026-07-30,18,Malmö,Sushi,321.0,23.0,On time,Returning
110372,2026-07-13,15,Stockholm,Thai,265.0,39.0,On time,Returning
104625,2026-04-26,20,Stockholm,Thai,281.0,27.0,On time,New
112872,2026-08-15,21,Stockholm,Indian,120.0,34.0,On time,Returning
110303,2026-07-12,11,Stockholm,Kebab,218.0,42.0,On time,Returning
107293,2026-06-01,19,Stockholm,Pizza,268.0,51.0,Late,Returning
107868,2026-06-09,16,Göteborg,Thai,216.0,40.0,On time,Returning
101723,2026-03-18,11,Malmö,Thai,310.0,40.0,On time,Returning
103988,2026-04-17,10,Lund,Pizza,227.0,32.0,On time,Returning
112436,2026-08-09,20,Stockholm,Burgers,271.0,46.0,Late,New
103039,2026-04-05,18,Stockholm,Sushi,322.0,34.0,On time,Returning
100630,2026-03-03,13,Stockholm,Burgers,328.0,57.0,Late,New
104979,2026-05-01,11,Stockholm,Pizza,255.0,26.0,On time,New
101467,2026-03-15,13,Göteborg,Thai,246.0,44.0,On time,New
110897,2026-07-20,20,Göteborg,Burgers,417.0,39.0,On time,New
103139,2026-04-06,12,Stockholm,Burgers,259.0,16.0,On time,Returning
110479,2026-07-14,11,Uppsala,Pizza,342.0,40.0,On time,Returning
107186,2026-05-31,11,Göteborg,Vegan,258.0,36.0,On time,Returning
102870,2026-04-03,18,Göteborg,Indian,256.0,30.0,On time,Returning
101021,2026-03-08,19,Malmö,Indian,265.0,26.0,On time,New
109433,2026-06-30,13,Stockholm,Indian,291.0,44.0,On time,Returning
105652,2026-05-10,21,Göteborg,Vegan,342.0,30.0,On time,New
109406,2026-06-30,21,Göteborg,Thai,306.0,40.0,On time,Returning
106814,2026-05-25,17,Malmö,Pizza,235.0,24.0,On time,Returning
100927,2026-03-07,11,Malmö,Indian,371.0,51.0,Late,Returning
100210,2026-02-25,11,Uppsala,Pizza,230.0,27.0,On time,Returning
107014,2026-05-28,10,Malmö,Sushi,235.0,52.0,Late,Returning
104158,2026-04-19,21,Uppsala,Sushi,233.0,47.0,Late,Returning
103865,2026-04-16,19,Göteborg,Burgers,320.0,47.0,Late,Returning
102542,2026-03-29,18,Malmö,Thai,334.0,37.0,On time,New
103571,2026-04-12,17,Göteborg,Pizza,324.0,28.0,On time,Returning
102106,2026-03-23,9,Uppsala,Thai,197.0,43.0,On time,New
112621,2026-08-12,19,Göteborg,Salad,327.0,34.0,On time,Returning
106395,2026-05-20,19,Stockholm,Burgers,237.0,56.0,Late,Returning
110669,2026-07-17,11,Stockholm,Pizza,154.0,32.0,On time,Returning
105680,2026-05-10,22,Stockholm,Pizza,175.0,40.0,On time,Returning
104384,2026-04-23,13,Göteborg,Sushi,216.0,42.0,On time,Returning
111375,2026-07-26,23,Stockholm,Pizza,273.0,39.0,On time,Returning
113418,2026-08-22,19,Uppsala,Pizza,226.0,39.0,On time,New
110915,2026-07-20,15,Stockholm,Burgers,193.0,47.0,Late,New
105235,2026-05-04,11,Stockholm,Kebab,279.0,26.0,On time,Returning
108369,2026-06-15,18,Stockholm,Pizza,278.0,32.0,On time,New
106594,2026-05-22,19,Uppsala,Pizza,327.0,32.0,On time,Returning
109970,2026-07-08,14,Göteborg,Kebab,195.0,28.0,On time,Returning
102030,2026-03-22,10,Uppsala,Kebab,241.0,31.0,On time,New
111691,2026-07-30,13,Uppsala,Pizza,182.0,29.0,On time,Returning
102465,2026-03-28,11,Uppsala,Burgers,219.0,47.0,Late,Returning
105253,2026-05-04,19,Malmö,Indian,220.0,31.0,On time,Returning
112231,2026-08-07,17,Göteborg,Thai,109.0,42.0,On time,Returning
107038,2026-05-29,11,Göteborg,Kebab,210.0,38.0,On time,Returning
107771,2026-06-07,11,Malmö,Thai,252.0,25.0,On time,Returning
107151,2026-05-30,18,Malmö,Pizza,195.0,37.0,On time,New
112725,2026-08-13,19,Stockholm,Pizza,362.0,51.0,Late,Returning
107760,2026-06-07,11,Stockholm,Pizza,193.0,32.0,On time,Returning
108987,2026-06-24,19,Stockholm,Sushi,273.0,32.0,On time,Returning
106290,2026-05-18,20,Malmö,Kebab,207.0,28.0,On time,Returning
110534,2026-07-15,17,Stockholm,Burgers,165.0,33.0,On time,Returning
109783,2026-07-05,18,Stockholm,Pizza,204.0,23.0,On time,Returning
107620,2026-06-06,13,Göteborg,Thai,347.0,32.0,On time,Returning
104037,2026-04-18,14,Malmö,Sushi,179.0,32.0,On time,New
100772,2026-03-05,14,Stockholm,Kebab,259.0,46.0,Late,Returning
110799,2026-07-18,18,Lund,Burgers,244.0,53.0,Late,New
100816,2026-03-06,13,Göteborg,Burgers,197.0,49.0,Late,Returning
103295,2026-04-08,15,Stockholm,Vegan,208.0,31.0,On time,New
104768,2026-04-28,11,Stockholm,Burgers,162.0,29.0,On time,Returning
110862,2026-07-19,19,Malmö,Kebab,286.0,32.0,On time,New
104827,2026-04-29,13,Stockholm,Salad,245.0,46.0,Late,Returning
111771,2026-08-01,11,Göteborg,Kebab,329.0,38.0,On time,Returning
108357,2026-06-15,12,Stockholm,Thai,292.0,25.0,On time,Returning
103890,2026-04-16,21,Stockholm,Pizza,302.0,45.0,On time,New
107847,2026-06-08,13,Malmö,Thai,258.0,27.0,On time,Returning
102473,2026-03-28,17,Uppsala,Pizza,256.0,31.0,On time,New
110976,2026-07-21,12,Göteborg,Thai,306.0,31.0,On time,New
104886,2026-04-30,11,Stockholm,Indian,244.0,24.0,On time,Returning
112688,2026-08-13,14,Göteborg,Burgers,311.0,43.0,On time,Returning
108450,2026-06-16,12,Stockholm,Vegan,214.0,36.0,On time,New
110856,2026-07-19,9,Stockholm,Salad,304.0,40.0,On time,New
107325,2026-06-01,12,Uppsala,Pizza,306.0,30.0,On time,New
112878,2026-08-15,16,Malmö,Burgers,181.0,36.0,On time,Returning
109896,2026-07-07,20,Stockholm,Pizza,246.0,40.0,On time,Returning
100277,2026-02-26,19,Uppsala,Kebab,179.0,37.0,On time,Returning
105574,2026-05-09,18,Göteborg,Kebab,208.0,44.0,On time,Returning
101919,2026-03-21,21,Stockholm,Kebab,272.0,47.0,Late,New
107926,2026-06-09,14,Lund,Burgers,209.0,35.0,On time,Returning
100397,2026-02-28,17,Stockholm,Burgers,248.0,20.0,On time,Returning
103857,2026-04-15,21,Uppsala,Kebab,253.0,47.0,Late,Returning
111776,2026-08-01,17,Göteborg,Pizza,325.0,31.0,On time,Returning
102323,2026-03-26,19,Lund,Burgers,216.0,21.0,On time,New
109047,2026-06-25,17,Stockholm,Kebab,257.0,26.0,On time,Returning
102396,2026-03-27,19,Lund,Pizza,189.0,45.0,On time,Returning
109550,2026-07-02,21,Stockholm,Sushi,210.0,32.0,On time,New
108521,2026-06-17,13,Stockholm,Thai,129.0,41.0,On time,Returning
108980,2026-06-24,15,Stockholm,Kebab,272.0,34.0,On time,New
100441,2026-02-28,14,Lund,Vegan,160.0,43.0,On time,Returning
110624,2026-07-16,12,Malmö,Pizza,259.0,43.0,On time,New
105154,2026-05-03,13,Stockholm,Sushi,286.0,45.0,On time,New
103657,2026-04-13,21,Göteborg,Thai,343.0,25.0,On time,Returning
104663,2026-04-26,18,Unknown,Thai,255.0,32.0,On time,Returning
110993,2026-07-21,18,Stockholm,Thai,171.0,31.0,On time,New
111917,2026-08-02,14,Malmö,Burgers,295.0,24.0,On time,New
105557,2026-05-09,19,Göteborg,Kebab,158.0,32.0,On time,New
109956,2026-07-07,16,Lund,Indian,235.0,60.0,Late,Returning
101556,2026-03-16,17,Göteborg,Indian,239.0,24.0,On time,Returning
111253,2026-07-25,16,Göteborg,Vegan,242.0,29.0,On time,Returning
106382,2026-05-20,19,Göteborg,Pizza,317.0,24.0,On time,New
103572,2026-04-12,12,Göteborg,Salad,315.0,39.0,On time,Returning
111909,2026-08-02,13,Stockholm,Kebab,261.0,35.0,On time,Returning
101512,2026-03-15,11,Stockholm,Kebab,229.0,44.0,On time,New
110470,2026-07-14,20,Malmö,Pizza,210.0,29.0,On time,Returning
102942,2026-04-04,12,Göteborg,Indian,309.0,59.0,Late,Returning
106756,2026-05-25,17,Göteborg,Burgers,279.0,60.0,Late,Returning
103740,2026-04-14,18,Unknown,Sushi,184.0,37.0,On time,Returning
107698,2026-06-06,20,Uppsala,Indian,183.0,45.0,On time,New
103157,2026-04-06,15,Stockholm,Pizza,271.0,36.0,On time,New
103710,2026-04-13,20,Malmö,Burgers,309.0,37.0,Unknown,Returning
106632,2026-05-23,20,Stockholm,Pizza,248.0,59.0,Late,New
104048,2026-04-18,13,Malmö,Burgers,226.0,37.0,Unknown,New
111094,2026-07-22,18,Unknown,Thai,253.0,26.0,On time,New
113373,2026-08-22,10,Stockholm,Vegan,233.0,42.0,On time,Returning
102599,2026-03-30,11,Stockholm,Pizza,267.0,41.0,On time,Returning
107660,2026-06-06,10,Stockholm,Thai,310.0,40.0,On time,Returning
107566,2026-06-05,18,Göteborg,Indian,293.0,38.0,On time,New
100197,2026-02-25,18,Malmö,Pizza,276.0,34.0,On time,Returning
107513,2026-06-04,12,Stockholm,Kebab,243.0,45.0,On time,Returning
107962,2026-06-10,13,Stockholm,Sushi,291.0,47.0,Late,Returning
102343,2026-03-27,16,Göteborg,Pizza,244.0,41.0,On time,Returning
103864,2026-04-16,16,Göteborg,Pizza,273.0,45.0,On time,Returning
108408,2026-06-16,14,Göteborg,Sushi,377.0,40.0,On time,Returning
107332,2026-06-01,14,Lund,Kebab,234.0,19.0,On time,Returning
100947,2026-03-07,13,Uppsala,Kebab,226.0,48.0,Late,New
101131,2026-03-10,14,Göteborg,Sushi,309.0,51.0,Late,Returning
112290,2026-08-07,17,Lund,Indian,188.0,38.0,On time,Returning
103947,2026-04-17,17,Stockholm,Kebab,140.0,35.0,On time,Returning
107683,2026-06-06,20,Malmö,Pizza,304.0,26.0,On time,New
109992,2026-07-08,10,Stockholm,Burgers,253.0,33.0,On time,Returning
103945,2026-04-17,12,Göteborg,Sushi,204.0,32.0,On time,Returning
103223,2026-04-07,17,Stockholm,Kebab,348.0,38.0,On time,Returning
112013,2026-08-04,18,Göteborg,Thai,227.0,46.0,Late,New
108712,2026-06-20,11,Stockholm,Salad,329.0,33.0,On time,Returning
103434,2026-04-10,12,Stockholm,Pizza,200.0,250.0,Unknown,New
103674,2026-04-13,12,Stockholm,Sushi,286.0,22.0,On time,Returning
108154,2026-06-13,13,Göteborg,Burgers,163.0,46.0,Late,New
107554,2026-06-05,14,Göteborg,Pizza,190.0,28.0,On time,New
109825,2026-07-06,18,Göteborg,Kebab,210.0,42.0,On time,Returning
101124,2026-03-09,18,Lund,Indian,315.0,46.0,Late,New
108267,2026-06-14,12,Stockholm,Sushi,221.0,37.0,On time,Returning
106704,2026-05-24,12,Stockholm,Salad,352.0,37.0,Unknown,Returning
109854,2026-07-06,9,Malmö,Burgers,344.0,28.0,On time,New
109685,2026-07-04,17,Göteborg,Pizza,320.0,35.0,On time,New
100169,2026-02-25,21,Stockholm,Kebab,216.0,24.0,On time,Returning
100896,2026-03-07,13,Stockholm,Burgers,279.0,30.0,On time,New
108046,2026-06-11,13,Stockholm,Pizza,237.0,15.0,On time,Returning
104851,2026-04-29,11,Uppsala,Salad,272.0,44.0,On time,Returning
106576,2026-05-22,12,Malmö,Kebab,269.0,31.0,On time,New
109434,2026-06-30,20,Stockholm,Pizza,288.0,24.0,On time,New
103389,2026-04-09,20,Malmö,Salad,199.0,28.0,On time,New
111349,2026-07-26,15,Göteborg,Salad,309.0,43.0,On time,Returning
111851,2026-08-01,12,Lund,Sushi,238.0,28.0,On time,New
100897,2026-03-07,18,Stockholm,Vegan,282.0,46.0,Late,Returning
113173,2026-08-19,14,Stockholm,Pizza,252.0,32.0,On time,Returning
108149,2026-06-13,10,Göteborg,Burgers,235.0,32.0,On time,New
101942,2026-03-21,13,Uppsala,Pizza,324.0,32.0,On time,Returning
101119,2026-03-09,11,Unknown,Thai,222.0,30.0,On time,Returning
102938,2026-04-04,18,Göteborg,Pizza,199.0,28.0,On time,Returning
108994,2026-06-24,15,Stockholm,Thai,229.0,43.0,On time,Returning
110521,2026-07-15,9,Stockholm,Kebab,241.0,41.0,On time,New
109076,2026-06-25,12,Uppsala,Sushi,279.0,49.0,Late,Returning
105571,2026-05-09,20,Göteborg,Burgers,168.0,31.0,On time,New
107623,2026-06-06,20,Göteborg,Salad,285.0,32.0,On time,Returning
107543,2026-06-04,16,Lund,Indian,185.0,20.0,On time,Returning
108567,2026-06-18,10,Stockholm,Pizza,256.0,49.0,Late,New
111096,2026-07-22,13,Uppsala,Vegan,282.0,22.0,On time,New
107906,2026-06-09,13,Malmö,Thai,254.0,37.0,On time,Returning
101893,2026-03-21,12,Göteborg,Sushi,257.0,20.0,On time,Returning
100193,2026-02-25,12,Malmö,Sushi,258.0,52.0,Late,New
113182,2026-08-19,18,Malmö,Sushi,225.0,33.0,On time,Returning
101734,2026-03-18,18,Malmö,Thai,279.0,38.0,On time,Returning
102728,2026-04-01,11,Göteborg,Burgers,238.0,18.0,On time,New
105548,2026-05-08,18,Lund,Burgers,251.0,40.0,On time,Returning
104305,2026-04-21,12,Lund,Burgers,279.0,38.0,On time,Returning
110697,2026-07-17,15,Uppsala,Thai,262.0,39.0,On time,Returning
111497,2026-07-28,19,Göteborg,Pizza,294.0,27.0,On time,New
107836,2026-06-08,13,Stockholm,Thai,304.0,27.0,On time,Returning
104017,2026-04-18,19,Stockholm,Vegan,290.0,36.0,On time,Returning
110969,2026-07-21,10,Göteborg,Kebab,249.0,34.0,On time,New
103756,2026-04-14,19,Stockholm,Salad,222.0,15.0,On time,New
111016,2026-07-21,12,Malmö,Burgers,271.0,35.0,On time,New
104047,2026-04-18,12,Malmö,Sushi,205.0,37.0,Unknown,Returning
112705,2026-08-13,21,Stockholm,Thai,331.0,19.0,On time,New
103845,2026-04-15,13,Malmö,Burgers,215.0,43.0,On time,New
103800,2026-04-15,19,Göteborg,Burgers,281.0,250.0,Unknown,Returning
101370,2026-03-13,13,Malmö,Thai,278.0,47.0,Late,New
100401,2026-02-28,13,Stockholm,Burgers,327.0,35.0,On time,Returning
107295,2026-06-01,14,Stockholm,Sushi,206.0,42.0,On time,Returning
110591,2026-07-16,14,Stockholm,Thai,267.0,53.0,Late,Returning
100910,2026-03-07,10,Stockholm,Thai,240.0,58.0,Late,New
107637,2026-06-06,10,Göteborg,Pizza,233.0,33.0,On time,Returning
105935,2026-05-14,21,Stockholm,Burgers,244.0,36.0,On time,Returning
112501,2026-08-10,18,Göteborg,Thai,186.0,37.0,On time,Returning
102376,2026-03-27,12,Malmö,Salad,298.0,42.0,On time,New
100472,2026-03-01,17,Stockholm,Kebab,258.0,29.0,On time,New
102981,2026-04-04,11,Stockholm,Indian,184.0,42.0,On time,New
100848,2026-03-06,11,Malmö,Kebab,251.0,36.0,On time,Returning
109756,2026-07-05,11,Stockholm,Thai,320.0,45.0,On time,Returning
109851,2026-07-06,10,Malmö,Pizza,255.0,47.0,Late,New
113403,2026-08-22,15,Malmö,Kebab,210.0,32.0,On time,Returning
106516,2026-05-21,15,Lund,Pizza,276.0,35.0,On time,Returning
102862,2026-04-03,17,Göteborg,Indian,267.0,28.0,On time,New
102649,2026-03-31,16,Göteborg,Burgers,336.0,41.0,On time,Returning
105240,2026-05-04,10,Stockholm,Pizza,294.0,47.0,Late,Returning
104523,2026-04-25,19,Göteborg,Salad,216.0,35.0,On time,Returning
108027,2026-06-11,21,Stockholm,Indian,331.0,32.0,On time,Returning
103806,2026-04-15,16,Unknown,Kebab,266.0,250.0,Unknown,Returning
102195,2026-03-25,12,Göteborg,Burgers,244.0,41.0,On time,New
102437,2026-03-28,12,Stockholm,Indian,302.0,18.0,On time,Returning
106024,2026-05-15,10,Stockholm,Thai,279.0,26.0,On time,Returning
102448,2026-03-28,18,Malmö,Vegan,346.0,39.0,On time,Returning
113074,2026-08-18,12,Göteborg,Kebab,234.0,28.0,On time,New
100409,2026-02-28,12,Stockholm,Pizza,342.0,36.0,On time,Returning
107210,2026-05-31,11,Stockholm,Indian,191.0,42.0,On time,Returning
111806,2026-08-01,14,Stockholm,Pizza,183.0,33.0,On time,New
101347,2026-03-13,11,Stockholm,Thai,270.0,28.0,On time,Returning
101789,2026-03-19,13,Stockholm,Kebab,257.0,40.0,On time,Returning
105755,2026-05-11,13,Stockholm,Sushi,244.0,32.0,On time,Returning
110438,2026-07-14,21,Stockholm,Thai,201.0,23.0,On time,Returning
100302,2026-02-27,14,Göteborg,Salad,205.0,43.0,On time,Returning
103902,2026-04-16,20,Stockholm,Kebab,239.0,46.0,Late,New
107070,2026-05-29,11,Malmö,Pizza,258.0,33.0,On time,Returning
110074,2026-07-09,17,Stockholm,Kebab,187.0,250.0,Unknown,Returning
108498,2026-06-17,19,Stockholm,Sushi,298.0,38.0,On time,Returning
106136,2026-05-16,13,Lund,Sushi,264.0,21.0,On time,New
104950,2026-05-01,21,Göteborg,Sushi,227.0,26.0,On time,Returning
107764,2026-06-07,10,Stockholm,Kebab,245.0,29.0,On time,New
100356,2026-02-27,17,Uppsala,Indian,210.0,42.0,On time,Returning
112393,2026-08-08,13,Lund,Sushi,249.0,33.0,On time,Returning
110723,2026-07-18,11,Göteborg,Pizza,232.0,37.0,Unknown,Returning
100638,2026-03-03,11,Stockholm,Pizza,235.0,26.0,On time,Returning
104219,2026-04-20,21,Malmö,Indian,253.0,22.0,On time,New
111447,2026-07-27,17,Stockholm,Burgers,303.0,29.0,On time,Returning
100007,2026-02-23,14,Göteborg,Thai,206.0,39.0,On time,New
104921,2026-04-30,22,Malmö,Pizza,270.0,25.0,On time,New
105280,2026-05-04,12,Lund,Indian,289.0,39.0,On time,New
102330,2026-03-27,19,Göteborg,Burgers,273.0,23.0,On time,New
105756,2026-05-11,19,Stockholm,Pizza,257.0,42.0,On time,Returning
110196,2026-07-11,23,Stockholm,Burgers,326.0,48.0,Late,Returning
109171,2026-06-27,15,Göteborg,Pizza,300.0,46.0,Late,New
109177,2026-06-27,12,Göteborg,Pizza,277.0,42.0,On time,Returning
100789,2026-03-05,18,Uppsala,Indian,334.0,37.0,On time,Returning
101128,2026-03-10,19,Göteborg,Pizza,180.0,37.0,On time,New
100734,2026-03-04,11,Uppsala,Kebab,232.0,44.0,On time,Returning
101316,2026-03-12,12,Uppsala,Indian,113.0,37.0,Unknown,New
110636,2026-07-16,18,Lund,Indian,193.0,34.0,On time,Returning
103565,2026-04-12,23,Göteborg,Indian,155.0,45.0,On time,New
112974,2026-08-16,19,Malmö,Indian,267.0,40.0,On time,Returning
109670,2026-07-04,18,Göteborg,Pizza,205.0,37.0,On time,New
108379,2026-06-15,16,Malmö,Thai,324.0,30.0,On time,New
105338,2026-05-05,12,Uppsala,Kebab,211.0,26.0,On time,Returning
100511,2026-03-01,10,Malmö,Sushi,291.0,42.0,On time,New
102807,2026-04-02,16,Göteborg,Thai,173.0,41.0,On time,New
105252,2026-05-04,21,Malmö,Kebab,384.0,38.0,On time,New
110049,2026-07-09,21,Unknown,Sushi,133.0,29.0,On time,Returning
111104,2026-07-22,11,Lund,Burgers,176.0,32.0,On time,New
108513,2026-06-17,17,Stockholm,Kebab,348.0,37.0,Unknown,Returning
106234,2026-05-17,14,Lund,Pizza,180.0,55.0,Late,Returning
108928,2026-06-23,11,Stockholm,Thai,236.0,43.0,On time,Returning
102173,2026-03-24,17,Malmö,Kebab,263.0,43.0,On time,New
105912,2026-05-13,19,Uppsala,Kebab,289.0,40.0,On time,New
111283,2026-07-25,12,Stockholm,Indian,337.0,36.0,On time,New
107353,2026-06-02,12,Stockholm,Pizza,302.0,37.0,On time,Returning
103788,2026-04-14,17,Uppsala,Thai,344.0,35.0,On time,New
108227,2026-06-13,20,Lund,Thai,270.0,38.0,On time,New
112208,2026-08-06,23,Uppsala,Pizza,278.0,42.0,On time,Returning
103396,2026-04-09,19,Uppsala,Indian,270.0,45.0,On time,Returning
102361,2026-03-27,20,Stockholm,Indian,316.0,40.0,On time,New
101229,2026-03-11,12,Unknown,Burgers,143.0,52.0,Late,Returning
113012,2026-08-17,11,Stockholm,Thai,135.0,37.0,On time,New
108986,2026-06-24,20,Stockholm,Sushi,289.0,52.0,Late,Returning
104318,2026-04-22,13,Göteborg,Vegan,216.0,31.0,On time,Returning
109048,2026-06-25,21,Stockholm,Sushi,226.0,40.0,On time,Returning
104320,2026-04-22,16,Göteborg,Indian,274.0,42.0,On time,New
103015,2026-04-04,23,Lund,Vegan,224.0,58.0,Late,New
108390,2026-06-15,12,Uppsala,Sushi,275.0,29.0,On time,New
101584,2026-03-16,19,Stockholm,Kebab,260.0,17.0,On time,New
106887,2026-05-26,14,Malmö,Pizza,122.0,48.0,Late,New
104188,2026-04-20,16,Stockholm,Vegan,213.0,40.0,On time,New
108865,2026-06-22,20,Stockholm,Pizza,211.0,37.0,Unknown,New
110280,2026-07-12,21,Stockholm,Kebab,185.0,38.0,On time,Returning
104892,2026-04-30,12,Stockholm,Burgers,251.0,41.0,On time,New
113287,2026-08-21,12,Göteborg,Indian,233.0,49.0,Late,Returning
103472,2026-04-10,17,Uppsala,Indian,280.0,38.0,On time,Returning
101555,2026-03-16,19,Göteborg,Pizza,230.0,44.0,On time,Returning
107106,2026-05-30,16,Göteborg,Kebab,315.0,30.0,On time,Returning
106878,2026-05-26,19,Stockholm,Burgers,264.0,47.0,Late,New
111100,2026-07-22,10,Uppsala,Kebab,262.0,41.0,On time,New
104946,2026-05-01,19,Göteborg,Indian,271.0,44.0,On time,Returning
103509,2026-04-11,22,Stockholm,Salad,276.0,43.0,On time,Returning
101174,2026-03-10,18,Uppsala,Sushi,251.0,42.0,On time,Returning
104105,2026-04-19,16,Stockholm,Salad,313.0,31.0,On time,Returning
110480,2026-07-14,12,Uppsala,Indian,275.0,33.0,On time,Returning
104517,2026-04-25,10,Göteborg,Vegan,283.0,49.0,Late,Returning
101705,2026-03-18,17,Stockholm,Sushi,252.0,29.0,On time,New
105391,2026-05-06,18,Malmö,Salad,347.0,29.0,On time,New
104127,2026-04-19,14,Stockholm,Kebab,324.0,42.0,On time,Returning
106986,2026-05-28,18,Göteborg,Indian,272.0,37.0,On time,Returning
108120,2026-06-12,20,Malmö,Kebab,233.0,22.0,On time,Returning
105832,2026-05-12,11,Malmö,Burgers,200.0,30.0,On time,Returning
107824,2026-06-08,14,Stockholm,Pizza,306.0,48.0,Late,Returning
101369,2026-03-13,14,Malmö,Burgers,218.0,41.0,On time,Returning
100590,2026-03-02,13,Malmö,Thai,121.0,43.0,On time,Returning
106451,2026-05-21,11,Göteborg,Pizza,329.0,36.0,On time,New
103784,2026-04-14,13,Uppsala,Burgers,273.0,29.0,On time,New
107594,2026-06-05,20,Malmö,Kebab,271.0,23.0,On time,Returning
110685,2026-07-17,17,Malmö,Pizza,316.0,49.0,Late,Returning
111890,2026-08-02,16,Stockholm,Pizza,164.0,27.0,On time,Returning
107218,2026-05-31,12,Stockholm,Indian,275.0,42.0,On time,New
102128,2026-03-24,12,Göteborg,Kebab,286.0,36.0,On time,Returning
111637,2026-07-30,12,Göteborg,Burgers,198.0,46.0,Late,Returning
108451,2026-06-16,16,Stockholm,Indian,335.0,22.0,On time,New
113386,2026-08-22,18,Stockholm,Pizza,177.0,41.0,On time,Returning
101523,2026-03-15,11,Malmö,Kebab,269.0,53.0,Late,New
102269,2026-03-26,22,Göteborg,Pizza,164.0,40.0,On time,New
100941,2026-03-07,19,Malmö,Pizza,195.0,21.0,On time,Returning
105883,2026-05-13,19,Stockholm,Kebab,170.0,38.0,On time,Returning
104580,2026-04-25,13,Uppsala,Vegan,216.0,41.0,On time,Returning
102397,2026-03-27,10,Unknown,Pizza,296.0,48.0,Late,New
100299,2026-02-27,17,Göteborg,Thai,218.0,28.0,On time,Returning
104185,2026-04-20,11,Göteborg,Pizza,117.0,31.0,On time,Returning
111143,2026-07-23,14,Malmö,Thai,250.0,42.0,On time,Returning
102014,2026-03-22,21,Malmö,Pizza,319.0,27.0,On time,Returning
113186,2026-08-19,17,Malmö,Kebab,286.0,44.0,On time,Returning
109139,2026-06-26,14,Malmö,Indian,297.0,48.0,Late,New
105208,2026-05-04,13,Göteborg,Indian,143.0,43.0,On time,New
101411,2026-03-14,19,Stockholm,Pizza,223.0,36.0,On time,New
111853,2026-08-01,18,Lund,Kebab,183.0,24.0,On time,New
103290,2026-04-08,11,Stockholm,Sushi,243.0,33.0,On time,Returning
105937,2026-05-14,12,Stockholm,Thai,259.0,41.0,On time,New
113414,2026-08-22,20,Malmö,Kebab,218.0,25.0,On time,Returning
111787,2026-08-01,19,Göteborg,Sushi,153.0,31.0,On time,Returning
111310,2026-07-25,19,Malmö,Burgers,245.0,46.0,Late,Returning
108308,2026-06-14,11,Uppsala,Kebab,319.0,47.0,Late,Returning
112289,2026-08-07,22,Lund,Sushi,312.0,40.0,On time,New
109438,2026-06-30,14,Malmö,Kebab,242.0,39.0,On time,Returning
102910,2026-04-03,23,Malmö,Vegan,242.0,27.0,On time,Returning
102034,2026-03-22,16,Lund,Kebab,267.0,25.0,On time,Returning
105090,2026-05-02,17,Lund,Kebab,211.0,29.0,On time,New
110057,2026-07-09,18,Stockholm,Pizza,272.0,44.0,On time,New
102150,2026-03-24,9,Stockholm,Pizza,131.0,42.0,On time,Returning
108188,2026-06-13,15,Stockholm,Burgers,211.0,52.0,Late,Returning
105687,2026-05-10,9,Stockholm,Pizza,251.0,48.0,Late,New
100909,2026-03-07,14,Stockholm,Burgers,327.0,32.0,On time,Returning
111841,2026-08-01,14,Malmö,Indian,232.0,33.0,On time,New
109704,2026-07-04,14,Stockholm,Burgers,192.0,44.0,On time,Returning
102780,2026-04-01,14,Uppsala,Pizza,238.0,32.0,On time,Returning
113439,2026-08-23,12,Göteborg,Sushi,255.0,23.0,On time,Returning
104753,2026-04-28,11,Stockholm,Burgers,179.0,26.0,On time,Returning
110354,2026-07-13,18,Göteborg,Pizza,227.0,46.0,Late,New
112699,2026-08-13,19,Göteborg,Salad,270.0,20.0,On time,Returning
102513,2026-03-29,12,Stockholm,Vegan,201.0,48.0,Late,Returning
101527,2026-03-15,18,Malmö,Kebab,250.0,34.0,On time,Returning
100764,2026-03-05,23,Stockholm,Burgers,193.0,38.0,On time,New
107247,2026-05-31,18,Malmö,Burgers,178.0,34.0,On time,Returning
105664,2026-05-10,17,Göteborg,Thai,146.0,38.0,On time,Returning
106851,2026-05-26,20,Stockholm,Sushi,169.0,36.0,On time,Returning
101058,2026-03-09,20,Göteborg,Salad,353.0,40.0,On time,Returning
106740,2026-05-24,19,Uppsala,Salad,196.0,42.0,On time,New
107124,2026-05-30,10,Stockholm,Kebab,191.0,23.0,On time,Returning
109097,2026-06-26,23,Göteborg,Sushi,316.0,30.0,On time,New
112876,2026-08-15,9,Malmö,Salad,237.0,40.0,On time,Returning
100171,2026-02-25,10,Stockholm,Vegan,177.0,39.0,On time,Returning
100314,2026-02-27,19,Stockholm,Sushi,271.0,49.0,Late,New
101969,2026-03-22,21,Göteborg,Indian,143.0,52.0,Late,Returning
102250,2026-03-26,12,Göteborg,Thai,232.0,34.0,On time,Returning
103624,2026-04-12,11,Malmö,Thai,160.0,35.0,On time,Returning
105592,2026-05-09,10,Stockholm,Indian,302.0,26.0,On time,Returning
111120,2026-07-23,12,Göteborg,Vegan,233.0,39.0,On time,New
104565,2026-04-25,20,Stockholm,Kebab,314.0,46.0,Late,New
108552,2026-06-18,12,Göteborg,Sushi,291.0,37.0,Unknown,New
111621,2026-07-29,11,Lund,Thai,256.0,38.0,On time,Returning
111320,2026-07-25,10,Malmö,Pizza,277.0,27.0,On time,Returning
102732,2026-04-01,11,Göteborg,Burgers,181.0,30.0,On time,New
105902,2026-05-13,14,Malmö,Kebab,181.0,30.0,On time,Returning
110173,2026-07-11,17,Göteborg,Kebab,196.0,32.0,On time,Returning
111446,2026-07-27,22,Göteborg,Burgers,180.0,56.0,Late,New
106894,2026-05-26,12,Uppsala,Kebab,294.0,36.0,On time,New
111628,2026-07-30,21,Göteborg,Burgers,237.0,38.0,On time,New
102374,2026-03-27,11,Unknown,Burgers,198.0,36.0,On time,Returning
103771,2026-04-14,17,Malmö,Vegan,328.0,35.0,On time,Returning
105784,2026-05-11,12,Malmö,Kebab,297.0,38.0,On time,Returning
101485,2026-03-15,14,Göteborg,Indian,159.0,35.0,On time,Returning
103232,2026-04-07,19,Malmö,Sushi,305.0,43.0,On time,Returning
112332,2026-08-08,12,Stockholm,Burgers,210.0,37.0,On time,Returning
102811,2026-04-02,17,Göteborg,Pizza,314.0,37.0,Unknown,New
113354,2026-08-22,13,Göteborg,Pizza,158.0,29.0,On time,New
106985,2026-05-28,13,Göteborg,Salad,214.0,44.0,On time,Returning
109564,2026-07-02,18,Stockholm,Vegan,142.0,30.0,On time,Returning
109153,2026-06-26,13,Lund,Thai,304.0,37.0,On time,Returning
101070,2026-03-09,12,Stockholm,Thai,235.0,55.0,Late,Returning
100862,2026-03-06,19,Uppsala,Salad,207.0,41.0,On time,Returning
100834,2026-03-06,12,Stockholm,Sushi,277.0,29.0,On time,New
109582,2026-07-02,12,Malmö,Thai,224.0,36.0,On time,Returning
104654,2026-04-26,10,Uppsala,Salad,337.0,40.0,On time,Returning
107378,2026-06-02,18,Stockholm,Thai,278.0,50.0,Late,Returning
102071,2026-03-23,19,Stockholm,Pizza,282.0,44.0,On time,Returning
113050,2026-08-17,13,Malmö,Pizza,259.0,46.0,Late,Returning
112743,2026-08-13,19,Malmö,Thai,211.0,40.0,On time,Returning
103280,2026-04-08,10,Stockholm,Pizza,267.0,35.0,On time,Returning
102360,2026-03-27,14,Stockholm,Sushi,262.0,39.0,On time,New
101629,2026-03-17,10,Göteborg,Vegan,328.0,37.0,On time,Returning
105760,2026-05-11,13,Stockholm,Pizza,275.0,45.0,On time,Returning
100759,2026-03-05,18,Stockholm,Indian,296.0,25.0,On time,Returning
100668,2026-03-03,13,Uppsala,Kebab,202.0,27.0,On time,New
105221,2026-05-04,15,Stockholm,Sushi,340.0,35.0,On time,Returning
107960,2026-06-10,12,Stockholm,Sushi,240.0,44.0,On time,Returning
112908,2026-08-15,19,Lund,Indian,270.0,20.0,On time,Returning
110775,2026-07-18,11,Malmö,Sushi,309.0,46.0,Late,Returning
112430,2026-08-09,23,Stockholm,Indian,288.0,40.0,On time,New
112404,2026-08-09,19,Göteborg,Kebab,263.0,40.0,On time,New
101047,2026-03-08,12,Lund,Indian,206.0,28.0,On time,Returning
107097,2026-05-30,18,Göteborg,Sushi,190.0,43.0,On time,Returning
101389,2026-03-14,13,Göteborg,Kebab,294.0,26.0,On time,Returning
112286,2026-08-07,9,Uppsala,Burgers,307.0,37.0,On time,Returning
102463,2026-03-28,13,Uppsala,Pizza,318.0,45.0,On time,New
100924,2026-03-07,15,Stockholm,Thai,285.0,33.0,On time,Returning
110865,2026-07-19,13,Malmö,Pizza,262.0,36.0,On time,Returning
102132,2026-03-24,22,Göteborg,Indian,234.0,35.0,On time,Returning
107429,2026-06-03,19,Stockholm,Burgers,296.0,38.0,On time,Returning
112100,2026-08-05,19,Stockholm,Pizza,203.0,29.0,On time,New
106260,2026-05-18,18,Stockholm,Salad,281.0,40.0,On time,New
102566,2026-03-29,22,Lund,Indian,197.0,35.0,On time,New
109384,2026-06-29,11,Malmö,Indian,233.0,22.0,On time,Returning
100080,2026-02-24,18,Göteborg,Pizza,357.0,29.0,On time,Returning
109717,2026-07-04,12,Malmö,Sushi,316.0,50.0,Late,Returning
103324,2026-04-08,18,Lund,Burgers,236.0,18.0,On time,Returning
101952,2026-03-21,12,Lund,Kebab,359.0,37.0,On time,New
106855,2026-05-26,12,Stockholm,Salad,267.0,37.0,On time,New
101503,2026-03-15,11,Stockholm,Thai,215.0,23.0,On time,Returning
106558,2026-05-22,12,Stockholm,Vegan,289.0,41.0,On time,Returning
104038,2026-04-18,22,Malmö,Sushi,194.0,44.0,On time,Returning
112746,2026-08-13,19,Uppsala,Burgers,304.0,33.0,On time,New
108171,2026-06-13,20,Stockholm,Salad,276.0,54.0,Late,Returning
101701,2026-03-18,16,Stockholm,Kebab,307.0,19.0,On time,Returning
104581,2026-04-25,17,Uppsala,Pizza,219.0,34.0,On time,Returning
101897,2026-03-21,19,Göteborg,Pizza,209.0,38.0,On time,Returning
110563,2026-07-15,19,Lund,Kebab,289.0,41.0,On time,Returning
102432,2026-03-28,19,Stockholm,Kebab,252.0,29.0,On time,New
109251,2026-06-27,17,Lund,Burgers,269.0,29.0,On time,Returning
103548,2026-04-11,15,Uppsala,Burgers,352.0,56.0,Late,New
107367,2026-06-02,11,Unknown,Thai,266.0,45.0,On time,Returning
105006,2026-05-01,12,Lund,Pizza,208.0,31.0,On time,Returning
110018,2026-07-08,23,Uppsala,Kebab,304.0,26.0,On time,Returning
102664,2026-03-31,16,Stockholm,Burgers,254.0,31.0,On time,Returning
106076,2026-05-16,15,Stockholm,Pizza,292.0,45.0,On time,New
100479,2026-03-01,11,Stockholm,Kebab,330.0,39.0,On time,Returning
100154,2026-02-25,19,Göteborg,Thai,270.0,35.0,On time,Returning
111168,2026-07-24,20,Göteborg,Burgers,149.0,30.0,On time,New
105590,2026-05-09,13,Stockholm,Pizza,173.0,41.0,On time,Returning
100360,2026-02-27,11,Lund,Pizza,237.0,42.0,On time,New
103049,2026-04-05,10,Stockholm,Vegan,301.0,40.0,On time,Returning
102499,2026-03-29,12,Göteborg,Vegan,248.0,31.0,On time,Returning
107136,2026-05-30,20,Stockholm,Pizza,237.0,27.0,On time,New
111032,2026-07-21,20,Lund,Kebab,316.0,39.0,On time,Returning
105265,2026-05-04,11,Malmö,Indian,172.0,28.0,On time,Returning
100404,2026-02-28,20,Stockholm,Sushi,230.0,41.0,On time,Returning
109134,2026-06-26,14,Malmö,Burgers,194.0,44.0,On time,Returning
110569,2026-07-16,10,Göteborg,Thai,252.0,39.0,On time,Returning
111220,2026-07-24,19,Malmö,Vegan,320.0,39.0,On time,Returning
112955,2026-08-16,21,Stockholm,Burgers,341.0,36.0,On time,Returning
103238,2026-04-07,19,Uppsala,Vegan,282.0,17.0,On time,Returning
101665,2026-03-17,17,Malmö,Pizza,318.0,35.0,On time,New
102060,2026-03-23,11,Stockholm,Kebab,254.0,28.0,On time,Returning
104377,2026-04-22,20,Lund,Pizza,186.0,26.0,On time,Returning
104234,2026-04-20,11,Lund,Salad,200.0,26.0,On time,Returning
111708,2026-07-31,18,Göteborg,Vegan,227.0,55.0,Late,Returning
105225,2026-05-04,12,Stockholm,Pizza,261.0,33.0,On time,Returning
103955,2026-04-17,23,Stockholm,Pizza,270.0,39.0,On time,Returning
112896,2026-08-15,16,Uppsala,Pizza,278.0,36.0,On time,Returning
107480,2026-06-03,18,Uppsala,Thai,360.0,31.0,On time,Returning
103042,2026-04-05,15,Stockholm,Burgers,213.0,41.0,On time,Returning
107916,2026-06-09,23,Malmö,Pizza,212.0,41.0,On time,Returning
107633,2026-06-06,21,Göteborg,Burgers,298.0,33.0,On time,New
109099,2026-06-26,13,Göteborg,Pizza,179.0,30.0,On time,New
104814,2026-04-29,18,Stockholm,Thai,297.0,33.0,On time,Returning
100613,2026-03-03,14,Göteborg,Kebab,281.0,36.0,On time,Returning
103467,2026-04-10,14,Uppsala,Indian,209.0,25.0,On time,Returning
109524,2026-07-01,11,Uppsala,Thai,296.0,39.0,On time,New
102219,2026-03-25,12,Stockholm,Burgers,186.0,29.0,On time,Returning
101243,2026-03-11,20,Uppsala,Salad,292.0,45.0,On time,New
109088,2026-06-26,12,Göteborg,Pizza,219.0,30.0,On time,Returning
101578,2026-03-16,11,Stockholm,Kebab,329.0,25.0,On time,Returning
109440,2026-06-30,12,Malmö,Pizza,206.0,49.0,Late,Returning
110136,2026-07-10,11,Stockholm,Pizza,184.0,36.0,On time,Returning
113104,2026-08-18,11,Stockholm,Thai,240.0,44.0,On time,Returning
106921,2026-05-27,19,Stockholm,Sushi,224.0,37.0,On time,New
108255,2026-06-14,15,Stockholm,Kebab,298.0,34.0,On time,New
108391,2026-06-15,17,Uppsala,Salad,119.0,49.0,Late,Returning
111948,2026-08-03,19,Göteborg,Burgers,261.0,22.0,On time,New
107120,2026-05-30,17,Stockholm,Indian,247.0,47.0,Late,Returning
113369,2026-08-22,13,Stockholm,Sushi,161.0,38.0,On time,Returning
105348,2026-05-06,20,Göteborg,Burgers,324.0,35.0,On time,Returning
103421,2026-04-10,12,Göteborg,Indian,204.0,20.0,On time,Returning
112406,2026-08-09,17,Göteborg,Burgers,302.0,35.0,On time,Returning
106267,2026-05-18,14,Stockholm,Burgers,239.0,44.0,On time,New
101834,2026-03-20,12,Göteborg,Pizza,303.0,38.0,On time,Returning
107665,2026-06-06,20,Stockholm,Thai,220.0,23.0,On time,Returning
111933,2026-08-02,19,Uppsala,Burgers,326.0,33.0,On time,Returning
105663,2026-05-10,21,Göteborg,Pizza,279.0,37.0,On time,Returning
100259,2026-02-26,11,Stockholm,Pizza,296.0,56.0,Late,Returning
103782,2026-04-14,14,Malmö,Indian,219.0,43.0,On time,Returning
103819,2026-04-15,13,Stockholm,Pizza,194.0,42.0,On time,Returning
104403,2026-04-23,18,Stockholm,Vegan,338.0,37.0,On time,Returning
104288,2026-04-21,13,Malmö,Indian,238.0,52.0,Late,Returning
112533,2026-08-10,16,Stockholm,Pizza,271.0,28.0,On time,New
111091,2026-07-22,17,Malmö,Sushi,267.0,39.0,On time,Returning
109357,2026-06-29,20,Stockholm,Burgers,252.0,48.0,Late,Returning
106351,2026-05-19,12,Malmö,Kebab,190.0,46.0,Late,New
106666,2026-05-23,12,Uppsala,Thai,261.0,40.0,On time,Returning
110584,2026-07-16,13,Stockholm,Burgers,216.0,30.0,On time,Returning
106604,2026-05-23,17,Göteborg,Sushi,268.0,37.0,On time,New
111110,2026-07-23,19,Göteborg,Kebab,222.0,33.0,On time,Returning
106356,2026-05-19,13,Malmö,Sushi,261.0,42.0,On time,Returning
106324,2026-05-19,13,Stockholm,Indian,314.0,29.0,On time,Returning
108795,2026-06-21,19,Stockholm,Vegan,150.0,37.0,Unknown,Returning
103344,2026-04-09,20,Göteborg,Burgers,185.0,38.0,On time,Returning
109583,2026-07-02,10,Malmö,Pizza,220.0,31.0,On time,Returning
108456,2026-06-16,10,Stockholm,Salad,237.0,31.0,On time,New
101681,2026-03-17,17,Lund,Burgers,246.0,33.0,On time,Returning
101487,2026-03-15,12,Stockholm,Kebab,245.0,28.0,On time,Returning
111165,2026-07-23,17,Lund,Pizza,181.0,44.0,On time,Returning
112457,2026-08-09,13,Stockholm,Thai,228.0,25.0,On time,Returning
112590,2026-08-11,19,Stockholm,Sushi,219.0,39.0,On time,Returning
107613,2026-06-05,18,Lund,Salad,152.0,22.0,On time,Returning
106635,2026-05-23,18,Stockholm,Vegan,238.0,28.0,On time,Returning
104300,2026-04-21,17,Lund,Pizza,285.0,30.0,On time,New
103310,2026-04-08,11,Malmö,Pizza,368.0,39.0,On time,Returning
111072,2026-07-22,19,Stockholm,Pizza,267.0,40.0,On time,Returning
103243,2026-04-07,18,Uppsala,Pizza,278.0,30.0,On time,Returning
108404,2026-06-16,13,Göteborg,Burgers,310.0,18.0,On time,New
102039,2026-03-22,13,Lund,Sushi,161.0,44.0,On time,New
113334,2026-08-21,13,Uppsala,Sushi,242.0,40.0,On time,New
106193,2026-05-17,21,Stockholm,Sushi,312.0,39.0,On time,Returning
107397,2026-06-02,11,Uppsala,Indian,189.0,34.0,On time,Returning
103170,2026-04-06,21,Uppsala,Pizza,277.0,28.0,On time,Returning
103958,2026-04-17,17,Stockholm,Burgers,283.0,43.0,On time,Returning
111757,2026-07-31,11,Malmö,Pizza,301.0,40.0,On time,Returning
106376,2026-05-20,12,Göteborg,Pizza,185.0,30.0,On time,New
101181,2026-03-10,17,Lund,Vegan,245.0,41.0,On time,New
103013,2026-04-04,10,Lund,Burgers,331.0,43.0,On time,New
103966,2026-04-17,21,Malmö,Pizza,319.0,40.0,On time,Returning
109725,2026-07-04,20,Uppsala,Burgers,230.0,44.0,On time,Returning
105984,2026-05-14,10,Uppsala,Thai,237.0,32.0,On time,New
102789,2026-04-01,13,Lund,Kebab,289.0,54.0,Late,Returning
104874,2026-04-30,18,Göteborg,Indian,180.0,15.0,On time,Returning
100105,2026-02-24,17,Stockholm,Burgers,204.0,33.0,On time,New
112696,2026-08-13,18,Göteborg,Burgers,275.0,38.0,On time,Returning
102172,2026-03-24,19,Malmö,Indian,247.0,46.0,Late,New
104746,2026-04-28,21,Göteborg,Vegan,214.0,26.0,On time,Returning
108745,2026-06-20,21,Uppsala,Vegan,247.0,38.0,On time,Returning
107042,2026-05-29,19,Göteborg,Burgers,310.0,42.0,On time,Returning
110414,2026-07-13,17,Lund,Kebab,221.0,37.0,On time,Returning
111381,2026-07-26,17,Stockholm,Kebab,220.0,24.0,On time,Returning
107520,2026-06-04,19,Stockholm,Indian,271.0,39.0,On time,Returning
112459,2026-08-09,17,Malmö,Burgers,146.0,40.0,On time,Returning
106755,2026-05-24,15,Lund,Burgers,298.0,39.0,On time,New
102277,2026-03-26,17,Stockholm,Indian,194.0,48.0,Late,Returning
102711,2026-03-31,20,Uppsala,Pizza,265.0,41.0,On time,Returning
106545,2026-05-22,10,Stockholm,Pizza,213.0,37.0,On time,New
105015,2026-05-02,18,Göteborg,Burgers,219.0,40.0,On time,Returning
106366,2026-05-19,12,Lund,Sushi,309.0,31.0,On time,Returning
108366,2026-06-15,12,Stockholm,Kebab,211.0,55.0,Late,New
107113,2026-05-30,19,Unknown,Burgers,198.0,40.0,On time,Returning
106611,2026-05-23,17,Göteborg,Sushi,187.0,44.0,On time,Returning
103903,2026-04-16,9,Stockholm,Kebab,264.0,47.0,Late,Returning
113480,2026-08-23,19,Stockholm,Burgers,193.0,50.0,Late,Returning
101957,2026-03-21,11,Lund,Pizza,265.0,43.0,On time,Returning
109842,2026-07-06,13,Stockholm,Vegan,262.0,25.0,On time,New
113431,2026-08-22,13,Lund,Thai,270.0,35.0,On time,New
104703,2026-04-27,22,Stockholm,Thai,214.0,46.0,Late,New
112219,2026-08-06,15,Lund,Burgers,299.0,43.0,On time,Returning
103209,2026-04-07,20,Stockholm,Pizza,286.0,42.0,On time,Returning
111441,2026-07-27,12,Göteborg,Kebab,218.0,46.0,Late,Returning
109032,2026-06-25,16,Göteborg,Pizza,206.0,40.0,On time,Returning
107223,2026-05-31,16,Stockholm,Burgers,200.0,37.0,Unknown,New
104860,2026-04-30,13,Göteborg,Kebab,309.0,33.0,On time,New
100503,2026-03-01,18,Stockholm,Burgers,195.0,32.0,On time,New
101975,2026-03-22,13,Göteborg,Sushi,249.0,31.0,On time,Returning
104903,2026-04-30,10,Unknown,Pizza,283.0,53.0,Late,Returning
101854,2026-03-20,13,Malmö,Pizza,345.0,38.0,On time,Returning
109707,2026-07-04,13,Stockholm,Pizza,287.0,39.0,On time,Returning
102145,2026-03-24,18,Stockholm,Pizza,230.0,48.0,Late,New
101832,2026-03-20,18,Göteborg,Burgers,275.0,45.0,On time,Returning
102968,2026-04-04,10,Stockholm,Burgers,285.0,42.0,On time,New
102135,2026-03-24,18,Stockholm,Sushi,181.0,53.0,Late,Returning
112826,2026-08-15,18,Göteborg,Pizza,195.0,42.0,On time,New
110792,2026-07-18,20,Uppsala,Pizza,150.0,37.0,On time,New
110226,2026-07-11,16,Malmö,Burgers,242.0,47.0,Late,New
110172,2026-07-11,13,Göteborg,Pizza,178.0,34.0,On time,New
105288,2026-05-05,13,Göteborg,Sushi,295.0,18.0,On time,Returning
101801,2026-03-19,17,Malmö,Kebab,206.0,45.0,On time,Returning
104642,2026-04-26,11,Malmö,Burgers,212.0,48.0,Late,Returning
112702,2026-08-13,19,Göteborg,Thai,141.0,25.0,On time,New
104216,2026-04-20,17,Malmö,Thai,300.0,46.0,Late,Returning
108367,2026-06-15,20,Stockholm,Sushi,362.0,15.0,On time,Returning
101837,2026-03-20,14,Stockholm,Salad,179.0,28.0,On time,Returning
110447,2026-07-14,13,Stockholm,Kebab,215.0,31.0,On time,New
110999,2026-07-21,12,Stockholm,Pizza,267.0,25.0,On time,New
106677,2026-05-23,16,Lund,Kebab,231.0,31.0,On time,Returning
109996,2026-07-08,14,Stockholm,Kebab,190.0,38.0,On time,Returning
106117,2026-05-16,22,Malmö,Sushi,217.0,47.0,Late,New
108106,2026-06-12,11,Stockholm,Pizza,301.0,30.0,On time,Returning
109882,2026-07-07,21,Göteborg,Pizza,278.0,35.0,On time,Returning
112971,2026-08-16,11,Malmö,Sushi,146.0,31.0,On time,New
106023,2026-05-15,14,Stockholm,Pizza,260.0,40.0,On time,Returning
109553,2026-07-02,11,Stockholm,Salad,255.0,19.0,On time,Returning
108433,2026-06-16,13,Stockholm,Burgers,276.0,38.0,On time,Returning
112202,2026-08-06,19,Malmö,Kebab,235.0,31.0,On time,New
108686,2026-06-19,12,Lund,Thai,279.0,23.0,On time,New
104425,2026-04-23,13,Malmö,Vegan,230.0,31.0,On time,Returning
111167,2026-07-23,13,Lund,Pizza,223.0,43.0,On time,New
101508,2026-03-15,12,Stockholm,Burgers,259.0,33.0,On time,Returning
111061,2026-07-22,20,Stockholm,Kebab,235.0,37.0,Unknown,Returning
106808,2026-05-25,16,Malmö,Burgers,316.0,39.0,On time,New
104016,2026-04-18,19,Stockholm,Thai,233.0,36.0,On time,Returning
110991,2026-07-21,12,Stockholm,Indian,118.0,32.0,On time,Returning
105431,2026-05-07,12,Stockholm,Pizza,217.0,37.0,Unknown,Returning
102719,2026-03-31,19,Lund,Indian,315.0,29.0,On time,Returning
105810,2026-05-12,10,Göteborg,Thai,334.0,42.0,On time,Returning
106673,2026-05-23,20,Lund,Pizza,235.0,29.0,On time,Returning
112997,2026-08-16,23,Lund,Kebab,294.0,45.0,On time,Returning
107627,2026-06-06,18,Göteborg,Thai,300.0,58.0,Late,New
107521,2026-06-04,19,Stockholm,Burgers,348.0,44.0,On time,Returning
111664,2026-07-30,13,Stockholm,Pizza,348.0,40.0,On time,Returning
109319,2026-06-28,13,Lund,Pizza,283.0,41.0,On time,Returning
113485,2026-08-23,20,Stockholm,Pizza,284.0,43.0,On time,Returning
107465,2026-06-03,11,Malmö,Kebab,247.0,36.0,On time,Returning
104013,2026-04-18,12,Stockholm,Kebab,332.0,36.0,On time,Returning
112181,2026-08-06,16,Stockholm,Pizza,167.0,23.0,On time,New
104763,2026-04-28,20,Stockholm,Salad,363.0,34.0,On time,Returning
104795,2026-04-28,19,Lund,Pizza,229.0,46.0,Late,New
108655,2026-06-19,21,Stockholm,Sushi,259.0,39.0,On time,Returning
111042,2026-07-22,16,Göteborg,Salad,264.0,35.0,On time,Returning
109418,2026-06-30,19,Stockholm,Kebab,170.0,31.0,On time,Returning
106517,2026-05-21,15,Lund,Kebab,273.0,33.0,On time,Returning
112850,2026-08-15,10,Stockholm,Thai,227.0,32.0,On time,Returning
107658,2026-06-06,12,Stockholm,Pizza,305.0,21.0,On time,New
110175,2026-07-11,12,Göteborg,Burgers,257.0,33.0,On time,Returning
112451,2026-08-09,18,Stockholm,Burgers,320.0,50.0,Late,New
108116,2026-06-12,12,Malmö,Pizza,257.0,36.0,On time,Returning
102825,2026-04-02,11,Stockholm,Pizza,298.0,43.0,On time,New
111404,2026-07-26,13,Uppsala,Salad,280.0,41.0,On time,Returning
102235,2026-03-25,12,Malmö,Pizza,137.0,45.0,On time,Returning
110106,2026-07-10,18,Göteborg,Thai,136.0,30.0,On time,New
109802,2026-07-05,16,Malmö,Burgers,343.0,40.0,On time,Returning
113372,2026-08-22,18,Stockholm,Thai,223.0,35.0,On time,Returning
100127,2026-02-24,12,Malmö,Indian,228.0,41.0,On time,Returning
106239,2026-05-18,18,Göteborg,Salad,170.0,36.0,On time,New
105581,2026-05-09,13,Unknown,Burgers,204.0,25.0,On time,Returning
109522,2026-07-01,21,Uppsala,Pizza,310.0,35.0,On time,Returning
107079,2026-05-29,11,Uppsala,Pizza,287.0,39.0,On time,Returning
107659,2026-06-06,12,Stockholm,Kebab,252.0,35.0,On time,Returning
108675,2026-06-19,12,Uppsala,Pizza,184.0,34.0,On time,Returning
112497,2026-08-10,11,Göteborg,Pizza,223.0,46.0,Late,New
109093,2026-06-26,14,Göteborg,Kebab,299.0,26.0,On time,Returning
113399,2026-08-22,9,Stockholm,Pizza,168.0,49.0,Late,Returning
107785,2026-06-07,20,Malmö,Pizza,218.0,49.0,Late,Returning
106684,2026-05-24,19,Göteborg,Vegan,316.0,38.0,On time,New
110654,2026-07-17,17,Göteborg,Thai,294.0,35.0,On time,New
111082,2026-07-22,20,Malmö,Pizza,210.0,56.0,Late,Returning
101445,2026-03-14,19,Unknown,Burgers,423.0,34.0,On time,Returning
102646,2026-03-31,18,Göteborg,Vegan,260.0,51.0,Late,New
109964,2026-07-08,10,Göteborg,Kebab,192.0,26.0,On time,Returning
103271,2026-04-08,19,Stockholm,Pizza,233.0,35.0,On time,Returning
108492,2026-06-17,17,Göteborg,Sushi,223.0,41.0,On time,New
111590,2026-07-29,11,Stockholm,Sushi,212.0,38.0,On time,New
111885,2026-08-02,14,Stockholm,Pizza,195.0,35.0,On time,Returning
104415,2026-04-23,14,Stockholm,Burgers,189.0,28.0,On time,Returning
108555,2026-06-18,20,Göteborg,Thai,242.0,21.0,On time,New
100437,2026-02-28,17,Uppsala,Salad,273.0,33.0,On time,New
109212,2026-06-27,19,Stockholm,Burgers,189.0,38.0,On time,Returning
108458,2026-06-16,17,Malmö,Burgers,277.0,37.0,Unknown,New
111481,2026-07-27,9,Uppsala,Thai,197.0,42.0,On time,Returning
106194,2026-05-17,11,Stockholm,Kebab,146.0,47.0,Late,Returning
102700,2026-03-31,18,Malmö,Pizza,186.0,34.0,On time,Returning
101722,2026-03-18,11,Malmö,Indian,250.0,47.0,Late,New
102300,2026-03-26,14,Malmö,Pizza,185.0,41.0,On time,Returning
102223,2026-03-25,11,Stockholm,Burgers,332.0,43.0,On time,Returning
101088,2026-03-09,11,Stockholm,Indian,216.0,46.0,Late,New
106725,2026-05-24,20,Stockholm,Vegan,305.0,37.0,Unknown,Returning
100307,2026-02-27,19,Stockholm,Pizza,173.0,36.0,On time,New
107380,2026-06-02,21,Malmö,Kebab,184.0,50.0,Late,New
102023,2026-03-22,18,Malmö,Vegan,186.0,39.0,On time,Returning
108229,2026-06-14,18,Göteborg,Vegan,232.0,54.0,Late,Returning
109525,2026-07-01,19,Lund,Indian,291.0,47.0,Late,New
111131,2026-07-23,20,Stockholm,Pizza,234.0,20.0,On time,New
100732,2026-03-04,19,Uppsala,Salad,263.0,39.0,On time,Returning
103207,2026-04-07,13,Stockholm,Kebab,287.0,37.0,On time,Returning
100705,2026-03-04,15,Stockholm,Kebab,230.0,37.0,Unknown,Returning
101374,2026-03-13,18,Uppsala,Kebab,261.0,25.0,On time,New
101385,2026-03-14,14,Göteborg,Pizza,150.0,25.0,On time,New
103528,2026-04-11,12,Malmö,Sushi,206.0,50.0,Late,Returning
108424,2026-06-16,21,Stockholm,Pizza,171.0,27.0,On time,New
111747,2026-07-31,14,Malmö,Kebab,263.0,22.0,On time,New
109830,2026-07-06,17,Göteborg,Burgers,246.0,38.0,On time,Returning
110985,2026-07-21,9,Stockholm,Thai,256.0,51.0,Late,New
100035,2026-02-23,15,Stockholm,Kebab,306.0,29.0,On time,New
105591,2026-05-09,12,Stockholm,Burgers,218.0,40.0,On time,Returning
105291,2026-05-05,18,Göteborg,Pizza,191.0,48.0,Late,Returning
109349,2026-06-29,12,Stockholm,Indian,285.0,34.0,On time,New
112000,2026-08-03,18,Lund,Thai,240.0,41.0,On time,New
101861,2026-03-20,14,Malmö,Thai,252.0,42.0,On time,Returning
109121,2026-06-26,18,Stockholm,Sushi,289.0,40.0,On time,Returning
107946,2026-06-10,9,Göteborg,Kebab,221.0,29.0,On time,New
101615,2026-03-16,14,Lund,Kebab,311.0,47.0,Late,Returning
111045,2026-07-22,19,Göteborg,Burgers,293.0,26.0,On time,New
110324,2026-07-12,11,Malmö,Salad,264.0,37.0,On time,New
108310,2026-06-14,16,Lund,Indian,109.0,15.0,On time,New
110517,2026-07-15,19,Stockholm,Kebab,308.0,19.0,On time,Returning
110281,2026-07-12,17,Stockholm,Salad,275.0,19.0,On time,New
113477,2026-08-23,17,Stockholm,Kebab,187.0,34.0,On time,Returning
113031,2026-08-17,11,Stockholm,Sushi,312.0,32.0,On time,Returning
104469,2026-04-24,21,Stockholm,Pizza,190.0,31.0,On time,Returning
108739,2026-06-20,18,Malmö,Indian,294.0,51.0,Late,Returning
101474,2026-03-15,14,Göteborg,Burgers,258.0,39.0,On time,Returning
104616,2026-04-26,12,Stockholm,Burgers,280.0,24.0,On time,Returning
104187,2026-04-20,9,Stockholm,Indian,318.0,55.0,Late,Returning
109636,2026-07-03,15,Stockholm,Kebab,234.0,28.0,On time,Returning
110007,2026-07-08,22,Malmö,Salad,205.0,38.0,On time,Returning
111865,2026-08-02,16,Göteborg,Thai,307.0,29.0,On time,New
108352,2026-06-15,20,Stockholm,Pizza,242.0,32.0,On time,Returning
111596,2026-07-29,13,Stockholm,Burgers,172.0,48.0,Late,Returning
100313,2026-02-27,12,Stockholm,Pizza,164.0,40.0,On time,Returning
111266,2026-07-25,21,Stockholm,Burgers,207.0,47.0,Late,Returning
113036,2026-08-17,22,Stockholm,Pizza,183.0,49.0,Late,Returning
103340,2026-04-09,20,Göteborg,Sushi,279.0,44.0,On time,Returning
101359,2026-03-13,12,Stockholm,Indian,197.0,33.0,On time,Returning
102545,2026-03-29,11,Malmö,Sushi,329.0,49.0,Late,Returning
108887,2026-06-22,20,Malmö,Kebab,261.0,61.0,Late,New
113006,2026-08-17,12,Göteborg,Burgers,338.0,38.0,On time,Returning
104414,2026-04-23,19,Stockholm,Thai,220.0,38.0,On time,Returning
102213,2026-03-25,15,Stockholm,Indian,341.0,53.0,Late,New
100691,2026-03-04,20,Göteborg,Burgers,290.0,43.0,On time,Returning
104709,2026-04-27,13,Malmö,Burgers,202.0,39.0,On time,New
106396,2026-05-20,22,Stockholm,Sushi,282.0,46.0,Late,Returning
103078,2026-04-05,13,Malmö,Pizza,232.0,44.0,On time,New
106088,2026-05-16,21,Stockholm,Burgers,318.0,33.0,On time,New
105836,2026-05-12,21,Malmö,Pizza,197.0,39.0,On time,Returning
109597,2026-07-02,14,Lund,Pizza,268.0,30.0,On time,New
108264,2026-06-14,22,Stockholm,Pizza,214.0,42.0,On time,New
113305,2026-08-21,14,Stockholm,Kebab,264.0,41.0,On time,New
104582,2026-04-25,20,Uppsala,Sushi,263.0,43.0,On time,Returning
104646,2026-04-26,18,Malmö,Pizza,257.0,51.0,Late,Returning
101412,2026-03-14,15,Stockholm,Sushi,276.0,54.0,Late,New
100482,2026-03-01,19,Stockholm,Sushi,301.0,31.0,On time,New
110441,2026-07-14,11,Stockholm,Indian,109.0,40.0,On time,Returning
105721,2026-05-10,15,Uppsala,Pizza,259.0,32.0,On time,Returning
101156,2026-03-10,20,Stockholm,Pizza,326.0,47.0,Late,Returning
109285,2026-06-28,18,Stockholm,Pizza,265.0,35.0,On time,Returning
101524,2026-03-15,23,Malmö,Burgers,258.0,43.0,On time,Returning
113010,2026-08-17,18,Göteborg,Kebab,228.0,55.0,Late,New
105010,2026-05-02,11,Göteborg,Thai,254.0,48.0,Late,New
101302,2026-03-12,19,Malmö,Kebab,174.0,33.0,On time,New
112177,2026-08-06,13,Stockholm,Thai,178.0,44.0,On time,Returning
110047,2026-07-09,14,Göteborg,Sushi,217.0,39.0,On time,New
109926,2026-07-07,17,Stockholm,Burgers,243.0,23.0,On time,Returning
103691,2026-04-13,13,Stockholm,Salad,248.0,42.0,On time,New
109641,2026-07-03,13,Stockholm,Pizza,281.0,36.0,On time,New
107489,2026-06-04,13,Göteborg,Sushi,176.0,35.0,On time,Returning
104677,2026-04-27,21,Göteborg,Pizza,173.0,45.0,On time,Returning
105671,2026-05-10,11,Stockholm,Salad,322.0,31.0,On time,Returning
109787,2026-07-05,13,Stockholm,Thai,200.0,48.0,Late,Returning
111984,2026-08-03,16,Malmö,Indian,285.0,42.0,On time,New
111377,2026-07-26,14,Stockholm,Vegan,275.0,29.0,On time,Returning
106528,2026-05-22,19,Göteborg,Kebab,290.0,40.0,On time,Returning
101675,2026-03-17,21,Uppsala,Burgers,258.0,42.0,On time,New
100003,2026-02-23,13,Göteborg,Pizza,157.0,21.0,On time,Returning
108309,2026-06-14,18,Lund,Burgers,186.0,49.0,Late,New
108690,2026-06-20,17,Göteborg,Burgers,254.0,34.0,On time,Returning
109095,2026-06-26,20,Göteborg,Pizza,226.0,32.0,On time,Returning
109488,2026-07-01,12,Stockholm,Burgers,318.0,40.0,On time,New
110509,2026-07-15,17,Göteborg,Sushi,238.0,41.0,On time,Returning
106502,2026-05-21,13,Malmö,Pizza,265.0,29.0,On time,Returning
101237,2026-03-11,14,Uppsala,Burgers,219.0,33.0,On time,Returning
100579,2026-03-02,10,Stockholm,Thai,334.0,36.0,On time,Returning
112992,2026-08-16,14,Lund,Indian,195.0,31.0,On time,Returning
108755,2026-06-20,12,Uppsala,Burgers,317.0,27.0,On time,Returning
102117,2026-03-24,9,Göteborg,Kebab,198.0,33.0,On time,Returning
102741,2026-04-01,17,Stockholm,Thai,262.0,50.0,Late,Returning
113164,2026-08-19,11,Stockholm,Pizza,181.0,42.0,On time,Returning
109021,2026-06-24,20,Lund,Thai,170.0,36.0,On time,New
106397,2026-05-20,19,Stockholm,Vegan,309.0,31.0,On time,Returning
101933,2026-03-21,11,Malmö,Indian,147.0,51.0,Late,New
106809,2026-05-25,17,Malmö,Pizza,301.0,58.0,Late,Returning
100377,2026-02-28,13,Göteborg,Kebab,261.0,33.0,On time,Returning
103329,2026-04-09,20,Göteborg,Thai,278.0,36.0,On time,Returning
105985,2026-05-14,16,Uppsala,Salad,278.0,33.0,On time,Returning
109152,2026-06-26,17,Lund,Thai,247.0,35.0,On time,Returning
107552,2026-06-05,18,Göteborg,Salad,305.0,28.0,On time,New
110704,2026-07-17,23,Lund,Indian,208.0,24.0,On time,New
100119,2026-02-24,12,Stockholm,Burgers,279.0,52.0,Late,Returning
105606,2026-05-09,18,Stockholm,Indian,189.0,32.0,On time,Returning
105403,2026-05-06,21,Uppsala,Pizza,229.0,33.0,On time,New
105014,2026-05-02,14,Göteborg,Vegan,258.0,53.0,Late,Returning
108526,2026-06-17,22,Malmö,Sushi,201.0,29.0,On time,Returning
110375,2026-07-13,17,Stockholm,Burgers,230.0,39.0,On time,New
104526,2026-04-25,12,Göteborg,Kebab,324.0,29.0,On time,Returning
103667,2026-04-13,13,Göteborg,Indian,308.0,35.0,On time,New
108642,2026-06-19,18,Stockholm,Pizza,242.0,34.0,On time,Returning
101825,2026-03-20,20,Göteborg,Sushi,307.0,40.0,On time,New
103507,2026-04-11,11,Stockholm,Vegan,241.0,27.0,On time,Returning
103987,2026-04-17,11,Lund,Indian,202.0,31.0,On time,Returning
105709,2026-05-10,18,Malmö,Kebab,244.0,42.0,On time,New
112159,2026-08-06,18,Göteborg,Burgers,250.0,38.0,On time,Returning
105055,2026-05-02,12,Stockholm,Thai,222.0,52.0,Late,Returning
102045,2026-03-23,10,Göteborg,Pizza,246.0,38.0,On time,New
105685,2026-05-10,11,Stockholm,Burgers,307.0,35.0,On time,Returning
105967,2026-05-14,18,Malmö,Kebab,322.0,50.0,Late,Returning
108472,2026-06-16,12,Uppsala,Sushi,252.0,54.0,Late,New
106262,2026-05-18,13,Stockholm,Pizza,359.0,41.0,On time,Returning
103824,2026-04-15,14,Stockholm,Sushi,283.0,38.0,On time,Returning
102444,2026-03-28,18,Malmö,Thai,184.0,41.0,On time,New
104181,2026-04-20,12,Göteborg,Pizza,241.0,55.0,Late,Returning
108041,2026-06-11,12,Stockholm,Burgers,318.0,33.0,On time,Returning
100895,2026-03-07,23,Stockholm,Pizza,213.0,38.0,On time,Returning
104116,2026-04-19,23,Stockholm,Pizza,253.0,41.0,On time,New
112735,2026-08-13,16,Malmö,Indian,199.0,44.0,On time,New
104902,2026-04-30,18,Stockholm,Pizza,222.0,36.0,On time,Returning
101935,2026-03-21,13,Malmö,Pizza,249.0,37.0,Unknown,Returning
100777,2026-03-05,17,Malmö,Kebab,240.0,38.0,On time,New
111425,2026-07-27,11,Göteborg,Sushi,173.0,43.0,On time,Returning
112026,2026-08-04,16,Göteborg,Pizza,201.0,48.0,Late,Returning
110596,2026-07-16,21,Stockholm,Sushi,261.0,48.0,Late,New
109995,2026-07-08,11,Stockholm,Indian,200.0,31.0,On time,New
100235,2026-02-26,12,Göteborg,Vegan,424.0,32.0,On time,New
101469,2026-03-15,19,Göteborg,Salad,224.0,51.0,Late,Returning
103635,2026-04-12,19,Uppsala,Vegan,210.0,15.0,On time,Returning
110182,2026-07-11,19,Göteborg,Kebab,166.0,43.0,On time,New
106337,2026-05-19,19,Stockholm,Kebab,185.0,31.0,On time,New
102759,2026-04-01,13,Stockholm,Thai,224.0,39.0,On time,Returning
109850,2026-07-06,19,Malmö,Pizza,237.0,41.0,On time,Returning
100394,2026-02-28,10,Stockholm,Sushi,283.0,54.0,Late,New
109400,2026-06-30,15,Göteborg,Indian,311.0,36.0,On time,Returning
104448,2026-04-24,12,Göteborg,Sushi,268.0,30.0,On time,New
100742,2026-03-05,12,Göteborg,Vegan,265.0,44.0,On time,New
109734,2026-07-04,19,Lund,Sushi,220.0,48.0,Late,New
105950,2026-05-14,14,Stockholm,Vegan,254.0,36.0,On time,Returning
106700,2026-05-24,16,Stockholm,Thai,178.0,46.0,Late,Returning
107487,2026-06-04,20,Göteborg,Sushi,184.0,38.0,On time,New
105372,2026-05-06,17,Stockholm,Vegan,294.0,42.0,On time,Returning
102210,2026-03-25,19,Stockholm,Pizza,200.0,39.0,On time,New
106092,2026-05-16,10,Stockholm,Thai,232.0,45.0,On time,New
101656,2026-03-17,10,Stockholm,Burgers,226.0,36.0,On time,Returning
111419,2026-07-26,18,Lund,Burgers,375.0,37.0,On time,Returning
103540,2026-04-11,22,Uppsala,Kebab,234.0,28.0,On time,Returning
110334,2026-07-12,20,Uppsala,Thai,309.0,36.0,On time,New
109423,2026-06-30,18,Stockholm,Burgers,158.0,50.0,Late,New
112979,2026-08-16,13,Malmö,Salad,184.0,27.0,On time,New
102909,2026-04-03,13,Malmö,Indian,350.0,34.0,On time,Returning
103981,2026-04-17,19,Uppsala,Vegan,283.0,37.0,On time,New
109773,2026-07-05,18,Stockholm,Pizza,307.0,44.0,On time,Returning
112297,2026-08-08,12,Göteborg,Kebab,223.0,30.0,On time,Returning
109789,2026-07-05,22,Malmö,Pizza,247.0,39.0,On time,New
107415,2026-06-03,12,Göteborg,Salad,194.0,48.0,Late,Returning
109565,2026-07-02,20,Stockholm,Salad,229.0,39.0,On time,Returning
111569,2026-07-29,18,Göteborg,Pizza,187.0,25.0,On time,Returning
103521,2026-04-11,10,Malmö,Vegan,332.0,33.0,On time,Returning
103605,2026-04-12,22,Stockholm,Burgers,273.0,38.0,On time,Returning
108953,2026-06-23,13,Uppsala,Pizza,218.0,56.0,Late,Returning
100218,2026-02-25,13,Lund,Sushi,284.0,32.0,On time,Returning
105796,2026-05-11,14,Lund,Kebab,252.0,39.0,On time,New
103009,2026-04-04,12,Lund,Kebab,249.0,29.0,On time,Returning
112394,2026-08-08,11,Lund,Salad,278.0,28.0,On time,Returning
105430,2026-05-07,10,Göteborg,Thai,255.0,41.0,On time,Returning
112110,2026-08-05,10,Stockholm,Thai,303.0,34.0,On time,New
102533,2026-03-29,13,Stockholm,Pizza,248.0,26.0,On time,New
109598,2026-07-02,15,Lund,Pizza,270.0,33.0,On time,Returning
100280,2026-02-26,11,Uppsala,Salad,258.0,21.0,On time,Returning
113513,2026-08-23,15,Uppsala,Thai,212.0,49.0,Late,New
108940,2026-06-23,13,Malmö,Sushi,321.0,36.0,On time,Returning
112747,2026-08-13,19,Uppsala,Pizza,206.0,32.0,On time,New
105032,2026-05-02,12,Unknown,Pizza,287.0,40.0,On time,New
104010,2026-04-18,18,Stockholm,Pizza,227.0,31.0,On time,Returning
111726,2026-07-31,22,Stockholm,Thai,309.0,40.0,On time,New
106805,2026-05-25,16,Malmö,Kebab,244.0,43.0,On time,Returning
110662,2026-07-17,12,Stockholm,Burgers,200.0,25.0,On time,Returning
106505,2026-05-21,17,Malmö,Burgers,302.0,41.0,On time,New
103440,2026-04-10,14,Stockholm,Pizza,259.0,15.0,On time,Returning
100087,2026-02-24,9,Göteborg,Sushi,227.0,46.0,Late,New
103435,2026-04-10,18,Stockholm,Kebab,118.0,47.0,Late,New
100188,2026-02-25,21,Stockholm,Vegan,280.0,35.0,On time,Returning
100667,2026-03-03,21,Uppsala,Sushi,366.0,31.0,On time,New
111021,2026-07-21,13,Malmö,Sushi,223.0,49.0,Late,Returning
101099,2026-03-09,13,Malmö,Burgers,162.0,37.0,On time,New
105342,2026-05-05,22,Lund,Pizza,376.0,46.0,Late,New
107666,2026-06-06,21,Stockholm,Thai,174.0,27.0,On time,Returning
106143,2026-05-17,12,Göteborg,Pizza,252.0,44.0,On time,New
110716,2026-07-18,10,Göteborg,Indian,302.0,39.0,On time,Returning
104965,2026-05-01,13,Stockholm,Kebab,246.0,40.0,On time,New
105966,2026-05-14,11,Malmö,Pizza,289.0,40.0,On time,Returning
112553,2026-08-10,12,Unknown,Sushi,338.0,36.0,On time,Returning
103638,2026-04-12,18,Lund,Burgers,345.0,45.0,On time,New
105464,2026-05-07,12,Malmö,Vegan,214.0,34.0,On time,Returning
102002,2026-03-22,12,Stockholm,Vegan,281.0,34.0,On time,New
106906,2026-05-27,20,Göteborg,Salad,206.0,43.0,On time,Returning
100212,2026-02-25,10,Uppsala,Burgers,268.0,35.0,On time,New
104481,2026-04-24,17,Stockholm,Burgers,276.0,44.0,On time,Returning
108741,2026-06-20,19,Malmö,Burgers,350.0,36.0,On time,New
100381,2026-02-28,13,Unknown,Vegan,240.0,31.0,On time,Returning
104003,2026-04-18,19,Stockholm,Burgers,265.0,39.0,On time,Returning
111063,2026-07-22,11,Stockholm,Kebab,233.0,16.0,On time,Returning
105771,2026-05-11,13,Stockholm,Indian,257.0,44.0,On time,Returning
100724,2026-03-04,15,Malmö,Pizza,390.0,45.0,On time,Returning
109037,2026-06-25,18,Göteborg,Pizza,279.0,29.0,On time,Returning
106779,2026-05-25,18,Stockholm,Indian,252.0,46.0,Late,Returning
107742,2026-06-07,16,Stockholm,Sushi,242.0,40.0,On time,Returning
111957,2026-08-03,17,Göteborg,Thai,283.0,33.0,On time,Returning
104688,2026-04-27,14,Stockholm,Salad,263.0,41.0,On time,New
110709,2026-07-18,19,Göteborg,Sushi,361.0,44.0,On time,Returning
109173,2026-06-27,12,Göteborg,Indian,228.0,44.0,On time,New
105597,2026-05-09,16,Stockholm,Kebab,103.0,29.0,On time,New
104783,2026-04-28,10,Uppsala,Sushi,221.0,53.0,Late,New
110485,2026-07-14,20,Uppsala,Pizza,277.0,41.0,On time,Returning
104160,2026-04-19,14,Uppsala,Burgers,316.0,35.0,On time,Returning
112174,2026-08-06,12,Stockholm,Sushi,229.0,44.0,On time,Returning
107599,2026-06-05,17,Malmö,Pizza,280.0,27.0,On time,New
109394,2026-06-29,11,Lund,Kebab,255.0,33.0,On time,Returning
101794,2026-03-19,9,Stockholm,Pizza,242.0,37.0,On time,Returning
105194,2026-05-03,9,Lund,Kebab,281.0,45.0,On time,New
100097,2026-02-24,12,Göteborg,Kebab,195.0,31.0,On time,Returning
105366,2026-05-06,20,Stockholm,Kebab,205.0,33.0,On time,New
106512,2026-05-21,16,Uppsala,Pizza,171.0,30.0,On time,Returning
113401,2026-08-22,11,Malmö,Indian,267.0,35.0,On time,New
112069,2026-08-04,17,Lund,Salad,289.0,40.0,On time,New
103948,2026-04-17,9,Stockholm,Pizza,277.0,33.0,On time,Returning
109592,2026-07-02,18,Uppsala,Pizza,246.0,25.0,On time,Returning
104391,2026-04-23,22,Göteborg,Sushi,232.0,22.0,On time,New
104546,2026-04-25,14,Stockholm,Burgers,255.0,48.0,Late,Returning
108833,2026-06-21,19,Uppsala,Burgers,223.0,37.0,On time,New
108634,2026-06-19,16,Stockholm,Burgers,191.0,28.0,On time,Returning
103750,2026-04-14,15,Stockholm,Sushi,358.0,24.0,On time,Returning
112131,2026-08-05,21,Malmö,Sushi,177.0,55.0,Late,Returning
102642,2026-03-30,16,Lund,Salad,254.0,37.0,On time,New
106368,2026-05-19,11,Lund,Burgers,323.0,31.0,On time,Returning
104479,2026-04-24,20,Stockholm,Burgers,244.0,37.0,On time,Returning
104254,2026-04-21,12,Göteborg,Thai,208.0,31.0,On time,New
111160,2026-07-23,18,Uppsala,Sushi,186.0,31.0,On time,Returning
101127,2026-03-10,13,Göteborg,Salad,332.0,22.0,On time,New
113382,2026-08-22,19,Stockholm,Kebab,211.0,35.0,On time,New
106653,2026-05-23,21,Malmö,Pizza,171.0,52.0,Late,Returning
110941,2026-07-20,12,Malmö,Pizza,189.0,22.0,On time,New
108093,2026-06-12,12,Stockholm,Pizza,281.0,28.0,On time,Returning
103694,2026-04-13,18,Stockholm,Sushi,274.0,50.0,Late,Returning
100099,2026-02-24,13,Stockholm,Burgers,237.0,33.0,On time,New
106972,2026-05-27,11,Lund,Pizza,237.0,30.0,On time,Returning
106436,2026-05-20,15,Uppsala,Vegan,199.0,37.0,On time,Returning
105397,2026-05-06,12,Malmö,Thai,208.0,28.0,On time,Returning
100076,2026-02-23,17,Lund,Indian,245.0,17.0,On time,New
101518,2026-03-15,13,Malmö,Burgers,187.0,33.0,On time,Returning
108447,2026-06-16,18,Stockholm,Vegan,341.0,18.0,On time,Returning
112255,2026-08-07,13,Stockholm,Sushi,245.0,24.0,On time,New
112902,2026-08-15,20,Lund,Sushi,215.0,38.0,On time,New
111049,2026-07-22,18,Göteborg,Sushi,288.0,30.0,On time,Returning
104747,2026-04-28,11,Unknown,Indian,197.0,35.0,On time,Returning
107468,2026-06-03,16,Malmö,Pizza,295.0,29.0,On time,New
101203,2026-03-11,19,Stockholm,Thai,182.0,36.0,On time,New
102665,2026-03-31,18,Stockholm,Thai,230.0,44.0,On time,Returning
103228,2026-04-07,17,Malmö,Vegan,303.0,28.0,On time,Returning
106940,2026-05-27,13,Stockholm,Pizza,272.0,27.0,On time,New
102650,2026-03-31,14,Göteborg,Burgers,315.0,35.0,On time,New
109979,2026-07-08,19,Stockholm,Burgers,167.0,37.0,Unknown,Returning
108217,2026-06-13,20,Uppsala,Burgers,323.0,38.0,On time,New
100711,2026-03-04,14,Stockholm,Pizza,225.0,16.0,On time,Returning
105630,2026-05-09,17,Uppsala,Pizza,278.0,30.0,On time,New
107551,2026-06-05,19,Göteborg,Salad,272.0,37.0,Unknown,Returning
103361,2026-04-09,17,Stockholm,Kebab,266.0,38.0,On time,Returning
104400,2026-04-23,13,Stockholm,Thai,251.0,26.0,On time,New
101762,2026-03-19,19,Göteborg,Pizza,276.0,44.0,On time,Returning
105103,2026-05-03,17,Göteborg,Vegan,261.0,41.0,On time,Returning
103561,2026-04-12,19,Göteborg,Sushi,232.0,34.0,On time,Returning
100365,2026-02-28,12,Göteborg,Pizza,258.0,25.0,On time,New
102288,2026-03-26,11,Stockholm,Pizza,283.0,35.0,On time,New
110951,2026-07-20,20,Uppsala,Salad,284.0,42.0,On time,Returning
104417,2026-04-23,17,Stockholm,Indian,170.0,34.0,On time,Returning
107280,2026-06-01,11,Göteborg,Salad,221.0,25.0,On time,New
110239,2026-07-11,20,Uppsala,Kebab,229.0,36.0,On time,Returning
100794,2026-03-05,12,Uppsala,Thai,325.0,38.0,On time,New
109531,2026-07-02,18,Göteborg,Pizza,310.0,50.0,Late,New
111582,2026-07-29,13,Stockholm,Kebab,209.0,40.0,On time,Returning
104444,2026-04-24,13,Göteborg,Pizza,237.0,37.0,On time,Returning
101003,2026-03-08,12,Stockholm,Indian,222.0,22.0,On time,Returning
105027,2026-05-02,12,Göteborg,Indian,125.0,42.0,On time,New
100460,2026-03-01,18,Göteborg,Vegan,218.0,24.0,On time,New
104028,2026-04-18,11,Stockholm,Kebab,259.0,32.0,On time,New
101356,2026-03-13,18,Stockholm,Indian,222.0,40.0,On time,Returning
110392,2026-07-13,12,Malmö,Pizza,280.0,34.0,On time,New
107205,2026-05-31,18,Stockholm,Kebab,263.0,34.0,On time,Returning
104728,2026-04-27,16,Lund,Pizza,361.0,39.0,On time,New
103598,2026-04-12,11,Stockholm,Indian,269.0,18.0,On time,New
111987,2026-08-03,19,Unknown,Sushi,138.0,28.0,On time,New
110475,2026-07-14,18,Malmö,Sushi,247.0,32.0,On time,Returning
112534,2026-08-10,10,Malmö,Pizza,203.0,37.0,On time,New
105929,2026-05-14,19,Göteborg,Kebab,306.0,43.0,On time,Returning
104815,2026-04-29,17,Stockholm,Kebab,218.0,39.0,On time,Returning
110532,2026-07-15,19,Stockholm,Pizza,342.0,44.0,On time,Returning
103727,2026-04-13,13,Lund,Pizza,220.0,29.0,On time,New
112530,2026-08-10,18,Stockholm,Salad,280.0,43.0,On time,New
103491,2026-04-11,17,Göteborg,Pizza,313.0,44.0,On time,Returning
111084,2026-07-22,10,Malmö,Sushi,167.0,33.0,On time,New
105629,2026-05-09,13,Uppsala,Pizza,312.0,52.0,Late,Returning
104021,2026-04-18,17,Stockholm,Sushi,169.0,39.0,On time,New
105703,2026-05-10,21,Malmö,Burgers,267.0,32.0,On time,New
100677,2026-03-03,13,Lund,Sushi,367.0,28.0,On time,Returning
112788,2026-08-14,13,Stockholm,Pizza,246.0,51.0,Late,Returning
108129,2026-06-12,12,Uppsala,Burgers,260.0,38.0,On time,New
100921,2026-03-07,13,Stockholm,Kebab,247.0,19.0,On time,Returning
105157,2026-05-03,12,Stockholm,Pizza,210.0,34.0,On time,Returning
111019,2026-07-21,18,Malmö,Pizza,229.0,32.0,On time,Returning
108726,2026-06-20,10,Stockholm,Sushi,263.0,42.0,On time,New
112767,2026-08-14,13,Göteborg,Salad,337.0,31.0,On time,Returning
105702,2026-05-10,17,Malmö,Kebab,278.0,26.0,On time,Returning
110036,2026-07-09,12,Göteborg,Burgers,328.0,38.0,On time,Returning
102899,2026-04-03,20,Stockholm,Sushi,184.0,43.0,On time,Returning
106281,2026-05-18,19,Stockholm,Thai,203.0,37.0,On time,New
105011,2026-05-02,13,Göteborg,Indian,273.0,43.0,On time,New
107399,2026-06-02,12,Lund,Burgers,293.0,30.0,On time,New
108596,2026-06-18,19,Uppsala,Pizza,273.0,35.0,On time,Returning
104104,2026-04-19,17,Stockholm,Thai,296.0,26.0,On time,Returning
107646,2026-06-06,12,Stockholm,Burgers,218.0,34.0,On time,Returning
109591,2026-07-02,11,Uppsala,Vegan,220.0,40.0,On time,New
108040,2026-06-11,22,Stockholm,Burgers,197.0,32.0,On time,New
108649,2026-06-19,11,Stockholm,Kebab,222.0,50.0,Late,Returning
107019,2026-05-28,13,Uppsala,Pizza,252.0,60.0,Late,Returning
101761,2026-03-19,14,Göteborg,Pizza,299.0,29.0,On time,New
103936,2026-04-17,16,Göteborg,Pizza,250.0,21.0,On time,Returning
112880,2026-08-15,18,Malmö,Pizza,324.0,35.0,On time,New
100916,2026-03-07,19,Stockholm,Salad,207.0,42.0,On time,Returning
103601,2026-04-12,18,Stockholm,Indian,310.0,31.0,On time,New
110640,2026-07-17,14,Göteborg,Sushi,326.0,38.0,On time,New
102069,2026-03-23,22,Stockholm,Pizza,237.0,37.0,On time,Returning
103976,2026-04-17,11,Uppsala,Kebab,297.0,28.0,On time,Returning
105285,2026-05-05,19,Göteborg,Burgers,287.0,19.0,On time,New
104352,2026-04-22,14,Malmö,Sushi,234.0,43.0,On time,Returning
107853,2026-06-08,17,Uppsala,Burgers,330.0,45.0,On time,New
104365,2026-04-22,16,Malmö,Indian,221.0,40.0,On time,Returning
106746,2026-05-24,10,Uppsala,Burgers,230.0,27.0,On time,Returning
100877,2026-03-06,15,Lund,Thai,312.0,31.0,On time,New
100774,2026-03-05,16,Malmö,Pizza,257.0,42.0,On time,Returning
112806,2026-08-14,21,Malmö,Indian,242.0,22.0,On time,Returning
106822,2026-05-25,11,Uppsala,Thai,223.0,38.0,On time,Returning
103883,2026-04-16,17,Stockholm,Sushi,285.0,32.0,On time,New
112656,2026-08-12,14,Stockholm,Pizza,279.0,39.0,On time,Returning
101035,2026-03-08,19,Uppsala,Sushi,221.0,40.0,On time,New
110128,2026-07-10,18,Stockholm,Sushi,210.0,26.0,On time,Returning
112764,2026-08-14,12,Göteborg,Thai,262.0,34.0,On time,Returning
102331,2026-03-27,9,Göteborg,Kebab,222.0,43.0,On time,New
109545,2026-07-02,17,Göteborg,Sushi,252.0,37.0,On time,Returning
105608,2026-05-09,21,Stockholm,Kebab,272.0,24.0,On time,Returning
102634,2026-03-30,20,Uppsala,Kebab,284.0,28.0,On time,New
113277,2026-08-20,13,Uppsala,Pizza,240.0,45.0,On time,New
104836,2026-04-29,17,Stockholm,Sushi,313.0,54.0,Late,New
113000,2026-08-17,10,Göteborg,Burgers,319.0,26.0,On time,Returning
105177,2026-05-03,12,Malmö,Sushi,307.0,34.0,On time,Returning
102549,2026-03-29,13,Malmö,Sushi,240.0,45.0,On time,New
109544,2026-07-02,18,Göteborg,Pizza,362.0,45.0,On time,Returning
104899,2026-04-30,15,Stockholm,Burgers,193.0,45.0,On time,New
103866,2026-04-16,16,Göteborg,Pizza,182.0,38.0,On time,New
107876,2026-06-09,12,Göteborg,Sushi,272.0,52.0,Late,New
105601,2026-05-09,11,Stockholm,Pizza,273.0,44.0,On time,Returning
103174,2026-04-06,16,Uppsala,Burgers,219.0,39.0,On time,Returning
111288,2026-07-25,14,Stockholm,Indian,222.0,30.0,On time,Returning
101737,2026-03-18,12,Uppsala,Salad,251.0,30.0,On time,Returning
100054,2026-02-23,21,Malmö,Burgers,259.0,45.0,On time,Returning
106358,2026-05-19,15,Uppsala,Thai,278.0,36.0,On time,Returning
102608,2026-03-30,13,Stockholm,Pizza,265.0,250.0,Unknown,Returning
103067,2026-04-05,23,Stockholm,Indian,258.0,31.0,On time,Returning
113397,2026-08-22,13,Unknown,Burgers,300.0,23.0,On time,New
100979,2026-03-08,13,Göteborg,Indian,193.0,32.0,On time,Returning
107893,2026-06-09,14,Stockholm,Kebab,251.0,38.0,On time,Returning
109075,2026-06-25,19,Uppsala,Pizza,284.0,27.0,On time,Returning
103831,2026-04-15,18,Stockholm,Burgers,320.0,34.0,On time,Returning
102783,2026-04-01,12,Uppsala,Sushi,197.0,35.0,On time,Returning
100890,2026-03-07,22,Göteborg,Pizza,245.0,38.0,On time,Returning
106078,2026-05-16,13,Stockholm,Kebab,234.0,30.0,On time,Returning
103254,2026-04-08,12,Göteborg,Pizza,281.0,53.0,Late,New
102706,2026-03-31,10,Malmö,Sushi,239.0,57.0,Late,Returning
111148,2026-07-23,20,Malmö,Burgers,264.0,39.0,On time,New
104519,2026-04-25,15,Göteborg,Burgers,248.0,39.0,On time,Returning
101265,2026-03-12,9,Göteborg,Sushi,239.0,31.0,On time,Returning
104534,2026-04-25,12,Göteborg,Burgers,328.0,28.0,On time,Returning
100654,2026-03-03,20,Malmö,Pizza,274.0,39.0,On time,New
112573,2026-08-11,17,Göteborg,Indian,231.0,52.0,Late,New
109790,2026-07-05,13,Malmö,Kebab,249.0,51.0,Late,New
110008,2026-07-08,11,Malmö,Vegan,174.0,47.0,Late,Returning
110718,2026-07-18,12,Göteborg,Burgers,231.0,26.0,On time,New
101362,2026-03-13,18,Malmö,Pizza,287.0,44.0,On time,New
100844,2026-03-06,17,Stockholm,Salad,192.0,36.0,On time,New
101884,2026-03-21,12,Göteborg,Sushi,325.0,44.0,On time,Returning
104890,2026-04-30,10,Stockholm,Pizza,201.0,29.0,On time,Returning
110658,2026-07-17,12,Göteborg,Kebab,232.0,36.0,On time,Returning
105050,2026-05-02,13,Stockholm,Indian,257.0,25.0,On time,Returning
105023,2026-05-02,9,Göteborg,Vegan,147.0,18.0,On time,Returning
107018,2026-05-28,23,Malmö,Kebab,222.0,46.0,Late,Returning
102221,2026-03-25,13,Stockholm,Kebab,200.0,41.0,On time,New
112851,2026-08-15,10,Stockholm,Kebab,319.0,41.0,On time,Returning
106343,2026-05-19,20,Stockholm,Salad,143.0,43.0,On time,Returning
113380,2026-08-22,13,Stockholm,Pizza,185.0,39.0,On time,Returning
110272,2026-07-12,13,Göteborg,Pizza,301.0,27.0,On time,Returning
102156,2026-03-24,14,Stockholm,Burgers,194.0,35.0,On time,Returning
111005,2026-07-21,13,Stockholm,Salad,233.0,25.0,On time,Returning
108482,2026-06-17,20,Göteborg,Thai,198.0,41.0,On time,New
100708,2026-03-04,21,Stockholm,Burgers,229.0,44.0,On time,New
108301,2026-06-14,19,Uppsala,Indian,281.0,48.0,Late,New
113234,2026-08-20,11,Stockholm,Sushi,349.0,39.0,On time,Returning
102631,2026-03-30,12,Uppsala,Salad,219.0,32.0,On time,Returning
111206,2026-07-24,16,Stockholm,Pizza,211.0,45.0,On time,Returning
100338,2026-02-27,12,Malmö,Sushi,271.0,31.0,On time,Returning
109573,2026-07-02,19,Stockholm,Burgers,259.0,62.0,Late,New
108999,2026-06-24,17,Stockholm,Indian,302.0,39.0,On time,New
110232,2026-07-11,18,Malmö,Pizza,241.0,29.0,On time,Returning
105436,2026-05-07,19,Stockholm,Kebab,171.0,39.0,On time,Returning
107273,2026-06-01,13,Göteborg,Pizza,268.0,38.0,On time,Returning
103028,2026-04-05,17,Göteborg,Pizza,293.0,36.0,On time,Returning
111135,2026-07-23,9,Stockholm,Burgers,281.0,33.0,On time,Returning
111926,2026-08-02,12,Malmö,Kebab,278.0,43.0,On time,Returning
102247,2026-03-25,12,Lund,Burgers,296.0,47.0,Late,Returning
100353,2026-02-27,22,Uppsala,Sushi,315.0,47.0,Late,New
103527,2026-04-11,18,Malmö,Salad,284.0,28.0,On time,Returning
102568,2026-03-29,17,Lund,Burgers,234.0,39.0,On time,Returning
107929,2026-06-09,11,Lund,Burgers,363.0,49.0,Late,Returning
102874,2026-04-03,18,Göteborg,Burgers,316.0,40.0,On time,Returning
105353,2026-05-06,19,Göteborg,Thai,275.0,33.0,On time,Returning
108814,2026-06-21,14,Unknown,Burgers,329.0,24.0,On time,New
106299,2026-05-18,11,Uppsala,Indian,169.0,44.0,On time,Returning
101521,2026-03-15,17,Malmö,Thai,177.0,30.0,On time,Returning
111641,2026-07-30,18,Stockholm,Kebab,214.0,48.0,Late,Returning
101232,2026-03-11,11,Malmö,Burgers,204.0,45.0,On time,Returning
100444,2026-02-28,23,Lund,Burgers,277.0,35.0,On time,New
105934,2026-05-14,13,Stockholm,Thai,286.0,36.0,On time,Returning
111312,2026-07-25,12,Malmö,Kebab,222.0,23.0,On time,Returning
109436,2026-06-30,18,Malmö,Kebab,305.0,35.0,On time,Returning
103912,2026-04-16,18,Malmö,Vegan,268.0,32.0,On time,Returning
108234,2026-06-14,18,Göteborg,Sushi,238.0,45.0,On time,Returning
108719,2026-06-20,10,Stockholm,Thai,326.0,31.0,On time,New
107538,2026-06-04,19,Uppsala,Sushi,215.0,42.0,On time,Returning
108411,2026-06-16,19,Göteborg,Burgers,230.0,45.0,On time,Returning
109916,2026-07-07,17,Stockholm,Thai,235.0,15.0,On time,New
110365,2026-07-13,18,Stockholm,Burgers,238.0,43.0,On time,Returning
112294,2026-08-07,21,Lund,Sushi,252.0,29.0,On time,Returning
108849,2026-06-22,16,Göteborg,Pizza,274.0,28.0,On time,Returning
106155,2026-05-17,18,Göteborg,Vegan,341.0,44.0,On time,Returning
101386,2026-03-14,13,Göteborg,Sushi,342.0,43.0,On time,Returning
109144,2026-06-26,14,Uppsala,Burgers,267.0,52.0,Late,Returning
107711,2026-06-07,16,Göteborg,Pizza,190.0,41.0,On time,Returning
108733,2026-06-20,12,Malmö,Pizza,102.0,34.0,On time,Returning
108266,2026-06-14,15,Stockholm,Pizza,302.0,39.0,On time,Returning
107063,2026-05-29,20,Stockholm,Kebab,291.0,37.0,Unknown,Returning
108898,2026-06-22,13,Uppsala,Pizza,219.0,41.0,On time,Returning
107616,2026-06-05,18,Lund,Vegan,254.0,42.0,On time,Returning
113066,2026-08-18,12,Göteborg,Burgers,278.0,32.0,On time,New
105563,2026-05-09,17,Göteborg,Burgers,299.0,45.0,On time,Returning
106122,2026-05-16,11,Uppsala,Sushi,236.0,27.0,On time,Returning
111817,2026-08-01,15,Stockholm,Indian,291.0,35.0,On time,Returning
104069,2026-04-18,15,Lund,Indian,236.0,31.0,On time,Returning
113112,2026-08-18,12,Stockholm,Kebab,306.0,35.0,On time,Returning
110230,2026-07-11,15,Malmö,Burgers,309.0,42.0,On time,Returning
109068,2026-06-25,15,Malmö,Sushi,189.0,40.0,On time,Returning
113523,2026-08-23,11,Lund,Sushi,269.0,48.0,Late,Returning
106168,2026-05-17,20,Stockholm,Vegan,279.0,33.0,On time,Returning
107368,2026-06-02,17,Stockholm,Vegan,261.0,28.0,On time,New
108573,2026-06-18,13,Stockholm,Pizza,368.0,53.0,Late,Returning
103369,2026-04-09,15,Stockholm,Thai,173.0,54.0,Late,Returning
110442,2026-07-14,18,Stockholm,Indian,241.0,34.0,On time,Returning
111193,2026-07-24,19,Stockholm,Salad,210.0,16.0,On time,Returning
102617,2026-03-30,18,Malmö,Vegan,160.0,33.0,On time,Returning
112407,2026-08-09,11,Göteborg,Kebab,335.0,31.0,On time,New
112941,2026-08-16,13,Stockholm,Vegan,183.0,55.0,Late,Returning
100082,2026-02-24,11,Göteborg,Thai,147.0,41.0,On time,Returning
112362,2026-08-08,20,Stockholm,Burgers,266.0,48.0,Late,Returning
105625,2026-05-09,18,Malmö,Burgers,202.0,36.0,On time,New
100779,2026-03-05,10,Malmö,Kebab,266.0,36.0,On time,New
112973,2026-08-16,22,Malmö,Thai,272.0,37.0,On time,New
111227,2026-07-24,19,Malmö,Burgers,162.0,48.0,Late,New
110538,2026-07-15,9,Stockholm,Burgers,190.0,32.0,On time,Returning
101946,2026-03-21,18,Uppsala,Thai,281.0,40.0,On time,Returning
108585,2026-06-18,20,Malmö,Burgers,229.0,39.0,On time,Returning
112500,2026-08-10,18,Göteborg,Salad,217.0,47.0,Late,Returning
106676,2026-05-23,13,Lund,Vegan,242.0,37.0,On time,New
100680,2026-03-03,10,Lund,Kebab,158.0,41.0,On time,New
108561,2026-06-18,12,Stockholm,Pizza,200.0,38.0,On time,New
107716,2026-06-07,17,Göteborg,Pizza,279.0,27.0,On time,Returning
110499,2026-07-15,17,Göteborg,Pizza,299.0,41.0,On time,New
111083,2026-07-22,12,Malmö,Burgers,170.0,31.0,On time,Returning
101410,2026-03-14,11,Stockholm,Kebab,218.0,44.0,On time,New
112616,2026-08-11,10,Lund,Pizza,268.0,39.0,On time,Returning
109891,2026-07-07,11,Göteborg,Thai,316.0,39.0,On time,Returning
111695,2026-07-30,19,Lund,Salad,210.0,46.0,Late,New
108321,2026-06-15,17,Göteborg,Burgers,300.0,39.0,On time,Returning
104218,2026-04-20,19,Malmö,Indian,300.0,47.0,Late,Returning
104823,2026-04-29,12,Stockholm,Pizza,146.0,28.0,On time,Returning
101913,2026-03-21,17,Stockholm,Sushi,267.0,56.0,Late,Returning
112335,2026-08-08,17,Stockholm,Thai,226.0,27.0,On time,New
108476,2026-06-16,13,Lund,Thai,280.0,32.0,On time,New
111989,2026-08-03,19,Malmö,Vegan,214.0,37.0,On time,Returning
102398,2026-03-27,12,Lund,Sushi,316.0,36.0,On time,New
111242,2026-07-24,11,Lund,Kebab,348.0,37.0,Unknown,Returning
107145,2026-05-30,19,Malmö,Sushi,210.0,40.0,On time,New
110040,2026-07-09,18,Göteborg,Sushi,300.0,47.0,Late,Returning
103061,2026-04-05,16,Stockholm,Pizza,270.0,37.0,Unknown,Returning
107007,2026-05-28,16,Stockholm,Burgers,259.0,42.0,On time,Returning
102456,2026-03-28,12,Malmö,Kebab,274.0,43.0,On time,Returning
103430,2026-04-10,22,Stockholm,Pizza,159.0,51.0,Late,Returning
101053,2026-03-09,21,Göteborg,Pizza,231.0,45.0,On time,Returning
106472,2026-05-21,11,Stockholm,Salad,251.0,26.0,On time,Returning
107530,2026-06-04,13,Malmö,Pizza,311.0,28.0,On time,Returning
100989,2026-03-08,21,Stockholm,Pizza,380.0,46.0,Late,Returning
102089,2026-03-23,18,Malmö,Vegan,178.0,38.0,On time,Returning
103707,2026-04-13,19,Malmö,Thai,233.0,45.0,On time,Returning
103405,2026-04-10,12,Göteborg,Indian,226.0,38.0,On time,Returning
109244,2026-06-27,12,Uppsala,Thai,287.0,43.0,On time,Returning
101190,2026-03-11,15,Unknown,Pizza,263.0,42.0,On time,Returning
112412,2026-08-09,15,Göteborg,Burgers,286.0,37.0,On time,Returning
112875,2026-08-15,23,Malmö,Kebab,265.0,31.0,On time,Returning
101515,2026-03-15,13,Stockholm,Kebab,220.0,57.0,Late,Returning
100624,2026-03-03,13,Stockholm,Burgers,334.0,31.0,On time,New
101299,2026-03-12,15,Malmö,Pizza,211.0,22.0,On time,Returning
113185,2026-08-19,10,Malmö,Kebab,176.0,38.0,On time,Returning
110093,2026-07-09,14,Uppsala,Pizza,248.0,43.0,On time,Returning
105865,2026-05-13,20,Göteborg,Salad,257.0,32.0,On time,Returning
105283,2026-05-05,11,Göteborg,Thai,228.0,36.0,On time,Returning
106035,2026-05-15,18,Malmö,Sushi,232.0,30.0,On time,Returning
109148,2026-06-26,21,Uppsala,Salad,305.0,34.0,On time,Returning
102405,2026-03-28,18,Göteborg,Burgers,217.0,28.0,On time,New
111239,2026-07-24,13,Lund,Thai,177.0,47.0,Late,Returning
100576,2026-03-02,9,Stockholm,Pizza,190.0,23.0,On time,Returning
110313,2026-07-12,16,Stockholm,Indian,296.0,49.0,Late,New
106043,2026-05-15,12,Malmö,Pizza,239.0,46.0,Late,Returning
100820,2026-03-06,17,Stockholm,Vegan,350.0,37.0,Unknown,New
113038,2026-08-17,12,Stockholm,Pizza,240.0,35.0,On time,New
105693,2026-05-10,11,Stockholm,Salad,268.0,47.0,Late,Returning
112486,2026-08-09,18,Lund,Salad,342.0,33.0,On time,Returning
113497,2026-08-23,20,Malmö,Burgers,176.0,31.0,On time,New
107951,2026-06-10,15,Stockholm,Indian,207.0,30.0,On time,Returning
108847,2026-06-22,10,Göteborg,Indian,212.0,37.0,Unknown,New
108729,2026-06-20,19,Stockholm,Kebab,316.0,35.0,On time,Returning
112635,2026-08-12,20,Göteborg,Burgers,272.0,38.0,On time,New
103998,2026-04-18,23,Göteborg,Indian,252.0,21.0,On time,Returning
109697,2026-07-04,18,Stockholm,Pizza,251.0,38.0,On time,Returning
110041,2026-07-09,17,Göteborg,Kebab,303.0,48.0,Late,Returning
104602,2026-04-26,16,Göteborg,Sushi,268.0,33.0,On time,Returning
107411,2026-06-03,18,Göteborg,Thai,296.0,40.0,On time,New
101775,2026-03-19,19,Stockholm,Kebab,237.0,48.0,Late,Returning
104223,2026-04-20,12,Uppsala,Pizza,250.0,37.0,On time,Returning
109845,2026-07-06,20,Stockholm,Indian,227.0,30.0,On time,Returning
107963,2026-06-10,20,Stockholm,Thai,214.0,45.0,On time,New
105143,2026-05-03,14,Stockholm,Pizza,379.0,40.0,On time,Returning
107386,2026-06-02,19,Malmö,Kebab,207.0,62.0,Late,New
109880,2026-07-07,12,Göteborg,Burgers,263.0,45.0,On time,Returning
106664,2026-05-23,12,Uppsala,Burgers,194.0,36.0,On time,Returning
106535,2026-05-22,11,Göteborg,Indian,285.0,27.0,On time,New
109297,2026-06-28,15,Malmö,Thai,156.0,54.0,Late,New
101321,2026-03-12,11,Lund,Burgers,150.0,35.0,On time,Returning
113122,2026-08-18,15,Malmö,Pizza,189.0,35.0,On time,New
102182,2026-03-24,18,Lund,Kebab,255.0,23.0,On time,Returning
100383,2026-02-28,19,Stockholm,Pizza,270.0,34.0,On time,Returning
107793,2026-06-07,15,Uppsala,Kebab,195.0,26.0,On time,Returning
103942,2026-04-17,11,Göteborg,Pizza,308.0,41.0,On time,Returning
109390,2026-06-29,15,Uppsala,Indian,214.0,38.0,On time,Returning
110418,2026-07-13,17,Lund,Burgers,221.0,31.0,On time,Returning
108644,2026-06-19,11,Stockholm,Pizza,236.0,38.0,On time,Returning
100312,2026-02-27,17,Stockholm,Salad,264.0,48.0,Late,Returning
103533,2026-04-11,11,Malmö,Thai,236.0,36.0,On time,New
110269,2026-07-12,12,Göteborg,Pizza,227.0,41.0,On time,New
113015,2026-08-17,20,Stockholm,Pizza,266.0,21.0,On time,New
103518,2026-04-11,13,Stockholm,Sushi,301.0,26.0,On time,Returning
101529,2026-03-15,19,Malmö,Salad,240.0,47.0,Late,Returning
107474,2026-06-03,22,Uppsala,Burgers,213.0,44.0,On time,New
101752,2026-03-19,9,Göteborg,Pizza,175.0,45.0,On time,Returning
108337,2026-06-15,11,Stockholm,Burgers,214.0,27.0,On time,Returning
100499,2026-03-01,13,Stockholm,Pizza,258.0,18.0,On time,New
101903,2026-03-21,19,Stockholm,Sushi,291.0,48.0,Late,New
103494,2026-04-11,13,Göteborg,Kebab,156.0,25.0,On time,Returning
101101,2026-03-09,20,Malmö,Burgers,337.0,34.0,On time,Returning
100696,2026-03-04,21,Göteborg,Pizza,280.0,34.0,On time,Returning
103790,2026-04-14,20,Uppsala,Indian,239.0,42.0,On time,New
108764,2026-06-21,19,Göteborg,Sushi,188.0,24.0,On time,Returning
113265,2026-08-20,13,Malmö,Burgers,302.0,41.0,On time,New
105232,2026-05-04,19,Stockholm,Thai,273.0,34.0,On time,New
112377,2026-08-08,23,Malmö,Pizza,234.0,43.0,On time,Returning
108553,2026-06-18,10,Göteborg,Pizza,175.0,39.0,On time,Returning
102012,2026-03-22,16,Stockholm,Pizza,221.0,49.0,Late,Returning
107166,2026-05-30,16,Uppsala,Indian,346.0,35.0,On time,New
110228,2026-07-11,9,Malmö,Sushi,217.0,40.0,On time,New
106304,2026-05-18,20,Uppsala,Burgers,289.0,28.0,On time,New
105570,2026-05-09,12,Göteborg,Burgers,286.0,17.0,On time,Returning
111996,2026-08-03,19,Uppsala,Indian,320.0,39.0,On time,New
102505,2026-03-29,18,Stockholm,Indian,219.0,45.0,On time,New
110928,2026-07-20,9,Stockholm,Sushi,260.0,43.0,On time,New
110586,2026-07-16,19,Stockholm,Pizza,156.0,37.0,On time,New
105938,2026-05-14,13,Stockholm,Vegan,252.0,33.0,On time,New
104943,2026-05-01,18,Göteborg,Thai,272.0,39.0,On time,Returning
107956,2026-06-10,21,Stockholm,Sushi,243.0,43.0,On time,Returning
101985,2026-03-22,18,Stockholm,Thai,213.0,35.0,On time,Returning
102122,2026-03-24,10,Unknown,Sushi,253.0,42.0,On time,Returning
111261,2026-07-25,18,Stockholm,Sushi,239.0,59.0,Late,Returning
111248,2026-07-25,18,Göteborg,Pizza,266.0,37.0,On time,New
106112,2026-05-16,16,Malmö,Burgers,180.0,44.0,On time,Returning
110347,2026-07-13,19,Göteborg,Indian,272.0,35.0,On time,New
110641,2026-07-17,10,Göteborg,Burgers,266.0,35.0,On time,New
102049,2026-03-23,12,Göteborg,Sushi,333.0,42.0,On time,New
108772,2026-06-21,12,Göteborg,Pizza,192.0,46.0,Late,Returning
112323,2026-08-08,11,Stockholm,Indian,253.0,38.0,On time,Returning
104220,2026-04-20,10,Malmö,Burgers,283.0,39.0,On time,New
110577,2026-07-16,21,Göteborg,Sushi,316.0,21.0,On time,Returning
100049,2026-02-23,9,Stockholm,Kebab,202.0,40.0,On time,Returning
102452,2026-03-28,22,Malmö,Pizza,340.0,32.0,On time,Returning
104707,2026-04-27,13,Stockholm,Indian,293.0,37.0,Unknown,Returning
101110,2026-03-09,11,Malmö,Pizza,207.0,49.0,Late,Returning
102755,2026-04-01,18,Stockholm,Burgers,277.0,48.0,Late,Returning
106495,2026-05-21,19,Malmö,Burgers,253.0,28.0,On time,Returning
108515,2026-06-17,19,Stockholm,Indian,269.0,44.0,On time,Returning
111376,2026-07-26,17,Stockholm,Burgers,258.0,35.0,On time,Returning
111000,2026-07-21,11,Stockholm,Pizza,286.0,40.0,On time,Returning
110431,2026-07-14,18,Göteborg,Burgers,173.0,36.0,On time,Returning
103327,2026-04-09,18,Göteborg,Pizza,236.0,23.0,On time,Returning
103972,2026-04-17,19,Malmö,Indian,166.0,27.0,On time,Returning
108426,2026-06-16,12,Stockholm,Indian,237.0,37.0,On time,New
107767,2026-06-07,12,Stockholm,Thai,232.0,37.0,On time,New
103597,2026-04-12,12,Stockholm,Salad,277.0,37.0,On time,New
108262,2026-06-14,16,Stockholm,Pizza,206.0,40.0,On time,New
108110,2026-06-12,12,Stockholm,Pizza,288.0,37.0,On time,Returning
103184,2026-04-07,13,Göteborg,Indian,258.0,43.0,On time,New
109474,2026-07-01,16,Göteborg,Pizza,231.0,34.0,On time,Returning
109094,2026-06-26,20,Göteborg,Pizza,257.0,26.0,On time,Returning
105809,2026-05-12,18,Göteborg,Sushi,309.0,35.0,On time,New
107091,2026-05-30,12,Göteborg,Pizza,178.0,44.0,On time,Returning
104242,2026-04-21,22,Göteborg,Burgers,269.0,29.0,On time,Returning
105286,2026-05-05,18,Göteborg,Sushi,218.0,31.0,On time,Returning
113205,2026-08-19,14,Lund,Sushi,295.0,43.0,On time,New
102753,2026-04-01,19,Stockholm,Thai,292.0,38.0,On time,New
111089,2026-07-22,19,Malmö,Thai,258.0,37.0,On time,New
104193,2026-04-20,12,Stockholm,Indian,245.0,24.0,On time,Returning
101202,2026-03-11,12,Stockholm,Pizza,212.0,55.0,Late,New
111852,2026-08-01,19,Lund,Thai,229.0,25.0,On time,New
108170,2026-06-13,13,Stockholm,Pizza,276.0,37.0,On time,New
103949,2026-04-17,12,Stockholm,Kebab,127.0,37.0,On time,New
105496,2026-05-08,16,Göteborg,Vegan,216.0,30.0,On time,Returning
111479,2026-07-27,22,Uppsala,Salad,322.0,40.0,On time,Returning
111993,2026-08-03,17,Uppsala,Kebab,170.0,27.0,On time,Returning
113048,2026-08-17,10,Malmö,Kebab,299.0,29.0,On time,New
103562,2026-04-12,19,Göteborg,Pizza,273.0,45.0,On time,New
101928,2026-03-21,9,Malmö,Burgers,278.0,43.0,On time,Returning
110583,2026-07-16,12,Stockholm,Sushi,193.0,37.0,On time,New
102482,2026-03-29,18,Göteborg,Thai,308.0,36.0,On time,New
104540,2026-04-25,14,Unknown,Pizza,212.0,35.0,On time,Returning
100717,2026-03-04,21,Stockholm,Sushi,215.0,35.0,On time,Returning
103098,2026-04-05,13,Uppsala,Indian,283.0,53.0,Late,Returning
107195,2026-05-31,10,Göteborg,Vegan,280.0,37.0,On time,Returning
101560,2026-03-16,17,Göteborg,Indian,190.0,24.0,On time,New
108746,2026-06-20,13,Uppsala,Indian,312.0,36.0,On time,New
101184,2026-03-10,17,Lund,Pizza,245.0,36.0,On time,New
110494,2026-07-15,11,Göteborg,Sushi,272.0,38.0,On time,Returning
103253,2026-04-08,17,Unknown,Burgers,175.0,46.0,Late,Returning
104231,2026-04-20,19,Uppsala,Pizza,264.0,40.0,On time,Returning
108700,2026-06-20,22,Göteborg,Sushi,159.0,31.0,On time,Returning
102846,2026-04-02,20,Malmö,Thai,154.0,15.0,On time,New
101123,2026-03-09,12,Lund,Thai,278.0,38.0,On time,Returning
106782,2026-05-25,12,Stockholm,Indian,201.0,19.0,On time,New
102655,2026-03-31,17,Göteborg,Salad,230.0,26.0,On time,Returning
109986,2026-07-08,12,Stockholm,Pizza,184.0,39.0,On time,Returning
106826,2026-05-25,17,Lund,Pizza,189.0,47.0,Late,Returning
108630,2026-06-19,17,Stockholm,Pizza,183.0,39.0,On time,Returning
113085,2026-08-18,11,Stockholm,Pizza,192.0,50.0,Late,New
113464,2026-08-23,10,Stockholm,Thai,233.0,42.0,On time,Returning
104955,2026-05-01,23,Göteborg,Pizza,262.0,45.0,On time,Returning
110796,2026-07-18,20,Lund,Sushi,277.0,46.0,Late,New
111847,2026-08-01,21,Uppsala,Pizza,397.0,43.0,On time,Returning
111203,2026-07-24,19,Stockholm,Sushi,282.0,31.0,On time,Returning
107490,2026-06-04,11,Göteborg,Vegan,252.0,33.0,On time,Returning
108575,2026-06-18,15,Stockholm,Kebab,258.0,41.0,On time,New
100721,2026-03-04,12,Malmö,Salad,280.0,38.0,On time,Returning
105169,2026-05-03,13,Malmö,Thai,351.0,48.0,Late,New
112827,2026-08-15,11,Göteborg,Pizza,276.0,43.0,On time,Returning
103012,2026-04-04,17,Lund,Kebab,267.0,28.0,On time,New
105067,2026-05-02,21,Malmö,Sushi,276.0,47.0,Late,New
105187,2026-05-03,11,Uppsala,Burgers,272.0,41.0,On time,New
110912,2026-07-20,19,Unknown,Salad,283.0,37.0,On time,Returning
112617,2026-08-11,10,Lund,Sushi,245.0,23.0,On time,Returning
107363,2026-06-02,16,Stockholm,Burgers,313.0,43.0,On time,Returning
105424,2026-05-07,16,Göteborg,Indian,357.0,52.0,Late,New
106144,2026-05-17,17,Göteborg,Vegan,181.0,22.0,On time,Returning
103293,2026-04-08,16,Stockholm,Burgers,249.0,39.0,On time,Returning
101434,2026-03-14,9,Unknown,Burgers,327.0,22.0,On time,New
105296,2026-05-05,14,Göteborg,Thai,285.0,37.0,Unknown,Returning
104243,2026-04-21,14,Göteborg,Indian,164.0,53.0,Late,Returning
110742,2026-07-18,22,Stockholm,Thai,234.0,28.0,On time,New
103383,2026-04-09,18,Malmö,Pizza,260.0,34.0,On time,Returning
112597,2026-08-11,22,Stockholm,Indian,210.0,42.0,On time,Returning
109112,2026-06-26,17,Stockholm,Thai,197.0,28.0,On time,Returning
104624,2026-04-26,11,Stockholm,Kebab,206.0,33.0,On time,Returning
104708,2026-04-27,12,Malmö,Burgers,165.0,36.0,On time,Returning
112141,2026-08-05,12,Lund,Sushi,327.0,52.0,Late,Returning
111041,2026-07-22,15,Göteborg,Pizza,321.0,28.0,On time,Returning
107681,2026-06-06,10,Malmö,Thai,163.0,43.0,On time,Returning
105105,2026-05-03,15,Göteborg,Pizza,166.0,45.0,On time,New
104505,2026-04-24,12,Uppsala,Thai,299.0,38.0,On time,New
108216,2026-06-13,12,Uppsala,Kebab,305.0,41.0,On time,Returning
109715,2026-07-04,13,Malmö,Pizza,222.0,45.0,On time,New
110301,2026-07-12,13,Unknown,Pizza,250.0,37.0,Unknown,New
108457,2026-06-16,13,Malmö,Burgers,294.0,31.0,On time,New
109847,2026-07-06,18,Stockholm,Vegan,263.0,31.0,On time,Returning
112200,2026-08-06,18,Malmö,Burgers,278.0,39.0,On time,Returning
112347,2026-08-08,19,Stockholm,Pizza,273.0,34.0,On time,Returning
111172,2026-07-24,23,Unknown,Pizza,205.0,37.0,On time,New
111456,2026-07-27,12,Stockholm,Indian,169.0,26.0,On time,Returning
105845,2026-05-12,19,Uppsala,Sushi,298.0,46.0,Late,Returning
105508,2026-05-08,12,Stockholm,Pizza,238.0,45.0,On time,New
105033,2026-05-02,19,Stockholm,Vegan,264.0,27.0,On time,Returning
102478,2026-03-28,12,Lund,Pizza,254.0,40.0,On time,Returning
112907,2026-08-15,16,Lund,Indian,248.0,36.0,On time,Returning
108295,2026-06-14,12,Malmö,Burgers,218.0,39.0,On time,New
103668,2026-04-13,21,Göteborg,Kebab,226.0,38.0,On time,Returning
106199,2026-05-17,10,Malmö,Salad,266.0,39.0,On time,Returning
108248,2026-06-14,18,Göteborg,Sushi,285.0,35.0,On time,Returning
106667,2026-05-23,12,Uppsala,Burgers,222.0,35.0,On time,Returning
108471,2026-06-16,12,Uppsala,Burgers,257.0,39.0,On time,Returning
102485,2026-03-29,22,Göteborg,Thai,204.0,49.0,Late,Returning
112021,2026-08-04,18,Göteborg,Sushi,234.0,31.0,On time,Returning
111834,2026-08-01,10,Malmö,Thai,225.0,29.0,On time,New
112691,2026-08-13,17,Göteborg,Burgers,340.0,46.0,Late,Returning
102935,2026-04-04,10,Göteborg,Indian,277.0,28.0,On time,Returning
105558,2026-05-09,13,Göteborg,Pizza,214.0,43.0,On time,Returning
108565,2026-06-18,11,Stockholm,Kebab,248.0,44.0,On time,New
102368,2026-03-27,22,Stockholm,Burgers,257.0,34.0,On time,Returning
100845,2026-03-06,12,Unknown,Burgers,253.0,28.0,On time,Returning
101210,2026-03-11,17,Stockholm,Burgers,195.0,38.0,On time,New
108864,2026-06-22,17,Stockholm,Sushi,259.0,45.0,On time,New
102335,2026-03-27,11,Göteborg,Thai,194.0,46.0,Late,Returning
111672,2026-07-30,21,Malmö,Vegan,154.0,37.0,On time,Returning
108825,2026-06-21,13,Malmö,Sushi,189.0,27.0,On time,Returning
101729,2026-03-18,14,Malmö,Burgers,350.0,34.0,On time,Returning
100556,2026-03-02,12,Stockholm,Sushi,282.0,29.0,On time,Returning
101908,2026-03-21,20,Stockholm,Sushi,201.0,29.0,On time,Returning
112713,2026-08-13,19,Stockholm,Burgers,283.0,31.0,On time,Returning
106115,2026-05-16,14,Malmö,Sushi,231.0,40.0,On time,Returning
111289,2026-07-25,12,Stockholm,Burgers,270.0,41.0,On time,Returning
113299,2026-08-21,13,Göteborg,Burgers,270.0,35.0,On time,New
104298,2026-04-21,11,Uppsala,Kebab,282.0,33.0,On time,Returning
107312,2026-06-01,18,Malmö,Kebab,278.0,46.0,Late,New
101177,2026-03-10,13,Uppsala,Burgers,167.0,28.0,On time,Returning
110739,2026-07-18,18,Stockholm,Pizza,319.0,36.0,On time,Returning
105333,2026-05-05,13,Uppsala,Sushi,375.0,40.0,On time,Returning
104683,2026-04-27,13,Göteborg,Thai,345.0,42.0,On time,Returning
106230,2026-05-17,9,Lund,Pizza,342.0,36.0,On time,Returning
108609,2026-06-19,19,Göteborg,Kebab,310.0,34.0,On time,Returning
103233,2026-04-07,10,Malmö,Pizza,128.0,28.0,On time,Returning
105553,2026-05-09,13,Göteborg,Thai,338.0,31.0,On time,New
101031,2026-03-08,21,Malmö,Kebab,240.0,38.0,On time,New
108303,2026-06-14,11,Uppsala,Salad,228.0,26.0,On time,Returning
101441,2026-03-14,22,Malmö,Burgers,196.0,42.0,On time,Returning
109765,2026-07-05,23,Stockholm,Kebab,237.0,53.0,Late,Returning
105975,2026-05-14,14,Malmö,Indian,192.0,47.0,Late,Returning
100873,2026-03-06,13,Lund,Pizza,209.0,30.0,On time,Returning
108186,2026-06-13,13,Stockholm,Salad,266.0,61.0,Late,Returning
103950,2026-04-17,18,Stockholm,Thai,259.0,42.0,On time,Returning
111428,2026-07-27,21,Göteborg,Indian,178.0,32.0,On time,Returning
112452,2026-08-09,13,Stockholm,Pizza,232.0,32.0,On time,Returning
105505,2026-05-08,20,Stockholm,Kebab,209.0,44.0,On time,Returning
109229,2026-06-27,14,Malmö,Indian,267.0,48.0,Late,Returning
110732,2026-07-18,20,Stockholm,Sushi,202.0,45.0,On time,Returning
100145,2026-02-24,20,Lund,Kebab,317.0,36.0,On time,Returning
108661,2026-06-19,12,Malmö,Thai,271.0,31.0,On time,Returning
106313,2026-05-19,21,Göteborg,Kebab,242.0,31.0,On time,Returning
107406,2026-06-03,10,Göteborg,Kebab,222.0,38.0,On time,Returning
109985,2026-07-08,15,Stockholm,Sushi,257.0,36.0,On time,New
102116,2026-03-24,20,Göteborg,Sushi,201.0,28.0,On time,Returning
106764,2026-05-25,11,Göteborg,Burgers,270.0,48.0,Late,Returning
110466,2026-07-14,12,Malmö,Pizza,167.0,34.0,On time,Returning
109398,2026-06-29,11,Lund,Indian,205.0,29.0,On time,Returning
103512,2026-04-11,15,Stockholm,Pizza,233.0,43.0,On time,Returning
110618,2026-07-16,14,Malmö,Salad,261.0,34.0,On time,New
107964,2026-06-10,17,Stockholm,Kebab,205.0,46.0,Late,Returning
101863,2026-03-20,10,Malmö,Vegan,191.0,31.0,On time,Returning
101568,2026-03-16,12,Göteborg,Kebab,237.0,32.0,On time,New
110238,2026-07-11,13,Uppsala,Burgers,108.0,37.0,Unknown,Returning
113141,2026-08-19,11,Göteborg,Burgers,337.0,45.0,On time,New
112256,2026-08-07,13,Stockholm,Indian,309.0,31.0,On time,New
105044,2026-05-02,22,Stockholm,Thai,264.0,30.0,On time,Returning
112639,2026-08-12,13,Göteborg,Indian,212.0,31.0,On time,New
109777,2026-07-05,13,Stockholm,Burgers,239.0,38.0,On time,Returning
112579,2026-08-11,19,Stockholm,Kebab,300.0,27.0,On time,Returning
104097,2026-04-19,17,Göteborg,Salad,184.0,25.0,On time,Returning
105741,2026-05-11,13,Göteborg,Salad,285.0,38.0,On time,New
109287,2026-06-28,18,Stockholm,Burgers,240.0,27.0,On time,New
102834,2026-04-02,21,Stockholm,Sushi,242.0,34.0,On time,Returning
112804,2026-08-14,20,Malmö,Pizza,270.0,33.0,On time,New
101587,2026-03-16,18,Stockholm,Sushi,213.0,36.0,On time,Returning
106839,2026-05-26,18,Göteborg,Burgers,176.0,36.0,On time,New
106506,2026-05-21,20,Malmö,Pizza,172.0,32.0,On time,New
105847,2026-05-12,18,Uppsala,Thai,218.0,39.0,On time,Returning
108822,2026-06-21,23,Malmö,Burgers,344.0,33.0,On time,Returning
109284,2026-06-28,12,Stockholm,Thai,267.0,41.0,On time,Returning
112816,2026-08-14,12,Lund,Kebab,225.0,44.0,On time,New
104439,2026-04-23,17,Lund,Pizza,259.0,40.0,On time,Returning
112395,2026-08-08,10,Lund,Kebab,309.0,42.0,On time,New
101982,2026-03-22,12,Stockholm,Indian,228.0,39.0,On time,Returning
107473,2026-06-03,11,Malmö,Pizza,200.0,47.0,Late,New
100786,2026-03-05,15,Malmö,Pizza,245.0,29.0,On time,New
111387,2026-07-26,12,Stockholm,Thai,255.0,34.0,On time,New
107923,2026-06-09,12,Uppsala,Thai,265.0,32.0,On time,Returning
101777,2026-03-19,10,Stockholm,Kebab,315.0,46.0,Late,Returning
111924,2026-08-02,17,Malmö,Salad,342.0,37.0,On time,Returning
106216,2026-05-17,17,Uppsala,Burgers,309.0,31.0,On time,New
113341,2026-08-21,13,Uppsala,Thai,323.0,46.0,Late,Returning
109806,2026-07-05,17,Uppsala,Salad,247.0,18.0,On time,Returning
108008,2026-06-11,9,Göteborg,Pizza,283.0,34.0,On time,Returning
109817,2026-07-05,12,Lund,Thai,234.0,46.0,Late,New
105345,2026-05-05,11,Unknown,Pizza,172.0,44.0,On time,New
106643,2026-05-23,18,Stockholm,Pizza,290.0,40.0,On time,Returning
105479,2026-05-07,13,Unknown,Indian,263.0,46.0,Late,Returning
111226,2026-07-24,17,Malmö,Burgers,310.0,29.0,On time,Returning
103423,2026-04-10,19,Stockholm,Indian,161.0,39.0,On time,Returning
108135,2026-06-12,13,Unknown,Sushi,288.0,36.0,On time,New
108941,2026-06-23,20,Malmö,Burgers,197.0,31.0,On time,New
105411,2026-05-07,13,Göteborg,Burgers,336.0,32.0,On time,New
101118,2026-03-09,17,Uppsala,Sushi,239.0,49.0,Late,Returning
107700,2026-06-06,12,Uppsala,Kebab,286.0,29.0,On time,Returning
108324,2026-06-15,20,Göteborg,Thai,236.0,31.0,On time,Returning
113209,2026-08-20,14,Göteborg,Burgers,323.0,31.0,On time,Returning
101293,2026-03-12,10,Stockholm,Indian,237.0,31.0,On time,New
100959,2026-03-07,12,Lund,Vegan,111.0,27.0,On time,Returning
109722,2026-07-04,18,Malmö,Kebab,382.0,22.0,On time,New
106257,2026-05-18,14,Stockholm,Pizza,302.0,41.0,On time,New
102312,2026-03-26,23,Uppsala,Thai,308.0,31.0,On time,New
106803,2026-05-25,22,Malmö,Pizza,283.0,51.0,Late,New
106037,2026-05-15,11,Malmö,Pizza,243.0,39.0,On time,New
109871,2026-07-06,19,Lund,Pizza,144.0,30.0,On time,New
111118,2026-07-23,12,Göteborg,Kebab,220.0,34.0,On time,Returning
105935,2026-05-14,21,Unknown,Burgers,244.0,36.0,On time,Returning
102961,2026-04-04,14,Stockholm,Pizza,262.0,24.0,On time,Returning
104050,2026-04-18,10,Malmö,Thai,295.0,26.0,On time,Returning
100692,2026-03-04,17,Göteborg,Thai,200.0,26.0,On time,Returning
109755,2026-07-05,20,Stockholm,Salad,283.0,29.0,On time,Returning
111781,2026-08-01,17,Göteborg,Pizza,369.0,45.0,On time,Returning
110921,2026-07-20,17,Stockholm,Vegan,265.0,26.0,On time,New
112915,2026-08-16,10,Göteborg,Sushi,181.0,46.0,Late,Returning
108663,2026-06-19,16,Malmö,Pizza,286.0,29.0,On time,Returning
103996,2026-04-18,13,Göteborg,Kebab,242.0,36.0,On time,Returning
110458,2026-07-14,12,Stockholm,Thai,295.0,36.0,On time,Returning
112671,2026-08-12,11,Malmö,Indian,316.0,43.0,On time,Returning
111588,2026-07-29,18,Stockholm,Burgers,285.0,39.0,On time,Returning
108353,2026-06-15,11,Stockholm,Thai,237.0,45.0,On time,Returning
107175,2026-05-30,17,Unknown,Thai,340.0,34.0,On time,Returning
100942,2026-03-07,21,Malmö,Thai,180.0,40.0,On time,Returning
107240,2026-05-31,12,Malmö,Kebab,195.0,34.0,On time,New
108284,2026-06-14,17,Malmö,Pizza,372.0,50.0,Late,New
103252,2026-04-08,10,Göteborg,Sushi,304.0,34.0,On time,Returning
104269,2026-04-21,16,Stockholm,Kebab,245.0,30.0,On time,Returning
101195,2026-03-11,11,Stockholm,Kebab,194.0,39.0,On time,Returning
102204,2026-03-25,21,Göteborg,Pizza,288.0,46.0,Late,Returning
108827,2026-06-21,20,Malmö,Indian,312.0,28.0,On time,Returning
102633,2026-03-30,18,Uppsala,Pizza,319.0,31.0,On time,Returning
113187,2026-08-19,23,Malmö,Kebab,261.0,37.0,Unknown,Returning
109499,2026-07-01,19,Stockholm,Indian,267.0,30.0,On time,Returning
111318,2026-07-25,21,Malmö,Burgers,276.0,20.0,On time,Returning
103370,2026-04-09,18,Stockholm,Pizza,230.0,40.0,On time,Returning
112990,2026-08-16,17,Uppsala,Sushi,296.0,25.0,On time,New
104629,2026-04-26,20,Stockholm,Salad,298.0,45.0,On time,Returning
106152,2026-05-17,21,Göteborg,Pizza,195.0,44.0,On time,Returning
110488,2026-07-14,20,Lund,Pizza,211.0,35.0,On time,Returning
103805,2026-04-15,19,Göteborg,Thai,283.0,31.0,On time,New
113155,2026-08-19,15,Stockholm,Burgers,274.0,32.0,On time,New
110395,2026-07-13,22,Malmö,Pizza,249.0,39.0,On time,New
110184,2026-07-11,19,Göteborg,Pizza,278.0,32.0,On time,New
103662,2026-04-13,16,Göteborg,Indian,225.0,43.0,On time,Returning
100436,2026-02-28,11,Uppsala,Burgers,332.0,47.0,Late,New
112319,2026-08-08,18,Stockholm,Indian,241.0,23.0,On time,Returning
107756,2026-06-07,18,Stockholm,Sushi,332.0,43.0,On time,New
112929,2026-08-16,17,Göteborg,Thai,133.0,41.0,On time,Returning
102495,2026-03-29,22,Göteborg,Burgers,275.0,23.0,On time,Returning
105199,2026-05-03,13,Lund,Pizza,262.0,32.0,On time,Returning
111195,2026-07-24,19,Stockholm,Vegan,175.0,49.0,Late,New
104538,2026-04-25,19,Stockholm,Pizza,276.0,46.0,Late,Returning
107110,2026-05-30,13,Göteborg,Pizza,286.0,46.0,Late,New
104832,2026-04-29,19,Stockholm,Kebab,127.0,53.0,Late,New
107281,2026-06-01,20,Göteborg,Salad,229.0,22.0,On time,Returning
111694,2026-07-30,13,Uppsala,Thai,199.0,38.0,On time,Returning
106724,2026-05-24,18,Stockholm,Kebab,182.0,33.0,On time,Returning
101244,2026-03-11,11,Lund,Burgers,154.0,35.0,On time,Returning
102518,2026-03-29,13,Stockholm,Kebab,220.0,54.0,Late,Returning
102358,2026-03-27,11,Stockholm,Pizza,231.0,34.0,On time,Returning
106116,2026-05-16,17,Malmö,Burgers,150.0,44.0,On time,New
107949,2026-06-10,15,Göteborg,Kebab,321.0,32.0,On time,Returning
105296,2026-05-05,14,Göteborg,Thai,285.0,41.0,On time,Returning
102896,2026-04-03,16,Stockholm,Thai,310.0,46.0,Late,New
111040,2026-07-22,22,Göteborg,Kebab,220.0,35.0,On time,New
111940,2026-08-02,20,Unknown,Burgers,264.0,37.0,On time,New
102507,2026-03-29,12,Stockholm,Vegan,258.0,35.0,On time,Returning
112425,2026-08-09,11,Stockholm,Pizza,259.0,48.0,Late,Returning
113309,2026-08-21,12,Stockholm,Burgers,255.0,33.0,On time,Returning
106161,2026-05-17,10,Göteborg,Burgers,171.0,33.0,On time,New
109262,2026-06-28,22,Göteborg,Sushi,319.0,31.0,On time,New
101208,2026-03-11,16,Stockholm,Thai,281.0,28.0,On time,Returning
112623,2026-08-12,17,Göteborg,Thai,145.0,32.0,On time,Returning
113227,2026-08-20,14,Stockholm,Kebab,290.0,29.0,On time,Returning
109796,2026-07-05,11,Malmö,Burgers,200.0,41.0,On time,Returning
108497,2026-06-17,11,Stockholm,Pizza,254.0,47.0,Late,New
110116,2026-07-10,11,Göteborg,Burgers,289.0,51.0,Late,New
108466,2026-06-16,14,Uppsala,Kebab,176.0,38.0,On time,Returning
106741,2026-05-24,11,Uppsala,Burgers,199.0,31.0,On time,Returning
108852,2026-06-22,14,Göteborg,Thai,253.0,36.0,On time,New
104756,2026-04-28,14,Stockholm,Kebab,287.0,39.0,On time,Returning
113247,2026-08-20,21,Stockholm,Pizza,230.0,27.0,On time,New
101627,2026-03-17,19,Göteborg,Pizza,252.0,37.0,On time,New
111401,2026-07-26,19,Malmö,Kebab,137.0,30.0,On time,New
111520,2026-07-28,13,Stockholm,Burgers,243.0,50.0,Late,Returning
106860,2026-05-26,12,Stockholm,Vegan,280.0,27.0,On time,New
105981,2026-05-14,12,Uppsala,Pizza,269.0,29.0,On time,Returning
102400,2026-03-27,19,Lund,Salad,195.0,37.0,On time,New
104376,2026-04-22,13,Lund,Burgers,250.0,44.0,On time,New
111827,2026-08-01,11,Malmö,Indian,178.0,41.0,On time,New
101694,2026-03-18,11,Göteborg,Salad,283.0,34.0,On time,Returning
106104,2026-05-16,12,Stockholm,Burgers,287.0,34.0,On time,Returning
105172,2026-05-03,12,Malmö,Sushi,177.0,30.0,On time,Returning
106246,2026-05-18,20,Göteborg,Indian,268.0,30.0,On time,Returning
109327,2026-06-29,18,Göteborg,Indian,334.0,21.0,On time,Returning
108654,2026-06-19,22,Stockholm,Burgers,270.0,34.0,On time,New
105679,2026-05-10,12,Stockholm,Pizza,227.0,30.0,On time,Returning
100920,2026-03-07,12,Stockholm,Vegan,288.0,30.0,On time,Returning
111916,2026-08-02,17,Malmö,Kebab,342.0,41.0,On time,Returning
109745,2026-07-05,11,Göteborg,Kebab,321.0,45.0,On time,New
110753,2026-07-18,13,Stockholm,Thai,277.0,27.0,On time,Returning
110594,2026-07-16,21,Stockholm,Salad,314.0,19.0,On time,Returning
102359,2026-03-27,13,Stockholm,Sushi,191.0,31.0,On time,New
104628,2026-04-26,13,Stockholm,Thai,234.0,24.0,On time,New
113146,2026-08-19,19,Göteborg,Thai,258.0,49.0,Late,Returning
107279,2026-06-01,19,Göteborg,Indian,202.0,22.0,On time,New
110741,2026-07-18,19,Stockholm,Salad,321.0,59.0,Late,Returning
102455,2026-03-28,22,Malmö,Indian,284.0,36.0,On time,New
110762,2026-07-18,18,Stockholm,Sushi,250.0,38.0,On time,New
111557,2026-07-28,20,Lund,Burgers,300.0,45.0,On time,New
105273,2026-05-04,19,Uppsala,Thai,334.0,32.0,On time,Returning
112483,2026-08-09,13,Lund,Burgers,282.0,32.0,On time,New
106590,2026-05-22,11,Uppsala,Burgers,238.0,32.0,On time,Returning
108756,2026-06-20,9,Lund,Pizza,214.0,37.0,On time,Returning
112101,2026-08-05,21,Stockholm,Pizza,308.0,42.0,On time,Returning
102869,2026-04-03,18,Göteborg,Pizza,223.0,43.0,On time,New
110387,2026-07-13,14,Stockholm,Burgers,354.0,50.0,Late,New
102522,2026-03-29,19,Stockholm,Sushi,306.0,36.0,On time,Returning
101152,2026-03-10,18,Stockholm,Vegan,264.0,31.0,On time,Returning
112526,2026-08-10,19,Stockholm,Kebab,338.0,43.0,On time,Returning
112400,2026-08-09,15,Göteborg,Indian,191.0,41.0,On time,Returning
106419,2026-05-20,11,Stockholm,Sushi,296.0,36.0,On time,New
108591,2026-06-18,11,Uppsala,Indian,232.0,31.0,On time,Returning
112646,2026-08-12,18,Stockholm,Indian,254.0,30.0,On time,New
111573,2026-07-29,21,Göteborg,Salad,299.0,24.0,On time,New
106718,2026-05-24,16,Stockholm,Sushi,230.0,17.0,On time,Returning
111727,2026-07-31,17,Stockholm,Kebab,220.0,38.0,On time,Returning
105973,2026-05-14,13,Malmö,Sushi,288.0,39.0,On time,Returning
106668,2026-05-23,20,Uppsala,Pizza,265.0,30.0,On time,Returning
112031,2026-08-04,10,Stockholm,Thai,221.0,47.0,Late,Returning
105429,2026-05-07,18,Göteborg,Indian,223.0,41.0,On time,Returning
103879,2026-04-16,13,Stockholm,Sushi,227.0,34.0,On time,New
112586,2026-08-11,12,Stockholm,Kebab,245.0,60.0,Late,Returning
113413,2026-08-22,14,Malmö,Burgers,225.0,31.0,On time,Returning
101114,2026-03-09,13,Uppsala,Burgers,286.0,42.0,On time,Returning
113496,2026-08-23,13,Malmö,Sushi,195.0,37.0,On time,Returning
109752,2026-07-05,14,Göteborg,Thai,289.0,34.0,On time,New
102220,2026-03-25,17,Stockholm,Sushi,236.0,52.0,Late,Returning
107231,2026-05-31,16,Stockholm,Kebab,260.0,31.0,On time,New
112095,2026-08-05,22,Göteborg,Kebab,260.0,35.0,On time,Returning
108461,2026-06-16,13,Malmö,Burgers,200.0,51.0,Late,Returning
106279,2026-05-18,12,Stockholm,Sushi,216.0,50.0,Late,Returning
111728,2026-07-31,10,Stockholm,Pizza,324.0,39.0,On time,New
102970,2026-04-04,18,Stockholm,Thai,297.0,44.0,On time,New
101902,2026-03-21,21,Stockholm,Burgers,226.0,42.0,On time,New
101260,2026-03-12,21,Göteborg,Salad,273.0,39.0,On time,Returning
106339,2026-05-19,22,Stockholm,Thai,283.0,38.0,On time,Returning
108180,2026-06-13,17,Stockholm,Kebab,307.0,22.0,On time,New
106858,2026-05-26,17,Stockholm,Pizza,135.0,26.0,On time,Returning
109511,2026-07-01,13,Malmö,Salad,358.0,31.0,On time,New
108557,2026-06-18,18,Göteborg,Indian,320.0,45.0,On time,Returning
103785,2026-04-14,18,Uppsala,Pizza,267.0,34.0,On time,Returning
106781,2026-05-25,14,Stockholm,Thai,128.0,20.0,On time,New
104518,2026-04-25,11,Göteborg,Kebab,359.0,32.0,On time,Returning
111644,2026-07-30,10,Stockholm,Sushi,323.0,37.0,On time,Returning
101397,2026-03-14,18,Göteborg,Kebab,238.0,33.0,On time,Returning
104715,2026-04-27,18,Malmö,Kebab,304.0,22.0,On time,Returning
104513,2026-04-24,12,Lund,Kebab,263.0,46.0,Late,New
102994,2026-04-04,13,Malmö,Kebab,319.0,39.0,On time,New
101388,2026-03-14,12,Göteborg,Pizza,271.0,50.0,Late,New
107275,2026-06-01,18,Göteborg,Salad,279.0,31.0,On time,Returning
106060,2026-05-16,14,Göteborg,Kebab,216.0,47.0,Late,Returning
107942,2026-06-10,23,Göteborg,Kebab,257.0,39.0,On time,New
102471,2026-03-28,15,Uppsala,Burgers,245.0,44.0,On time,Returning
106034,2026-05-15,12,Malmö,Sushi,267.0,35.0,On time,Returning
103403,2026-04-09,12,Lund,Thai,321.0,33.0,On time,Returning
106539,2026-05-22,10,Göteborg,Thai,339.0,32.0,On time,Returning
102813,2026-04-02,21,Göteborg,Burgers,286.0,43.0,On time,Returning
109381,2026-06-29,10,Malmö,Pizza,258.0,42.0,On time,Returning
111066,2026-07-22,19,Stockholm,Burgers,270.0,35.0,On time,Returning
109555,2026-07-02,19,Stockholm,Burgers,286.0,36.0,On time,Returning
113084,2026-08-18,11,Stockholm,Thai,259.0,23.0,On time,Returning
110209,2026-07-11,13,Stockholm,Burgers,356.0,47.0,Late,Returning
108166,2026-06-13,11,Stockholm,Vegan,357.0,24.0,On time,Returning
110696,2026-07-17,10,Uppsala,Kebab,320.0,37.0,Unknown,New
105433,2026-05-07,16,Stockholm,Thai,317.0,52.0,Late,New
106621,2026-05-23,17,Stockholm,Burgers,255.0,38.0,On time,New
104842,2026-04-29,21,Malmö,Pizza,291.0,44.0,On time,Returning
106308,2026-05-18,17,Lund,Kebab,208.0,33.0,On time,Returning
108721,2026-06-20,17,Stockholm,Sushi,252.0,35.0,On time,Returning
100157,2026-02-25,23,Göteborg,Burgers,369.0,44.0,On time,Returning
112796,2026-08-14,19,Stockholm,Thai,249.0,43.0,On time,New
104977,2026-05-01,19,Stockholm,Indian,266.0,34.0,On time,New
109199,2026-06-27,17,Stockholm,Pizza,326.0,33.0,On time,Returning
110048,2026-07-09,18,Göteborg,Kebab,288.0,56.0,Late,Returning
103365,2026-04-09,12,Stockholm,Kebab,233.0,41.0,On time,Returning
105378,2026-05-06,19,Stockholm,Sushi,306.0,29.0,On time,Returning
103297,2026-04-08,18,Stockholm,Pizza,318.0,25.0,On time,New
105568,2026-05-09,20,Göteborg,Burgers,116.0,33.0,On time,Returning
102544,2026-03-29,11,Malmö,Pizza,243.0,41.0,On time,New
105473,2026-05-07,9,Uppsala,Kebab,265.0,47.0,Late,Returning
110522,2026-07-15,17,Stockholm,Vegan,219.0,37.0,On time,New
111794,2026-08-01,19,Göteborg,Salad,191.0,31.0,On time,Returning
106837,2026-05-26,18,Göteborg,Burgers,268.0,32.0,On time,New
112991,2026-08-16,13,Lund,Pizza,301.0,43.0,On time,New
110539,2026-07-15,19,Stockholm,Indian,108.0,28.0,On time,Returning
110992,2026-07-21,19,Stockholm,Thai,259.0,45.0,On time,New
100843,2026-03-06,14,Stockholm,Pizza,365.0,26.0,On time,Returning
109127,2026-06-26,11,Stockholm,Kebab,311.0,41.0,On time,Returning
108904,2026-06-23,20,Göteborg,Pizza,168.0,26.0,On time,Returning
110183,2026-07-11,16,Göteborg,Thai,248.0,43.0,On time,New
108931,2026-06-23,11,Stockholm,Sushi,278.0,18.0,On time,New
113462,2026-08-23,14,Stockholm,Salad,304.0,43.0,On time,Returning
101826,2026-03-20,16,Göteborg,Thai,186.0,58.0,Late,New
110291,2026-07-12,11,Stockholm,Kebab,89.0,39.0,On time,Returning
109775,2026-07-05,18,Stockholm,Burgers,273.0,30.0,On time,New
111373,2026-07-26,10,Stockholm,Sushi,335.0,34.0,On time,Returning
107436,2026-06-03,17,Stockholm,Thai,281.0,37.0,On time,Returning
112897,2026-08-15,13,Uppsala,Sushi,294.0,48.0,Late,New
109731,2026-07-04,12,Uppsala,Kebab,195.0,35.0,On time,Returning
105729,2026-05-10,17,Lund,Pizza,162.0,20.0,On time,Returning
100934,2026-03-07,11,Malmö,Thai,239.0,32.0,On time,Returning
112410,2026-08-09,11,Göteborg,Sushi,367.0,44.0,On time,New
106761,2026-05-25,20,Göteborg,Pizza,327.0,46.0,Late,Returning
104883,2026-04-30,10,Stockholm,Pizza,182.0,34.0,On time,Returning
102382,2026-03-27,11,Malmö,Pizza,255.0,46.0,Late,Returning
109780,2026-07-05,11,Stockholm,Salad,217.0,29.0,On time,Returning
107667,2026-06-06,21,Stockholm,Indian,166.0,41.0,On time,Returning
101313,2026-03-12,18,Uppsala,Thai,198.0,32.0,On time,Returning
103128,2026-04-06,17,Göteborg,Indian,312.0,54.0,Late,Returning
103159,2026-04-06,20,Stockholm,Kebab,217.0,39.0,On time,Returning
103789,2026-04-14,12,Uppsala,Indian,322.0,22.0,On time,Returning
111554,2026-07-28,18,Uppsala,Sushi,174.0,52.0,Late,Returning
100653,2026-03-03,11,Malmö,Kebab,285.0,44.0,On time,New
103963,2026-04-17,19,Stockholm,Sushi,270.0,25.0,On time,Returning
102900,2026-04-03,11,Stockholm,Thai,236.0,39.0,On time,Returning
112078,2026-08-05,20,Göteborg,Kebab,266.0,23.0,On time,Returning
109948,2026-07-07,11,Uppsala,Kebab,355.0,39.0,On time,Returning
100808,2026-03-06,20,Göteborg,Burgers,316.0,49.0,Late,New
110634,2026-07-16,14,Uppsala,Burgers,278.0,58.0,Late,Returning
100658,2026-03-03,18,Malmö,Indian,249.0,45.0,On time,Returning
105994,2026-05-15,15,Göteborg,Pizza,185.0,39.0,On time,New
100825,2026-03-06,16,Stockholm,Sushi,167.0,47.0,Late,Returning
109753,2026-07-05,16,Stockholm,Indian,301.0,46.0,Late,New
104164,2026-04-19,11,Lund,Vegan,283.0,23.0,On time,New
105001,2026-05-01,12,Uppsala,Pizza,286.0,35.0,On time,Returning
110807,2026-07-19,10,Göteborg,Sushi,157.0,45.0,On time,Returning
108576,2026-06-18,19,Stockholm,Thai,221.0,38.0,On time,Returning
112125,2026-08-05,18,Malmö,Sushi,241.0,48.0,Late,New
108709,2026-06-20,12,Stockholm,Vegan,193.0,42.0,On time,Returning
104821,2026-04-29,12,Unknown,Pizza,233.0,39.0,On time,Returning
101822,2026-03-20,20,Unknown,Vegan,264.0,43.0,On time,Returning
106032,2026-05-15,14,Malmö,Salad,284.0,49.0,Late,Returning
106957,2026-05-27,15,Malmö,Thai,239.0,33.0,On time,Returning
106101,2026-05-16,21,Stockholm,Thai,352.0,17.0,On time,Returning
100917,2026-03-07,10,Stockholm,Salad,178.0,33.0,On time,New
100544,2026-03-02,12,Göteborg,Thai,262.0,48.0,Late,Returning
108566,2026-06-18,18,Stockholm,Pizza,198.0,24.0,On time,Returning
100468,2026-03-01,22,Göteborg,Pizza,89.0,47.0,Late,New
110988,2026-07-21,19,Stockholm,Indian,213.0,42.0,On time,Returning
103171,2026-04-06,14,Uppsala,Kebab,228.0,39.0,On time,Returning
108101,2026-06-12,19,Stockholm,Pizza,259.0,29.0,On time,Returning
104496,2026-04-24,17,Malmö,Pizza,299.0,49.0,Late,Returning
102272,2026-03-26,11,Stockholm,Pizza,219.0,40.0,On time,Returning
105189,2026-05-03,18,Uppsala,Pizza,268.0,35.0,On time,New
107083,2026-05-29,12,Uppsala,Burgers,172.0,37.0,On time,Returning
111638,2026-07-30,13,Göteborg,Salad,310.0,32.0,On time,New
102582,2026-03-30,9,Göteborg,Kebab,127.0,45.0,On time,Returning
107591,2026-06-05,18,Stockholm,Sushi,254.0,36.0,On time,Returning
100570,2026-03-02,17,Stockholm,Indian,251.0,36.0,On time,Returning
103260,2026-04-08,22,Göteborg,Pizza,350.0,22.0,On time,Returning
112348,2026-08-08,20,Stockholm,Vegan,215.0,52.0,Late,Returning
100079,2026-02-24,12,Göteborg,Pizza,255.0,30.0,On time,Returning
101878,2026-03-21,13,Göteborg,Pizza,241.0,54.0,Late,Returning
110665,2026-07-17,18,Stockholm,Thai,225.0,33.0,On time,Returning
109247,2026-06-27,14,Lund,Vegan,258.0,39.0,On time,Returning
103341,2026-04-09,19,Göteborg,Indian,248.0,51.0,Late,New
103183,2026-04-07,11,Göteborg,Pizza,262.0,20.0,On time,Returning
109976,2026-07-08,13,Stockholm,Vegan,234.0,250.0,Unknown,New
113367,2026-08-22,12,Stockholm,Burgers,219.0,39.0,On time,Returning
112888,2026-08-15,16,Malmö,Thai,284.0,15.0,On time,Returning
110612,2026-07-16,23,Stockholm,Pizza,239.0,31.0,On time,Returning
112718,2026-08-13,20,Stockholm,Sushi,351.0,41.0,On time,Returning
112574,2026-08-11,13,Göteborg,Burgers,185.0,48.0,Late,Returning
111929,2026-08-02,16,Uppsala,Thai,215.0,35.0,On time,Returning
103186,2026-04-07,18,Göteborg,Pizza,400.0,53.0,Late,New
107059,2026-05-29,12,Stockholm,Kebab,152.0,34.0,On time,New
113237,2026-08-20,14,Stockholm,Salad,255.0,25.0,On time,Returning
103579,2026-04-12,17,Stockholm,Burgers,331.0,35.0,On time,Returning
105215,2026-05-04,9,Göteborg,Indian,217.0,41.0,On time,New
107020,2026-05-28,20,Uppsala,Indian,309.0,37.0,Unknown,Returning
102622,2026-03-30,16,Malmö,Salad,247.0,42.0,On time,Returning
103041,2026-04-05,18,Stockholm,Sushi,293.0,46.0,Late,New
107206,2026-05-31,20,Stockholm,Pizza,210.0,46.0,Late,Returning
101051,2026-03-09,19,Göteborg,Pizza,245.0,50.0,Late,New
113263,2026-08-20,12,Malmö,Kebab,202.0,28.0,On time,New
110842,2026-07-19,13,Stockholm,Thai,231.0,34.0,On time,Returning
100247,2026-02-26,17,Stockholm,Indian,145.0,44.0,On time,Returning
111863,2026-08-02,12,Göteborg,Burgers,279.0,35.0,On time,Returning
111368,2026-07-26,14,Stockholm,Vegan,256.0,45.0,On time,New
104822,2026-04-29,13,Stockholm,Sushi,199.0,44.0,On time,New
110967,2026-07-21,23,Göteborg,Kebab,308.0,45.0,On time,New
102508,2026-03-29,14,Stockholm,Salad,313.0,29.0,On time,New
106162,2026-05-17,11,Stockholm,Pizza,194.0,41.0,On time,Returning
101994,2026-03-22,13,Stockholm,Sushi,317.0,49.0,Late,Returning
103892,2026-04-16,12,Stockholm,Indian,230.0,38.0,On time,Returning
107536,2026-06-04,19,Uppsala,Thai,187.0,39.0,On time,New
104958,2026-05-01,12,Stockholm,Kebab,225.0,41.0,On time,Returning
108518,2026-06-17,19,Stockholm,Vegan,226.0,29.0,On time,New
101460,2026-03-14,22,Lund,Pizza,222.0,43.0,On time,New
107924,2026-06-09,14,Uppsala,Indian,176.0,30.0,On time,Returning
110954,2026-07-20,14,Lund,Salad,275.0,43.0,On time,Returning
104311,2026-04-22,17,Göteborg,Sushi,359.0,47.0,Late,Returning
103292,2026-04-08,16,Stockholm,Burgers,290.0,37.0,On time,Returning
101565,2026-03-16,15,Göteborg,Pizza,282.0,36.0,On time,Returning
106670,2026-05-23,18,Uppsala,Sushi,237.0,40.0,On time,Returning
112449,2026-08-09,20,Stockholm,Kebab,171.0,48.0,Late,Returning
106113,2026-05-16,19,Malmö,Kebab,180.0,21.0,On time,Returning
102325,2026-03-27,13,Göteborg,Vegan,194.0,31.0,On time,Returning
113448,2026-08-23,14,Göteborg,Thai,288.0,39.0,On time,Returning
113007,2026-08-17,19,Göteborg,Thai,201.0,46.0,Late,New
113075,2026-08-18,12,Göteborg,Indian,146.0,47.0,Late,Returning
101613,2026-03-16,19,Lund,Burgers,299.0,41.0,On time,New
103308,2026-04-08,22,Malmö,Indian,303.0,45.0,On time,New
107608,2026-06-05,16,Uppsala,Vegan,292.0,27.0,On time,Returning
111162,2026-07-23,18,Lund,Pizza,323.0,44.0,On time,Returning
106413,2026-05-20,15,Stockholm,Burgers,256.0,36.0,On time,Returning
104906,2026-04-30,17,Stockholm,Burgers,131.0,37.0,On time,Returning
103006,2026-04-04,18,Uppsala,Indian,176.0,48.0,Late,New
105449,2026-05-07,11,Stockholm,Pizza,304.0,44.0,On time,Returning
112428,2026-08-09,12,Stockholm,Thai,240.0,43.0,On time,Returning
107365,2026-06-02,13,Stockholm,Thai,284.0,22.0,On time,Returning
106132,2026-05-16,19,Lund,Burgers,150.0,36.0,On time,New
101457,2026-03-14,11,Lund,Indian,233.0,42.0,On time,Returning
100899,2026-03-07,20,Stockholm,Sushi,368.0,48.0,Late,Returning
111680,2026-07-30,20,Malmö,Burgers,288.0,30.0,On time,Returning
104824,2026-04-29,9,Stockholm,Sushi,278.0,50.0,Late,Returning
103732,2026-04-14,17,Göteborg,Vegan,360.0,31.0,On time,Returning
101649,2026-03-17,19,Stockholm,Salad,211.0,35.0,On time,New
113156,2026-08-19,11,Stockholm,Burgers,222.0,34.0,On time,Returning
103660,2026-04-13,11,Göteborg,Thai,258.0,22.0,On time,Returning
102827,2026-04-02,11,Stockholm,Pizza,244.0,38.0,On time,Returning
108952,2026-06-23,18,Uppsala,Kebab,268.0,31.0,On time,Returning
109369,2026-06-29,11,Stockholm,Sushi,215.0,35.0,On time,Returning
112940,2026-08-16,19,Stockholm,Kebab,260.0,36.0,On time,Returning
108623,2026-06-19,12,Göteborg,Pizza,292.0,43.0,On time,Returning
107257,2026-05-31,11,Uppsala,Burgers,125.0,37.0,Unknown,Returning
109815,2026-07-05,12,Uppsala,Sushi,250.0,51.0,Late,Returning
100449,2026-03-01,12,Göteborg,Pizza,94.0,44.0,On time,Returning
106206,2026-05-17,22,Malmö,Indian,252.0,42.0,On time,Returning
112538,2026-08-10,21,Malmö,Burgers,167.0,45.0,On time,New
103011,2026-04-04,11,Lund,Pizza,235.0,42.0,On time,Returning
106998,2026-05-28,13,Stockholm,Thai,313.0,38.0,On time,Returning
109242,2026-06-27,12,Uppsala,Sushi,213.0,36.0,On time,Returning
113444,2026-08-23,10,Göteborg,Sushi,204.0,39.0,On time,Returning
110724,2026-07-18,12,Göteborg,Pizza,217.0,33.0,On time,New
106058,2026-05-16,15,Göteborg,Sushi,230.0,44.0,On time,New
107266,2026-05-31,22,Lund,Burgers,133.0,45.0,On time,New
103742,2026-04-14,19,Stockholm,Pizza,331.0,40.0,On time,Returning
110166,2026-07-10,18,Lund,Sushi,225.0,31.0,On time,Returning
112776,2026-08-14,20,Göteborg,Sushi,179.0,46.0,Late,Returning
111599,2026-07-29,22,Malmö,Salad,252.0,38.0,On time,New
110139,2026-07-10,19,Stockholm,Burgers,179.0,28.0,On time,Returning
113453,2026-08-23,19,Göteborg,Pizza,243.0,15.0,On time,Returning
102067,2026-03-23,19,Stockholm,Pizza,181.0,36.0,On time,New
103166,2026-04-06,15,Malmö,Burgers,200.0,27.0,On time,New
103296,2026-04-08,9,Stockholm,Pizza,203.0,34.0,On time,Returning
113049,2026-08-17,19,Malmö,Vegan,247.0,30.0,On time,Returning
111584,2026-07-29,11,Stockholm,Sushi,352.0,31.0,On time,New
112271,2026-08-07,11,Malmö,Kebab,196.0,33.0,On time,Returning
112427,2026-08-09,18,Stockholm,Thai,197.0,38.0,On time,Returning
105163,2026-05-03,16,Malmö,Indian,260.0,50.0,Late,New
102924,2026-04-03,15,Uppsala,Burgers,241.0,36.0,On time,Returning
110489,2026-07-14,21,Lund,Indian,289.0,33.0,On time,Returning
107359,2026-06-02,14,Stockholm,Burgers,255.0,19.0,On time,New
112240,2026-08-07,13,Stockholm,Burgers,318.0,21.0,On time,Returning
100034,2026-02-23,10,Stockholm,Pizza,168.0,26.0,On time,Returning
108769,2026-06-21,19,Göteborg,Kebab,279.0,46.0,Late,Returning
105518,2026-05-08,20,Malmö,Pizza,161.0,35.0,On time,New
109443,2026-06-30,14,Malmö,Burgers,197.0,33.0,On time,Returning
101334,2026-03-13,17,Göteborg,Kebab,266.0,31.0,On time,New
110264,2026-07-12,17,Göteborg,Thai,278.0,31.0,On time,Returning
106323,2026-05-19,11,Stockholm,Pizza,291.0,27.0,On time,Returning
100292,2026-02-27,15,Göteborg,Pizza,328.0,48.0,Late,New
108006,2026-06-11,17,Göteborg,Pizza,201.0,40.0,On time,Returning
103111,2026-04-05,10,Lund,Burgers,273.0,33.0,On time,New
102171,2026-03-24,12,Malmö,Burgers,236.0,36.0,On time,Returning
100283,2026-02-26,21,Lund,Vegan,243.0,40.0,On time,Returning
104992,2026-05-01,16,Malmö,Salad,234.0,26.0,On time,Returning
105653,2026-05-10,13,Göteborg,Pizza,289.0,31.0,On time,Returning
102531,2026-03-29,17,Stockholm,Indian,252.0,45.0,On time,Returning
108452,2026-06-16,11,Stockholm,Pizza,373.0,47.0,Late,New
113198,2026-08-19,20,Uppsala,Vegan,313.0,27.0,On time,New
100223,2026-02-26,11,Göteborg,Indian,216.0,45.0,On time,Returning
107833,2026-06-08,11,Stockholm,Pizza,245.0,34.0,On time,Returning
107600,2026-06-05,23,Malmö,Thai,232.0,41.0,On time,Returning
105538,2026-05-08,18,Uppsala,Pizza,309.0,51.0,Late,New
108993,2026-06-24,14,Stockholm,Kebab,262.0,37.0,Unknown,Returning
110067,2026-07-09,13,Stockholm,Thai,306.0,48.0,Late,New
111341,2026-07-26,12,Göteborg,Kebab,285.0,43.0,On time,Returning
102657,2026-03-31,20,Göteborg,Burgers,226.0,43.0,On time,Returning
107784,2026-06-07,12,Malmö,Pizza,187.0,37.0,On time,New
100171,2026-02-25,10,Stockholm,Vegan,177.0,37.0,Unknown,Returning
109458,2026-06-30,17,Lund,Kebab,250.0,52.0,Late,New
112701,2026-08-13,16,Göteborg,Pizza,216.0,37.0,On time,New
104514,2026-04-24,13,Lund,Pizza,285.0,44.0,On time,Returning
110555,2026-07-15,18,Uppsala,Burgers,191.0,43.0,On time,New
105612,2026-05-09,18,Stockholm,Salad,359.0,41.0,On time,New
109341,2026-06-29,12,Göteborg,Indian,142.0,41.0,On time,New
110220,2026-07-11,17,Stockholm,Indian,196.0,22.0,On time,Returning
111068,2026-07-22,21,Stockholm,Indian,240.0,35.0,On time,New
100038,2026-02-23,21,Stockholm,Sushi,222.0,36.0,On time,Returning
108319,2026-06-15,19,Göteborg,Burgers,178.0,30.0,On time,Returning
105851,2026-05-12,19,Lund,Pizza,182.0,29.0,On time,New
100795,2026-03-05,12,Uppsala,Kebab,244.0,36.0,On time,New
109585,2026-07-02,18,Malmö,Indian,288.0,39.0,On time,Returning
112420,2026-08-09,21,Stockholm,Pizza,227.0,34.0,On time,Returning
112300,2026-08-08,19,Göteborg,Pizza,273.0,35.0,On time,Returning
105323,2026-05-05,11,Stockholm,Thai,294.0,56.0,Late,Returning
110404,2026-07-13,19,Malmö,Sushi,338.0,32.0,On time,Returning
100961,2026-03-07,20,Lund,Kebab,230.0,30.0,On time,Returning
102206,2026-03-25,12,Göteborg,Burgers,222.0,40.0,On time,New
101312,2026-03-12,11,Uppsala,Pizza,220.0,26.0,On time,Returning
106897,2026-05-26,18,Lund,Vegan,270.0,31.0,On time,Returning
100701,2026-03-04,10,Stockholm,Kebab,278.0,45.0,On time,Returning
107034,2026-05-29,12,Göteborg,Indian,288.0,61.0,Late,New
106151,2026-05-17,21,Göteborg,Burgers,287.0,35.0,On time,New
104077,2026-04-19,10,Göteborg,Thai,136.0,46.0,Late,New
109160,2026-06-27,11,Göteborg,Burgers,297.0,17.0,On time,New
113409,2026-08-22,12,Malmö,Burgers,314.0,36.0,On time,New
104607,2026-04-26,20,Göteborg,Salad,301.0,56.0,Late,Returning
111886,2026-08-02,16,Stockholm,Burgers,226.0,48.0,Late,Returning
112901,2026-08-15,18,Lund,Vegan,291.0,54.0,Late,New
105421,2026-05-07,12,Göteborg,Indian,264.0,29.0,On time,Returning
100374,2026-02-28,17,Göteborg,Burgers,185.0,26.0,On time,Returning
108126,2026-06-12,12,Malmö,Pizza,151.0,29.0,On time,Returning
101225,2026-03-11,19,Malmö,Sushi,300.0,43.0,On time,Returning
106975,2026-05-27,19,Lund,Burgers,224.0,42.0,On time,New
106021,2026-05-15,19,Stockholm,Thai,288.0,33.0,On time,New
107177,2026-05-30,18,Lund,Kebab,278.0,28.0,On time,Returning
105673,2026-05-10,20,Stockholm,Burgers,229.0,30.0,On time,Returning
105806,2026-05-12,10,Göteborg,Kebab,217.0,44.0,On time,Returning
104849,2026-04-29,19,Uppsala,Burgers,293.0,48.0,Late,New
107341,2026-06-02,12,Göteborg,Thai,343.0,41.0,On time,New
104755,2026-04-28,14,Stockholm,Thai,244.0,42.0,On time,Returning
104852,2026-04-29,10,Uppsala,Pizza,295.0,43.0,On time,New
105120,2026-05-03,22,Stockholm,Sushi,175.0,43.0,On time,New
113058,2026-08-17,12,Lund,Burgers,269.0,49.0,Late,New
112662,2026-08-12,20,Stockholm,Pizza,235.0,31.0,On time,New
107612,2026-06-05,11,Uppsala,Sushi,156.0,37.0,On time,Returning
103115,2026-04-05,18,Lund,Thai,277.0,39.0,On time,New
101836,2026-03-20,22,Stockholm,Burgers,303.0,46.0,Late,New
112515,2026-08-10,12,Stockholm,Pizza,245.0,31.0,On time,Returning
112928,2026-08-16,13,Göteborg,Vegan,281.0,43.0,On time,Returning
100875,2026-03-06,12,Lund,Sushi,214.0,49.0,Late,New
110643,2026-07-17,15,Göteborg,Burgers,259.0,37.0,On time,Returning
111788,2026-08-01,12,Göteborg,Kebab,206.0,33.0,On time,New
100470,2026-03-01,13,Göteborg,Pizza,323.0,41.0,On time,Returning
106017,2026-05-15,21,Stockholm,Pizza,197.0,29.0,On time,Returning
112162,2026-08-06,20,Göteborg,Kebab,281.0,33.0,On time,New
108742,2026-06-20,13,Malmö,Sushi,192.0,25.0,On time,Returning
107439,2026-06-03,10,Stockholm,Vegan,292.0,33.0,On time,Returning
103003,2026-04-04,13,Uppsala,Kebab,246.0,40.0,On time,New
105794,2026-05-11,12,Uppsala,Pizza,268.0,31.0,On time,Returning
102892,2026-04-03,21,Stockholm,Indian,258.0,23.0,On time,Returning
107558,2026-06-05,15,Göteborg,Vegan,340.0,32.0,On time,Returning
105191,2026-05-03,16,Uppsala,Sushi,167.0,42.0,On time,Returning
104205,2026-04-20,13,Stockholm,Burgers,116.0,36.0,On time,Returning
106045,2026-05-15,12,Uppsala,Pizza,255.0,38.0,On time,Returning
102875,2026-04-03,19,Göteborg,Thai,254.0,48.0,Late,Returning
104251,2026-04-21,11,Göteborg,Indian,247.0,38.0,On time,Returning
113368,2026-08-22,10,Stockholm,Indian,274.0,48.0,Late,Returning
109155,2026-06-26,12,Lund,Burgers,184.0,38.0,On time,Returning
109846,2026-07-06,10,Stockholm,Pizza,272.0,29.0,On time,Returning
106722,2026-05-24,14,Stockholm,Pizza,170.0,47.0,Late,New
103450,2026-04-10,9,Malmö,Burgers,149.0,30.0,On time,Returning
100458,2026-03-01,12,Göteborg,Indian,295.0,17.0,On time,Returning
102979,2026-04-04,16,Stockholm,Burgers,319.0,38.0,On time,Returning
108183,2026-06-13,20,Stockholm,Thai,306.0,26.0,On time,Returning
110113,2026-07-10,18,Göteborg,Pizza,244.0,45.0,On time,New
109411,2026-06-30,18,Göteborg,Salad,248.0,34.0,On time,Returning
101211,2026-03-11,19,Stockholm,Salad,334.0,44.0,On time,Returning
104748,2026-04-28,18,Stockholm,Burgers,217.0,35.0,On time,Returning
105837,2026-05-12,21,Malmö,Thai,303.0,23.0,On time,Returning
107010,2026-05-28,19,Malmö,Pizza,258.0,17.0,On time,Returning
106833,2026-05-26,17,Göteborg,Vegan,279.0,39.0,On time,New
107979,2026-06-10,14,Malmö,Salad,264.0,40.0,On time,New
102676,2026-03-31,11,Stockholm,Burgers,285.0,37.0,On time,Returning
112507,2026-08-10,11,Stockholm,Indian,273.0,25.0,On time,Returning
100965,2026-03-08,11,Göteborg,Vegan,275.0,47.0,Late,Returning
108184,2026-06-13,20,Stockholm,Pizza,344.0,34.0,On time,Returning
108228,2026-06-13,18,Lund,Pizza,314.0,47.0,Late,Returning
103160,2026-04-06,18,Malmö,Sushi,234.0,50.0,Late,New
112605,2026-08-11,23,Malmö,Kebab,280.0,37.0,On time,Returning
113043,2026-08-17,20,Malmö,Vegan,242.0,51.0,Late,New
101431,2026-03-14,12,Malmö,Pizza,312.0,42.0,On time,New
113335,2026-08-21,13,Uppsala,Pizza,203.0,37.0,On time,New
112366,2026-08-08,21,Stockholm,Indian,203.0,19.0,On time,Returning
108916,2026-06-23,20,Stockholm,Burgers,260.0,43.0,On time,Returning
101096,2026-03-09,19,Stockholm,Kebab,216.0,43.0,On time,New
101406,2026-03-14,11,Stockholm,Burgers,281.0,36.0,On time,Returning
102011,2026-03-22,12,Unknown,Thai,332.0,46.0,Late,New
104100,2026-04-19,20,Göteborg,Pizza,305.0,41.0,On time,Returning
107185,2026-05-31,11,Göteborg,Sushi,223.0,45.0,On time,New
103107,2026-04-05,14,Uppsala,Burgers,230.0,37.0,Unknown,Returning
112151,2026-08-06,10,Göteborg,Vegan,231.0,37.0,On time,Returning
110322,2026-07-12,20,Malmö,Kebab,315.0,30.0,On time,New
105628,2026-05-09,18,Uppsala,Kebab,295.0,51.0,Late,New
112975,2026-08-16,18,Malmö,Indian,315.0,38.0,On time,Returning
112324,2026-08-08,12,Stockholm,Sushi,305.0,31.0,On time,Returning
103452,2026-04-10,14,Malmö,Kebab,246.0,35.0,On time,New
111366,2026-07-26,18,Stockholm,Pizza,183.0,40.0,On time,New
101963,2026-03-22,11,Göteborg,Thai,219.0,51.0,Late,New
107336,2026-06-02,12,Göteborg,Sushi,168.0,37.0,Unknown,Returning
108737,2026-06-20,20,Malmö,Sushi,121.0,30.0,On time,New
108820,2026-06-21,11,Malmö,Kebab,190.0,40.0,On time,Returning
112805,2026-08-14,11,Malmö,Sushi,298.0,20.0,On time,Returning
106526,2026-05-22,14,Göteborg,Sushi,205.0,28.0,On time,New
111177,2026-07-24,17,Göteborg,Indian,272.0,34.0,On time,New
102677,2026-03-31,17,Stockholm,Salad,201.0,32.0,On time,Returning
108240,2026-06-14,10,Göteborg,Pizza,276.0,50.0,Late,Returning
107940,2026-06-10,18,Göteborg,Salad,147.0,39.0,On time,Returning
103005,2026-04-04,19,Uppsala,Thai,247.0,37.0,On time,Returning
104482,2026-04-24,18,Stockholm,Pizza,288.0,42.0,On time,New
105655,2026-05-10,13,Göteborg,Thai,311.0,33.0,On time,Returning
103032,2026-04-05,12,Göteborg,Burgers,283.0,21.0,On time,Returning
110369,2026-07-13,19,Stockholm,Pizza,292.0,46.0,Late,New
104504,2026-04-24,12,Uppsala,Salad,363.0,33.0,On time,Returning
112444,2026-08-09,11,Stockholm,Burgers,263.0,25.0,On time,Returning
101715,2026-03-18,13,Stockholm,Pizza,229.0,43.0,On time,Returning
101630,2026-03-17,17,Göteborg,Indian,214.0,67.0,Late,Returning
109437,2026-06-30,20,Malmö,Burgers,329.0,29.0,On time,Returning
105768,2026-05-11,11,Stockholm,Kebab,233.0,41.0,On time,New
106170,2026-05-17,13,Stockholm,Pizza,265.0,35.0,On time,New
112189,2026-08-06,13,Stockholm,Burgers,228.0,34.0,On time,Returning
112293,2026-08-07,13,Lund,Kebab,223.0,45.0,On time,New
105547,2026-05-08,13,Lund,Burgers,223.0,40.0,On time,Returning
110225,2026-07-11,12,Malmö,Kebab,189.0,42.0,On time,Returning
104782,2026-04-28,13,Malmö,Sushi,345.0,30.0,On time,Returning
105417,2026-05-07,19,Göteborg,Burgers,179.0,48.0,Late,New
113116,2026-08-18,12,Malmö,Indian,274.0,53.0,Late,New
111617,2026-07-29,10,Lund,Pizza,264.0,37.0,On time,New
100900,2026-03-07,11,Stockholm,Sushi,194.0,29.0,On time,Returning
108895,2026-06-22,14,Uppsala,Indian,314.0,38.0,On time,Returning
111511,2026-07-28,18,Göteborg,Burgers,235.0,40.0,On time,Returning
109730,2026-07-04,20,Uppsala,Kebab,338.0,34.0,On time,New
111243,2026-07-25,19,Göteborg,Pizza,286.0,35.0,On time,New
102654,2026-03-31,14,Göteborg,Indian,258.0,39.0,On time,Returning
110598,2026-07-16,19,Stockholm,Pizza,160.0,42.0,On time,Returning
105998,2026-05-15,11,Göteborg,Burgers,311.0,44.0,On time,Returning
110887,2026-07-19,22,Unknown,Salad,293.0,39.0,On time,New
107339,2026-06-02,12,Göteborg,Sushi,263.0,31.0,On time,New
106407,2026-05-20,12,Stockholm,Kebab,237.0,24.0,On time,Returning
105380,2026-05-06,18,Stockholm,Sushi,312.0,44.0,On time,Returning
107306,2026-06-01,12,Stockholm,Burgers,123.0,28.0,On time,Returning
102413,2026-03-28,15,Göteborg,Sushi,283.0,29.0,On time,Returning
100070,2026-02-23,18,Uppsala,Vegan,390.0,31.0,On time,New
100552,2026-03-02,21,Göteborg,Burgers,249.0,33.0,On time,Returning
110201,2026-07-11,12,Stockholm,Vegan,270.0,32.0,On time,Returning
111432,2026-07-27,9,Göteborg,Pizza,262.0,43.0,On time,Returning
102845,2026-04-02,11,Malmö,Burgers,222.0,27.0,On time,Returning
108689,2026-06-20,12,Göteborg,Pizza,309.0,41.0,On time,Returning
104706,2026-04-27,14,Stockholm,Salad,219.0,28.0,On time,New
102669,2026-03-31,19,Stockholm,Sushi,294.0,37.0,Unknown,Returning
111991,2026-08-03,21,Malmö,Salad,321.0,58.0,Late,Returning
105875,2026-05-13,16,Stockholm,Burgers,211.0,32.0,On time,Returning
104656,2026-04-26,19,Uppsala,Sushi,240.0,40.0,On time,Returning
110252,2026-07-12,15,Göteborg,Pizza,270.0,25.0,On time,Returning
108954,2026-06-23,11,Lund,Burgers,238.0,45.0,On time,Returning
106461,2026-05-21,10,Stockholm,Indian,214.0,41.0,On time,Returning
109887,2026-07-07,13,Göteborg,Indian,197.0,27.0,On time,Returning
101539,2026-03-15,17,Uppsala,Pizza,252.0,22.0,On time,Returning
100762,2026-03-05,17,Stockholm,Salad,304.0,30.0,On time,Returning
102091,2026-03-23,12,Malmö,Burgers,199.0,27.0,On time,Returning
101611,2026-03-16,17,Lund,Kebab,308.0,38.0,On time,New
102009,2026-03-22,11,Stockholm,Indian,248.0,27.0,On time,New
112738,2026-08-13,16,Malmö,Kebab,164.0,38.0,On time,New
103267,2026-04-08,19,Göteborg,Pizza,177.0,43.0,On time,New
113016,2026-08-17,11,Stockholm,Pizza,231.0,44.0,On time,New
113269,2026-08-20,10,Uppsala,Thai,186.0,25.0,On time,New
113452,2026-08-23,18,Göteborg,Kebab,259.0,35.0,On time,Returning
108842,2026-06-21,11,Lund,Burgers,193.0,35.0,On time,Returning
106787,2026-05-25,17,Stockholm,Kebab,257.0,31.0,On time,Returning
112149,2026-08-06,17,Göteborg,Thai,223.0,44.0,On time,Returning
108252,2026-06-14,19,Stockholm,Indian,222.0,46.0,Late,Returning
100600,2026-03-02,18,Uppsala,Salad,268.0,44.0,On time,Returning
104070,2026-04-19,14,Göteborg,Kebab,165.0,27.0,On time,Returning
110616,2026-07-16,11,Malmö,Indian,239.0,27.0,On time,Returning
111316,2026-07-25,13,Malmö,Sushi,238.0,46.0,Late,Returning
113231,2026-08-20,13,Stockholm,Indian,334.0,40.0,On time,Returning
102324,2026-03-27,17,Göteborg,Salad,148.0,38.0,On time,Returning
101813,2026-03-19,19,Lund,Indian,233.0,22.0,On time,Returning
103169,2026-04-06,15,Malmö,Kebab,305.0,49.0,Late,Returning
103539,2026-04-11,12,Uppsala,Sushi,273.0,29.0,On time,Returning
107803,2026-06-07,16,Lund,Burgers,167.0,27.0,On time,Returning
107282,2026-06-01,20,Göteborg,Thai,151.0,40.0,On time,New
102486,2026-03-29,16,Göteborg,Sushi,182.0,37.0,On time,Returning
102187,2026-03-24,15,Lund,Burgers,250.0,52.0,Late,New
101122,2026-03-09,15,Lund,Salad,234.0,38.0,On time,New
110180,2026-07-11,15,Göteborg,Burgers,247.0,42.0,On time,Returning
107308,2026-06-01,13,Stockholm,Salad,234.0,41.0,On time,New
110237,2026-07-11,17,Uppsala,Pizza,310.0,49.0,Late,New
103505,2026-04-11,22,Stockholm,Pizza,288.0,34.0,On time,New
101126,2026-03-10,11,Göteborg,Thai,296.0,24.0,On time,Returning
112154,2026-08-06,17,Göteborg,Kebab,304.0,54.0,Late,New
102839,2026-04-02,21,Stockholm,Burgers,186.0,51.0,Late,New
104434,2026-04-23,16,Uppsala,Burgers,318.0,45.0,On time,Returning
108243,2026-06-14,14,Göteborg,Pizza,296.0,44.0,On time,New
102506,2026-03-29,16,Stockholm,Burgers,234.0,35.0,On time,Returning
108159,2026-06-13,19,Göteborg,Sushi,266.0,36.0,On time,Returning
105781,2026-05-11,13,Malmö,Indian,141.0,39.0,On time,Returning
108867,2026-06-22,21,Stockholm,Burgers,253.0,47.0,Late,Returning
107510,2026-06-04,14,Stockholm,Indian,237.0,51.0,Late,New
109337,2026-06-29,20,Göteborg,Thai,207.0,27.0,On time,Returning
110306,2026-07-12,12,Stockholm,Thai,262.0,28.0,On time,New
100311,2026-02-27,18,Stockholm,Pizza,275.0,42.0,On time,Returning
109353,2026-06-29,13,Stockholm,Vegan,323.0,33.0,On time,New
113119,2026-08-18,14,Malmö,Thai,259.0,36.0,On time,Returning
102304,2026-03-26,18,Malmö,Pizza,362.0,46.0,Late,Returning
106896,2026-05-26,13,Lund,Pizza,251.0,46.0,Late,Returning
105063,2026-05-02,17,Malmö,Pizza,176.0,39.0,On time,Returning
105825,2026-05-12,19,Stockholm,Kebab,254.0,38.0,On time,New
105852,2026-05-12,9,Lund,Thai,286.0,32.0,On time,Returning
110574,2026-07-16,19,Göteborg,Pizza,307.0,39.0,On time,New
110053,2026-07-09,19,Stockholm,Sushi,224.0,39.0,On time,New
107922,2026-06-09,21,Uppsala,Kebab,210.0,31.0,On time,Returning
106760,2026-05-25,17,Göteborg,Burgers,218.0,33.0,On time,New
108113,2026-06-12,14,Stockholm,Sushi,286.0,47.0,Late,Returning
110374,2026-07-13,10,Unknown,Indian,306.0,24.0,On time,New
113216,2026-08-20,17,Göteborg,Indian,244.0,35.0,On time,Returning
100476,2026-03-01,19,Stockholm,Sushi,342.0,25.0,On time,New
112005,2026-08-03,10,Lund,Vegan,291.0,52.0,Late,New
102387,2026-03-27,21,Uppsala,Pizza,336.0,50.0,Late,Returning
106592,2026-05-22,11,Uppsala,Indian,144.0,34.0,On time,Returning
102200,2026-03-25,11,Göteborg,Kebab,292.0,45.0,On time,Returning
104453,2026-04-24,21,Göteborg,Thai,217.0,20.0,On time,Returning
101774,2026-03-19,10,Stockholm,Burgers,215.0,30.0,On time,Returning
111706,2026-07-31,20,Göteborg,Burgers,139.0,34.0,On time,New
101594,2026-03-16,11,Malmö,Vegan,182.0,33.0,On time,New
112958,2026-08-16,9,Stockholm,Pizza,254.0,45.0,On time,Returning
111158,2026-07-23,16,Uppsala,Sushi,207.0,28.0,On time,Returning
113376,2026-08-22,22,Stockholm,Pizza,225.0,38.0,On time,New
106000,2026-05-15,18,Göteborg,Pizza,223.0,40.0,On time,Returning
100815,2026-03-06,19,Göteborg,Indian,323.0,37.0,On time,Returning
110620,2026-07-16,16,Malmö,Pizza,228.0,28.0,On time,New
113080,2026-08-18,18,Göteborg,Burgers,244.0,38.0,On time,New
111869,2026-08-02,23,Göteborg,Burgers,267.0,29.0,On time,Returning
109632,2026-07-03,19,Stockholm,Pizza,310.0,37.0,On time,New
104805,2026-04-29,15,Göteborg,Kebab,271.0,31.0,On time,New
112146,2026-08-06,13,Göteborg,Burgers,275.0,43.0,On time,New
101157,2026-03-10,14,Stockholm,Vegan,161.0,41.0,On time,Returning
113423,2026-08-22,12,Uppsala,Kebab,141.0,33.0,On time,Returning
109955,2026-07-07,17,Lund,Pizza,272.0,33.0,On time,New
103023,2026-04-05,11,Göteborg,Pizza,293.0,31.0,On time,New
112064,2026-08-04,11,Uppsala,Vegan,290.0,29.0,On time,Returning
105095,2026-05-03,14,Göteborg,Salad,286.0,36.0,On time,Returning
110903,2026-07-20,11,Stockholm,Kebab,340.0,15.0,On time,New
106944,2026-05-27,20,Stockholm,Vegan,323.0,35.0,On time,Returning
110680,2026-07-17,20,Stockholm,Pizza,336.0,46.0,Late,Returning
103937,2026-04-17,21,Unknown,Pizza,264.0,44.0,On time,New
104395,2026-04-23,16,Unknown,Kebab,182.0,39.0,On time,Returning
112103,2026-08-05,15,Stockholm,Salad,278.0,25.0,On time,Returning
103675,2026-04-13,17,Stockholm,Kebab,204.0,49.0,Late,Returning
108143,2026-06-13,10,Göteborg,Burgers,218.0,47.0,Late,Returning
112306,2026-08-08,13,Göteborg,Indian,196.0,28.0,On time,Returning
106422,2026-05-20,10,Malmö,Kebab,267.0,52.0,Late,Returning
112188,2026-08-06,13,Stockholm,Sushi,210.0,31.0,On time,New
101977,2026-03-22,15,Göteborg,Thai,271.0,38.0,On time,New
113461,2026-08-23,10,Stockholm,Pizza,192.0,51.0,Late,New
110105,2026-07-10,18,Göteborg,Pizza,341.0,46.0,Late,New
101055,2026-03-09,11,Göteborg,Pizza,249.0,48.0,Late,Returning
104485,2026-04-24,12,Stockholm,Indian,279.0,27.0,On time,New
105537,2026-05-08,17,Uppsala,Sushi,349.0,18.0,On time,Returning
105609,2026-05-09,12,Stockholm,Burgers,231.0,39.0,On time,New
103839,2026-04-15,11,Malmö,Sushi,198.0,37.0,Unknown,Returning
106634,2026-05-23,19,Stockholm,Sushi,340.0,41.0,On time,New
106085,2026-05-16,20,Stockholm,Vegan,246.0,44.0,On time,Returning
103355,2026-04-09,12,Stockholm,Sushi,302.0,33.0,On time,New
108033,2026-06-11,11,Stockholm,Vegan,166.0,40.0,On time,Returning
102683,2026-03-31,11,Stockholm,Burgers,225.0,36.0,On time,Returning
104194,2026-04-20,10,Stockholm,Kebab,275.0,52.0,Late,Returning
109675,2026-07-04,19,Göteborg,Burgers,292.0,61.0,Late,Returning
102944,2026-04-04,13,Göteborg,Kebab,223.0,40.0,On time,Returning
107722,2026-06-07,18,Göteborg,Salad,278.0,29.0,On time,Returning
105815,2026-05-12,18,Stockholm,Sushi,277.0,48.0,Late,Returning
102192,2026-03-25,14,Göteborg,Thai,259.0,48.0,Late,Returning
103693,2026-04-13,19,Unknown,Salad,238.0,45.0,On time,Returning
103766,2026-04-14,17,Stockholm,Pizza,175.0,36.0,On time,Returning
113350,2026-08-22,11,Göteborg,Indian,273.0,29.0,On time,Returning
100540,2026-03-02,13,Göteborg,Thai,244.0,57.0,Late,New
103371,2026-04-09,22,Stockholm,Burgers,239.0,54.0,Late,Returning
103077,2026-04-05,18,Malmö,Thai,308.0,44.0,On time,Returning
111443,2026-07-27,11,Göteborg,Indian,208.0,34.0,On time,Returning
110198,2026-07-11,13,Stockholm,Burgers,288.0,48.0,Late,Returning
106479,2026-05-21,12,Stockholm,Pizza,290.0,39.0,On time,New
105088,2026-05-02,21,Lund,Burgers,243.0,45.0,On time,New
103458,2026-04-10,19,Malmö,Indian,266.0,36.0,On time,New
107741,2026-06-07,20,Stockholm,Burgers,252.0,34.0,On time,Returning
100246,2026-02-26,17,Stockholm,Kebab,110.0,40.0,On time,New
109496,2026-07-01,13,Stockholm,Thai,146.0,35.0,On time,New
104569,2026-04-25,19,Malmö,Pizza,347.0,30.0,On time,Returning
112954,2026-08-16,17,Stockholm,Kebab,183.0,44.0,On time,Returning
101795,2026-03-19,12,Malmö,Sushi,187.0,36.0,On time,Returning
108012,2026-06-11,16,Göteborg,Pizza,315.0,37.0,On time,Returning
103689,2026-04-13,16,Stockholm,Kebab,200.0,44.0,On time,Returning
107625,2026-06-06,21,Göteborg,Thai,303.0,41.0,On time,Returning
104749,2026-04-28,13,Unknown,Sushi,223.0,35.0,On time,Returning
110381,2026-07-13,13,Stockholm,Sushi,164.0,49.0,Late,Returning
102410,2026-03-28,20,Göteborg,Pizza,222.0,45.0,On time,New
102144,2026-03-24,17,Stockholm,Kebab,278.0,37.0,On time,Returning
105626,2026-05-09,18,Malmö,Burgers,333.0,26.0,On time,Returning
101616,2026-03-17,11,Göteborg,Sushi,225.0,29.0,On time,Returning
109478,2026-07-01,14,Göteborg,Burgers,203.0,37.0,On time,Returning
100386,2026-02-28,20,Stockholm,Sushi,295.0,29.0,On time,Returning
113241,2026-08-20,11,Stockholm,Salad,272.0,31.0,On time,Returning
102248,2026-03-25,13,Lund,Thai,279.0,29.0,On time,Returning
107717,2026-06-07,19,Göteborg,Burgers,272.0,15.0,On time,New
109266,2026-06-28,19,Göteborg,Indian,260.0,36.0,On time,Returning
110980,2026-07-21,10,Stockholm,Thai,217.0,46.0,Late,Returning
100199,2026-02-25,19,Malmö,Indian,248.0,34.0,On time,Returning
110100,2026-07-09,18,Lund,Thai,221.0,32.0,On time,New
107621,2026-06-06,18,Göteborg,Vegan,245.0,38.0,On time,New
105766,2026-05-11,19,Stockholm,Sushi,359.0,25.0,On time,New
111992,2026-08-03,18,Uppsala,Burgers,215.0,26.0,On time,Returning
103952,2026-04-17,12,Stockholm,Burgers,298.0,43.0,On time,New
100512,2026-03-01,18,Malmö,Burgers,257.0,51.0,Late,Returning
107255,2026-05-31,18,Uppsala,Burgers,221.0,28.0,On time,Returning
110610,2026-07-16,18,Stockholm,Indian,383.0,35.0,On time,Returning
103907,2026-04-16,21,Malmö,Thai,208.0,27.0,On time,Returning
112749,2026-08-13,13,Lund,Kebab,332.0,33.0,On time,Returning
106562,2026-05-22,23,Stockholm,Thai,241.0,40.0,On time,Returning
102550,2026-03-29,20,Malmö,Pizza,250.0,38.0,On time,New
104457,2026-04-24,20,Stockholm,Indian,383.0,16.0,On time,Returning
102516,2026-03-29,10,Stockholm,Pizza,324.0,36.0,On time,New
101887,2026-03-21,13,Göteborg,Burgers,215.0,36.0,On time,New
100452,2026-03-01,21,Göteborg,Thai,182.0,31.0,On time,Returning
109059,2026-06-25,12,Stockholm,Sushi,197.0,31.0,On time,New
111393,2026-07-26,11,Malmö,Vegan,230.0,30.0,On time,Returning
101678,2026-03-17,19,Uppsala,Salad,236.0,32.0,On time,Returning
109426,2026-06-30,15,Stockholm,Thai,223.0,31.0,On time,New
107796,2026-06-07,13,Uppsala,Pizza,199.0,34.0,On time,Returning
102110,2026-03-23,20,Lund,Pizza,198.0,40.0,On time,Returning
109356,2026-06-29,13,Stockholm,Burgers,327.0,37.0,On time,Returning
108099,2026-06-12,13,Stockholm,Indian,179.0,36.0,On time,Returning
101269,2026-03-12,12,Göteborg,Thai,267.0,46.0,Late,Returning
105782,2026-05-11,19,Malmö,Pizza,204.0,35.0,On time,Returning
102353,2026-03-27,19,Stockholm,Sushi,203.0,37.0,Unknown,Returning
111213,2026-07-24,19,Stockholm,Kebab,208.0,45.0,On time,Returning
104454,2026-04-24,20,Göteborg,Pizza,267.0,61.0,Late,New
103695,2026-04-13,20,Stockholm,Salad,243.0,33.0,On time,New
101235,2026-03-11,14,Unknown,Pizza,290.0,31.0,On time,Returning
106254,2026-05-18,13,Göteborg,Indian,302.0,44.0,On time,Returning
105070,2026-05-02,16,Unknown,Burgers,281.0,42.0,On time,Returning
112473,2026-08-09,19,Malmö,Pizza,281.0,45.0,On time,Returning
112122,2026-08-05,12,Stockholm,Thai,214.0,38.0,On time,New
100839,2026-03-06,13,Stockholm,Indian,318.0,34.0,On time,Returning
112894,2026-08-15,17,Uppsala,Burgers,306.0,40.0,On time,Returning
112734,2026-08-13,14,Malmö,Sushi,245.0,39.0,On time,New
108727,2026-06-20,17,Stockholm,Thai,239.0,59.0,Late,Returning
110085,2026-07-09,12,Malmö,Kebab,321.0,35.0,On time,New
112039,2026-08-04,21,Stockholm,Pizza,217.0,43.0,On time,Returning
112054,2026-08-04,11,Malmö,Sushi,302.0,37.0,On time,New
112596,2026-08-11,15,Stockholm,Pizza,211.0,50.0,Late,New
111510,2026-07-28,20,Göteborg,Burgers,316.0,29.0,On time,New
104509,2026-04-24,17,Uppsala,Indian,289.0,33.0,On time,Returning
106658,2026-05-23,13,Malmö,Burgers,314.0,35.0,On time,Returning
101859,2026-03-20,15,Malmö,Pizza,196.0,49.0,Late,New
110444,2026-07-14,20,Stockholm,Kebab,320.0,44.0,On time,New
111850,2026-08-01,17,Lund,Indian,218.0,48.0,Late,Returning
112857,2026-08-15,19,Unknown,Salad,320.0,40.0,On time,New
102962,2026-04-04,12,Stockholm,Sushi,179.0,31.0,On time,New
105477,2026-05-07,13,Lund,Vegan,303.0,44.0,On time,Returning
110452,2026-07-14,13,Stockholm,Pizza,227.0,29.0,On time,Returning
112748,2026-08-13,21,Uppsala,Vegan,212.0,24.0,On time,Returning
103593,2026-04-12,9,Stockholm,Salad,245.0,25.0,On time,Returning
107807,2026-06-08,11,Göteborg,Kebab,197.0,39.0,On time,New
101554,2026-03-16,10,Göteborg,Indian,243.0,39.0,On time,Returning
109188,2026-06-27,19,Stockholm,Salad,300.0,27.0,On time,New
107845,2026-06-08,17,Malmö,Kebab,207.0,41.0,On time,Returning
103801,2026-04-15,20,Göteborg,Pizza,222.0,43.0,On time,Returning
110756,2026-07-18,12,Stockholm,Burgers,232.0,39.0,On time,New
102501,2026-03-29,15,Stockholm,Kebab,315.0,37.0,On time,New
113308,2026-08-21,19,Stockholm,Indian,249.0,42.0,On time,Returning
104681,2026-04-27,20,Göteborg,Indian,217.0,43.0,On time,Returning
104667,2026-04-27,10,Göteborg,Indian,367.0,35.0,On time,Returning
101279,2026-03-12,19,Stockholm,Burgers,282.0,37.0,Unknown,Returning
106694,2026-05-24,13,Unknown,Sushi,242.0,29.0,On time,Returning
107603,2026-06-05,12,Malmö,Pizza,177.0,18.0,On time,New
101534,2026-03-15,18,Malmö,Pizza,215.0,34.0,On time,New
104285,2026-04-21,11,Malmö,Burgers,275.0,47.0,Late,New
109416,2026-06-30,10,Göteborg,Pizza,357.0,35.0,On time,Returning
100893,2026-03-07,17,Göteborg,Burgers,222.0,34.0,On time,Returning
100153,2026-02-25,19,Göteborg,Salad,199.0,32.0,On time,Returning
107219,2026-05-31,11,Stockholm,Sushi,347.0,41.0,On time,New
105753,2026-05-11,12,Stockholm,Burgers,202.0,30.0,On time,New
106648,2026-05-23,11,Malmö,Pizza,263.0,15.0,On time,Returning
102854,2026-04-02,11,Uppsala,Indian,224.0,40.0,On time,Returning
112618,2026-08-11,13,Lund,Salad,353.0,36.0,On time,Returning
101728,2026-03-18,12,Malmö,Vegan,309.0,24.0,On time,Returning
105923,2026-05-14,22,Göteborg,Pizza,267.0,26.0,On time,Returning
105731,2026-05-10,11,Lund,Sushi,270.0,50.0,Late,New
101679,2026-03-17,15,Uppsala,Pizza,241.0,55.0,Late,Returning
107346,2026-06-02,17,Göteborg,Sushi,179.0,40.0,On time,Returning
107127,2026-05-30,19,Stockholm,Burgers,259.0,33.0,On time,Returning
107887,2026-06-09,19,Stockholm,Salad,335.0,40.0,On time,Returning
103577,2026-04-12,13,Göteborg,Kebab,185.0,36.0,On time,New
110881,2026-07-19,12,Uppsala,Thai,262.0,45.0,On time,Returning
108269,2026-06-14,16,Stockholm,Thai,262.0,28.0,On time,Returning
109829,2026-07-06,15,Göteborg,Kebab,220.0,50.0,Late,New
101437,2026-03-14,12,Malmö,Vegan,322.0,33.0,On time,New
100266,2026-02-26,11,Malmö,Burgers,141.0,25.0,On time,New
109920,2026-07-07,18,Stockholm,Vegan,320.0,40.0,On time,New
107812,2026-06-08,14,Göteborg,Salad,245.0,39.0,On time,New
103795,2026-04-14,11,Lund,Vegan,282.0,27.0,On time,Returning
110405,2026-07-13,9,Uppsala,Burgers,296.0,48.0,Late,New
104738,2026-04-28,15,Göteborg,Thai,239.0,52.0,Late,New
104524,2026-04-25,20,Göteborg,Thai,217.0,23.0,On time,Returning
110820,2026-07-19,12,Göteborg,Thai,137.0,40.0,On time,Returning
112196,2026-08-06,10,Malmö,Burgers,199.0,38.0,On time,Returning
108582,2026-06-18,18,Malmö,Pizza,253.0,40.0,On time,Returning
113189,2026-08-19,18,Malmö,Salad,364.0,40.0,On time,Returning
106830,2026-05-26,11,Göteborg,Thai,202.0,40.0,On time,Returning
103655,2026-04-13,18,Göteborg,Burgers,252.0,24.0,On time,Returning
108313,2026-06-14,19,Lund,Indian,297.0,34.0,On time,New
102321,2026-03-26,13,Lund,Sushi,178.0,42.0,On time,Returning
107338,2026-06-02,22,Göteborg,Salad,256.0,30.0,On time,Returning
113353,2026-08-22,18,Göteborg,Sushi,204.0,53.0,Late,Returning
108856,2026-06-22,12,Göteborg,Kebab,293.0,33.0,On time,New
107746,2026-06-07,9,Stockholm,Sushi,214.0,31.0,On time,Returning
109045,2026-06-25,19,Stockholm,Pizza,257.0,25.0,On time,Returning
104386,2026-04-23,19,Göteborg,Kebab,244.0,23.0,On time,Returning
109936,2026-07-07,17,Malmö,Burgers,203.0,47.0,Late,New
102263,2026-03-26,16,Göteborg,Thai,316.0,44.0,On time,New
109809,2026-07-05,19,Uppsala,Burgers,225.0,31.0,On time,New
112628,2026-08-12,20,Göteborg,Burgers,270.0,32.0,On time,New
113312,2026-08-21,10,Stockholm,Thai,215.0,31.0,On time,Returning
106642,2026-05-23,18,Stockholm,Salad,222.0,41.0,On time,Returning
106549,2026-05-22,17,Stockholm,Vegan,240.0,33.0,On time,Returning
111486,2026-07-27,11,Uppsala,Pizza,153.0,38.0,On time,Returning
105282,2026-05-04,9,Lund,Sushi,313.0,45.0,On time,New
110412,2026-07-13,13,Uppsala,Thai,213.0,35.0,On time,New
101382,2026-03-13,19,Lund,Thai,229.0,40.0,On time,New
107704,2026-06-06,11,Lund,Pizza,317.0,30.0,On time,Returning
108491,2026-06-17,16,Göteborg,Pizza,357.0,27.0,On time,New
102446,2026-03-28,15,Malmö,Kebab,249.0,28.0,On time,Returning
108047,2026-06-11,20,Malmö,Pizza,205.0,51.0,Late,New
110729,2026-07-18,19,Stockholm,Sushi,267.0,36.0,On time,Returning
110619,2026-07-16,20,Malmö,Thai,277.0,42.0,On time,New
102630,2026-03-30,12,Uppsala,Pizza,164.0,40.0,On time,Returning
111927,2026-08-02,10,Malmö,Thai,289.0,51.0,Late,Returning
105817,2026-05-12,18,Stockholm,Thai,257.0,58.0,Late,New
102119,2026-03-24,12,Göteborg,Burgers,120.0,22.0,On time,Returning
100016,2026-02-23,13,Göteborg,Burgers,168.0,33.0,On time,New
100787,2026-03-05,16,Uppsala,Kebab,235.0,36.0,On time,New
101045,2026-03-08,18,Lund,Sushi,231.0,39.0,On time,Returning
103862,2026-04-15,22,Lund,Pizza,259.0,58.0,Late,Returning
112305,2026-08-08,17,Göteborg,Pizza,215.0,40.0,On time,New
111829,2026-08-01,19,Malmö,Vegan,262.0,19.0,On time,New
110981,2026-07-21,14,Stockholm,Kebab,254.0,29.0,On time,Returning
112102,2026-08-05,17,Stockholm,Indian,235.0,42.0,On time,Returning
107727,2026-06-07,12,Unknown,Salad,368.0,33.0,On time,New
113235,2026-08-20,19,Stockholm,Pizza,248.0,44.0,On time,Returning
102309,2026-03-26,21,Malmö,Pizza,281.0,250.0,Unknown,Returning
111013,2026-07-21,11,Malmö,Thai,236.0,36.0,On time,New
110720,2026-07-18,10,Göteborg,Pizza,221.0,22.0,On time,New
101198,2026-03-11,15,Stockholm,Pizza,189.0,34.0,On time,New
100426,2026-02-28,12,Malmö,Kebab,225.0,24.0,On time,New
112943,2026-08-16,18,Stockholm,Pizza,226.0,16.0,On time,Returning
103714,2026-04-13,18,Uppsala,Pizza,459.0,54.0,Late,Returning
104796,2026-04-28,12,Lund,Thai,283.0,55.0,Late,Returning
100651,2026-03-03,11,Malmö,Burgers,220.0,56.0,Late,Returning
106556,2026-05-22,20,Stockholm,Sushi,165.0,35.0,On time,Returning
109064,2026-06-25,18,Malmö,Thai,216.0,38.0,On time,Returning
105243,2026-05-04,13,Stockholm,Indian,197.0,28.0,On time,Returning
101593,2026-03-16,21,Malmö,Sushi,249.0,49.0,Late,Returning
100706,2026-03-04,11,Stockholm,Thai,165.0,29.0,On time,New
105046,2026-05-02,17,Stockholm,Kebab,282.0,43.0,On time,Returning
108028,2026-06-11,20,Stockholm,Pizza,277.0,34.0,On time,New
110045,2026-07-09,15,Göteborg,Kebab,218.0,37.0,On time,Returning
112773,2026-08-14,10,Göteborg,Burgers,282.0,44.0,On time,New
106217,2026-05-17,22,Uppsala,Burgers,291.0,24.0,On time,Returning
106420,2026-05-20,15,Stockholm,Kebab,163.0,49.0,Late,Returning
111449,2026-07-27,18,Stockholm,Burgers,300.0,42.0,On time,Returning
103967,2026-04-17,22,Malmö,Kebab,171.0,18.0,On time,Returning
104875,2026-04-30,13,Göteborg,Pizza,188.0,30.0,On time,Returning
111161,2026-07-23,17,Lund,Kebab,245.0,42.0,On time,Returning
110468,2026-07-14,12,Malmö,Vegan,257.0,53.0,Late,Returning
112595,2026-08-11,12,Stockholm,Pizza,208.0,31.0,On time,Returning
106895,2026-05-26,16,Lund,Kebab,223.0,35.0,On time,New
104585,2026-04-25,12,Lund,Pizza,269.0,37.0,On time,New
107695,2026-06-06,17,Uppsala,Kebab,257.0,49.0,Late,Returning
111369,2026-07-26,12,Stockholm,Salad,195.0,32.0,On time,Returning
108705,2026-06-20,13,Göteborg,Burgers,189.0,47.0,Late,New
109556,2026-07-02,17,Stockholm,Pizza,327.0,42.0,On time,New
110351,2026-07-13,13,Göteborg,Salad,251.0,38.0,On time,New
109914,2026-07-07,18,Stockholm,Pizza,216.0,37.0,On time,Returning
101176,2026-03-10,14,Uppsala,Sushi,253.0,47.0,Late,New
105528,2026-05-08,19,Malmö,Pizza,387.0,37.0,On time,Returning
109686,2026-07-04,9,Göteborg,Kebab,241.0,33.0,On time,Returning
104781,2026-04-28,19,Malmö,Burgers,346.0,41.0,On time,New
110194,2026-07-11,18,Stockholm,Thai,352.0,48.0,Late,Returning
103439,2026-04-10,23,Stockholm,Burgers,257.0,29.0,On time,Returning
108314,2026-06-14,17,Lund,Salad,215.0,25.0,On time,New
105463,2026-05-07,10,Malmö,Pizza,196.0,42.0,On time,New
109530,2026-07-01,18,Lund,Burgers,243.0,36.0,On time,Returning
111097,2026-07-22,20,Uppsala,Sushi,249.0,36.0,On time,Returning
113333,2026-08-21,20,Malmö,Pizza,195.0,37.0,On time,New
103816,2026-04-15,20,Stockholm,Pizza,270.0,49.0,Late,Returning
110142,2026-07-10,12,Stockholm,Burgers,266.0,30.0,On time,New
113052,2026-08-17,13,Malmö,Pizza,262.0,48.0,Late,Returning
112438,2026-08-09,19,Stockholm,Burgers,342.0,31.0,On time,Returning
100186,2026-02-25,13,Stockholm,Thai,236.0,34.0,On time,Returning
108633,2026-06-19,20,Stockholm,Indian,250.0,33.0,On time,Returning
106111,2026-05-16,12,Malmö,Indian,275.0,23.0,On time,Returning
100341,2026-02-27,11,Malmö,Sushi,262.0,48.0,Late,Returning
106148,2026-05-17,19,Göteborg,Pizza,274.0,33.0,On time,Returning
105346,2026-05-05,17,Lund,Thai,193.0,43.0,On time,Returning
107944,2026-06-10,20,Göteborg,Vegan,226.0,40.0,On time,New
113057,2026-08-17,13,Uppsala,Pizza,156.0,38.0,On time,Returning
101791,2026-03-19,21,Stockholm,Pizza,249.0,37.0,On time,New
108859,2026-06-22,11,Göteborg,Pizza,190.0,31.0,On time,Returning
110305,2026-07-12,19,Stockholm,Sushi,152.0,33.0,On time,Returning
109304,2026-06-28,23,Malmö,Sushi,246.0,35.0,On time,Returning
103239,2026-04-07,14,Uppsala,Burgers,279.0,41.0,On time,Returning
109513,2026-07-01,12,Malmö,Pizza,243.0,34.0,On time,Returning
106523,2026-05-22,11,Göteborg,Thai,261.0,41.0,On time,Returning
106888,2026-05-26,12,Malmö,Thai,319.0,27.0,On time,Returning
101743,2026-03-18,17,Lund,Indian,299.0,32.0,On time,New
111003,2026-07-21,12,Stockholm,Burgers,259.0,37.0,On time,Returning
108333,2026-06-15,19,Göteborg,Pizza,282.0,39.0,On time,Returning
110714,2026-07-18,18,Göteborg,Pizza,275.0,49.0,Late,New
100347,2026-02-27,16,Malmö,Indian,254.0,27.0,On time,New
112024,2026-08-04,17,Göteborg,Burgers,170.0,19.0,On time,New
103112,2026-04-05,14,Unknown,Kebab,140.0,33.0,On time,New
113089,2026-08-18,10,Stockholm,Sushi,242.0,48.0,Late,Returning
103666,2026-04-13,11,Göteborg,Sushi,157.0,21.0,On time,Returning
107331,2026-06-01,21,Lund,Thai,257.0,43.0,On time,New
105061,2026-05-02,21,Malmö,Thai,209.0,26.0,On time,New
111380,2026-07-26,18,Stockholm,Pizza,181.0,50.0,Late,Returning
105374,2026-05-06,14,Stockholm,Salad,276.0,28.0,On time,Returning
103781,2026-04-14,18,Malmö,Sushi,318.0,40.0,On time,Returning
105765,2026-05-11,19,Stockholm,Kebab,228.0,34.0,On time,Returning
101945,2026-03-21,18,Uppsala,Pizza,192.0,15.0,On time,Returning
107245,2026-05-31,18,Malmö,Pizza,237.0,36.0,On time,Returning
111081,2026-07-22,18,Malmö,Sushi,275.0,31.0,On time,New
110605,2026-07-16,14,Stockholm,Pizza,256.0,21.0,On time,Returning
102558,2026-03-29,11,Uppsala,Burgers,332.0,30.0,On time,New
112258,2026-08-07,12,Stockholm,Thai,250.0,45.0,On time,New
105048,2026-05-02,11,Stockholm,Burgers,191.0,31.0,On time,New
113129,2026-08-18,11,Unknown,Burgers,266.0,52.0,Late,Returning
100474,2026-03-01,11,Stockholm,Kebab,241.0,42.0,On time,Returning
100053,2026-02-23,18,Malmö,Burgers,231.0,42.0,On time,Returning
105485,2026-05-08,16,Göteborg,Indian,245.0,40.0,On time,New
110420,2026-07-14,18,Göteborg,Pizza,232.0,49.0,Late,Returning
108030,2026-06-11,19,Stockholm,Sushi,164.0,26.0,On time,Returning
102169,2026-03-24,12,Malmö,Sushi,199.0,40.0,On time,Returning
101540,2026-03-15,11,Uppsala,Indian,154.0,40.0,On time,Returning
102738,2026-04-01,16,Göteborg,Vegan,278.0,29.0,On time,Returning
103436,2026-04-10,12,Stockholm,Sushi,215.0,54.0,Late,Returning
112446,2026-08-09,19,Stockholm,Burgers,257.0,34.0,On time,Returning
107766,2026-06-07,13,Stockholm,Kebab,330.0,44.0,On time,Returning
101461,2026-03-15,13,Göteborg,Thai,195.0,31.0,On time,New
103358,2026-04-09,9,Stockholm,Kebab,319.0,41.0,On time,Returning
109812,2026-07-05,19,Uppsala,Indian,344.0,47.0,Late,Returning
103172,2026-04-06,14,Uppsala,Burgers,367.0,29.0,On time,New
101285,2026-03-12,13,Stockholm,Sushi,209.0,37.0,On time,Returning
108962,2026-06-24,13,Göteborg,Pizza,216.0,35.0,On time,Returning
108478,2026-06-16,19,Lund,Pizza,318.0,56.0,Late,Returning
112619,2026-08-11,13,Lund,Sushi,306.0,30.0,On time,Returning
101549,2026-03-15,21,Lund,Kebab,135.0,39.0,On time,Returning
100607,2026-03-03,19,Göteborg,Indian,306.0,49.0,Late,Returning
100091,2026-02-24,11,Göteborg,Burgers,206.0,39.0,On time,Returning
112472,2026-08-09,18,Malmö,Indian,297.0,38.0,On time,Returning
113103,2026-08-18,15,Stockholm,Indian,275.0,31.0,On time,Returning
103339,2026-04-09,22,Göteborg,Thai,265.0,49.0,Late,Returning
101958,2026-03-21,13,Lund,Pizza,227.0,44.0,On time,Returning
111441,2026-07-27,12,Unknown,Kebab,218.0,46.0,Late,Returning
109161,2026-06-27,12,Göteborg,Salad,173.0,42.0,On time,Returning
106411,2026-05-20,20,Stockholm,Thai,296.0,30.0,On time,Returning
100192,2026-02-25,17,Malmö,Thai,244.0,43.0,On time,New
108703,2026-06-20,21,Göteborg,Pizza,240.0,30.0,On time,Returning
108361,2026-06-15,16,Stockholm,Pizza,262.0,42.0,On time,New
108132,2026-06-12,13,Uppsala,Indian,366.0,43.0,On time,New
105736,2026-05-11,18,Göteborg,Sushi,231.0,33.0,On time,New
111965,2026-08-03,15,Stockholm,Thai,187.0,38.0,On time,Returning
103615,2026-04-12,9,Stockholm,Pizza,323.0,40.0,On time,Returning
106993,2026-05-28,18,Stockholm,Burgers,204.0,38.0,On time,New
111874,2026-08-02,18,Göteborg,Kebab,277.0,39.0,On time,New
107180,2026-05-30,18,Lund,Kebab,173.0,28.0,On time,Returning
110146,2026-07-10,19,Malmö,Kebab,320.0,50.0,Late,New
111287,2026-07-25,14,Stockholm,Indian,232.0,29.0,On time,New
106811,2026-05-25,10,Malmö,Pizza,297.0,40.0,On time,New
104980,2026-05-01,18,Stockholm,Pizza,264.0,39.0,On time,Returning
108329,2026-06-15,19,Göteborg,Thai,207.0,28.0,On time,Returning
101771,2026-03-19,20,Stockholm,Thai,233.0,29.0,On time,Returning
109619,2026-07-03,16,Stockholm,Burgers,324.0,32.0,On time,New
108958,2026-06-23,13,Lund,Pizza,267.0,22.0,On time,Returning
103178,2026-04-06,18,Lund,Thai,229.0,43.0,On time,New
109343,2026-06-29,11,Göteborg,Thai,270.0,39.0,On time,Returning
107252,2026-05-31,13,Uppsala,Pizza,207.0,15.0,On time,Returning
102972,2026-04-04,21,Stockholm,Burgers,209.0,42.0,On time,Returning
108587,2026-06-18,23,Malmö,Pizza,410.0,36.0,On time,Returning
109712,2026-07-04,16,Malmö,Kebab,304.0,53.0,Late,New
113070,2026-08-18,21,Göteborg,Sushi,274.0,39.0,On time,Returning
105751,2026-05-11,20,Stockholm,Thai,166.0,43.0,On time,Returning
100550,2026-03-02,14,Göteborg,Pizza,277.0,43.0,On time,Returning
106988,2026-05-28,14,Göteborg,Indian,294.0,15.0,On time,New
101170,2026-03-10,12,Malmö,Pizza,247.0,44.0,On time,Returning
102985,2026-04-04,11,Malmö,Indian,210.0,35.0,On time,Returning
101780,2026-03-19,12,Stockholm,Sushi,296.0,44.0,On time,Returning
105330,2026-05-05,9,Malmö,Burgers,297.0,25.0,On time,Returning
110672,2026-07-17,18,Stockholm,Kebab,227.0,40.0,On time,Returning
109336,2026-06-29,11,Göteborg,Sushi,343.0,35.0,On time,New
109873,2026-07-06,20,Lund,Thai,176.0,17.0,On time,Returning
107118,2026-05-30,19,Stockholm,Thai,298.0,47.0,Late,Returning
100933,2026-03-07,12,Malmö,Thai,211.0,32.0,On time,Returning
104369,2026-04-22,13,Uppsala,Thai,224.0,250.0,Unknown,New
106515,2026-05-21,22,Uppsala,Sushi,281.0,41.0,On time,Returning
109868,2026-07-06,12,Uppsala,Salad,275.0,54.0,Late,New
107626,2026-06-06,18,Göteborg,Burgers,200.0,49.0,Late,Returning
105156,2026-05-03,12,Stockholm,Sushi,282.0,33.0,On time,New
110133,2026-07-10,20,Stockholm,Sushi,262.0,47.0,Late,New
102929,2026-04-03,18,Lund,Pizza,220.0,31.0,On time,New
107049,2026-05-29,18,Stockholm,Burgers,222.0,32.0,On time,Returning
100765,2026-03-05,19,Stockholm,Sushi,300.0,50.0,Late,Returning
107839,2026-06-08,10,Malmö,Indian,210.0,44.0,On time,New
105129,2026-05-03,10,Stockholm,Sushi,259.0,30.0,On time,Returning
102526,2026-03-29,21,Stockholm,Pizza,314.0,48.0,Late,Returning
101546,2026-03-15,17,Lund,Pizza,267.0,30.0,On time,Returning
108913,2026-06-23,14,Göteborg,Pizza,271.0,37.0,On time,Returning
100902,2026-03-07,18,Stockholm,Burgers,199.0,39.0,On time,Returning
105400,2026-05-06,12,Uppsala,Pizza,263.0,36.0,On time,Returning
102175,2026-03-24,13,Malmö,Sushi,130.0,39.0,On time,Returning
105262,2026-05-04,13,Malmö,Thai,228.0,38.0,On time,Returning
100851,2026-03-06,20,Malmö,Burgers,198.0,48.0,Late,Returning
103755,2026-04-14,14,Stockholm,Pizza,152.0,24.0,On time,Returning
111417,2026-07-26,11,Lund,Kebab,219.0,29.0,On time,Returning
108965,2026-06-24,22,Göteborg,Burgers,259.0,28.0,On time,Returning
105857,2026-05-13,13,Göteborg,Indian,190.0,35.0,On time,Returning
111513,2026-07-28,19,Stockholm,Burgers,360.0,39.0,On time,New
111067,2026-07-22,11,Stockholm,Pizza,240.0,44.0,On time,Returning
107930,2026-06-09,11,Lund,Kebab,291.0,39.0,On time,New
106866,2026-05-26,20,Stockholm,Sushi,247.0,40.0,On time,Returning
102797,2026-04-02,12,Göteborg,Sushi,274.0,26.0,On time,Returning
101860,2026-03-20,17,Malmö,Salad,227.0,30.0,On time,Returning
110003,2026-07-08,13,Stockholm,Vegan,312.0,46.0,Late,Returning
110504,2026-07-15,10,Göteborg,Vegan,182.0,48.0,Late,New
106228,2026-05-17,12,Lund,Burgers,186.0,35.0,On time,New
110769,2026-07-18,11,Malmö,Kebab,267.0,35.0,On time,Returning
113213,2026-08-20,16,Göteborg,Indian,338.0,22.0,On time,Returning
106508,2026-05-21,13,Uppsala,Kebab,293.0,36.0,On time,Returning
110010,2026-07-08,20,Malmö,Indian,258.0,43.0,On time,New
103999,2026-04-18,22,Göteborg,Kebab,392.0,35.0,On time,New
102756,2026-04-01,20,Stockholm,Indian,295.0,36.0,On time,Returning
104558,2026-04-25,19,Stockholm,Pizza,211.0,33.0,On time,Returning
113360,2026-08-22,9,Göteborg,Sushi,296.0,52.0,Late,Returning
112241,2026-08-07,13,Stockholm,Indian,243.0,15.0,On time,New
104292,2026-04-21,19,Uppsala,Indian,235.0,20.0,On time,Returning
102563,2026-03-29,10,Lund,Sushi,252.0,33.0,On time,New
107733,2026-06-07,11,Göteborg,Pizza,284.0,36.0,On time,New
107337,2026-06-02,21,Göteborg,Burgers,229.0,250.0,Unknown,New
107617,2026-06-05,14,Lund,Pizza,223.0,15.0,On time,New
111427,2026-07-27,13,Göteborg,Burgers,166.0,45.0,On time,Returning
100532,2026-03-01,11,Lund,Thai,264.0,26.0,On time,Returning
108068,2026-06-11,19,Uppsala,Burgers,218.0,41.0,On time,New
112733,2026-08-13,19,Malmö,Kebab,266.0,50.0,Late,Returning
102349,2026-03-27,22,Stockholm,Salad,172.0,30.0,On time,Returning
106522,2026-05-22,18,Göteborg,Sushi,193.0,50.0,Late,New
107850,2026-06-08,20,Uppsala,Indian,328.0,31.0,On time,New
111256,2026-07-25,20,Göteborg,Kebab,265.0,35.0,On time,Returning
102492,2026-03-29,20,Göteborg,Sushi,285.0,34.0,On time,New
109174,2026-06-27,19,Göteborg,Pizza,196.0,39.0,On time,New
104586,2026-04-25,11,Lund,Sushi,233.0,22.0,On time,Returning
108286,2026-06-14,14,Malmö,Pizza,303.0,35.0,On time,Returning
110691,2026-07-17,13,Malmö,Pizza,298.0,34.0,On time,Returning
102930,2026-04-03,11,Lund,Pizza,252.0,34.0,On time,Returning
112864,2026-08-15,16,Stockholm,Burgers,295.0,25.0,On time,Returning
113219,2026-08-20,17,Unknown,Salad,238.0,40.0,On time,Returning
101948,2026-03-21,19,Uppsala,Thai,282.0,47.0,Late,Returning
109079,2026-06-25,12,Uppsala,Sushi,223.0,35.0,On time,New
109245,2026-06-27,13,Lund,Vegan,290.0,40.0,On time,Returning
103096,2026-04-05,10,Malmö,Vegan,245.0,51.0,Late,New
108323,2026-06-15,9,Göteborg,Burgers,229.0,33.0,On time,Returning
103129,2026-04-06,14,Göteborg,Sushi,225.0,51.0,Late,New
102308,2026-03-26,14,Malmö,Pizza,102.0,34.0,On time,New
101143,2026-03-10,20,Stockholm,Indian,184.0,33.0,On time,Returning
105256,2026-05-04,13,Malmö,Salad,174.0,37.0,Unknown,Returning
112387,2026-08-08,13,Uppsala,Kebab,311.0,43.0,On time,Returning
108172,2026-06-13,11,Stockholm,Salad,231.0,34.0,On time,Returning
105442,2026-05-07,19,Unknown,Salad,227.0,40.0,On time,New
100666,2026-03-03,21,Uppsala,Burgers,348.0,52.0,Late,Returning
107913,2026-06-09,11,Malmö,Burgers,263.0,36.0,On time,New
101059,2026-03-09,13,Göteborg,Pizza,224.0,43.0,On time,Returning
112723,2026-08-13,12,Stockholm,Kebab,279.0,35.0,On time,Returning
107605,2026-06-05,9,Malmö,Burgers,175.0,44.0,On time,Returning
105344,2026-05-05,11,Lund,Kebab,269.0,37.0,On time,Returning
101212,2026-03-11,13,Stockholm,Kebab,354.0,41.0,On time,New
107121,2026-05-30,19,Stockholm,Kebab,241.0,20.0,On time,Returning
108564,2026-06-18,19,Stockholm,Pizza,303.0,47.0,Late,Returning
100047,2026-02-23,18,Stockholm,Burgers,238.0,34.0,On time,Returning
103894,2026-04-16,12,Stockholm,Indian,219.0,38.0,On time,Returning
103513,2026-04-11,17,Stockholm,Burgers,202.0,44.0,On time,Returning
100539,2026-03-02,13,Göteborg,Pizza,232.0,50.0,Late,New
102689,2026-03-31,16,Stockholm,Burgers,171.0,35.0,On time,New
103733,2026-04-14,9,Göteborg,Salad,215.0,18.0,On time,New
107724,2026-06-07,16,Göteborg,Thai,241.0,15.0,On time,Returning
107163,2026-05-30,19,Malmö,Burgers,242.0,30.0,On time,Returning
110871,2026-07-19,13,Malmö,Pizza,257.0,43.0,On time,Returning
103970,2026-04-17,17,Malmö,Indian,279.0,40.0,On time,New
100858,2026-03-06,12,Malmö,Pizza,221.0,41.0,On time,Returning
100361,2026-02-27,10,Lund,Burgers,357.0,50.0,Late,Returning
108502,2026-06-17,18,Stockholm,Sushi,231.0,28.0,On time,Returning
104306,2026-04-22,18,Göteborg,Burgers,216.0,32.0,On time,Returning
111347,2026-07-26,20,Göteborg,Sushi,171.0,48.0,Late,Returning
113302,2026-08-21,14,Göteborg,Kebab,291.0,39.0,On time,Returning
101357,2026-03-13,20,Stockholm,Sushi,270.0,38.0,On time,Returning
103192,2026-04-07,10,Göteborg,Pizza,198.0,34.0,On time,Returning
102457,2026-03-28,21,Malmö,Kebab,140.0,37.0,On time,Returning
105028,2026-05-02,19,Stockholm,Sushi,309.0,33.0,On time,Returning
105495,2026-05-08,22,Göteborg,Thai,243.0,47.0,Late,New
108239,2026-06-14,15,Göteborg,Sushi,262.0,35.0,On time,Returning
109090,2026-06-26,13,Göteborg,Pizza,260.0,50.0,Late,Returning
109634,2026-07-03,22,Stockholm,Sushi,190.0,43.0,On time,Returning
107412,2026-06-03,9,Göteborg,Burgers,322.0,49.0,Late,Returning
101043,2026-03-08,16,Lund,Sushi,275.0,41.0,On time,New
104123,2026-04-19,23,Stockholm,Sushi,254.0,39.0,On time,Returning
106416,2026-05-20,20,Stockholm,Burgers,137.0,43.0,On time,Returning
105955,2026-05-14,20,Stockholm,Burgers,216.0,49.0,Late,Returning
102645,2026-03-31,13,Göteborg,Salad,337.0,31.0,On time,New
107890,2026-06-09,19,Stockholm,Pizza,266.0,38.0,On time,Returning
103175,2026-04-06,11,Uppsala,Thai,355.0,31.0,On time,New
108307,2026-06-14,19,Uppsala,Burgers,298.0,33.0,On time,Returning
110561,2026-07-15,17,Lund,Burgers,238.0,36.0,On time,Returning
101069,2026-03-09,17,Stockholm,Burgers,253.0,51.0,Late,Returning
106569,2026-05-22,12,Stockholm,Sushi,145.0,41.0,On time,New
106661,2026-05-23,13,Malmö,Indian,242.0,41.0,On time,Returning
111731,2026-07-31,21,Stockholm,Salad,226.0,46.0,Late,Returning
101562,2026-03-16,18,Göteborg,Sushi,291.0,34.0,On time,Returning
106915,2026-05-27,12,Göteborg,Sushi,259.0,42.0,On time,Returning
100208,2026-02-25,12,Uppsala,Sushi,232.0,48.0,Late,New
100320,2026-02-27,20,Stockholm,Sushi,237.0,28.0,On time,New
112921,2026-08-16,12,Göteborg,Pizza,312.0,31.0,On time,New
100636,2026-03-03,22,Stockholm,Sushi,214.0,24.0,On time,Returning
100025,2026-02-23,12,Stockholm,Indian,246.0,27.0,On time,New
107905,2026-06-09,15,Malmö,Pizza,213.0,38.0,On time,Returning
100102,2026-02-24,17,Stockholm,Kebab,264.0,27.0,On time,Returning
108364,2026-06-15,20,Stockholm,Burgers,310.0,33.0,On time,New
102095,2026-03-23,21,Malmö,Pizza,251.0,38.0,On time,New
101968,2026-03-22,12,Göteborg,Sushi,153.0,38.0,On time,New
103519,2026-04-11,13,Stockholm,Kebab,220.0,16.0,On time,Returning
101345,2026-03-13,13,Stockholm,Pizza,188.0,20.0,On time,Returning
104863,2026-04-30,15,Göteborg,Kebab,314.0,41.0,On time,Returning
108174,2026-06-13,17,Stockholm,Burgers,223.0,31.0,On time,Returning
103938,2026-04-17,20,Göteborg,Indian,373.0,44.0,On time,Returning
109132,2026-06-26,20,Malmö,Burgers,314.0,36.0,On time,Returning
111119,2026-07-23,20,Göteborg,Indian,310.0,30.0,On time,Returning
108640,2026-06-19,12,Stockholm,Vegan,181.0,42.0,On time,New
100406,2026-02-28,17,Stockholm,Kebab,214.0,37.0,Unknown,Returning
111779,2026-08-01,13,Göteborg,Kebab,295.0,64.0,Late,Returning
104153,2026-04-19,14,Uppsala,Burgers,179.0,37.0,On time,New
100204,2026-02-25,20,Malmö,Sushi,256.0,35.0,On time,Returning
110333,2026-07-12,10,Uppsala,Thai,191.0,40.0,On time,Returning
107313,2026-06-01,20,Malmö,Pizza,240.0,50.0,Late,Returning
100533,2026-03-02,17,Göteborg,Indian,249.0,36.0,On time,Returning
106099,2026-05-16,16,Stockholm,Kebab,308.0,50.0,Late,New
112543,2026-08-10,17,Malmö,Burgers,124.0,42.0,On time,Returning
108921,2026-06-23,19,Stockholm,Sushi,226.0,46.0,Late,Returning
105184,2026-05-03,16,Uppsala,Pizza,220.0,47.0,Late,Returning
104341,2026-04-22,23,Stockholm,Sushi,282.0,43.0,On time,New
109386,2026-06-29,12,Uppsala,Burgers,250.0,39.0,On time,Returning
106185,2026-05-17,18,Stockholm,Pizza,235.0,31.0,On time,New
108685,2026-06-19,18,Lund,Sushi,219.0,38.0,On time,Returning
100489,2026-03-01,18,Stockholm,Burgers,182.0,44.0,On time,New
109082,2026-06-25,20,Lund,Pizza,227.0,41.0,On time,New
103692,2026-04-13,21,Stockholm,Salad,275.0,23.0,On time,New
111944,2026-08-03,12,Göteborg,Kebab,176.0,42.0,On time,Returning
105791,2026-05-11,18,Uppsala,Burgers,271.0,43.0,On time,Returning
109106,2026-06-26,11,Stockholm,Kebab,204.0,36.0,On time,Returning
110461,2026-07-14,17,Stockholm,Salad,232.0,25.0,On time,Returning
109852,2026-07-06,18,Malmö,Burgers,312.0,48.0,Late,New
106641,2026-05-23,17,Stockholm,Thai,255.0,35.0,On time,New
103534,2026-04-11,10,Malmö,Indian,252.0,33.0,On time,New
106656,2026-05-23,22,Malmö,Salad,272.0,57.0,Late,Returning
105916,2026-05-13,13,Lund,Pizza,251.0,15.0,On time,Returning
100568,2026-03-02,12,Stockholm,Kebab,238.0,45.0,On time,Returning
113037,2026-08-17,11,Unknown,Vegan,267.0,41.0,On time,Returning
103208,2026-04-07,17,Stockholm,Burgers,357.0,46.0,Late,New
112295,2026-08-07,22,Lund,Burgers,172.0,36.0,On time,Returning
102894,2026-04-03,12,Stockholm,Pizza,309.0,26.0,On time,Returning
102199,2026-03-25,11,Göteborg,Thai,262.0,28.0,On time,New
103793,2026-04-14,19,Lund,Burgers,212.0,28.0,On time,Returning
101008,2026-03-08,19,Stockholm,Pizza,233.0,37.0,On time,New
112837,2026-08-15,11,Göteborg,Vegan,210.0,23.0,On time,New
109258,2026-06-28,21,Göteborg,Indian,332.0,30.0,On time,Returning
105940,2026-05-14,16,Stockholm,Burgers,264.0,48.0,Late,Returning
103538,2026-04-11,12,Malmö,Thai,237.0,49.0,Late,Returning
107515,2026-06-04,12,Stockholm,Salad,242.0,44.0,On time,Returning
112847,2026-08-15,20,Stockholm,Thai,180.0,27.0,On time,Returning
110507,2026-07-15,20,Göteborg,Kebab,258.0,37.0,Unknown,Returning
113051,2026-08-17,20,Malmö,Indian,337.0,34.0,On time,Returning
105939,2026-05-14,14,Stockholm,Salad,268.0,46.0,Late,Returning
113175,2026-08-19,20,Stockholm,Indian,410.0,54.0,Late,Returning
109497,2026-07-01,12,Stockholm,Thai,237.0,43.0,On time,New
100698,2026-03-04,12,Stockholm,Kebab,181.0,38.0,On time,Returning
110947,2026-07-20,17,Uppsala,Burgers,204.0,31.0,On time,Returning
110317,2026-07-12,10,Malmö,Salad,309.0,54.0,Late,Returning
103259,2026-04-08,11,Göteborg,Pizza,229.0,37.0,On time,Returning
101804,2026-03-19,19,Malmö,Sushi,292.0,41.0,On time,Returning
105218,2026-05-04,12,Göteborg,Pizza,152.0,33.0,On time,Returning
111093,2026-07-22,16,Uppsala,Pizza,232.0,20.0,On time,Returning
102451,2026-03-28,19,Malmö,Pizza,303.0,29.0,On time,Returning
100707,2026-03-04,12,Stockholm,Burgers,215.0,33.0,On time,Returning
102695,2026-03-31,18,Stockholm,Vegan,274.0,15.0,On time,Returning
110122,2026-07-10,17,Göteborg,Indian,299.0,34.0,On time,Returning
112660,2026-08-12,19,Stockholm,Vegan,257.0,38.0,On time,Returning
101480,2026-03-15,11,Göteborg,Indian,283.0,38.0,On time,Returning
111878,2026-08-02,12,Stockholm,Indian,264.0,33.0,On time,New
107181,2026-05-30,18,Lund,Pizza,234.0,31.0,On time,Returning
112789,2026-08-14,13,Stockholm,Sushi,306.0,36.0,On time,New
100402,2026-02-28,13,Stockholm,Burgers,269.0,39.0,On time,Returning
101941,2026-03-21,12,Uppsala,Pizza,385.0,49.0,Late,New
110457,2026-07-14,10,Stockholm,Sushi,320.0,26.0,On time,Returning
110425,2026-07-14,10,Göteborg,Sushi,238.0,50.0,Late,New
104589,2026-04-25,18,Lund,Kebab,302.0,30.0,On time,New
109397,2026-06-29,16,Lund,Sushi,308.0,39.0,On time,New
108959,2026-06-23,17,Lund,Kebab,235.0,33.0,On time,Returning
110241,2026-07-11,20,Uppsala,Thai,298.0,28.0,On time,Returning
103529,2026-04-11,13,Malmö,Sushi,301.0,46.0,Late,New
106766,2026-05-25,12,Göteborg,Pizza,239.0,37.0,On time,Returning
108839,2026-06-21,10,Lund,Pizza,266.0,31.0,On time,Returning
104915,2026-04-30,11,Malmö,Sushi,150.0,26.0,On time,New
109816,2026-07-05,17,Lund,Pizza,232.0,35.0,On time,Returning
107440,2026-06-03,14,Stockholm,Sushi,257.0,38.0,On time,Returning
101258,2026-03-12,13,Göteborg,Thai,234.0,38.0,On time,New
111129,2026-07-23,18,Stockholm,Pizza,223.0,42.0,On time,Returning
101966,2026-03-22,16,Göteborg,Pizza,298.0,37.0,On time,Returning
106374,2026-05-20,17,Göteborg,Kebab,228.0,24.0,On time,Returning
100931,2026-03-07,15,Malmö,Pizza,248.0,42.0,On time,Returning
111410,2026-07-26,18,Uppsala,Thai,186.0,40.0,On time,Returning
111173,2026-07-24,10,Göteborg,Pizza,223.0,38.0,On time,Returning
104510,2026-04-24,18,Lund,Pizza,334.0,250.0,Unknown,Returning
111105,2026-07-22,12,Lund,Burgers,273.0,34.0,On time,Returning
100797,2026-03-05,12,Lund,Pizza,290.0,39.0,On time,New
111910,2026-08-02,13,Stockholm,Thai,270.0,44.0,On time,Returning
107508,2026-06-04,17,Stockholm,Kebab,197.0,37.0,On time,New
108052,2026-06-11,14,Malmö,Vegan,306.0,30.0,On time,Returning
105244,2026-05-04,10,Stockholm,Pizza,203.0,45.0,On time,New
108614,2026-06-19,20,Göteborg,Pizza,268.0,37.0,On time,New
111313,2026-07-25,17,Malmö,Burgers,282.0,20.0,On time,Returning
109786,2026-07-05,12,Stockholm,Pizza,279.0,37.0,Unknown,Returning
106460,2026-05-21,12,Stockholm,Sushi,269.0,38.0,On time,Returning
112795,2026-08-14,13,Stockholm,Thai,252.0,52.0,Late,Returning
103828,2026-04-15,16,Stockholm,Sushi,261.0,25.0,On time,Returning
100492,2026-03-01,12,Stockholm,Pizza,238.0,60.0,Late,Returning
104544,2026-04-25,18,Stockholm,Pizza,235.0,36.0,On time,Returning
111133,2026-07-23,12,Stockholm,Kebab,188.0,55.0,Late,New
112948,2026-08-16,12,Stockholm,Vegan,294.0,46.0,Late,New
103868,2026-04-16,12,Göteborg,Burgers,233.0,15.0,On time,Returning
111342,2026-07-26,12,Göteborg,Burgers,255.0,34.0,On time,New
101036,2026-03-08,17,Uppsala,Sushi,235.0,33.0,On time,Returning
112520,2026-08-10,11,Stockholm,Burgers,263.0,34.0,On time,Returning
106925,2026-05-27,20,Stockholm,Kebab,238.0,36.0,On time,Returning
109508,2026-07-01,11,Malmö,Sushi,274.0,18.0,On time,Returning
100448,2026-03-01,10,Göteborg,Burgers,265.0,36.0,On time,Returning
100780,2026-03-05,19,Malmö,Kebab,261.0,35.0,On time,Returning
108224,2026-06-13,18,Lund,Pizza,275.0,48.0,Late,Returning
110647,2026-07-17,10,Göteborg,Salad,266.0,43.0,On time,Returning
109625,2026-07-03,20,Stockholm,Indian,352.0,25.0,On time,New
105611,2026-05-09,20,Stockholm,Burgers,207.0,33.0,On time,New
104255,2026-04-21,16,Göteborg,Sushi,305.0,25.0,On time,New
102523,2026-03-29,19,Stockholm,Thai,132.0,27.0,On time,Returning
107502,2026-06-04,16,Göteborg,Pizza,221.0,38.0,On time,Returning
109448,2026-06-30,12,Uppsala,Kebab,204.0,34.0,On time,Returning
111518,2026-07-28,12,Stockholm,Vegan,130.0,31.0,On time,Returning
106657,2026-05-23,12,Malmö,Burgers,271.0,32.0,On time,New
106001,2026-05-15,13,Göteborg,Sushi,250.0,32.0,On time,New
105811,2026-05-12,18,Göteborg,Burgers,266.0,27.0,On time,New
101688,2026-03-18,20,Göteborg,Burgers,189.0,43.0,On time,New
102510,2026-03-29,20,Stockholm,Indian,224.0,22.0,On time,Returning
108804,2026-06-21,20,Stockholm,Burgers,204.0,44.0,On time,Returning
106877,2026-05-26,13,Stockholm,Pizza,231.0,47.0,Late,Returning
107462,2026-06-03,18,Malmö,Burgers,226.0,38.0,On time,New
110129,2026-07-10,17,Stockholm,Vegan,246.0,38.0,On time,Returning
111759,2026-07-31,19,Uppsala,Pizza,225.0,30.0,On time,New
103387,2026-04-09,21,Malmö,Pizza,290.0,38.0,On time,Returning
103074,2026-04-05,13,Stockholm,Kebab,246.0,40.0,On time,Returning
103342,2026-04-09,14,Göteborg,Burgers,252.0,30.0,On time,Returning
104705,2026-04-27,12,Stockholm,Thai,200.0,39.0,On time,New
108293,2026-06-14,19,Malmö,Kebab,242.0,22.0,On time,New
102671,2026-03-31,14,Stockholm,Kebab,195.0,23.0,On time,Returning
105643,2026-05-10,15,Göteborg,Sushi,198.0,32.0,On time,Returning
102190,2026-03-25,14,Göteborg,Sushi,292.0,40.0,On time,Returning
112858,2026-08-15,23,Stockholm,Kebab,315.0,33.0,On time,Returning
104578,2026-04-25,11,Malmö,Sushi,191.0,22.0,On time,Returning
105239,2026-05-04,19,Stockholm,Kebab,339.0,26.0,On time,Returning
108360,2026-06-15,17,Stockholm,Pizza,276.0,32.0,On time,New
112938,2026-08-16,17,Stockholm,Salad,284.0,38.0,On time,Returning
106123,2026-05-16,10,Uppsala,Thai,269.0,31.0,On time,Returning
106312,2026-05-19,20,Göteborg,Salad,262.0,38.0,On time,New
111833,2026-08-01,17,Malmö,Indian,266.0,41.0,On time,Returning
111591,2026-07-29,13,Stockholm,Sushi,265.0,29.0,On time,Returning
101782,2026-03-19,22,Stockholm,Burgers,226.0,34.0,On time,New
105512,2026-05-08,17,Stockholm,Indian,171.0,32.0,On time,New
101507,2026-03-15,11,Stockholm,Burgers,337.0,30.0,On time,Returning
101570,2026-03-16,18,Stockholm,Burgers,226.0,40.0,On time,Returning
103030,2026-04-05,11,Göteborg,Sushi,342.0,35.0,On time,Returning
107532,2026-06-04,19,Malmö,Indian,313.0,44.0,On time,Returning
108646,2026-06-19,20,Stockholm,Kebab,251.0,33.0,On time,Returning
100163,2026-02-25,13,Stockholm,Burgers,252.0,38.0,On time,New
107542,2026-06-04,19,Lund,Pizza,241.0,23.0,On time,New
107105,2026-05-30,19,Göteborg,Sushi,271.0,29.0,On time,Returning
107217,2026-05-31,10,Stockholm,Kebab,248.0,36.0,On time,New
105598,2026-05-09,16,Stockholm,Indian,273.0,31.0,On time,Returning
108899,2026-06-22,19,Lund,Thai,258.0,34.0,On time,Returning
106953,2026-05-27,11,Malmö,Thai,230.0,56.0,Late,Returning
102440,2026-03-28,21,Stockholm,Pizza,256.0,26.0,On time,Returning
103394,2026-04-09,12,Uppsala,Burgers,346.0,19.0,On time,Returning
104648,2026-04-26,19,Malmö,Salad,189.0,27.0,On time,New
103318,2026-04-08,13,Uppsala,Vegan,203.0,54.0,Late,New
107045,2026-05-29,18,Göteborg,Kebab,262.0,42.0,On time,Returning
106609,2026-05-23,19,Göteborg,Salad,279.0,40.0,On time,New
112592,2026-08-11,10,Stockholm,Pizza,373.0,32.0,On time,Returning
108545,2026-06-18,17,Göteborg,Sushi,288.0,33.0,On time,Returning
109519,2026-07-01,11,Uppsala,Sushi,226.0,25.0,On time,New
109344,2026-06-29,22,Göteborg,Burgers,196.0,54.0,Late,Returning
100929,2026-03-07,14,Malmö,Pizza,224.0,43.0,On time,Returning
105546,2026-05-08,20,Lund,Salad,305.0,42.0,On time,New
108511,2026-06-17,21,Stockholm,Pizza,285.0,44.0,On time,New
106007,2026-05-15,13,Göteborg,Salad,314.0,34.0,On time,Returning
105301,2026-05-05,20,Stockholm,Salad,331.0,28.0,On time,Returning
105783,2026-05-11,11,Malmö,Burgers,247.0,43.0,On time,New
105224,2026-05-04,12,Stockholm,Vegan,305.0,41.0,On time,Returning
102434,2026-03-28,23,Stockholm,Sushi,248.0,19.0,On time,New
110853,2026-07-19,13,Stockholm,Pizza,260.0,31.0,On time,Returning
107957,2026-06-10,21,Unknown,Pizza,302.0,36.0,On time,Returning
109781,2026-07-05,18,Stockholm,Thai,203.0,27.0,On time,Returning
107299,2026-06-01,10,Stockholm,Thai,249.0,24.0,On time,New
110002,2026-07-08,21,Stockholm,Burgers,209.0,32.0,On time,Returning
112651,2026-08-12,13,Stockholm,Kebab,190.0,250.0,Unknown,Returning
106286,2026-05-18,12,Malmö,Vegan,246.0,28.0,On time,New
105297,2026-05-05,12,Göteborg,Kebab,301.0,53.0,Late,Returning
109543,2026-07-02,11,Göteborg,Salad,182.0,41.0,On time,New
111166,2026-07-23,21,Lund,Burgers,339.0,27.0,On time,Returning
110731,2026-07-18,10,Stockholm,Indian,299.0,40.0,On time,New
104577,2026-04-25,19,Malmö,Sushi,353.0,33.0,On time,New
103352,2026-04-09,20,Stockholm,Thai,296.0,32.0,On time,Returning
100412,2026-02-28,19,Stockholm,Indian,237.0,34.0,On time,New
102130,2026-03-24,20,Göteborg,Pizza,143.0,38.0,On time,Returning
112542,2026-08-10,13,Malmö,Burgers,208.0,35.0,On time,Returning
105018,2026-05-02,17,Göteborg,Pizza,222.0,49.0,Late,Returning
101227,2026-03-11,12,Malmö,Thai,294.0,36.0,On time,Returning
102902,2026-04-03,19,Stockholm,Thai,170.0,36.0,On time,New
111406,2026-07-26,11,Uppsala,Burgers,278.0,31.0,On time,Returning
111789,2026-08-01,9,Göteborg,Pizza,286.0,31.0,On time,Returning
112236,2026-08-07,20,Göteborg,Kebab,303.0,42.0,On time,New
103438,2026-04-10,12,Stockholm,Sushi,136.0,41.0,On time,Returning
108626,2026-06-19,13,Stockholm,Pizza,337.0,36.0,On time,Returning
109666,2026-07-03,18,Lund,Kebab,302.0,29.0,On time,Returning
107364,2026-06-02,11,Stockholm,Burgers,245.0,41.0,On time,Returning
100587,2026-03-02,14,Malmö,Sushi,285.0,34.0,On time,New
101029,2026-03-08,16,Malmö,Thai,225.0,33.0,On time,Returning
106540,2026-05-22,20,Göteborg,Pizza,259.0,51.0,Late,New
108072,2026-06-11,20,Lund,Burgers,221.0,40.0,On time,Returning
109966,2026-07-08,19,Göteborg,Sushi,291.0,52.0,Late,New
107111,2026-05-30,11,Göteborg,Pizza,223.0,250.0,Unknown,New
103822,2026-04-15,18,Stockholm,Thai,264.0,25.0,On time,Returning
101238,2026-03-11,10,Uppsala,Indian,303.0,39.0,On time,Returning
108908,2026-06-23,19,Göteborg,Indian,258.0,37.0,Unknown,Returning
100130,2026-02-24,12,Malmö,Thai,218.0,43.0,On time,New
101050,2026-03-09,16,Göteborg,Burgers,221.0,52.0,Late,Returning
103002,2026-04-04,13,Uppsala,Burgers,232.0,45.0,On time,Returning
110804,2026-07-19,19,Göteborg,Sushi,294.0,38.0,On time,New
106613,2026-05-23,12,Göteborg,Burgers,336.0,43.0,On time,Returning
103250,2026-04-07,18,Lund,Pizza,236.0,42.0,On time,Returning
111484,2026-07-27,13,Unknown,Sushi,273.0,39.0,On time,Returning
109133,2026-06-26,20,Malmö,Pizza,257.0,26.0,On time,Returning
100139,2026-02-24,13,Uppsala,Burgers,264.0,22.0,On time,New
110014,2026-07-08,19,Malmö,Thai,240.0,47.0,Late,New
103215,2026-04-07,12,Stockholm,Pizza,157.0,55.0,Late,Returning
111113,2026-07-23,18,Göteborg,Kebab,279.0,29.0,On time,New
102346,2026-03-27,18,Stockholm,Burgers,357.0,34.0,On time,New
105406,2026-05-06,13,Lund,Salad,277.0,44.0,On time,Returning
107385,2026-06-02,13,Malmö,Vegan,177.0,38.0,On time,New
103954,2026-04-17,11,Stockholm,Burgers,337.0,38.0,On time,New
107516,2026-06-04,18,Stockholm,Salad,273.0,24.0,On time,New
106717,2026-05-24,13,Stockholm,Kebab,193.0,39.0,On time,Returning
105798,2026-05-12,17,Göteborg,Pizza,264.0,36.0,On time,Returning
104764,2026-04-28,11,Stockholm,Kebab,247.0,47.0,Late,New
113325,2026-08-21,17,Malmö,Indian,287.0,34.0,On time,New
113011,2026-08-17,13,Stockholm,Burgers,315.0,42.0,On time,Returning
102626,2026-03-30,16,Malmö,Thai,192.0,39.0,On time,Returning
108943,2026-06-23,11,Malmö,Sushi,302.0,46.0,Late,Returning
108256,2026-06-14,14,Stockholm,Kebab,178.0,37.0,On time,Returning
105247,2026-05-04,20,Stockholm,Burgers,199.0,35.0,On time,Returning
111686,2026-07-30,14,Uppsala,Sushi,277.0,34.0,On time,Returning
109013,2026-06-24,13,Malmö,Thai,215.0,39.0,On time,Returning
107375,2026-06-02,10,Stockholm,Burgers,262.0,36.0,On time,Returning
111503,2026-07-28,11,Göteborg,Salad,398.0,32.0,On time,Returning
107189,2026-05-31,17,Göteborg,Salad,180.0,31.0,On time,New
104326,2026-04-22,12,Stockholm,Sushi,245.0,39.0,On time,Returning
107335,2026-06-02,17,Göteborg,Salad,356.0,34.0,On time,Returning
105113,2026-05-03,18,Göteborg,Kebab,211.0,31.0,On time,New
112310,2026-08-08,11,Göteborg,Thai,236.0,54.0,Late,New
108909,2026-06-23,19,Göteborg,Thai,292.0,35.0,On time,New
100908,2026-03-07,20,Stockholm,Vegan,291.0,25.0,On time,New
109137,2026-06-26,13,Malmö,Burgers,279.0,28.0,On time,Returning
102708,2026-03-31,19,Uppsala,Kebab,283.0,33.0,On time,Returning
104778,2026-04-28,11,Malmö,Pizza,233.0,26.0,On time,New
107968,2026-06-10,19,Stockholm,Pizza,312.0,53.0,Late,New
103626,2026-04-12,21,Malmö,Indian,281.0,32.0,On time,New
102357,2026-03-27,11,Stockholm,Pizza,166.0,53.0,Late,New
101739,2026-03-18,20,Uppsala,Thai,267.0,32.0,On time,Returning
108594,2026-06-18,10,Uppsala,Burgers,190.0,21.0,On time,Returning
104488,2026-04-24,19,Malmö,Indian,208.0,27.0,On time,Returning
109086,2026-06-25,18,Lund,Indian,194.0,38.0,On time,New
109661,2026-07-03,12,Uppsala,Pizza,250.0,49.0,Late,New
105038,2026-05-02,16,Stockholm,Burgers,305.0,50.0,Late,Returning
109795,2026-07-05,20,Malmö,Thai,209.0,36.0,On time,Returning
111814,2026-08-01,19,Stockholm,Burgers,317.0,34.0,On time,Returning
109684,2026-07-04,20,Göteborg,Sushi,133.0,37.0,On time,Returning
110143,2026-07-10,20,Stockholm,Salad,293.0,38.0,On time,Returning
109648,2026-07-03,19,Stockholm,Kebab,258.0,37.0,On time,Returning
105413,2026-05-07,13,Göteborg,Pizza,256.0,39.0,On time,Returning
112060,2026-08-04,17,Uppsala,Burgers,225.0,34.0,On time,Returning
110649,2026-07-17,19,Göteborg,Indian,275.0,49.0,Late,Returning
110818,2026-07-19,13,Göteborg,Sushi,254.0,40.0,On time,Returning
112275,2026-08-07,12,Malmö,Pizza,253.0,46.0,Late,New
108105,2026-06-12,17,Stockholm,Indian,287.0,42.0,On time,Returning
101756,2026-03-19,17,Göteborg,Vegan,242.0,40.0,On time,New
102996,2026-04-04,21,Malmö,Pizza,148.0,47.0,Late,New
108141,2026-06-12,11,Lund,Burgers,177.0,24.0,On time,New
103679,2026-04-13,19,Stockholm,Pizza,331.0,40.0,On time,Returning
101187,2026-03-11,11,Göteborg,Kebab,236.0,27.0,On time,Returning
101153,2026-03-10,14,Stockholm,Indian,351.0,30.0,On time,Returning
111737,2026-07-31,13,Stockholm,Pizza,281.0,51.0,Late,Returning
113479,2026-08-23,20,Stockholm,Burgers,370.0,37.0,Unknown,Returning
107193,2026-05-31,20,Göteborg,Burgers,163.0,50.0,Late,New
102340,2026-03-27,17,Göteborg,Pizza,278.0,34.0,On time,New
107628,2026-06-06,12,Göteborg,Thai,279.0,28.0,On time,Returning
104130,2026-04-19,11,Stockholm,Indian,177.0,29.0,On time,New
105726,2026-05-10,13,Lund,Burgers,202.0,32.0,On time,New
108937,2026-06-23,11,Malmö,Thai,167.0,52.0,Late,Returning
106347,2026-05-19,13,Malmö,Indian,207.0,34.0,On time,New
111990,2026-08-03,22,Malmö,Pizza,250.0,29.0,On time,Returning
110581,2026-07-16,16,Stockholm,Sushi,265.0,44.0,On time,New
100425,2026-02-28,18,Malmö,Sushi,211.0,27.0,On time,Returning
102306,2026-03-26,12,Malmö,Burgers,181.0,54.0,Late,New
113220,2026-08-20,13,Göteborg,Sushi,188.0,34.0,On time,New
102143,2026-03-24,20,Stockholm,Pizza,281.0,45.0,On time,Returning
101646,2026-03-17,15,Stockholm,Kebab,259.0,51.0,Late,Returning
101835,2026-03-20,12,Göteborg,Pizza,279.0,64.0,Late,New
101845,2026-03-20,18,Stockholm,Sushi,305.0,27.0,On time,Returning
112158,2026-08-06,19,Göteborg,Burgers,156.0,48.0,Late,Returning
107174,2026-05-30,20,Lund,Burgers,186.0,34.0,On time,New
100504,2026-03-01,17,Stockholm,Burgers,308.0,44.0,On time,New
110186,2026-07-11,20,Göteborg,Kebab,223.0,31.0,On time,Returning
104246,2026-04-21,20,Göteborg,Burgers,284.0,40.0,On time,Returning
100189,2026-02-25,11,Stockholm,Burgers,269.0,35.0,On time,New
103628,2026-04-12,18,Malmö,Pizza,356.0,45.0,On time,Returning
102857,2026-04-02,17,Lund,Kebab,159.0,48.0,Late,Returning
112577,2026-08-11,17,Stockholm,Pizza,302.0,47.0,Late,Returning
100315,2026-02-27,17,Stockholm,Pizza,232.0,36.0,On time,New
105476,2026-05-07,22,Uppsala,Sushi,314.0,37.0,On time,Returning
106306,2026-05-18,20,Lund,Thai,131.0,25.0,On time,New
107519,2026-06-04,19,Stockholm,Burgers,293.0,43.0,On time,Returning
105976,2026-05-14,20,Malmö,Sushi,302.0,20.0,On time,New
111604,2026-07-29,15,Malmö,Kebab,297.0,33.0,On time,Returning
105511,2026-05-08,16,Stockholm,Pizza,187.0,28.0,On time,Returning
110029,2026-07-08,19,Lund,Salad,277.0,49.0,Late,New
101604,2026-03-16,12,Malmö,Indian,302.0,35.0,On time,Returning
107988,2026-06-10,11,Uppsala,Pizza,151.0,45.0,On time,New
109905,2026-07-07,11,Stockholm,Indian,187.0,40.0,On time,New
101204,2026-03-11,10,Stockholm,Vegan,242.0,24.0,On time,New
100596,2026-03-02,11,Uppsala,Indian,312.0,47.0,Late,New
110772,2026-07-18,13,Malmö,Burgers,285.0,29.0,On time,New
100805,2026-03-06,10,Göteborg,Pizza,234.0,22.0,On time,Returning
100536,2026-03-02,11,Göteborg,Burgers,239.0,35.0,On time,New
112266,2026-08-07,10,Malmö,Thai,174.0,27.0,On time,New
108074,2026-06-11,11,Lund,Burgers,219.0,35.0,On time,Returning
104357,2026-04-22,19,Malmö,Burgers,262.0,36.0,On time,Returning
108668,2026-06-19,17,Malmö,Pizza,170.0,33.0,On time,Returning
113271,2026-08-20,19,Uppsala,Thai,247.0,28.0,On time,New
111469,2026-07-27,14,Malmö,Salad,284.0,34.0,On time,Returning
112810,2026-08-14,18,Uppsala,Vegan,227.0,46.0,Late,New
107744,2026-06-07,18,Stockholm,Kebab,277.0,41.0,On time,Returning
106689,2026-05-24,11,Göteborg,Pizza,181.0,45.0,On time,Returning
107503,2026-06-04,9,Göteborg,Sushi,411.0,37.0,On time,New
106255,2026-05-18,11,Stockholm,Burgers,245.0,41.0,On time,Returning
112326,2026-08-08,15,Stockholm,Pizza,149.0,35.0,On time,Returning
104549,2026-04-25,18,Stockholm,Burgers,225.0,35.0,On time,Returning
101862,2026-03-20,10,Malmö,Pizza,251.0,34.0,On time,New
101660,2026-03-17,16,Stockholm,Pizza,134.0,29.0,On time,Returning
106616,2026-05-23,11,Göteborg,Burgers,283.0,32.0,On time,New
101125,2026-03-10,19,Göteborg,Sushi,272.0,37.0,Unknown,Returning
104289,2026-04-21,12,Malmö,Indian,266.0,38.0,On time,Returning
102429,2026-03-28,20,Stockholm,Salad,205.0,45.0,On time,Returning
110237,2026-07-11,17,Uppsala,Pizza,310.0,250.0,Unknown,New
112160,2026-08-06,12,Göteborg,Salad,305.0,20.0,On time,Returning
102445,2026-03-28,16,Malmö,Vegan,348.0,44.0,On time,New
111257,2026-07-25,12,Göteborg,Burgers,152.0,36.0,On time,Returning
112210,2026-08-06,12,Uppsala,Pizza,244.0,27.0,On time,Returning
108607,2026-06-19,21,Göteborg,Sushi,212.0,46.0,Late,New
106352,2026-05-19,14,Malmö,Pizza,236.0,31.0,On time,Returning
109862,2026-07-06,12,Uppsala,Pizza,208.0,31.0,On time,Returning
109678,2026-07-04,12,Göteborg,Vegan,311.0,30.0,On time,Returning
102812,2026-04-02,16,Göteborg,Pizza,271.0,36.0,On time,Returning
101896,2026-03-21,23,Göteborg,Kebab,239.0,37.0,On time,Returning
102577,2026-03-30,20,Göteborg,Sushi,273.0,24.0,On time,Returning
102901,2026-04-03,22,Stockholm,Burgers,163.0,39.0,On time,New
108774,2026-06-21,10,Göteborg,Thai,150.0,45.0,On time,Returning
110204,2026-07-11,14,Stockholm,Thai,356.0,29.0,On time,New
112276,2026-08-07,11,Malmö,Burgers,167.0,48.0,Late,Returning
105107,2026-05-03,18,Göteborg,Pizza,244.0,39.0,On time,Returning
112145,2026-08-05,16,Lund,Burgers,196.0,25.0,On time,Returning
102989,2026-04-04,20,Malmö,Sushi,397.0,36.0,On time,Returning
107458,2026-06-03,14,Stockholm,Thai,265.0,31.0,On time,Returning
103090,2026-04-05,11,Malmö,Pizza,247.0,43.0,On time,Returning
100232,2026-02-26,13,Göteborg,Pizza,295.0,16.0,On time,New
101758,2026-03-19,19,Göteborg,Pizza,211.0,35.0,On time,New
104267,2026-04-21,12,Stockholm,Sushi,280.0,47.0,Late,New
100584,2026-03-02,20,Malmö,Vegan,250.0,21.0,On time,Returning
107925,2026-06-09,11,Uppsala,Sushi,331.0,40.0,On time,Returning
104263,2026-04-21,13,Stockholm,Thai,138.0,44.0,On time,New
102933,2026-04-04,19,Göteborg,Vegan,371.0,39.0,On time,New
103044,2026-04-05,11,Stockholm,Salad,302.0,48.0,Late,New
104754,2026-04-28,12,Stockholm,Sushi,270.0,36.0,On time,New
107950,2026-06-10,17,Göteborg,Kebab,217.0,38.0,On time,Returning
109107,2026-06-26,12,Stockholm,Thai,359.0,29.0,On time,Returning
104898,2026-04-30,20,Stockholm,Thai,191.0,38.0,On time,Returning
106554,2026-05-22,19,Stockholm,Pizza,323.0,54.0,Late,New
107416,2026-06-03,20,Göteborg,Pizza,291.0,25.0,On time,Returning
103104,2026-04-05,17,Uppsala,Burgers,191.0,41.0,On time,New
101821,2026-03-20,18,Göteborg,Salad,250.0,34.0,On time,Returning
100709,2026-03-04,18,Stockholm,Pizza,234.0,31.0,On time,Returning
102327,2026-03-27,18,Göteborg,Pizza,180.0,35.0,On time,Returning
106118,2026-05-16,15,Malmö,Pizza,163.0,48.0,Late,Returning
107277,2026-06-01,18,Göteborg,Vegan,297.0,38.0,On time,Returning
106721,2026-05-24,20,Stockholm,Pizza,280.0,32.0,On time,New
108964,2026-06-24,12,Göteborg,Pizza,240.0,29.0,On time,New
110692,2026-07-17,13,Malmö,Pizza,249.0,35.0,On time,Returning
110926,2026-07-20,20,Stockholm,Thai,298.0,53.0,Late,Returning
102914,2026-04-03,19,Malmö,Sushi,262.0,34.0,On time,New
108855,2026-06-22,19,Göteborg,Vegan,329.0,51.0,Late,Returning
103197,2026-04-07,19,Göteborg,Thai,239.0,30.0,On time,New
102264,2026-03-26,18,Göteborg,Kebab,205.0,28.0,On time,New
107391,2026-06-02,12,Uppsala,Thai,195.0,33.0,On time,Returning
101779,2026-03-19,18,Stockholm,Pizza,235.0,28.0,On time,Returning
108423,2026-06-16,15,Stockholm,Burgers,243.0,24.0,On time,Returning
106813,2026-05-25,17,Malmö,Burgers,251.0,43.0,On time,New
101291,2026-03-12,11,Stockholm,Pizza,233.0,48.0,Late,Returning
105881,2026-05-13,15,Stockholm,Burgers,263.0,29.0,On time,Returning
106765,2026-05-25,18,Göteborg,Pizza,343.0,48.0,Late,Returning
102033,2026-03-22,21,Uppsala,Burgers,250.0,44.0,On time,Returning
108207,2026-06-13,19,Malmö,Pizza,182.0,34.0,On time,Returning
104999,2026-05-01,17,Uppsala,Indian,235.0,15.0,On time,New
101910,2026-03-21,11,Stockholm,Burgers,226.0,33.0,On time,New
113324,2026-08-21,16,Malmö,Indian,302.0,28.0,On time,Returning
101624,2026-03-17,22,Göteborg,Kebab,283.0,29.0,On time,New
109122,2026-06-26,22,Stockholm,Burgers,230.0,36.0,On time,Returning
108005,2026-06-11,20,Göteborg,Salad,248.0,37.0,On time,Returning
103653,2026-04-13,17,Göteborg,Indian,221.0,47.0,Late,New
111523,2026-07-28,17,Stockholm,Burgers,244.0,34.0,On time,New
111868,2026-08-02,18,Göteborg,Burgers,131.0,43.0,On time,New
100560,2026-03-02,19,Stockholm,Kebab,268.0,46.0,Late,Returning
105880,2026-05-13,17,Stockholm,Thai,252.0,34.0,On time,New
100598,2026-03-02,16,Uppsala,Burgers,163.0,33.0,On time,Returning
112506,2026-08-10,16,Göteborg,Pizza,324.0,41.0,On time,Returning
108701,2026-06-20,18,Göteborg,Pizza,235.0,36.0,On time,Returning
111983,2026-08-03,12,Malmö,Sushi,348.0,31.0,On time,New
104109,2026-04-19,19,Stockholm,Burgers,217.0,59.0,Late,New
110473,2026-07-14,11,Malmö,Kebab,293.0,43.0,On time,Returning
101148,2026-03-10,17,Stockholm,Indian,284.0,18.0,On time,New
112704,2026-08-13,17,Göteborg,Indian,204.0,31.0,On time,New
105227,2026-05-04,12,Stockholm,Pizza,224.0,46.0,Late,Returning
106439,2026-05-20,17,Lund,Salad,249.0,23.0,On time,Returning
110972,2026-07-21,12,Göteborg,Sushi,269.0,28.0,On time,Returning
111550,2026-07-28,9,Uppsala,Thai,317.0,50.0,Late,Returning
106459,2026-05-21,19,Göteborg,Vegan,115.0,33.0,On time,New
109608,2026-07-03,17,Göteborg,Pizza,270.0,54.0,Late,Returning
101577,2026-03-16,13,Unknown,Sushi,121.0,67.0,Late,Returning
105386,2026-05-06,21,Malmö,Pizza,265.0,29.0,On time,Returning
104606,2026-04-26,11,Göteborg,Sushi,200.0,37.0,On time,Returning
105531,2026-05-08,10,Malmö,Pizza,251.0,46.0,Late,Returning
101121,2026-03-09,21,Lund,Pizza,205.0,45.0,On time,Returning
113110,2026-08-18,19,Stockholm,Thai,245.0,23.0,On time,Returning
101092,2026-03-09,20,Stockholm,Sushi,299.0,44.0,On time,Returning
103502,2026-04-11,18,Unknown,Vegan,283.0,38.0,On time,New
109935,2026-07-07,19,Malmö,Thai,185.0,52.0,Late,Returning
109606,2026-07-03,12,Göteborg,Burgers,271.0,37.0,On time,Returning
107328,2026-06-01,12,Uppsala,Pizza,309.0,49.0,Late,New
102469,2026-03-28,11,Uppsala,Pizza,270.0,41.0,On time,Returning
109695,2026-07-04,11,Stockholm,Sushi,209.0,47.0,Late,Returning
111939,2026-08-02,23,Lund,Vegan,300.0,63.0,Late,Returning
110245,2026-07-11,21,Lund,Burgers,89.0,35.0,On time,New
102152,2026-03-24,12,Stockholm,Pizza,182.0,49.0,Late,Returning
100760,2026-03-05,14,Stockholm,Salad,328.0,46.0,Late,Returning
110126,2026-07-10,12,Stockholm,Pizza,235.0,31.0,On time,New
100869,2026-03-06,11,Uppsala,Kebab,319.0,37.0,On time,New
109030,2026-06-25,18,Göteborg,Pizza,220.0,27.0,On time,Returning
109967,2026-07-08,17,Göteborg,Sushi,278.0,37.0,On time,New
110867,2026-07-19,17,Malmö,Pizza,263.0,48.0,Late,Returning
111564,2026-07-29,22,Göteborg,Kebab,225.0,46.0,Late,Returning
110185,2026-07-11,20,Göteborg,Thai,283.0,41.0,On time,New
101626,2026-03-17,20,Göteborg,Pizza,216.0,54.0,Late,Returning
108679,2026-06-19,13,Uppsala,Kebab,243.0,58.0,Late,Returning
104593,2026-04-26,10,Göteborg,Indian,253.0,33.0,On time,New
108532,2026-06-17,12,Uppsala,Burgers,210.0,19.0,On time,Returning
110256,2026-07-12,19,Göteborg,Burgers,304.0,41.0,On time,Returning
103735,2026-04-14,20,Göteborg,Pizza,260.0,21.0,On time,Returning
105068,2026-05-02,21,Malmö,Salad,200.0,29.0,On time,Returning
112983,2026-08-16,15,Malmö,Thai,186.0,29.0,On time,Returning
109613,2026-07-03,15,Göteborg,Thai,240.0,18.0,On time,New
105270,2026-05-04,12,Uppsala,Salad,238.0,25.0,On time,New
101808,2026-03-19,14,Uppsala,Thai,240.0,43.0,On time,New
106593,2026-05-22,12,Uppsala,Sushi,369.0,26.0,On time,Returning
102189,2026-03-25,19,Göteborg,Sushi,233.0,28.0,On time,New
101799,2026-03-19,10,Malmö,Pizza,254.0,34.0,On time,Returning
109609,2026-07-03,13,Göteborg,Thai,294.0,43.0,On time,Returning
113215,2026-08-20,11,Göteborg,Pizza,256.0,52.0,Late,New
109629,2026-07-03,20,Stockholm,Pizza,225.0,49.0,Late,Returning
102729,2026-04-01,20,Göteborg,Indian,240.0,37.0,On time,New
100853,2026-03-06,18,Malmö,Salad,311.0,37.0,On time,Returning
110164,2026-07-10,18,Uppsala,Burgers,217.0,39.0,On time,Returning
102977,2026-04-04,22,Stockholm,Indian,180.0,47.0,Late,Returning
111297,2026-07-25,12,Stockholm,Indian,226.0,27.0,On time,New
106039,2026-05-15,11,Malmö,Pizza,202.0,46.0,Late,New
100710,2026-03-04,16,Stockholm,Burgers,212.0,24.0,On time,New
109119,2026-06-26,16,Stockholm,Burgers,251.0,16.0,On time,New
103486,2026-04-11,13,Göteborg,Pizza,227.0,38.0,On time,Returning
103314,2026-04-08,14,Uppsala,Burgers,165.0,46.0,Late,Returning
104936,2026-04-30,11,Lund,Thai,312.0,51.0,Late,Returning
100662,2026-03-03,18,Malmö,Salad,269.0,37.0,Unknown,Returning
107269,2026-06-01,22,Göteborg,Burgers,321.0,33.0,On time,Returning
109808,2026-07-05,13,Uppsala,Sushi,190.0,45.0,On time,Returning
112729,2026-08-13,12,Malmö,Pizza,171.0,15.0,On time,Returning
102379,2026-03-27,10,Malmö,Kebab,165.0,38.0,On time,Returning
108374,2026-06-15,17,Stockholm,Pizza,202.0,51.0,Late,Returning
106747,2026-05-24,21,Uppsala,Burgers,309.0,55.0,Late,Returning
105230,2026-05-04,12,Stockholm,Pizza,241.0,31.0,On time,New
110199,2026-07-11,14,Stockholm,Burgers,261.0,34.0,On time,New
105713,2026-05-10,20,Uppsala,Sushi,157.0,33.0,On time,New
101297,2026-03-12,18,Stockholm,Burgers,325.0,50.0,Late,Returning
106320,2026-05-19,19,Göteborg,Sushi,261.0,22.0,On time,Returning
106447,2026-05-21,20,Göteborg,Thai,237.0,24.0,On time,Returning
102643,2026-03-31,10,Göteborg,Indian,266.0,26.0,On time,Returning
109280,2026-06-28,18,Stockholm,Vegan,162.0,53.0,Late,Returning
100589,2026-03-02,14,Malmö,Pizza,169.0,31.0,On time,Returning
109800,2026-07-05,18,Malmö,Sushi,308.0,63.0,Late,New
109306,2026-06-28,20,Malmö,Pizza,310.0,28.0,On time,New
105231,2026-05-04,13,Stockholm,Burgers,329.0,32.0,On time,New
108896,2026-06-22,14,Uppsala,Kebab,282.0,38.0,On time,Returning
107565,2026-06-05,19,Unknown,Pizza,136.0,50.0,Late,New
100964,2026-03-08,13,Göteborg,Salad,176.0,36.0,On time,Returning
105401,2026-05-06,20,Uppsala,Sushi,202.0,34.0,On time,Returning
111444,2026-07-27,20,Göteborg,Burgers,245.0,15.0,On time,New
112263,2026-08-07,17,Stockholm,Burgers,102.0,44.0,On time,Returning
107703,2026-06-06,14,Lund,Sushi,238.0,45.0,On time,Returning
106498,2026-05-21,23,Malmö,Thai,302.0,32.0,On time,Returning
112165,2026-08-06,19,Stockholm,Sushi,333.0,29.0,On time,Returning
102299,2026-03-26,20,Malmö,Sushi,294.0,34.0,On time,Returning
106105,2026-05-16,18,Stockholm,Kebab,299.0,53.0,Late,Returning
110524,2026-07-15,14,Stockholm,Burgers,326.0,42.0,On time,New
100050,2026-02-23,12,Malmö,Indian,271.0,41.0,On time,Returning
101727,2026-03-18,13,Malmö,Thai,273.0,34.0,On time,Returning
111512,2026-07-28,16,Stockholm,Sushi,200.0,21.0,On time,Returning
107669,2026-06-06,13,Stockholm,Pizza,297.0,19.0,On time,Returning
102328,2026-03-27,11,Göteborg,Sushi,173.0,32.0,On time,New
106875,2026-05-26,18,Stockholm,Kebab,283.0,30.0,On time,Returning
102539,2026-03-29,12,Stockholm,Vegan,198.0,42.0,On time,New
113183,2026-08-19,20,Malmö,Sushi,336.0,39.0,On time,Returning
100932,2026-03-07,18,Malmö,Thai,213.0,36.0,On time,New
109660,2026-07-03,11,Uppsala,Indian,327.0,40.0,On time,New
108808,2026-06-21,15,Stockholm,Burgers,264.0,34.0,On time,Returning
102415,2026-03-28,10,Göteborg,Pizza,239.0,41.0,On time,Returning
105307,2026-05-05,20,Stockholm,Kebab,247.0,50.0,Late,Returning
104467,2026-04-24,19,Stockholm,Pizza,300.0,27.0,On time,Returning
112934,2026-08-16,18,Stockholm,Kebab,234.0,39.0,On time,Returning
103701,2026-04-13,16,Unknown,Thai,272.0,41.0,On time,Returning
104793,2026-04-28,14,Lund,Sushi,215.0,37.0,Unknown,Returning
102612,2026-03-30,19,Stockholm,Indian,165.0,37.0,On time,New
111545,2026-07-28,20,Malmö,Thai,298.0,55.0,Late,Returning
103618,2026-04-12,20,Malmö,Pizza,223.0,37.0,On time,Returning
109186,2026-06-27,10,Stockholm,Thai,230.0,29.0,On time,Returning
109201,2026-06-27,12,Stockholm,Thai,277.0,36.0,On time,Returning
111208,2026-07-24,20,Stockholm,Burgers,262.0,48.0,Late,Returning
107647,2026-06-06,18,Stockholm,Burgers,168.0,36.0,On time,Returning
100971,2026-03-08,11,Göteborg,Burgers,269.0,31.0,On time,Returning
102326,2026-03-27,13,Göteborg,Kebab,225.0,37.0,On time,Returning
106695,2026-05-24,19,Stockholm,Kebab,258.0,40.0,On time,Returning
109769,2026-07-05,13,Stockholm,Salad,171.0,40.0,On time,Returning
100783,2026-03-05,13,Malmö,Pizza,224.0,47.0,Late,Returning
107690,2026-06-06,11,Malmö,Indian,204.0,30.0,On time,Returning
108477,2026-06-16,18,Lund,Kebab,265.0,34.0,On time,New
110098,2026-07-09,12,Uppsala,Vegan,198.0,40.0,On time,Returning
112887,2026-08-15,11,Malmö,Salad,154.0,52.0,Late,New
107535,2026-06-04,18,Uppsala,Burgers,359.0,36.0,On time,New
104035,2026-04-18,15,Stockholm,Thai,200.0,30.0,On time,Returning
106561,2026-05-22,13,Stockholm,Thai,316.0,22.0,On time,Returning
101252,2026-03-12,12,Göteborg,Pizza,260.0,23.0,On time,New
101071,2026-03-09,21,Stockholm,Indian,216.0,49.0,Late,Returning
105135,2026-05-03,20,Stockholm,Salad,155.0,39.0,On time,New
100382,2026-02-28,12,Göteborg,Indian,242.0,56.0,Late,Returning
111478,2026-07-27,13,Malmö,Pizza,203.0,45.0,On time,Returning
110050,2026-07-09,20,Göteborg,Salad,319.0,41.0,On time,Returning
108128,2026-06-12,13,Uppsala,Thai,273.0,41.0,On time,Returning
102054,2026-03-23,21,Göteborg,Burgers,238.0,32.0,On time,New
107541,2026-06-04,11,Lund,Thai,289.0,35.0,On time,New
112030,2026-08-04,12,Stockholm,Salad,212.0,29.0,On time,Returning
103119,2026-04-06,14,Göteborg,Pizza,182.0,46.0,Late,Returning
112360,2026-08-08,23,Stockholm,Vegan,223.0,28.0,On time,New
104296,2026-04-21,13,Uppsala,Sushi,210.0,35.0,On time,New
109503,2026-07-01,12,Stockholm,Pizza,261.0,42.0,On time,Returning
105853,2026-05-12,13,Lund,Thai,302.0,31.0,On time,Returning
112471,2026-08-09,14,Malmö,Indian,229.0,45.0,On time,Returning
105738,2026-05-11,19,Göteborg,Pizza,359.0,36.0,On time,Returning
102450,2026-03-28,10,Malmö,Burgers,353.0,43.0,On time,New
113358,2026-08-22,12,Göteborg,Pizza,307.0,38.0,On time,New
110001,2026-07-08,11,Stockholm,Salad,302.0,61.0,Late,Returning
106629,2026-05-23,21,Stockholm,Thai,258.0,36.0,On time,Returning
109243,2026-06-27,14,Uppsala,Burgers,270.0,40.0,On time,Returning
112703,2026-08-13,15,Göteborg,Pizza,232.0,43.0,On time,Returning
111920,2026-08-02,14,Malmö,Thai,242.0,34.0,On time,New
109299,2026-06-28,18,Malmö,Thai,294.0,38.0,On time,Returning
102167,2026-03-24,16,Malmö,Pizza,227.0,41.0,On time,Returning
102380,2026-03-27,18,Malmö,Kebab,203.0,24.0,On time,Returning
107133,2026-05-30,11,Stockholm,Pizza,244.0,32.0,On time,Returning
108861,2026-06-22,12,Göteborg,Burgers,240.0,34.0,On time,Returning
106541,2026-05-22,12,Göteborg,Burgers,277.0,31.0,On time,Returning
100106,2026-02-24,19,Stockholm,Pizza,147.0,44.0,On time,New
105723,2026-05-10,10,Uppsala,Burgers,335.0,55.0,Late,New
108520,2026-06-17,18,Stockholm,Burgers,196.0,43.0,On time,Returning
107976,2026-06-10,11,Stockholm,Pizza,210.0,40.0,On time,Returning
113317,2026-08-21,19,Stockholm,Salad,302.0,18.0,On time,Returning
112608,2026-08-11,12,Malmö,Kebab,260.0,21.0,On time,Returning
101296,2026-03-12,12,Stockholm,Pizza,250.0,32.0,On time,Returning
112277,2026-08-07,12,Malmö,Pizza,216.0,31.0,On time,New
104087,2026-04-19,16,Göteborg,Pizza,273.0,38.0,On time,Returning
104571,2026-04-25,19,Malmö,Salad,229.0,48.0,Late,Returning
103133,2026-04-06,11,Stockholm,Pizza,270.0,22.0,On time,Returning
106853,2026-05-26,13,Stockholm,Pizza,213.0,37.0,On time,Returning
104091,2026-04-19,14,Göteborg,Indian,222.0,36.0,On time,Returning
104059,2026-04-18,11,Unknown,Pizza,225.0,28.0,On time,Returning
110378,2026-07-13,12,Stockholm,Kebab,227.0,54.0,Late,Returning
110977,2026-07-21,11,Stockholm,Indian,277.0,45.0,On time,New
104440,2026-04-23,22,Lund,Pizza,235.0,37.0,On time,New
100389,2026-02-28,11,Stockholm,Indian,224.0,30.0,On time,Returning
104713,2026-04-27,13,Malmö,Kebab,274.0,61.0,Late,Returning
100891,2026-03-07,20,Göteborg,Burgers,230.0,43.0,On time,Returning
106687,2026-05-24,10,Göteborg,Burgers,185.0,27.0,On time,New
111556,2026-07-28,11,Lund,Vegan,165.0,48.0,Late,Returning
100052,2026-02-23,13,Malmö,Burgers,234.0,54.0,Late,Returning
108617,2026-06-19,18,Göteborg,Kebab,249.0,41.0,On time,New
110396,2026-07-13,11,Malmö,Sushi,323.0,52.0,Late,New
103141,2026-04-06,18,Stockholm,Burgers,235.0,34.0,On time,Returning
105555,2026-05-09,18,Göteborg,Kebab,250.0,45.0,On time,New
108091,2026-06-12,19,Stockholm,Burgers,248.0,52.0,Late,New
103583,2026-04-12,13,Stockholm,Kebab,228.0,53.0,Late,New
102291,2026-03-26,16,Stockholm,Sushi,293.0,31.0,On time,Returning
113060,2026-08-17,21,Lund,Burgers,304.0,41.0,On time,Returning
110138,2026-07-10,15,Stockholm,Burgers,223.0,37.0,On time,New
109236,2026-06-27,15,Malmö,Pizza,160.0,17.0,On time,Returning
108579,2026-06-18,21,Malmö,Sushi,222.0,56.0,Late,Returning
111937,2026-08-02,14,Uppsala,Pizza,312.0,35.0,On time,New
111999,2026-08-03,20,Lund,Burgers,328.0,16.0,On time,New
106011,2026-05-15,11,Göteborg,Pizza,246.0,31.0,On time,New
100268,2026-02-26,13,Malmö,Indian,353.0,53.0,Late,Returning
110159,2026-07-10,22,Malmö,Burgers,205.0,16.0,On time,Returning
101350,2026-03-13,20,Stockholm,Indian,254.0,30.0,On time,Returning
112679,2026-08-12,12,Uppsala,Burgers,191.0,31.0,On time,New
100187,2026-02-25,18,Stockholm,Thai,216.0,30.0,On time,Returning
100749,2026-03-05,17,Göteborg,Thai,108.0,31.0,On time,New
100319,2026-02-27,11,Stockholm,Burgers,243.0,47.0,Late,New
111711,2026-07-31,11,Göteborg,Pizza,413.0,44.0,On time,Returning
107980,2026-06-10,11,Malmö,Kebab,270.0,43.0,On time,Returning
109626,2026-07-03,16,Stockholm,Kebab,210.0,55.0,Late,New
101417,2026-03-14,17,Stockholm,Burgers,276.0,38.0,On time,New
101754,2026-03-19,10,Göteborg,Indian,287.0,31.0,On time,New
106492,2026-05-21,11,Stockholm,Thai,301.0,17.0,On time,New
113113,2026-08-18,12,Stockholm,Burgers,376.0,36.0,On time,New
102805,2026-04-02,12,Göteborg,Burgers,288.0,35.0,On time,Returning
109523,2026-07-01,14,Uppsala,Burgers,272.0,33.0,On time,New
105958,2026-05-14,17,Stockholm,Salad,254.0,28.0,On time,Returning
112784,2026-08-14,18,Stockholm,Kebab,189.0,27.0,On time,Returning
109590,2026-07-02,19,Unknown,Thai,228.0,35.0,On time,Returning
112890,2026-08-15,13,Malmö,Kebab,210.0,34.0,On time,Returning
110141,2026-07-10,14,Stockholm,Salad,328.0,55.0,Late,Returning
100484,2026-03-01,19,Stockholm,Sushi,242.0,38.0,On time,New
111861,2026-08-02,18,Göteborg,Thai,299.0,17.0,On time,Returning
112431,2026-08-09,18,Stockholm,Burgers,236.0,31.0,On time,Returning
103511,2026-04-11,18,Stockholm,Kebab,299.0,39.0,On time,Returning
103896,2026-04-16,9,Stockholm,Sushi,247.0,29.0,On time,New
100090,2026-02-24,21,Unknown,Pizza,194.0,45.0,On time,Returning
107840,2026-06-08,15,Malmö,Kebab,243.0,22.0,On time,Returning
107035,2026-05-29,11,Göteborg,Burgers,251.0,45.0,On time,New
109940,2026-07-07,23,Malmö,Indian,211.0,39.0,On time,New
103551,2026-04-11,13,Lund,Burgers,343.0,49.0,Late,Returning
105792,2026-05-11,11,Uppsala,Kebab,191.0,32.0,On time,Returning
111163,2026-07-23,12,Lund,Kebab,226.0,30.0,On time,New
108277,2026-06-14,19,Stockholm,Indian,321.0,23.0,On time,Returning
102318,2026-03-26,11,Uppsala,Sushi,179.0,29.0,On time,Returning
107334,2026-06-02,17,Göteborg,Burgers,294.0,50.0,Late,New
102139,2026-03-24,17,Stockholm,Sushi,237.0,42.0,On time,Returning
108537,2026-06-17,19,Uppsala,Thai,226.0,34.0,On time,Returning
113524,2026-08-23,14,Lund,Indian,149.0,39.0,On time,Returning
107069,2026-05-29,12,Unknown,Pizza,165.0,26.0,On time,New
106623,2026-05-23,20,Stockholm,Burgers,277.0,19.0,On time,Returning
106391,2026-05-20,12,Stockholm,Vegan,348.0,34.0,On time,New
109015,2026-06-24,11,Uppsala,Vegan,248.0,25.0,On time,Returning
101108,2026-03-09,11,Malmö,Vegan,168.0,35.0,On time,Returning
101798,2026-03-19,15,Malmö,Sushi,159.0,34.0,On time,New
110295,2026-07-12,15,Stockholm,Burgers,200.0,62.0,Late,New
108506,2026-06-17,19,Stockholm,Thai,240.0,32.0,On time,Returning
106705,2026-05-24,20,Stockholm,Sushi,250.0,42.0,On time,Returning
102847,2026-04-02,19,Malmö,Pizza,270.0,42.0,On time,New
113303,2026-08-21,12,Stockholm,Salad,264.0,42.0,On time,New
102982,2026-04-04,12,Stockholm,Pizza,193.0,34.0,On time,New
112665,2026-08-12,15,Malmö,Thai,245.0,27.0,On time,New
103417,2026-04-10,15,Göteborg,Thai,272.0,54.0,Late,Returning
108581,2026-06-18,13,Malmö,Sushi,363.0,27.0,On time,Returning
109389,2026-06-29,11,Uppsala,Kebab,287.0,27.0,On time,New
107244,2026-05-31,22,Malmö,Pizza,278.0,46.0,Late,Returning
106474,2026-05-21,18,Stockholm,Kebab,221.0,26.0,On time,New
109120,2026-06-26,14,Stockholm,Vegan,89.0,53.0,Late,New
109073,2026-06-25,12,Malmö,Burgers,236.0,41.0,On time,Returning
100625,2026-03-03,12,Stockholm,Sushi,171.0,32.0,On time,New
107094,2026-05-30,12,Göteborg,Burgers,340.0,35.0,On time,New
107241,2026-05-31,12,Malmö,Salad,256.0,20.0,On time,New
110730,2026-07-18,16,Stockholm,Salad,167.0,28.0,On time,Returning
102879,2026-04-03,17,Stockholm,Indian,291.0,36.0,On time,Returning
103218,2026-04-07,10,Stockholm,Salad,260.0,51.0,Late,Returning
103873,2026-04-16,19,Göteborg,Indian,199.0,32.0,On time,Returning
113281,2026-08-20,15,Lund,Pizza,225.0,26.0,On time,Returning
112183,2026-08-06,12,Stockholm,Burgers,269.0,22.0,On time,Returning
113062,2026-08-17,13,Lund,Kebab,269.0,26.0,On time,Returning
104226,2026-04-20,21,Uppsala,Thai,242.0,30.0,On time,Returning
113253,2026-08-20,12,Unknown,Burgers,208.0,42.0,On time,New
102412,2026-03-28,18,Unknown,Sushi,234.0,36.0,On time,Returning
111970,2026-08-03,20,Stockholm,Kebab,239.0,38.0,On time,Returning
106364,2026-05-19,14,Lund,Sushi,222.0,38.0,On time,New
111765,2026-07-31,15,Lund,Thai,149.0,48.0,Late,Returning
103286,2026-04-08,11,Stockholm,Burgers,209.0,37.0,On time,Returning
110975,2026-07-21,19,Göteborg,Pizza,177.0,26.0,On time,New
104424,2026-04-23,17,Malmö,Kebab,300.0,39.0,On time,New
100367,2026-02-28,12,Göteborg,Pizza,224.0,42.0,On time,New
110592,2026-07-16,20,Stockholm,Pizza,249.0,45.0,On time,New
101404,2026-03-14,14,Stockholm,Kebab,253.0,19.0,On time,Returning
109482,2026-07-01,17,Göteborg,Vegan,304.0,40.0,On time,Returning
103466,2026-04-10,16,Unknown,Burgers,226.0,37.0,Unknown,New
110888,2026-07-19,19,Lund,Burgers,283.0,43.0,On time,Returning
111087,2026-07-22,17,Malmö,Pizza,181.0,32.0,On time,New
113083,2026-08-18,17,Stockholm,Pizza,194.0,29.0,On time,Returning
108429,2026-06-16,19,Stockholm,Sushi,279.0,41.0,On time,Returning
100384,2026-02-28,18,Stockholm,Burgers,344.0,31.0,On time,Returning
106736,2026-05-24,18,Malmö,Indian,282.0,32.0,On time,Returning
108347,2026-06-15,12,Stockholm,Sushi,189.0,36.0,On time,New
109567,2026-07-02,20,Stockholm,Thai,312.0,34.0,On time,New
105074,2026-05-02,20,Malmö,Burgers,189.0,31.0,On time,Returning
106732,2026-05-24,10,Malmö,Vegan,89.0,48.0,Late,Returning
107781,2026-06-07,16,Malmö,Pizza,325.0,39.0,On time,Returning
108395,2026-06-15,19,Uppsala,Vegan,190.0,35.0,On time,Returning
104717,2026-04-27,10,Malmö,Sushi,251.0,41.0,On time,Returning
110482,2026-07-14,11,Uppsala,Burgers,298.0,22.0,On time,Returning
103811,2026-04-15,12,Göteborg,Kebab,160.0,19.0,On time,Returning
104807,2026-04-29,19,Göteborg,Kebab,198.0,47.0,Late,New
105719,2026-05-10,11,Uppsala,Sushi,284.0,27.0,On time,Returning
107008,2026-05-28,11,Unknown,Indian,140.0,42.0,On time,New
110130,2026-07-10,14,Stockholm,Burgers,382.0,55.0,Late,Returning
103663,2026-04-13,12,Göteborg,Vegan,305.0,25.0,On time,Returning
108601,2026-06-18,11,Lund,Thai,248.0,29.0,On time,New
111004,2026-07-21,15,Stockholm,Kebab,192.0,23.0,On time,Returning
109841,2026-07-06,18,Stockholm,Sushi,251.0,31.0,On time,Returning
107413,2026-06-03,17,Göteborg,Salad,245.0,27.0,On time,New
106750,2026-05-24,12,Uppsala,Pizza,233.0,32.0,On time,New
110411,2026-07-13,18,Uppsala,Burgers,230.0,41.0,On time,New
102159,2026-03-24,14,Stockholm,Pizza,250.0,250.0,Unknown,Returning
111770,2026-08-01,19,Göteborg,Kebab,299.0,250.0,Unknown,New
112625,2026-08-12,11,Göteborg,Thai,230.0,41.0,On time,New
106902,2026-05-27,13,Göteborg,Sushi,318.0,44.0,On time,Returning
108593,2026-06-18,12,Uppsala,Pizza,267.0,39.0,On time,Returning
106191,2026-05-17,12,Unknown,Pizza,155.0,30.0,On time,New
106275,2026-05-18,16,Stockholm,Indian,275.0,36.0,On time,New
104733,2026-04-28,19,Göteborg,Burgers,300.0,42.0,On time,Returning
107679,2026-06-06,11,Malmö,Vegan,263.0,38.0,On time,Returning
109023,2026-06-24,18,Lund,Sushi,314.0,36.0,On time,Returning
103474,2026-04-10,23,Lund,Burgers,305.0,36.0,On time,Returning
104951,2026-05-01,16,Göteborg,Kebab,233.0,30.0,On time,Returning
103914,2026-04-16,17,Malmö,Pizza,233.0,20.0,On time,New
107230,2026-05-31,13,Stockholm,Pizza,373.0,37.0,On time,Returning
109728,2026-07-04,13,Uppsala,Pizza,273.0,45.0,On time,New
106130,2026-05-16,15,Uppsala,Pizza,274.0,27.0,On time,New
108007,2026-06-11,20,Göteborg,Pizza,305.0,40.0,On time,New
110177,2026-07-11,13,Göteborg,Indian,260.0,43.0,On time,New
100970,2026-03-08,17,Göteborg,Vegan,232.0,50.0,Late,Returning
105041,2026-05-02,21,Stockholm,Pizza,128.0,35.0,On time,Returning
101419,2026-03-14,12,Stockholm,Salad,133.0,43.0,On time,New
100703,2026-03-04,20,Stockholm,Burgers,281.0,56.0,Late,Returning
104914,2026-04-30,12,Malmö,Pizza,281.0,36.0,On time,Returning
106520,2026-05-21,12,Lund,Pizza,213.0,26.0,On time,Returning
105666,2026-05-10,19,Stockholm,Sushi,364.0,36.0,On time,New
106245,2026-05-18,17,Göteborg,Vegan,261.0,35.0,On time,New
107883,2026-06-09,19,Stockholm,Thai,269.0,25.0,On time,Returning
107676,2026-06-06,20,Malmö,Thai,262.0,50.0,Late,Returning
104350,2026-04-22,14,Stockholm,Pizza,262.0,38.0,On time,Returning
111137,2026-07-23,13,Stockholm,Pizza,180.0,47.0,Late,Returning
103554,2026-04-11,20,Lund,Kebab,336.0,31.0,On time,Returning
100450,2026-03-01,12,Göteborg,Sushi,211.0,30.0,On time,Returning
102183,2026-03-24,11,Lund,Pizza,323.0,35.0,On time,Returning
110889,2026-07-20,20,Göteborg,Pizza,240.0,31.0,On time,New
112419,2026-08-09,15,Stockholm,Indian,269.0,49.0,Late,Returning
108972,2026-06-24,12,Göteborg,Thai,273.0,41.0,On time,Returning
109974,2026-07-08,14,Göteborg,Sushi,256.0,34.0,On time,New
103535,2026-04-11,20,Malmö,Thai,183.0,23.0,On time,New
108753,2026-06-20,10,Uppsala,Kebab,244.0,38.0,On time,Returning
102815,2026-04-02,18,Stockholm,Thai,239.0,47.0,Late,Returning
112056,2026-08-04,20,Malmö,Pizza,283.0,35.0,On time,Returning
107483,2026-06-03,10,Lund,Burgers,151.0,30.0,On time,Returning
103109,2026-04-05,9,Uppsala,Salad,159.0,36.0,On time,Returning
105021,2026-05-02,13,Göteborg,Burgers,212.0,39.0,On time,New
102267,2026-03-26,17,Unknown,Burgers,295.0,42.0,On time,Returning
100317,2026-02-27,22,Stockholm,Burgers,262.0,42.0,On time,Returning
107356,2026-06-02,17,Stockholm,Pizza,257.0,25.0,On time,Returning
108097,2026-06-12,11,Stockholm,Kebab,263.0,29.0,On time,Returning
110930,2026-07-20,20,Stockholm,Sushi,306.0,38.0,On time,Returning
105566,2026-05-09,18,Göteborg,Pizza,299.0,37.0,On time,New
107910,2026-06-09,12,Malmö,Pizza,334.0,39.0,On time,New
106914,2026-05-27,12,Göteborg,Burgers,350.0,43.0,On time,New
101610,2026-03-16,13,Lund,Indian,207.0,43.0,On time,Returning
101730,2026-03-18,13,Malmö,Burgers,301.0,31.0,On time,Returning
108704,2026-06-20,18,Göteborg,Sushi,304.0,51.0,Late,New
108665,2026-06-19,19,Malmö,Burgers,218.0,40.0,On time,Returning
101543,2026-03-15,18,Lund,Burgers,309.0,52.0,Late,Returning
109351,2026-06-29,20,Stockholm,Pizza,210.0,41.0,On time,Returning
101277,2026-03-12,21,Stockholm,Burgers,390.0,46.0,Late,Returning
100640,2026-03-03,16,Stockholm,Indian,298.0,38.0,On time,New
107376,2026-06-02,10,Stockholm,Kebab,289.0,45.0,On time,Returning
105850,2026-05-12,21,Lund,Sushi,245.0,38.0,On time,Returning
111740,2026-07-31,13,Stockholm,Indian,182.0,40.0,On time,Returning
108658,2026-06-19,13,Stockholm,Burgers,218.0,41.0,On time,Returning
108789,2026-06-21,18,Stockholm,Burgers,335.0,37.0,Unknown,New
113314,2026-08-21,15,Stockholm,Vegan,226.0,22.0,On time,Returning
102696,2026-03-31,18,Stockholm,Kebab,349.0,26.0,On time,New
102624,2026-03-30,18,Malmö,Burgers,203.0,30.0,On time,Returning
112695,2026-08-13,18,Göteborg,Pizza,249.0,36.0,On time,New
112722,2026-08-13,17,Stockholm,Pizza,226.0,33.0,On time,Returning
105112,2026-05-03,21,Göteborg,Burgers,197.0,36.0,On time,Returning
105127,2026-05-03,9,Stockholm,Pizza,233.0,54.0,Late,Returning
109009,2026-06-24,21,Malmö,Indian,267.0,29.0,On time,New
113199,2026-08-19,13,Lund,Pizza,185.0,32.0,On time,Returning
101217,2026-03-11,14,Stockholm,Pizza,193.0,31.0,On time,Returning
106789,2026-05-25,19,Stockholm,Thai,204.0,36.0,On time,New
100429,2026-02-28,12,Malmö,Burgers,265.0,51.0,Late,Returning
104780,2026-04-28,16,Malmö,Pizza,183.0,23.0,On time,New
112249,2026-08-07,14,Stockholm,Salad,339.0,30.0,On time,New
109195,2026-06-27,22,Stockholm,Kebab,162.0,28.0,On time,Returning
104143,2026-04-19,14,Malmö,Burgers,245.0,20.0,On time,New
108688,2026-06-19,12,Lund,Thai,155.0,23.0,On time,Returning
103566,2026-04-12,22,Göteborg,Vegan,201.0,44.0,On time,New
102512,2026-03-29,17,Stockholm,Pizza,276.0,26.0,On time,Returning
103429,2026-04-10,13,Stockholm,Indian,334.0,35.0,On time,New
109293,2026-06-28,11,Malmö,Pizza,247.0,38.0,On time,Returning
110659,2026-07-17,9,Stockholm,Burgers,189.0,32.0,On time,Returning
102991,2026-04-04,19,Malmö,Vegan,286.0,62.0,Late,New
105550,2026-05-09,12,Göteborg,Pizza,247.0,37.0,On time,Returning
112995,2026-08-16,19,Lund,Salad,203.0,27.0,On time,New
110896,2026-07-20,20,Göteborg,Burgers,297.0,26.0,On time,New
105992,2026-05-14,12,Lund,Salad,236.0,51.0,Late,Returning
105219,2026-05-04,21,Göteborg,Kebab,273.0,37.0,On time,New
113221,2026-08-20,11,Göteborg,Pizza,333.0,39.0,On time,Returning
107852,2026-06-08,17,Uppsala,Pizza,176.0,31.0,On time,Returning
109069,2026-06-25,11,Malmö,Salad,270.0,42.0,On time,New
102567,2026-03-29,15,Lund,Vegan,285.0,36.0,On time,Returning
109463,2026-07-01,13,Göteborg,Pizza,223.0,36.0,On time,Returning
110428,2026-07-14,15,Göteborg,Burgers,183.0,37.0,On time,New
112099,2026-08-05,19,Stockholm,Indian,294.0,37.0,Unknown,Returning
113019,2026-08-17,13,Stockholm,Sushi,227.0,38.0,On time,Returning
109354,2026-06-29,12,Stockholm,Sushi,262.0,49.0,Late,Returning
101634,2026-03-17,20,Stockholm,Kebab,197.0,37.0,Unknown,New
110558,2026-07-15,22,Uppsala,Sushi,350.0,34.0,On time,Returning
108373,2026-06-15,19,Stockholm,Sushi,89.0,44.0,On time,Returning
105668,2026-05-10,12,Stockholm,Sushi,314.0,37.0,On time,Returning
103289,2026-04-08,16,Stockholm,Kebab,270.0,45.0,On time,Returning
102055,2026-03-23,18,Göteborg,Pizza,230.0,40.0,On time,New
101500,2026-03-15,21,Stockholm,Indian,360.0,42.0,On time,Returning
107805,2026-06-08,17,Göteborg,Sushi,207.0,23.0,On time,Returning
100063,2026-02-23,19,Uppsala,Pizza,296.0,37.0,On time,New
103758,2026-04-14,12,Stockholm,Pizza,349.0,37.0,On time,Returning
103531,2026-04-11,20,Malmö,Kebab,265.0,37.0,On time,Returning
105510,2026-05-08,9,Stockholm,Pizza,241.0,18.0,On time,Returning
110072,2026-07-09,11,Stockholm,Pizza,353.0,46.0,Late,Returning
108094,2026-06-12,12,Stockholm,Sushi,227.0,26.0,On time,Returning
104465,2026-04-24,11,Stockholm,Kebab,260.0,40.0,On time,New
103391,2026-04-09,13,Uppsala,Burgers,268.0,30.0,On time,New
105446,2026-05-07,12,Stockholm,Pizza,264.0,21.0,On time,Returning
100396,2026-02-28,14,Stockholm,Pizza,313.0,50.0,Late,Returning
106311,2026-05-19,15,Göteborg,Thai,328.0,37.0,Unknown,Returning
105962,2026-05-14,14,Stockholm,Indian,273.0,33.0,On time,Returning
111804,2026-08-01,14,Stockholm,Kebab,241.0,21.0,On time,Returning
108253,2026-06-14,11,Stockholm,Pizza,248.0,36.0,On time,New
103227,2026-04-07,19,Malmö,Burgers,229.0,35.0,On time,Returning
107463,2026-06-03,13,Malmö,Burgers,236.0,47.0,Late,New
103861,2026-04-15,12,Lund,Sushi,233.0,37.0,Unknown,Returning
105317,2026-05-05,17,Stockholm,Sushi,303.0,43.0,On time,New
109170,2026-06-27,13,Göteborg,Pizza,299.0,27.0,On time,Returning
102666,2026-03-31,20,Stockholm,Sushi,300.0,30.0,On time,Returning
111755,2026-07-31,14,Malmö,Thai,184.0,35.0,On time,Returning
112301,2026-08-08,13,Göteborg,Sushi,144.0,50.0,Late,Returning
100114,2026-02-24,12,Stockholm,Pizza,347.0,15.0,On time,Returning
112552,2026-08-10,13,Uppsala,Pizza,268.0,33.0,On time,New
103354,2026-04-09,21,Stockholm,Pizza,287.0,47.0,Late,Returning
106224,2026-05-17,13,Uppsala,Sushi,322.0,51.0,Late,New
113346,2026-08-21,13,Lund,Pizza,209.0,24.0,On time,New
111578,2026-07-29,17,Stockholm,Kebab,270.0,34.0,On time,Returning
104573,2026-04-25,13,Malmö,Burgers,193.0,63.0,Late,Returning
102525,2026-03-29,18,Stockholm,Sushi,281.0,47.0,Late,New
102529,2026-03-29,12,Stockholm,Pizza,201.0,24.0,On time,Returning
105642,2026-05-10,14,Göteborg,Sushi,259.0,35.0,On time,Returning
104956,2026-05-01,18,Stockholm,Thai,141.0,38.0,On time,Returning
104252,2026-04-21,11,Göteborg,Thai,158.0,39.0,On time,Returning
108760,2026-06-20,18,Lund,Pizza,221.0,54.0,Late,New
103585,2026-04-12,18,Stockholm,Indian,266.0,32.0,On time,New
104818,2026-04-29,10,Stockholm,Kebab,142.0,26.0,On time,New
110297,2026-07-12,20,Stockholm,Pizza,182.0,38.0,On time,Returning
106536,2026-05-22,22,Göteborg,Kebab,276.0,31.0,On time,New
110168,2026-07-10,21,Lund,Indian,166.0,31.0,On time,New
112117,2026-08-05,18,Stockholm,Vegan,316.0,24.0,On time,Returning
110077,2026-07-09,20,Stockholm,Indian,369.0,30.0,On time,Returning
111334,2026-07-25,10,Lund,Burgers,295.0,40.0,On time,New
105560,2026-05-09,12,Göteborg,Pizza,320.0,41.0,On time,New
107022,2026-05-28,11,Uppsala,Indian,239.0,40.0,On time,New
108554,2026-06-18,13,Göteborg,Sushi,219.0,52.0,Late,Returning
105747,2026-05-11,20,Göteborg,Kebab,214.0,29.0,On time,Returning
102794,2026-04-02,11,Göteborg,Burgers,286.0,38.0,On time,Returning
104065,2026-04-18,19,Lund,Kebab,350.0,29.0,On time,Returning
108122,2026-06-12,12,Malmö,Sushi,221.0,21.0,On time,Returning
101234,2026-03-11,16,Malmö,Kebab,315.0,36.0,On time,New
108193,2026-06-13,12,Stockholm,Indian,154.0,34.0,On time,Returning
103427,2026-04-10,10,Stockholm,Burgers,248.0,25.0,On time,New
112126,2026-08-05,18,Malmö,Thai,285.0,37.0,On time,Returning
101169,2026-03-10,17,Malmö,Indian,171.0,39.0,On time,New
101885,2026-03-21,23,Göteborg,Burgers,204.0,33.0,On time,Returning
112494,2026-08-10,11,Göteborg,Kebab,217.0,35.0,On time,New
100646,2026-03-03,22,Stockholm,Indian,340.0,43.0,On time,Returning
103841,2026-04-15,17,Malmö,Kebab,233.0,51.0,Late,New
101882,2026-03-21,12,Göteborg,Kebab,255.0,41.0,On time,Returning
110901,2026-07-20,16,Göteborg,Sushi,254.0,35.0,On time,New
112634,2026-08-12,20,Göteborg,Pizza,211.0,47.0,Late,Returning
106840,2026-05-26,19,Göteborg,Burgers,317.0,33.0,On time,New
113003,2026-08-17,18,Göteborg,Sushi,302.0,30.0,On time,New
100690,2026-03-04,16,Göteborg,Indian,328.0,40.0,On time,New
100578,2026-03-02,19,Stockholm,Burgers,202.0,31.0,On time,Returning
104798,2026-04-29,16,Göteborg,Thai,206.0,41.0,On time,Returning
109876,2026-07-06,11,Lund,Pizza,179.0,34.0,On time,Returning
113210,2026-08-20,19,Göteborg,Kebab,298.0,32.0,On time,Returning
104928,2026-04-30,12,Uppsala,Sushi,257.0,37.0,On time,Returning
100004,2026-02-23,12,Göteborg,Kebab,247.0,36.0,On time,Returning
111734,2026-07-31,11,Stockholm,Burgers,250.0,49.0,Late,New
107648,2026-06-06,13,Stockholm,Burgers,268.0,30.0,On time,Returning
110455,2026-07-14,15,Stockholm,Thai,274.0,36.0,On time,Returning
101693,2026-03-18,20,Göteborg,Salad,255.0,37.0,Unknown,Returning
103381,2026-04-09,23,Unknown,Kebab,284.0,42.0,On time,New
100469,2026-03-01,11,Göteborg,Thai,242.0,29.0,On time,Returning
100078,2026-02-23,21,Lund,Pizza,228.0,49.0,Late,New
112842,2026-08-15,19,Stockholm,Kebab,339.0,50.0,Late,Returning
112999,2026-08-17,14,Göteborg,Pizza,232.0,38.0,On time,New
109176,2026-06-27,21,Göteborg,Pizza,243.0,27.0,On time,New
108396,2026-06-15,18,Lund,Pizza,296.0,21.0,On time,Returning
108283,2026-06-14,13,Stockholm,Indian,253.0,51.0,Late,Returning
111607,2026-07-29,19,Malmö,Vegan,221.0,30.0,On time,Returning
104529,2026-04-25,13,Göteborg,Burgers,124.0,46.0,Late,Returning
102692,2026-03-31,20,Stockholm,Sushi,286.0,33.0,On time,New
107702,2026-06-06,20,Uppsala,Sushi,137.0,37.0,On time,New
110810,2026-07-19,18,Göteborg,Pizza,331.0,31.0,On time,New
106220,2026-05-17,17,Uppsala,Pizza,179.0,32.0,On time,New
113126,2026-08-18,19,Uppsala,Pizza,382.0,27.0,On time,Returning
112170,2026-08-06,12,Unknown,Thai,242.0,27.0,On time,Returning
104984,2026-05-01,11,Stockholm,Burgers,260.0,32.0,On time,Returning
111474,2026-07-27,15,Malmö,Sushi,192.0,47.0,Late,New
109028,2026-06-25,16,Göteborg,Pizza,301.0,23.0,On time,Returning
110070,2026-07-09,15,Stockholm,Vegan,336.0,25.0,On time,New
103905,2026-04-16,11,Malmö,Burgers,247.0,44.0,On time,New
102865,2026-04-03,19,Göteborg,Salad,205.0,38.0,On time,New
107137,2026-05-30,19,Stockholm,Pizza,250.0,32.0,On time,Returning
110815,2026-07-19,18,Göteborg,Pizza,266.0,39.0,On time,Returning
104295,2026-04-21,10,Uppsala,Sushi,307.0,35.0,On time,New
105494,2026-05-08,21,Göteborg,Salad,268.0,41.0,On time,Returning
107524,2026-06-04,19,Malmö,Burgers,303.0,25.0,On time,New
108786,2026-06-21,11,Göteborg,Burgers,239.0,37.0,On time,Returning
109442,2026-06-30,17,Malmö,Thai,300.0,51.0,Late,Returning
112484,2026-08-09,19,Lund,Indian,292.0,19.0,On time,Returning
100285,2026-02-26,13,Lund,Pizza,196.0,44.0,On time,Returning
100919,2026-03-07,12,Stockholm,Indian,270.0,31.0,On time,New
108249,2026-06-14,20,Stockholm,Pizza,341.0,33.0,On time,Returning
100702,2026-03-04,19,Stockholm,Thai,209.0,38.0,On time,New
100761,2026-03-05,19,Stockholm,Pizza,300.0,27.0,On time,Returning
111684,2026-07-30,19,Malmö,Sushi,303.0,49.0,Late,New
108684,2026-06-19,20,Lund,Indian,236.0,33.0,On time,New
102127,2026-03-24,16,Göteborg,Sushi,294.0,47.0,Late,Returning
103301,2026-04-08,12,Malmö,Kebab,224.0,37.0,Unknown,Returning
101488,2026-03-15,12,Stockholm,Pizza,223.0,25.0,On time,Returning
107004,2026-05-28,18,Stockholm,Salad,227.0,40.0,On time,Returning
109472,2026-07-01,10,Göteborg,Kebab,284.0,30.0,On time,Returning
102878,2026-04-03,13,Göteborg,Sushi,338.0,17.0,On time,New
102133,2026-03-24,15,Göteborg,Sushi,211.0,49.0,Late,Returning
112601,2026-08-11,21,Malmö,Kebab,303.0,25.0,On time,New
103338,2026-04-09,17,Göteborg,Sushi,298.0,40.0,On time,Returning
108841,2026-06-21,18,Lund,Pizza,240.0,24.0,On time,Returning
105110,2026-05-03,10,Göteborg,Sushi,182.0,22.0,On time,Returning
104433,2026-04-23,13,Uppsala,Burgers,313.0,41.0,On time,Returning
106383,2026-05-20,11,Göteborg,Sushi,265.0,23.0,On time,Returning
100913,2026-03-07,16,Stockholm,Pizza,290.0,32.0,On time,Returning
104686,2026-04-27,18,Stockholm,Kebab,244.0,40.0,On time,Returning
108628,2026-06-19,12,Stockholm,Pizza,353.0,37.0,On time,New
107774,2026-06-07,11,Malmö,Salad,193.0,28.0,On time,New
106417,2026-05-20,18,Stockholm,Pizza,256.0,36.0,On time,New
102739,2026-04-01,16,Göteborg,Vegan,231.0,35.0,On time,Returning
100943,2026-03-07,19,Malmö,Sushi,233.0,55.0,Late,Returning
113432,2026-08-22,11,Lund,Burgers,290.0,45.0,On time,New
105870,2026-05-13,12,Göteborg,Sushi,317.0,37.0,On time,Returning
104190,2026-04-20,18,Stockholm,Sushi,232.0,40.0,On time,New
111250,2026-07-25,19,Göteborg,Sushi,247.0,38.0,On time,New
110421,2026-07-14,10,Göteborg,Burgers,200.0,38.0,On time,New
104597,2026-04-26,11,Unknown,Sushi,266.0,37.0,On time,Returning
102261,2026-03-26,10,Göteborg,Kebab,299.0,41.0,On time,Returning
104163,2026-04-19,18,Lund,Vegan,216.0,42.0,On time,Returning
111086,2026-07-22,10,Malmö,Kebab,216.0,24.0,On time,Returning
112097,2026-08-05,12,Stockholm,Indian,295.0,42.0,On time,Returning
101323,2026-03-12,18,Lund,Burgers,297.0,44.0,On time,New
106462,2026-05-21,19,Stockholm,Burgers,290.0,52.0,Late,New
100369,2026-02-28,12,Göteborg,Pizza,200.0,37.0,On time,New
109924,2026-07-07,16,Stockholm,Salad,308.0,28.0,On time,Returning
110357,2026-07-13,19,Göteborg,Burgers,179.0,41.0,On time,Returning
109557,2026-07-02,13,Stockholm,Pizza,265.0,44.0,On time,Returning
106588,2026-05-22,19,Uppsala,Burgers,262.0,27.0,On time,Returning
101592,2026-03-16,19,Malmö,Burgers,299.0,26.0,On time,New
100494,2026-03-01,17,Stockholm,Sushi,127.0,37.0,On time,Returning
104329,2026-04-22,18,Stockholm,Sushi,232.0,50.0,Late,New
111260,2026-07-25,20,Göteborg,Vegan,296.0,31.0,On time,New
111979,2026-08-03,19,Stockholm,Salad,281.0,54.0,Late,New
107684,2026-06-06,14,Malmö,Thai,229.0,38.0,On time,New
108029,2026-06-11,17,Stockholm,Sushi,265.0,44.0,On time,Returning
107966,2026-06-10,10,Stockholm,Burgers,262.0,53.0,Late,Returning
103258,2026-04-08,18,Göteborg,Indian,217.0,41.0,On time,New
109270,2026-06-28,16,Göteborg,Indian,207.0,28.0,On time,Returning
101459,2026-03-14,12,Lund,Kebab,229.0,35.0,On time,Returning
101618,2026-03-17,20,Göteborg,Indian,218.0,29.0,On time,Returning
101558,2026-03-16,19,Göteborg,Burgers,339.0,37.0,On time,Returning
112584,2026-08-11,19,Stockholm,Burgers,298.0,44.0,On time,Returning
112079,2026-08-05,12,Göteborg,Indian,310.0,37.0,On time,Returning
102126,2026-03-24,22,Göteborg,Thai,286.0,29.0,On time,New
112756,2026-08-14,18,Göteborg,Salad,321.0,32.0,On time,New
105393,2026-05-06,11,Malmö,Burgers,301.0,33.0,On time,New
104640,2026-04-26,16,Malmö,Burgers,178.0,42.0,On time,Returning
106790,2026-05-25,15,Stockholm,Thai,230.0,26.0,On time,New
113289,2026-08-21,18,Göteborg,Burgers,196.0,22.0,On time,New
105752,2026-05-11,12,Unknown,Kebab,185.0,17.0,On time,Returning
110839,2026-07-19,20,Stockholm,Indian,232.0,42.0,On time,Returning
100423,2026-02-28,19,Malmö,Burgers,186.0,34.0,On time,Returning
111323,2026-07-25,19,Unknown,Pizza,274.0,33.0,On time,New
104110,2026-04-19,17,Stockholm,Kebab,328.0,58.0,Late,New
106236,2026-05-18,11,Göteborg,Kebab,267.0,34.0,On time,Returning
107323,2026-06-01,21,Uppsala,Kebab,298.0,45.0,On time,Returning
110516,2026-07-15,11,Stockholm,Indian,248.0,45.0,On time,Returning
108167,2026-06-13,12,Stockholm,Burgers,235.0,54.0,Late,Returning
112143,2026-08-05,9,Lund,Indian,252.0,43.0,On time,New
107943,2026-06-10,12,Göteborg,Burgers,299.0,37.0,On time,Returning
100993,2026-03-08,13,Stockholm,Pizza,252.0,22.0,On time,New
112741,2026-08-13,14,Malmö,Sushi,220.0,36.0,On time,New
100141,2026-02-24,11,Lund,Pizza,368.0,43.0,On time,Returning
108121,2026-06-12,12,Malmö,Burgers,193.0,21.0,On time,Returning
110733,2026-07-18,22,Stockholm,Burgers,258.0,49.0,Late,Returning
100072,2026-02-23,19,Uppsala,Pizza,312.0,37.0,On time,Returning
102297,2026-03-26,11,Malmö,Kebab,182.0,36.0,On time,New
112531,2026-08-10,14,Stockholm,Pizza,295.0,28.0,On time,Returning
100661,2026-03-03,13,Malmö,Salad,255.0,44.0,On time,New
103335,2026-04-09,11,Göteborg,Thai,140.0,29.0,On time,Returning
110202,2026-07-11,13,Stockholm,Kebab,294.0,36.0,On time,Returning
106727,2026-05-24,10,Stockholm,Thai,356.0,36.0,On time,Returning
111140,2026-07-23,14,Unknown,Thai,219.0,44.0,On time,New
105274,2026-05-04,12,Uppsala,Sushi,226.0,28.0,On time,New
110671,2026-07-17,15,Stockholm,Sushi,355.0,42.0,On time,New
107250,2026-05-31,11,Uppsala,Vegan,190.0,40.0,On time,Returning
101792,2026-03-19,11,Stockholm,Burgers,238.0,36.0,On time,New
106258,2026-05-18,19,Stockholm,Burgers,228.0,28.0,On time,New
107908,2026-06-09,13,Malmö,Pizza,294.0,33.0,On time,New
106582,2026-05-22,16,Malmö,Vegan,184.0,45.0,On time,New
106335,2026-05-19,17,Stockholm,Indian,292.0,26.0,On time,Returning
107821,2026-06-08,17,Stockholm,Thai,216.0,32.0,On time,Returning
101082,2026-03-09,11,Stockholm,Pizza,344.0,51.0,Late,Returning
111196,2026-07-24,21,Stockholm,Kebab,236.0,28.0,On time,Returning
103346,2026-04-09,12,Stockholm,Kebab,208.0,23.0,On time,New
107003,2026-05-28,23,Stockholm,Kebab,340.0,33.0,On time,Returning
104166,2026-04-19,21,Lund,Burgers,213.0,46.0,Late,Returning
113029,2026-08-17,18,Stockholm,Burgers,238.0,27.0,On time,Returning
103235,2026-04-07,9,Malmö,Sushi,326.0,22.0,On time,Returning
113082,2026-08-18,11,Göteborg,Burgers,328.0,53.0,Late,Returning
113127,2026-08-18,22,Uppsala,Kebab,257.0,37.0,Unknown,Returning
103251,2026-04-08,21,Göteborg,Pizza,289.0,22.0,On time,Returning
103718,2026-04-13,16,Uppsala,Kebab,315.0,34.0,On time,Returning
100480,2026-03-01,21,Stockholm,Sushi,207.0,38.0,On time,New
112463,2026-08-09,18,Malmö,Pizza,255.0,24.0,On time,New
100577,2026-03-02,20,Unknown,Pizza,166.0,35.0,On time,Returning
101820,2026-03-20,13,Göteborg,Pizza,212.0,43.0,On time,New
104601,2026-04-26,20,Göteborg,Thai,281.0,44.0,On time,Returning
101497,2026-03-15,21,Stockholm,Burgers,259.0,31.0,On time,New
101336,2026-03-13,13,Göteborg,Pizza,224.0,37.0,On time,Returning
107585,2026-06-05,11,Stockholm,Salad,212.0,35.0,On time,Returning
101396,2026-03-14,16,Göteborg,Burgers,214.0,23.0,On time,New
110474,2026-07-14,18,Malmö,Sushi,281.0,35.0,On time,Returning
107457,2026-06-03,21,Stockholm,Sushi,254.0,25.0,On time,New
102893,2026-04-03,16,Stockholm,Thai,236.0,27.0,On time,Returning
110282,2026-07-12,20,Stockholm,Pizza,272.0,50.0,Late,Returning
107184,2026-05-31,19,Göteborg,Kebab,371.0,41.0,On time,New
106167,2026-05-17,20,Stockholm,Kebab,354.0,45.0,On time,Returning
100876,2026-03-06,18,Lund,Pizza,191.0,29.0,On time,New
106484,2026-05-21,10,Stockholm,Pizza,289.0,33.0,On time,Returning
102734,2026-04-01,20,Göteborg,Kebab,206.0,33.0,On time,Returning
110012,2026-07-08,11,Malmö,Kebab,249.0,45.0,On time,Returning
109839,2026-07-06,10,Stockholm,Indian,221.0,40.0,On time,New
110908,2026-07-20,17,Stockholm,Sushi,215.0,48.0,Late,Returning
100238,2026-02-26,13,Göteborg,Kebab,345.0,28.0,On time,Returning
111925,2026-08-02,15,Malmö,Burgers,277.0,37.0,On time,Returning
106438,2026-05-20,10,Uppsala,Salad,160.0,32.0,On time,New
106532,2026-05-22,16,Göteborg,Sushi,184.0,49.0,Late,Returning
110824,2026-07-19,12,Stockholm,Kebab,247.0,42.0,On time,Returning
108723,2026-06-20,11,Stockholm,Pizza,271.0,31.0,On time,Returning
100029,2026-02-23,13,Stockholm,Kebab,102.0,43.0,On time,New
105493,2026-05-08,19,Göteborg,Kebab,188.0,44.0,On time,New
103372,2026-04-09,18,Stockholm,Burgers,268.0,44.0,On time,New
111225,2026-07-24,14,Malmö,Sushi,333.0,44.0,On time,Returning
107820,2026-06-08,19,Stockholm,Pizza,243.0,57.0,Late,Returning
107581,2026-06-05,12,Stockholm,Sushi,219.0,34.0,On time,Returning
112558,2026-08-10,19,Lund,Burgers,277.0,18.0,On time,New
102283,2026-03-26,9,Stockholm,Pizza,256.0,39.0,On time,Returning
105498,2026-05-08,16,Stockholm,Thai,216.0,62.0,Late,Returning
110062,2026-07-09,14,Stockholm,Vegan,168.0,38.0,On time,New
112640,2026-08-12,20,Stockholm,Kebab,133.0,56.0,Late,New
111216,2026-07-24,20,Stockholm,Thai,247.0,24.0,On time,Returning
104358,2026-04-22,18,Malmö,Kebab,248.0,44.0,On time,Returning
112205,2026-08-06,11,Malmö,Pizza,288.0,36.0,On time,Returning
103040,2026-04-05,13,Stockholm,Sushi,206.0,34.0,On time,Returning
110547,2026-07-15,20,Malmö,Pizza,321.0,24.0,On time,Returning
106701,2026-05-24,20,Stockholm,Thai,220.0,15.0,On time,Returning
113093,2026-08-18,18,Stockholm,Pizza,371.0,30.0,On time,Returning
103924,2026-04-16,12,Lund,Burgers,195.0,42.0,On time,New
103927,2026-04-17,19,Göteborg,Vegan,228.0,39.0,On time,Returning
100558,2026-03-02,22,Stockholm,Indian,241.0,30.0,On time,Returning
108394,2026-06-15,16,Uppsala,Kebab,233.0,55.0,Late,Returning
112237,2026-08-07,13,Göteborg,Pizza,354.0,33.0,On time,Returning
101682,2026-03-17,18,Lund,Burgers,269.0,29.0,On time,Returning
113106,2026-08-18,21,Stockholm,Burgers,286.0,45.0,On time,Returning
104635,2026-04-26,11,Stockholm,Burgers,299.0,26.0,On time,Returning
106982,2026-05-28,10,Göteborg,Thai,243.0,31.0,On time,New
103644,2026-04-12,13,Lund,Vegan,270.0,44.0,On time,Returning
113170,2026-08-19,16,Stockholm,Pizza,290.0,35.0,On time,Returning
106843,2026-05-26,18,Göteborg,Burgers,291.0,31.0,On time,New
101451,2026-03-14,12,Uppsala,Burgers,197.0,44.0,On time,New
101429,2026-03-14,14,Malmö,Sushi,184.0,35.0,On time,Returning
106424,2026-05-20,11,Malmö,Pizza,278.0,32.0,On time,Returning
112868,2026-08-15,20,Stockholm,Thai,332.0,46.0,Late,Returning
110893,2026-07-20,18,Göteborg,Sushi,246.0,21.0,On time,Returning
104583,2026-04-25,16,Uppsala,Pizza,329.0,42.0,On time,Returning
111715,2026-07-31,14,Göteborg,Vegan,207.0,35.0,On time,New
112252,2026-08-07,19,Stockholm,Salad,305.0,36.0,On time,New
112353,2026-08-08,22,Stockholm,Pizza,221.0,40.0,On time,Returning
109987,2026-07-08,17,Stockholm,Burgers,234.0,26.0,On time,Returning
108445,2026-06-16,19,Stockholm,Indian,297.0,22.0,On time,Returning
107601,2026-06-05,13,Malmö,Sushi,301.0,37.0,Unknown,New
109989,2026-07-08,11,Stockholm,Pizza,216.0,46.0,Late,New
110606,2026-07-16,19,Stockholm,Sushi,310.0,31.0,On time,New
103716,2026-04-13,12,Uppsala,Kebab,273.0,37.0,Unknown,Returning
100813,2026-03-06,17,Göteborg,Burgers,354.0,32.0,On time,New
103241,2026-04-07,11,Uppsala,Burgers,232.0,45.0,On time,Returning
106090,2026-05-16,20,Stockholm,Kebab,316.0,28.0,On time,Returning
112490,2026-08-10,14,Göteborg,Indian,283.0,50.0,Late,Returning
105675,2026-05-10,14,Stockholm,Thai,264.0,35.0,On time,Returning
101581,2026-03-16,13,Stockholm,Pizza,335.0,29.0,On time,Returning
110607,2026-07-16,20,Stockholm,Pizza,256.0,32.0,On time,Returning
101544,2026-03-15,18,Lund,Salad,173.0,45.0,On time,Returning
104641,2026-04-26,17,Malmö,Vegan,308.0,19.0,On time,Returning
107208,2026-05-31,12,Stockholm,Salad,289.0,26.0,On time,New
104566,2026-04-25,12,Stockholm,Pizza,282.0,36.0,On time,New
109371,2026-06-29,11,Stockholm,Kebab,277.0,36.0,On time,Returning
108043,2026-06-11,11,Stockholm,Kebab,279.0,34.0,On time,New
100551,2026-03-02,11,Göteborg,Sushi,256.0,50.0,Late,New
104085,2026-04-19,19,Göteborg,Indian,258.0,45.0,On time,New
109233,2026-06-27,20,Malmö,Sushi,295.0,24.0,On time,Returning
101875,2026-03-20,12,Lund,Burgers,226.0,51.0,Late,New
102307,2026-03-26,19,Malmö,Sushi,302.0,30.0,On time,Returning
101891,2026-03-21,19,Göteborg,Thai,272.0,36.0,On time,Returning
112768,2026-08-14,13,Göteborg,Pizza,196.0,42.0,On time,Returning
100553,2026-03-02,12,Göteborg,Thai,253.0,25.0,On time,Returning
104830,2026-04-29,14,Stockholm,Pizza,259.0,49.0,Late,New
101702,2026-03-18,17,Stockholm,Pizza,233.0,55.0,Late,Returning
110017,2026-07-08,22,Uppsala,Pizza,335.0,31.0,On time,New
112653,2026-08-12,20,Stockholm,Pizza,243.0,45.0,On time,Returning
108009,2026-06-11,18,Göteborg,Indian,247.0,45.0,On time,New
103524,2026-04-11,15,Malmö,Kebab,94.0,45.0,On time,New
108056,2026-06-11,17,Malmö,Thai,336.0,44.0,On time,Returning
112781,2026-08-14,13,Stockholm,Pizza,354.0,21.0,On time,Returning
108510,2026-06-17,12,Stockholm,Burgers,251.0,58.0,Late,Returning
100056,2026-02-23,12,Malmö,Kebab,266.0,36.0,On time,Returning
106861,2026-05-26,13,Stockholm,Burgers,267.0,32.0,On time,Returning
105422,2026-05-07,13,Göteborg,Burgers,237.0,42.0,On time,Returning
109514,2026-07-01,19,Malmö,Pizza,238.0,30.0,On time,Returning
111634,2026-07-30,12,Göteborg,Salad,311.0,32.0,On time,New
112264,2026-08-07,11,Stockholm,Pizza,223.0,47.0,Late,Returning
109466,2026-07-01,12,Unknown,Kebab,337.0,48.0,Late,New
112378,2026-08-08,20,Malmö,Sushi,172.0,49.0,Late,Returning
100660,2026-03-03,15,Malmö,Vegan,251.0,30.0,On time,Returning
111797,2026-08-01,21,Stockholm,Kebab,251.0,40.0,On time,Returning
112437,2026-08-09,18,Stockholm,Pizza,237.0,50.0,Late,New
106310,2026-05-19,22,Göteborg,Burgers,331.0,47.0,Late,Returning
111184,2026-07-24,20,Göteborg,Kebab,240.0,32.0,On time,New
104273,2026-04-21,17,Stockholm,Burgers,301.0,30.0,On time,New
102954,2026-04-04,21,Stockholm,Sushi,295.0,51.0,Late,Returning
107432,2026-06-03,20,Stockholm,Pizza,190.0,38.0,On time,Returning
101970,2026-03-22,18,Göteborg,Burgers,242.0,65.0,Late,Returning
109727,2026-07-04,18,Uppsala,Indian,238.0,51.0,Late,Returning
105336,2026-05-05,20,Uppsala,Indian,197.0,39.0,On time,New
103600,2026-04-12,10,Stockholm,Salad,206.0,36.0,On time,Returning
110223,2026-07-11,18,Stockholm,Kebab,183.0,46.0,Late,Returning
108625,2026-06-19,13,Stockholm,Pizza,222.0,29.0,On time,Returning
101635,2026-03-17,12,Stockholm,Salad,294.0,39.0,On time,Returning
113252,2026-08-20,19,Stockholm,Thai,356.0,250.0,Unknown,New
103820,2026-04-15,12,Stockholm,Burgers,263.0,35.0,On time,New
103485,2026-04-11,12,Göteborg,Indian,209.0,24.0,On time,New
105415,2026-05-07,20,Göteborg,Burgers,168.0,26.0,On time,Returning
108543,2026-06-18,13,Göteborg,Pizza,260.0,48.0,Late,Returning
103163,2026-04-06,12,Malmö,Vegan,246.0,30.0,On time,Returning
112134,2026-08-05,13,Uppsala,Thai,254.0,38.0,On time,New
107055,2026-05-29,20,Stockholm,Pizza,284.0,27.0,On time,Returning
108550,2026-06-18,19,Göteborg,Sushi,330.0,35.0,On time,Returning
107975,2026-06-10,12,Stockholm,Vegan,301.0,46.0,Late,Returning
109187,2026-06-27,18,Stockholm,Salad,320.0,44.0,On time,New
105697,2026-05-10,14,Malmö,Burgers,301.0,27.0,On time,Returning
112716,2026-08-13,20,Unknown,Pizza,209.0,54.0,Late,Returning
104134,2026-04-19,12,Malmö,Kebab,257.0,21.0,On time,Returning
106672,2026-05-23,16,Lund,Salad,160.0,44.0,On time,Returning
104820,2026-04-29,20,Stockholm,Pizza,227.0,38.0,On time,New
106931,2026-05-27,11,Stockholm,Sushi,290.0,33.0,On time,New
100418,2026-02-28,18,Malmö,Pizza,228.0,45.0,On time,Returning
112093,2026-08-05,11,Göteborg,Burgers,271.0,19.0,On time,Returning
113123,2026-08-18,12,Malmö,Vegan,142.0,41.0,On time,New
102853,2026-04-02,14,Uppsala,Pizza,197.0,31.0,On time,New
104122,2026-04-19,11,Stockholm,Indian,297.0,24.0,On time,Returning
105451,2026-05-07,13,Stockholm,Salad,222.0,40.0,On time,New
109875,2026-07-06,23,Lund,Indian,229.0,45.0,On time,New
103826,2026-04-15,20,Stockholm,Sushi,270.0,41.0,On time,Returning
100069,2026-02-23,18,Uppsala,Sushi,234.0,47.0,Late,Returning
109491,2026-07-01,11,Stockholm,Thai,188.0,26.0,On time,New
103384,2026-04-09,19,Malmö,Burgers,233.0,46.0,Late,New
103993,2026-04-18,22,Göteborg,Pizza,228.0,250.0,Unknown,New
105176,2026-05-03,12,Malmö,Indian,156.0,37.0,Unknown,New
109643,2026-07-03,12,Stockholm,Pizza,248.0,34.0,On time,Returning
113459,2026-08-23,17,Stockholm,Indian,290.0,39.0,On time,New
105183,2026-05-03,9,Uppsala,Kebab,257.0,44.0,On time,New
102313,2026-03-26,10,Uppsala,Sushi,162.0,46.0,Late,New
108694,2026-06-20,20,Göteborg,Pizza,105.0,46.0,Late,New
102903,2026-04-03,19,Stockholm,Burgers,264.0,48.0,Late,Returning
108978,2026-06-24,17,Göteborg,Pizza,266.0,51.0,Late,Returning
106202,2026-05-17,12,Malmö,Kebab,325.0,31.0,On time,Returning
108539,2026-06-17,16,Lund,Salad,334.0,44.0,On time,Returning
112397,2026-08-08,12,Lund,Burgers,196.0,38.0,On time,New
100632,2026-03-03,19,Stockholm,Pizza,291.0,49.0,Late,New
111367,2026-07-26,18,Stockholm,Kebab,284.0,27.0,On time,New
107141,2026-05-30,13,Stockholm,Indian,251.0,41.0,On time,Returning
104373,2026-04-22,17,Uppsala,Kebab,183.0,47.0,Late,Returning
112413,2026-08-09,14,Göteborg,Sushi,268.0,36.0,On time,New
100098,2026-02-24,15,Stockholm,Burgers,251.0,24.0,On time,Returning
100603,2026-03-02,18,Lund,Thai,206.0,21.0,On time,New
106933,2026-05-27,12,Stockholm,Burgers,285.0,41.0,On time,Returning
101738,2026-03-18,18,Uppsala,Salad,229.0,20.0,On time,New
107109,2026-05-30,11,Göteborg,Pizza,271.0,48.0,Late,Returning
103226,2026-04-07,11,Malmö,Kebab,200.0,38.0,On time,Returning
112661,2026-08-12,19,Stockholm,Sushi,177.0,43.0,On time,Returning
103787,2026-04-14,19,Uppsala,Salad,256.0,47.0,Late,New
108287,2026-06-14,19,Unknown,Vegan,168.0,34.0,On time,Returning
101696,2026-03-18,18,Göteborg,Pizza,201.0,30.0,On time,Returning
104837,2026-04-29,20,Stockholm,Burgers,274.0,37.0,Unknown,New
110081,2026-07-09,14,Malmö,Thai,292.0,16.0,On time,Returning
101526,2026-03-15,11,Malmö,Sushi,266.0,26.0,On time,Returning
111338,2026-07-25,12,Lund,Pizza,220.0,41.0,On time,Returning
110705,2026-07-17,19,Lund,Pizza,195.0,40.0,On time,Returning
106772,2026-05-25,11,Göteborg,Vegan,209.0,37.0,On time,Returning
109792,2026-07-05,19,Malmö,Kebab,204.0,47.0,Late,New
105844,2026-05-12,12,Uppsala,Thai,265.0,37.0,On time,Returning
107037,2026-05-29,17,Göteborg,Indian,303.0,37.0,Unknown,Returning
112116,2026-08-05,11,Stockholm,Thai,225.0,21.0,On time,Returning
104452,2026-04-24,20,Göteborg,Pizza,212.0,26.0,On time,Returning
105045,2026-05-02,20,Stockholm,Pizza,180.0,56.0,Late,New
108538,2026-06-17,12,Uppsala,Sushi,273.0,38.0,On time,Returning
103263,2026-04-08,23,Göteborg,Pizza,285.0,45.0,On time,Returning
106905,2026-05-27,16,Göteborg,Kebab,178.0,46.0,Late,Returning
101949,2026-03-21,18,Uppsala,Kebab,298.0,35.0,On time,Returning
108948,2026-06-23,13,Uppsala,Sushi,258.0,33.0,On time,New
109329,2026-06-29,20,Göteborg,Burgers,168.0,32.0,On time,New
102231,2026-03-25,19,Malmö,Sushi,300.0,46.0,Late,Returning
112129,2026-08-05,12,Malmö,Indian,308.0,36.0,On time,New
109447,2026-06-30,21,Malmö,Sushi,163.0,45.0,On time,New
109993,2026-07-08,20,Stockholm,Burgers,236.0,57.0,Late,Returning
100911,2026-03-07,19,Stockholm,Sushi,269.0,32.0,On time,New
108877,2026-06-22,9,Stockholm,Kebab,279.0,48.0,Late,New
102392,2026-03-27,16,Uppsala,Pizza,228.0,21.0,On time,Returning
111761,2026-07-31,15,Uppsala,Pizza,305.0,39.0,On time,Returning
108102,2026-06-12,12,Stockholm,Kebab,203.0,31.0,On time,New
111736,2026-07-31,14,Stockholm,Vegan,201.0,37.0,On time,Returning
106534,2026-05-22,13,Göteborg,Sushi,212.0,44.0,On time,Returning
101193,2026-03-11,18,Göteborg,Pizza,173.0,35.0,On time,Returning
102832,2026-04-02,18,Stockholm,Pizza,244.0,36.0,On time,Returning
104364,2026-04-22,13,Malmö,Burgers,263.0,31.0,On time,New
112946,2026-08-16,20,Stockholm,Sushi,281.0,24.0,On time,New
101574,2026-03-16,21,Stockholm,Burgers,297.0,28.0,On time,Returning
100335,2026-02-27,9,Stockholm,Thai,217.0,37.0,On time,Returning
101883,2026-03-21,13,Göteborg,Pizza,330.0,31.0,On time,Returning
106928,2026-05-27,18,Stockholm,Pizza,253.0,30.0,On time,Returning
113508,2026-08-23,18,Malmö,Vegan,308.0,30.0,On time,New
101444,2026-03-14,12,Malmö,Kebab,202.0,49.0,Late,Returning
109091,2026-06-26,18,Göteborg,Kebab,264.0,35.0,On time,New
107518,2026-06-04,12,Stockholm,Thai,208.0,60.0,Late,Returning
106009,2026-05-15,13,Göteborg,Kebab,189.0,44.0,On time,New
111820,2026-08-01,18,Stockholm,Burgers,223.0,50.0,Late,Returning
113017,2026-08-17,10,Stockholm,Burgers,339.0,23.0,On time,Returning
102098,2026-03-23,17,Uppsala,Indian,162.0,15.0,On time,Returning
111660,2026-07-30,12,Stockholm,Sushi,264.0,30.0,On time,Returning
104757,2026-04-28,20,Stockholm,Indian,260.0,31.0,On time,Returning
102395,2026-03-27,14,Lund,Pizza,106.0,30.0,On time,Returning
103088,2026-04-05,11,Malmö,Pizza,236.0,41.0,On time,Returning
102356,2026-03-27,20,Stockholm,Burgers,298.0,21.0,On time,Returning
113212,2026-08-20,11,Göteborg,Sushi,247.0,40.0,On time,Returning
109347,2026-06-29,23,Stockholm,Pizza,299.0,43.0,On time,Returning
103345,2026-04-09,12,Göteborg,Pizza,274.0,49.0,Late,Returning
111183,2026-07-24,19,Göteborg,Vegan,271.0,45.0,On time,New
109281,2026-06-28,20,Stockholm,Burgers,165.0,45.0,On time,Returning
100181,2026-02-25,10,Stockholm,Pizza,213.0,30.0,On time,Returning
113515,2026-08-23,10,Uppsala,Pizza,182.0,26.0,On time,New
106649,2026-05-23,12,Malmö,Indian,193.0,26.0,On time,Returning
111228,2026-07-24,16,Uppsala,Pizza,320.0,40.0,On time,New
113410,2026-08-22,11,Malmö,Burgers,217.0,56.0,Late,Returning
109705,2026-07-04,13,Stockholm,Indian,282.0,40.0,On time,New
104132,2026-04-19,21,Malmö,Indian,298.0,43.0,On time,Returning
112624,2026-08-12,16,Göteborg,Burgers,176.0,39.0,On time,Returning
104067,2026-04-18,20,Lund,Pizza,211.0,44.0,On time,New
111267,2026-07-25,22,Stockholm,Sushi,248.0,40.0,On time,New
110260,2026-07-12,11,Göteborg,Indian,249.0,61.0,Late,New
107657,2026-06-06,17,Stockholm,Pizza,181.0,27.0,On time,New
109303,2026-06-28,13,Malmö,Vegan,258.0,45.0,On time,Returning
111669,2026-07-30,13,Stockholm,Thai,249.0,42.0,On time,Returning
109189,2026-06-27,18,Stockholm,Kebab,198.0,25.0,On time,New
111592,2026-07-29,15,Stockholm,Indian,295.0,38.0,On time,Returning
105648,2026-05-10,11,Göteborg,Burgers,336.0,45.0,On time,New
110809,2026-07-19,9,Göteborg,Burgers,250.0,34.0,On time,New
104854,2026-04-29,20,Uppsala,Sushi,211.0,42.0,On time,Returning
108413,2026-06-16,12,Göteborg,Thai,257.0,48.0,Late,New
107644,2026-06-06,13,Stockholm,Burgers,192.0,31.0,On time,Returning
103079,2026-04-05,11,Malmö,Salad,150.0,46.0,Late,Returning
102114,2026-03-24,15,Göteborg,Sushi,190.0,50.0,Late,Returning
107584,2026-06-05,13,Stockholm,Kebab,293.0,38.0,On time,Returning
108652,2026-06-19,12,Stockholm,Thai,259.0,40.0,On time,New
107369,2026-06-02,21,Stockholm,Indian,255.0,44.0,On time,Returning
109167,2026-06-27,19,Göteborg,Burgers,244.0,39.0,On time,Returning
101074,2026-03-09,18,Stockholm,Vegan,198.0,58.0,Late,Returning
110013,2026-07-08,12,Malmö,Vegan,277.0,28.0,On time,Returning
108437,2026-06-16,14,Stockholm,Pizza,268.0,34.0,On time,Returning
102041,2026-03-22,11,Lund,Salad,240.0,49.0,Late,Returning
103204,2026-04-07,9,Stockholm,Pizza,149.0,29.0,On time,Returning
105316,2026-05-05,11,Stockholm,Burgers,171.0,25.0,On time,New
102690,2026-03-31,19,Stockholm,Kebab,242.0,35.0,On time,New
102385,2026-03-27,12,Uppsala,Burgers,188.0,32.0,On time,New
110679,2026-07-17,12,Stockholm,Thai,249.0,39.0,On time,New
113256,2026-08-20,15,Stockholm,Thai,299.0,52.0,Late,New
111262,2026-07-25,18,Stockholm,Thai,210.0,48.0,Late,Returning
110279,2026-07-12,18,Stockholm,Burgers,208.0,43.0,On time,Returning
100671,2026-03-03,15,Uppsala,Salad,243.0,19.0,On time,Returning
107477,2026-06-03,9,Uppsala,Pizza,296.0,33.0,On time,New
108155,2026-06-13,10,Göteborg,Indian,314.0,43.0,On time,Returning
113428,2026-08-22,9,Lund,Kebab,278.0,48.0,Late,Returning
111802,2026-08-01,18,Stockholm,Pizza,210.0,16.0,On time,New
107977,2026-06-10,19,Malmö,Indian,188.0,41.0,On time,Returning
103547,2026-04-11,10,Uppsala,Burgers,148.0,40.0,On time,Returning
111537,2026-07-28,10,Malmö,Sushi,362.0,46.0,Late,Returning
111812,2026-08-01,17,Stockholm,Indian,292.0,46.0,Late,Returning
109033,2026-06-25,11,Göteborg,Pizza,288.0,49.0,Late,New
104172,2026-04-20,12,Göteborg,Pizza,263.0,38.0,On time,Returning
112802,2026-08-14,17,Malmö,Burgers,166.0,37.0,On time,Returning
106631,2026-05-23,11,Stockholm,Pizza,244.0,32.0,On time,Returning
110548,2026-07-15,19,Malmö,Indian,304.0,32.0,On time,Returning
101097,2026-03-09,19,Stockholm,Vegan,131.0,31.0,On time,New
111845,2026-08-01,18,Uppsala,Sushi,262.0,24.0,On time,Returning
110952,2026-07-20,13,Uppsala,Sushi,226.0,37.0,On time,Returning
106735,2026-05-24,18,Malmö,Vegan,222.0,46.0,Late,Returning
107340,2026-06-02,19,Göteborg,Thai,185.0,17.0,On time,New
103522,2026-04-11,12,Malmö,Indian,246.0,28.0,On time,Returning
104503,2026-04-24,13,Uppsala,Kebab,246.0,38.0,On time,Returning
103008,2026-04-04,21,Uppsala,Burgers,258.0,38.0,On time,Returning
107117,2026-05-30,15,Stockholm,Indian,291.0,33.0,On time,New
100318,2026-02-27,17,Stockholm,Sushi,277.0,44.0,On time,Returning
110932,2026-07-20,17,Malmö,Sushi,231.0,40.0,On time,Returning
106385,2026-05-20,16,Göteborg,Vegan,232.0,43.0,On time,New
105744,2026-05-11,16,Göteborg,Sushi,200.0,26.0,On time,New
110876,2026-07-19,19,Uppsala,Burgers,188.0,35.0,On time,Returning
107232,2026-05-31,18,Stockholm,Thai,323.0,27.0,On time,Returning
103913,2026-04-16,16,Malmö,Kebab,245.0,43.0,On time,Returning
110023,2026-07-08,14,Unknown,Sushi,216.0,24.0,On time,Returning
109831,2026-07-06,13,Göteborg,Kebab,173.0,41.0,On time,Returning
105205,2026-05-04,15,Göteborg,Vegan,175.0,31.0,On time,Returning
101191,2026-03-11,18,Göteborg,Burgers,155.0,21.0,On time,Returning
108096,2026-06-12,10,Stockholm,Pizza,270.0,43.0,On time,Returning
103053,2026-04-05,14,Stockholm,Sushi,264.0,42.0,On time,Returning
105131,2026-05-03,17,Stockholm,Kebab,227.0,35.0,On time,New
101400,2026-03-14,18,Stockholm,Sushi,311.0,50.0,Late,Returning
101833,2026-03-20,10,Göteborg,Pizza,249.0,30.0,On time,New
105507,2026-05-08,12,Stockholm,Thai,153.0,47.0,Late,New
112945,2026-08-16,13,Stockholm,Pizza,248.0,18.0,On time,New
110859,2026-07-19,20,Stockholm,Kebab,265.0,35.0,On time,Returning
106026,2026-05-15,19,Stockholm,Kebab,272.0,27.0,On time,New
107410,2026-06-03,20,Göteborg,Burgers,284.0,31.0,On time,New
104007,2026-04-18,21,Stockholm,Burgers,283.0,43.0,On time,Returning
100945,2026-03-07,12,Malmö,Pizza,164.0,29.0,On time,New
101964,2026-03-22,10,Göteborg,Burgers,326.0,49.0,Late,New
104945,2026-05-01,15,Göteborg,Pizza,284.0,35.0,On time,New
104333,2026-04-22,19,Stockholm,Burgers,158.0,29.0,On time,New
113359,2026-08-22,13,Göteborg,Sushi,212.0,28.0,On time,Returning
103926,2026-04-17,13,Göteborg,Thai,267.0,21.0,On time,Returning
109308,2026-06-28,12,Malmö,Indian,217.0,37.0,Unknown,Returning
102329,2026-03-27,19,Göteborg,Pizza,165.0,35.0,On time,New
109231,2026-06-27,10,Malmö,Indian,246.0,41.0,On time,Returning
104072,2026-04-19,20,Göteborg,Indian,220.0,41.0,On time,Returning
100563,2026-03-02,12,Stockholm,Pizza,255.0,31.0,On time,Returning
109260,2026-06-28,19,Göteborg,Thai,239.0,37.0,On time,Returning
110127,2026-07-10,19,Stockholm,Pizza,216.0,42.0,On time,Returning
108584,2026-06-18,13,Malmö,Salad,292.0,41.0,On time,Returning
112008,2026-08-04,11,Göteborg,Indian,184.0,31.0,On time,New
101999,2026-03-22,21,Stockholm,Burgers,218.0,36.0,On time,Returning
111238,2026-07-24,20,Lund,Burgers,288.0,37.0,On time,Returning
113133,2026-08-18,21,Lund,Salad,186.0,24.0,On time,Returning
105686,2026-05-10,18,Stockholm,Indian,235.0,38.0,On time,New
109274,2026-06-28,22,Stockholm,Sushi,300.0,51.0,Late,Returning
107869,2026-06-09,13,Göteborg,Pizza,261.0,34.0,On time,Returning
100737,2026-03-04,19,Lund,Burgers,341.0,44.0,On time,Returning
101142,2026-03-10,17,Stockholm,Kebab,113.0,33.0,On time,Returning
101651,2026-03-17,19,Stockholm,Sushi,287.0,46.0,Late,Returning
103647,2026-04-12,17,Lund,Pizza,232.0,29.0,On time,Returning
106506,2026-05-21,20,Unknown,Pizza,172.0,32.0,On time,New
101588,2026-03-16,15,Stockholm,Burgers,364.0,15.0,On time,Returning
105339,2026-05-05,19,Uppsala,Salad,243.0,53.0,Late,New
111151,2026-07-23,18,Malmö,Burgers,337.0,52.0,Late,New
108459,2026-06-16,18,Malmö,Pizza,263.0,36.0,On time,Returning
112409,2026-08-09,18,Göteborg,Salad,258.0,41.0,On time,New
105389,2026-05-06,18,Malmö,Indian,274.0,29.0,On time,New
107991,2026-06-10,19,Uppsala,Thai,207.0,45.0,On time,New
112678,2026-08-12,18,Uppsala,Sushi,227.0,51.0,Late,New
103973,2026-04-17,19,Malmö,Sushi,194.0,51.0,Late,New
109889,2026-07-07,13,Göteborg,Sushi,221.0,52.0,Late,Returning
103669,2026-04-13,13,Göteborg,Sushi,228.0,42.0,On time,New
108320,2026-06-15,13,Göteborg,Salad,216.0,43.0,On time,Returning
101880,2026-03-21,21,Göteborg,Sushi,343.0,46.0,Late,New
105524,2026-05-08,17,Unknown,Burgers,292.0,48.0,Late,Returning
100288,2026-02-27,17,Göteborg,Kebab,208.0,44.0,On time,Returning
103736,2026-04-14,13,Göteborg,Kebab,366.0,38.0,On time,New
102001,2026-03-22,18,Stockholm,Thai,261.0,33.0,On time,Returning
107624,2026-06-06,9,Göteborg,Sushi,271.0,51.0,Late,New
100265,2026-02-26,19,Malmö,Kebab,257.0,19.0,On time,Returning
103983,2026-04-17,9,Lund,Burgers,276.0,30.0,On time,Returning
104867,2026-04-30,13,Göteborg,Pizza,297.0,48.0,Late,New
102532,2026-03-29,14,Stockholm,Pizza,220.0,29.0,On time,New
108222,2026-06-13,16,Lund,Burgers,242.0,43.0,On time,Returning
103929,2026-04-17,13,Göteborg,Pizza,189.0,36.0,On time,New
104157,2026-04-19,12,Uppsala,Burgers,280.0,38.0,On time,Returning
110761,2026-07-18,12,Stockholm,Salad,191.0,55.0,Late,Returning
100160,2026-02-25,12,Göteborg,Sushi,336.0,56.0,Late,New
110131,2026-07-10,11,Stockholm,Pizza,215.0,50.0,Late,Returning
106066,2026-05-16,16,Göteborg,Burgers,260.0,24.0,On time,Returning
108312,2026-06-14,14,Lund,Pizza,276.0,26.0,On time,New
107200,2026-05-31,14,Göteborg,Burgers,256.0,36.0,On time,Returning
100321,2026-02-27,14,Stockholm,Burgers,152.0,26.0,On time,Returning
100340,2026-02-27,19,Malmö,Burgers,333.0,25.0,On time,Returning
105394,2026-05-06,19,Malmö,Pizza,89.0,34.0,On time,New
103110,2026-04-05,22,Lund,Thai,207.0,34.0,On time,Returning
107706,2026-06-06,11,Lund,Sushi,245.0,38.0,On time,New
103455,2026-04-10,20,Malmö,Pizza,229.0,21.0,On time,New
112791,2026-08-14,18,Stockholm,Burgers,294.0,47.0,Late,Returning
107864,2026-06-09,16,Göteborg,Pizza,269.0,34.0,On time,New
107119,2026-05-30,14,Stockholm,Pizza,293.0,43.0,On time,Returning
102891,2026-04-03,21,Stockholm,Pizza,222.0,27.0,On time,Returning
110016,2026-07-08,13,Malmö,Burgers,256.0,33.0,On time,Returning
111453,2026-07-27,16,Stockholm,Burgers,266.0,30.0,On time,Returning
105930,2026-05-14,11,Stockholm,Pizza,295.0,29.0,On time,Returning
103709,2026-04-13,20,Malmö,Vegan,171.0,30.0,On time,New
109932,2026-07-07,20,Malmö,Pizza,286.0,39.0,On time,New
104404,2026-04-23,19,Stockholm,Indian,278.0,38.0,On time,Returning
106555,2026-05-22,22,Stockholm,Vegan,266.0,47.0,Late,Returning
113440,2026-08-23,19,Göteborg,Indian,229.0,57.0,Late,New
106325,2026-05-19,12,Stockholm,Kebab,291.0,47.0,Late,Returning
108812,2026-06-21,21,Stockholm,Pizza,203.0,34.0,On time,Returning
108274,2026-06-14,13,Stockholm,Burgers,272.0,31.0,On time,Returning
102727,2026-04-01,12,Göteborg,Kebab,282.0,30.0,On time,Returning
108939,2026-06-23,18,Malmö,Pizza,234.0,44.0,On time,New
102632,2026-03-30,23,Uppsala,Kebab,188.0,20.0,On time,New
112613,2026-08-11,11,Uppsala,Sushi,145.0,27.0,On time,Returning
111282,2026-07-25,18,Stockholm,Vegan,241.0,24.0,On time,Returning
112246,2026-08-07,12,Stockholm,Pizza,329.0,36.0,On time,Returning
107000,2026-05-28,9,Stockholm,Pizza,152.0,41.0,On time,Returning
108942,2026-06-23,13,Malmö,Kebab,222.0,45.0,On time,Returning
112797,2026-08-14,12,Stockholm,Burgers,249.0,38.0,On time,Returning
101006,2026-03-08,12,Stockholm,Burgers,179.0,54.0,Late,Returning
106355,2026-05-19,21,Malmö,Thai,264.0,46.0,Late,New
105155,2026-05-03,19,Stockholm,Vegan,254.0,39.0,On time,Returning
110942,2026-07-20,12,Malmö,Sushi,346.0,27.0,On time,Returning
102310,2026-03-26,16,Malmö,Thai,224.0,20.0,On time,Returning
109990,2026-07-08,18,Stockholm,Indian,277.0,38.0,On time,Returning
100191,2026-02-25,13,Malmö,Indian,243.0,48.0,Late,Returning
108799,2026-06-21,23,Stockholm,Vegan,333.0,35.0,On time,Returning
107707,2026-06-06,14,Lund,Pizza,274.0,25.0,On time,New
112480,2026-08-09,17,Uppsala,Burgers,228.0,34.0,On time,Returning
108291,2026-06-14,13,Malmö,Pizza,198.0,34.0,On time,Returning
105146,2026-05-03,11,Stockholm,Pizza,224.0,42.0,On time,Returning
103000,2026-04-04,16,Uppsala,Kebab,283.0,30.0,On time,Returning
113270,2026-08-20,18,Uppsala,Pizza,186.0,25.0,On time,New
109138,2026-06-26,11,Malmö,Pizza,194.0,41.0,On time,Returning
108574,2026-06-18,13,Stockholm,Burgers,146.0,29.0,On time,Returning
106341,2026-05-19,13,Stockholm,Indian,228.0,23.0,On time,New
110852,2026-07-19,15,Stockholm,Burgers,226.0,34.0,On time,Returning
111482,2026-07-27,18,Uppsala,Burgers,273.0,31.0,On time,Returning
112282,2026-08-07,18,Uppsala,Burgers,284.0,40.0,On time,New
105694,2026-05-10,12,Stockholm,Pizza,343.0,44.0,On time,Returning
106737,2026-05-24,19,Malmö,Kebab,265.0,34.0,On time,Returning
112111,2026-08-05,13,Stockholm,Pizza,222.0,38.0,On time,Returning
100083,2026-02-24,13,Göteborg,Kebab,191.0,28.0,On time,Returning
103764,2026-04-14,16,Stockholm,Kebab,186.0,39.0,On time,Returning
110611,2026-07-16,21,Stockholm,Salad,266.0,35.0,On time,New
100818,2026-03-06,19,Stockholm,Pizza,185.0,36.0,On time,Returning
104759,2026-04-28,18,Stockholm,Burgers,150.0,43.0,On time,Returning
110069,2026-07-09,16,Stockholm,Sushi,203.0,38.0,On time,New
107953,2026-06-10,21,Stockholm,Sushi,293.0,45.0,On time,Returning
103817,2026-04-15,19,Stockholm,Indian,250.0,20.0,On time,Returning
101677,2026-03-17,14,Uppsala,Kebab,272.0,42.0,On time,Returning
110920,2026-07-20,15,Stockholm,Pizza,286.0,27.0,On time,New
104935,2026-04-30,14,Lund,Kebab,349.0,18.0,On time,New
101639,2026-03-17,17,Stockholm,Burgers,260.0,37.0,Unknown,New
103721,2026-04-13,20,Uppsala,Pizza,234.0,26.0,On time,Returning
100393,2026-02-28,19,Stockholm,Pizza,288.0,27.0,On time,New
104674,2026-04-27,11,Göteborg,Indian,285.0,25.0,On time,New
106587,2026-05-22,12,Uppsala,Indian,211.0,56.0,Late,Returning
111531,2026-07-28,13,Stockholm,Pizza,264.0,49.0,Late,New
110355,2026-07-13,18,Göteborg,Salad,232.0,20.0,On time,Returning
100126,2026-02-24,10,Malmö,Thai,253.0,28.0,On time,New
107692,2026-06-06,11,Uppsala,Sushi,201.0,24.0,On time,New
104463,2026-04-24,18,Stockholm,Pizza,315.0,42.0,On time,New
112224,2026-08-07,17,Göteborg,Sushi,191.0,42.0,On time,New
104643,2026-04-26,14,Malmö,Pizza,317.0,36.0,On time,Returning
106907,2026-05-27,17,Göteborg,Kebab,198.0,50.0,Late,Returning
104335,2026-04-22,15,Stockholm,Salad,376.0,40.0,On time,Returning
104427,2026-04-23,13,Malmö,Pizza,304.0,31.0,On time,Returning
105604,2026-05-09,14,Stockholm,Burgers,262.0,48.0,Late,Returning
113310,2026-08-21,20,Stockholm,Pizza,254.0,44.0,On time,New
111319,2026-07-25,12,Malmö,Thai,216.0,25.0,On time,Returning
102668,2026-03-31,20,Stockholm,Thai,199.0,19.0,On time,Returning
103054,2026-04-05,20,Stockholm,Vegan,238.0,35.0,On time,New
113163,2026-08-19,22,Stockholm,Thai,187.0,26.0,On time,New
104668,2026-04-27,12,Göteborg,Pizza,232.0,41.0,On time,Returning
108487,2026-06-17,16,Göteborg,Kebab,147.0,15.0,On time,Returning
111936,2026-08-02,12,Uppsala,Pizza,261.0,250.0,Unknown,Returning
104920,2026-04-30,13,Malmö,Thai,252.0,52.0,Late,Returning
103767,2026-04-14,13,Unknown,Burgers,175.0,28.0,On time,Returning
105399,2026-05-06,19,Malmö,Pizza,271.0,32.0,On time,New
106910,2026-05-27,13,Göteborg,Burgers,242.0,20.0,On time,New
112230,2026-08-07,14,Göteborg,Kebab,182.0,45.0,On time,Returning
103357,2026-04-09,16,Stockholm,Burgers,290.0,42.0,On time,New
110836,2026-07-19,10,Stockholm,Salad,267.0,38.0,On time,Returning
107309,2026-06-01,13,Stockholm,Pizza,189.0,58.0,Late,New
100791,2026-03-05,22,Uppsala,Thai,243.0,42.0,On time,New
109087,2026-06-25,13,Lund,Sushi,189.0,46.0,Late,Returning
112823,2026-08-15,21,Göteborg,Kebab,277.0,52.0,Late,Returning
103995,2026-04-18,11,Göteborg,Pizza,283.0,24.0,On time,Returning
110148,2026-07-10,20,Malmö,Thai,231.0,30.0,On time,New
111506,2026-07-28,20,Göteborg,Kebab,276.0,47.0,Late,Returning
106201,2026-05-17,20,Malmö,Sushi,218.0,31.0,On time,New
104923,2026-04-30,20,Malmö,Indian,320.0,32.0,On time,Returning
108368,2026-06-15,12,Stockholm,Vegan,141.0,35.0,On time,Returning
103181,2026-04-06,20,Lund,Pizza,229.0,30.0,On time,Returning
102062,2026-03-23,15,Stockholm,Sushi,251.0,37.0,Unknown,Returning
104011,2026-04-18,22,Stockholm,Sushi,286.0,27.0,On time,Returning
110898,2026-07-20,18,Göteborg,Pizza,235.0,46.0,Late,Returning
102540,2026-03-29,18,Stockholm,Burgers,131.0,35.0,On time,Returning
110900,2026-07-20,18,Göteborg,Kebab,219.0,36.0,On time,New
111854,2026-08-01,17,Lund,Salad,194.0,38.0,On time,Returning
113304,2026-08-21,19,Stockholm,Vegan,251.0,38.0,On time,Returning
102766,2026-04-01,23,Malmö,Burgers,194.0,48.0,Late,Returning
106820,2026-05-25,10,Uppsala,Thai,242.0,34.0,On time,New
105145,2026-05-03,20,Stockholm,Kebab,305.0,51.0,Late,New
104253,2026-04-21,10,Göteborg,Burgers,156.0,30.0,On time,New
107577,2026-06-05,12,Stockholm,Thai,289.0,38.0,On time,New
102560,2026-03-29,15,Uppsala,Pizza,242.0,37.0,On time,Returning
104603,2026-04-26,12,Göteborg,Vegan,203.0,49.0,Late,Returning
103142,2026-04-06,18,Stockholm,Pizza,172.0,42.0,On time,Returning
110615,2026-07-16,11,Malmö,Burgers,178.0,42.0,On time,New
100523,2026-03-01,20,Uppsala,Burgers,212.0,20.0,On time,New
101700,2026-03-18,12,Stockholm,Pizza,324.0,45.0,On time,New
106229,2026-05-17,16,Lund,Pizza,204.0,32.0,On time,Returning
102886,2026-04-03,18,Stockholm,Salad,176.0,38.0,On time,New
112346,2026-08-08,13,Stockholm,Burgers,129.0,30.0,On time,Returning
109248,2026-06-27,17,Lund,Salad,234.0,32.0,On time,Returning
112045,2026-08-04,9,Stockholm,Indian,251.0,37.0,On time,New
106106,2026-05-16,20,Stockholm,Burgers,229.0,35.0,On time,Returning
110614,2026-07-16,17,Malmö,Pizza,287.0,37.0,Unknown,New
110688,2026-07-17,21,Unknown,Pizza,200.0,40.0,On time,Returning
110765,2026-07-18,20,Stockholm,Salad,241.0,30.0,On time,New
103100,2026-04-05,11,Uppsala,Burgers,224.0,44.0,On time,Returning
101535,2026-03-15,20,Malmö,Kebab,202.0,43.0,On time,Returning
103698,2026-04-13,12,Stockholm,Pizza,350.0,27.0,On time,New
107645,2026-06-06,17,Stockholm,Pizza,240.0,41.0,On time,New
106318,2026-05-19,12,Göteborg,Sushi,284.0,44.0,On time,Returning
105835,2026-05-12,16,Malmö,Indian,228.0,16.0,On time,New
111336,2026-07-25,15,Lund,Thai,216.0,47.0,Late,Returning
109140,2026-06-26,12,Malmö,Burgers,303.0,27.0,On time,Returning
109298,2026-06-28,17,Malmö,Salad,237.0,43.0,On time,New
106973,2026-05-27,19,Lund,Kebab,322.0,22.0,On time,New
112652,2026-08-12,19,Stockholm,Pizza,281.0,38.0,On time,Returning
104767,2026-04-28,16,Stockholm,Burgers,161.0,39.0,On time,New
104489,2026-04-24,13,Malmö,Pizza,379.0,39.0,On time,Returning
109904,2026-07-07,23,Stockholm,Thai,308.0,25.0,On time,New
107593,2026-06-05,18,Malmö,Thai,257.0,42.0,On time,Returning
107937,2026-06-10,12,Göteborg,Sushi,275.0,35.0,On time,New
107095,2026-05-30,12,Göteborg,Thai,165.0,29.0,On time,New
109741,2026-07-05,17,Göteborg,Pizza,209.0,45.0,On time,Returning
101422,2026-03-14,11,Stockholm,Salad,237.0,35.0,On time,New
101322,2026-03-12,11,Lund,Pizza,343.0,35.0,On time,Returning
112589,2026-08-11,11,Stockholm,Vegan,285.0,50.0,Late,New
110349,2026-07-13,16,Göteborg,Burgers,238.0,49.0,Late,New
108580,2026-06-18,17,Malmö,Thai,178.0,41.0,On time,Returning
107652,2026-06-06,19,Stockholm,Kebab,248.0,28.0,On time,New
107294,2026-06-01,16,Stockholm,Pizza,183.0,40.0,On time,New
106970,2026-05-27,20,Lund,Pizza,157.0,34.0,On time,New
112581,2026-08-11,12,Stockholm,Pizza,259.0,49.0,Late,Returning
111606,2026-07-29,18,Malmö,Sushi,303.0,27.0,On time,New
102693,2026-03-31,13,Stockholm,Salad,225.0,42.0,On time,New
113206,2026-08-20,19,Göteborg,Sushi,251.0,53.0,Late,New
103603,2026-04-12,11,Stockholm,Salad,286.0,28.0,On time,Returning
107810,2026-06-08,19,Göteborg,Pizza,291.0,50.0,Late,New
109526,2026-07-01,14,Lund,Thai,317.0,35.0,On time,New
109483,2026-07-01,12,Göteborg,Sushi,231.0,27.0,On time,New
104537,2026-04-25,11,Stockholm,Salad,253.0,34.0,On time,New
108809,2026-06-21,15,Stockholm,Pizza,230.0,34.0,On time,Returning
110144,2026-07-10,21,Stockholm,Pizza,282.0,27.0,On time,New
113484,2026-08-23,10,Stockholm,Vegan,192.0,44.0,On time,New
101717,2026-03-18,18,Stockholm,Thai,231.0,35.0,On time,New
102974,2026-04-04,17,Stockholm,Sushi,296.0,37.0,On time,Returning
100676,2026-03-03,19,Lund,Sushi,234.0,47.0,Late,Returning
113072,2026-08-18,18,Göteborg,Pizza,222.0,55.0,Late,New
103447,2026-04-10,18,Stockholm,Thai,427.0,41.0,On time,New
105298,2026-05-05,11,Göteborg,Pizza,239.0,34.0,On time,Returning
100378,2026-02-28,13,Göteborg,Pizza,329.0,40.0,On time,Returning
104177,2026-04-20,18,Göteborg,Indian,289.0,29.0,On time,Returning
103448,2026-04-10,18,Stockholm,Pizza,267.0,42.0,On time,Returning
102552,2026-03-29,17,Malmö,Burgers,209.0,25.0,On time,New
110386,2026-07-13,18,Stockholm,Thai,296.0,39.0,On time,Returning
112981,2026-08-16,12,Malmö,Pizza,348.0,38.0,On time,Returning
108882,2026-06-22,14,Malmö,Indian,179.0,47.0,Late,Returning
102764,2026-04-01,17,Malmö,Vegan,185.0,29.0,On time,Returning
111037,2026-07-22,21,Göteborg,Burgers,187.0,37.0,On time,New
102795,2026-04-02,12,Göteborg,Burgers,223.0,32.0,On time,New
109273,2026-06-28,17,Stockholm,Salad,214.0,46.0,Late,Returning
112050,2026-08-04,11,Malmö,Pizza,210.0,35.0,On time,New
100225,2026-02-26,17,Göteborg,Indian,148.0,31.0,On time,Returning
101040,2026-03-08,16,Uppsala,Kebab,334.0,36.0,On time,Returning
102587,2026-03-30,17,Göteborg,Vegan,255.0,38.0,On time,New
107434,2026-06-03,21,Stockholm,Pizza,146.0,33.0,On time,New
107941,2026-06-10,10,Göteborg,Burgers,168.0,26.0,On time,Returning
108137,2026-06-12,11,Lund,Vegan,210.0,26.0,On time,Returning
107161,2026-05-30,10,Malmö,Burgers,263.0,32.0,On time,Returning
112916,2026-08-16,9,Göteborg,Burgers,213.0,39.0,On time,New
102715,2026-03-31,19,Lund,Salad,290.0,39.0,On time,Returning
101520,2026-03-15,12,Malmö,Indian,198.0,37.0,On time,Returning
101438,2026-03-14,16,Malmö,Kebab,285.0,38.0,On time,New
109234,2026-06-27,16,Malmö,Pizza,242.0,24.0,On time,Returning
100445,2026-02-28,12,Lund,Thai,204.0,27.0,On time,New
106923,2026-05-27,21,Stockholm,Burgers,227.0,48.0,Late,Returning
112737,2026-08-13,19,Malmö,Salad,265.0,36.0,On time,Returning
106328,2026-05-19,17,Stockholm,Pizza,149.0,42.0,On time,Returning
108613,2026-06-19,9,Göteborg,Salad,266.0,26.0,On time,Returning
100672,2026-03-03,13,Uppsala,Indian,327.0,61.0,Late,New
113118,2026-08-18,12,Malmö,Salad,241.0,49.0,Late,Returning
108168,2026-06-13,20,Stockholm,Pizza,196.0,39.0,On time,Returning
107236,2026-05-31,18,Stockholm,Salad,269.0,46.0,Late,Returning
102268,2026-03-26,11,Göteborg,Sushi,281.0,24.0,On time,Returning
108331,2026-06-15,19,Göteborg,Kebab,268.0,42.0,On time,Returning
108740,2026-06-20,13,Malmö,Kebab,331.0,33.0,On time,Returning
102294,2026-03-26,12,Stockholm,Sushi,312.0,37.0,On time,New
101087,2026-03-09,11,Stockholm,Sushi,237.0,49.0,Late,Returning
110118,2026-07-10,16,Göteborg,Salad,368.0,38.0,On time,Returning
108042,2026-06-11,13,Unknown,Kebab,241.0,28.0,On time,New
111795,2026-08-01,18,Stockholm,Kebab,192.0,37.0,On time,Returning
106445,2026-05-21,14,Göteborg,Thai,290.0,39.0,On time,Returning
111340,2026-07-26,11,Göteborg,Kebab,247.0,35.0,On time,Returning
111365,2026-07-26,11,Stockholm,Kebab,196.0,37.0,On time,Returning
100305,2026-02-27,9,Göteborg,Burgers,285.0,43.0,On time,Returning
111472,2026-07-27,13,Malmö,Kebab,250.0,35.0,On time,New
107589,2026-06-05,10,Stockholm,Sushi,265.0,23.0,On time,New
109656,2026-07-03,20,Uppsala,Pizza,205.0,31.0,On time,Returning
104213,2026-04-20,19,Stockholm,Vegan,309.0,28.0,On time,Returning
104208,2026-04-20,20,Stockholm,Salad,265.0,33.0,On time,Returning
108893,2026-06-22,10,Uppsala,Pizza,238.0,27.0,On time,Returning
109902,2026-07-07,12,Stockholm,Pizza,196.0,42.0,On time,New
113463,2026-08-23,10,Stockholm,Indian,324.0,35.0,On time,New
101470,2026-03-15,11,Göteborg,Sushi,163.0,51.0,Late,Returning
112260,2026-08-07,13,Stockholm,Pizza,306.0,41.0,On time,New
110484,2026-07-14,21,Uppsala,Pizza,224.0,36.0,On time,Returning
103242,2026-04-07,20,Uppsala,Burgers,147.0,40.0,On time,New
101129,2026-03-10,13,Göteborg,Burgers,225.0,36.0,On time,New
100398,2026-02-28,13,Stockholm,Salad,231.0,32.0,On time,New
107886,2026-06-09,19,Stockholm,Sushi,238.0,37.0,On time,New
111610,2026-07-29,12,Uppsala,Pizza,187.0,29.0,On time,Returning
105004,2026-05-01,19,Lund,Vegan,262.0,49.0,Late,New
103939,2026-04-17,17,Göteborg,Burgers,245.0,37.0,On time,New
112885,2026-08-15,19,Malmö,Thai,258.0,40.0,On time,Returning
101498,2026-03-15,15,Stockholm,Pizza,268.0,40.0,On time,Returning
110784,2026-07-18,14,Uppsala,Sushi,295.0,32.0,On time,Returning
111838,2026-08-01,16,Malmö,Kebab,277.0,47.0,Late,Returning
104418,2026-04-23,18,Malmö,Pizza,315.0,44.0,On time,Returning
112841,2026-08-15,21,Stockholm,Pizza,248.0,42.0,On time,Returning
109884,2026-07-07,10,Göteborg,Salad,217.0,43.0,On time,Returning
100557,2026-03-02,18,Stockholm,Pizza,245.0,59.0,Late,Returning
103760,2026-04-14,13,Stockholm,Pizza,314.0,25.0,On time,Returning
106497,2026-05-21,17,Malmö,Sushi,264.0,36.0,On time,Returning
108397,2026-06-15,21,Lund,Sushi,340.0,38.0,On time,New
109897,2026-07-07,16,Stockholm,Pizza,239.0,24.0,On time,Returning
111473,2026-07-27,18,Malmö,Salad,214.0,35.0,On time,Returning
104792,2026-04-28,14,Lund,Vegan,201.0,24.0,On time,Returning
104397,2026-04-23,14,Göteborg,Kebab,391.0,44.0,On time,Returning
101843,2026-03-20,13,Stockholm,Indian,280.0,33.0,On time,Returning
109748,2026-07-05,12,Göteborg,Thai,125.0,37.0,Unknown,Returning
103337,2026-04-09,19,Göteborg,Burgers,265.0,30.0,On time,Returning
100683,2026-03-04,22,Göteborg,Burgers,194.0,42.0,On time,Returning
105941,2026-05-14,13,Stockholm,Kebab,232.0,32.0,On time,Returning
108960,2026-06-23,9,Lund,Thai,200.0,34.0,On time,Returning
112384,2026-08-08,12,Uppsala,Pizza,160.0,45.0,On time,New
102803,2026-04-02,13,Göteborg,Thai,254.0,22.0,On time,Returning
103630,2026-04-12,18,Uppsala,Kebab,291.0,43.0,On time,Returning
103004,2026-04-04,17,Uppsala,Vegan,338.0,42.0,On time,New
102174,2026-03-24,12,Malmö,Burgers,290.0,38.0,On time,Returning
112223,2026-08-07,20,Göteborg,Indian,253.0,34.0,On time,Returning
108777,2026-06-21,13,Göteborg,Burgers,249.0,24.0,On time,Returning
105710,2026-05-10,20,Malmö,Burgers,271.0,42.0,On time,New
104075,2026-04-19,18,Göteborg,Sushi,118.0,42.0,On time,Returning
103086,2026-04-05,17,Malmö,Salad,217.0,15.0,On time,Returning
106574,2026-05-22,13,Stockholm,Sushi,207.0,34.0,On time,New
112861,2026-08-15,11,Stockholm,Kebab,262.0,26.0,On time,Returning
112416,2026-08-09,16,Göteborg,Indian,227.0,32.0,On time,Returning
101632,2026-03-17,12,Stockholm,Sushi,261.0,39.0,On time,New
105315,2026-05-05,13,Stockholm,Sushi,291.0,48.0,Late,Returning
111972,2026-08-03,11,Stockholm,Burgers,210.0,39.0,On time,Returning
104464,2026-04-24,19,Stockholm,Indian,232.0,29.0,On time,Returning
111187,2026-07-24,17,Stockholm,Kebab,269.0,47.0,Late,New
100258,2026-02-26,15,Unknown,Indian,356.0,46.0,Late,Returning
108702,2026-06-20,23,Göteborg,Vegan,301.0,35.0,On time,New
101569,2026-03-16,19,Göteborg,Indian,275.0,31.0,On time,New
106042,2026-05-15,22,Malmö,Sushi,249.0,37.0,On time,Returning
105276,2026-05-04,18,Uppsala,Burgers,158.0,28.0,On time,New
110983,2026-07-21,14,Stockholm,Burgers,209.0,33.0,On time,New
112443,2026-08-09,20,Stockholm,Pizza,288.0,34.0,On time,New
102583,2026-03-30,16,Göteborg,Sushi,228.0,15.0,On time,Returning
107798,2026-06-07,11,Lund,Sushi,167.0,39.0,On time,New
108792,2026-06-21,18,Stockholm,Vegan,230.0,32.0,On time,Returning
103833,2026-04-15,18,Stockholm,Kebab,213.0,34.0,On time,Returning
110135,2026-07-10,19,Stockholm,Kebab,198.0,31.0,On time,New
111408,2026-07-26,16,Uppsala,Kebab,354.0,30.0,On time,Returning
111732,2026-07-31,12,Stockholm,Kebab,218.0,36.0,On time,Returning
109222,2026-06-27,12,Stockholm,Kebab,367.0,34.0,On time,Returning
110759,2026-07-18,12,Stockholm,Pizza,216.0,30.0,On time,Returning
111784,2026-08-01,20,Göteborg,Pizza,303.0,45.0,On time,Returning
111749,2026-07-31,10,Malmö,Burgers,347.0,32.0,On time,Returning
102635,2026-03-30,19,Uppsala,Kebab,243.0,35.0,On time,Returning
104897,2026-04-30,11,Stockholm,Pizza,239.0,43.0,On time,Returning
106367,2026-05-19,18,Lund,Thai,254.0,34.0,On time,Returning
111233,2026-07-24,19,Uppsala,Pizza,236.0,34.0,On time,New
112133,2026-08-05,11,Uppsala,Pizza,236.0,50.0,Late,Returning
110783,2026-07-18,12,Uppsala,Pizza,348.0,25.0,On time,New
100649,2026-03-03,19,Malmö,Burgers,259.0,35.0,On time,Returning
105833,2026-05-12,19,Malmö,Burgers,226.0,44.0,On time,Returning
104328,2026-04-22,12,Stockholm,Pizza,237.0,42.0,On time,Returning
103919,2026-04-16,20,Uppsala,Sushi,181.0,31.0,On time,New
109759,2026-07-05,19,Stockholm,Kebab,288.0,25.0,On time,Returning
113136,2026-08-18,17,Lund,Thai,277.0,31.0,On time,New
113165,2026-08-19,12,Stockholm,Pizza,366.0,33.0,On time,New
108901,2026-06-22,13,Lund,Pizza,196.0,47.0,Late,Returning
104429,2026-04-23,12,Uppsala,Burgers,245.0,53.0,Late,Returning
110491,2026-07-14,12,Lund,Sushi,285.0,37.0,On time,Returning
110520,2026-07-15,12,Stockholm,Vegan,264.0,18.0,On time,New
106038,2026-05-15,13,Malmö,Sushi,273.0,32.0,On time,Returning
106074,2026-05-16,13,Stockholm,Pizza,338.0,40.0,On time,Returning
113229,2026-08-20,22,Stockholm,Kebab,243.0,39.0,On time,Returning
102496,2026-03-29,12,Göteborg,Burgers,260.0,47.0,Late,Returning
100253,2026-02-26,19,Stockholm,Pizza,219.0,33.0,On time,Returning
110800,2026-07-18,11,Lund,Pizza,191.0,38.0,On time,Returning
102817,2026-04-02,17,Stockholm,Sushi,247.0,38.0,On time,Returning
109469,2026-07-01,18,Göteborg,Indian,292.0,50.0,Late,Returning
102565,2026-03-29,15,Lund,Burgers,259.0,50.0,Late,Returning
110208,2026-07-11,21,Stockholm,Salad,381.0,39.0,On time,New
107653,2026-06-06,13,Stockholm,Salad,300.0,33.0,On time,New
104422,2026-04-23,17,Malmö,Pizza,197.0,32.0,On time,Returning
109724,2026-07-04,20,Uppsala,Sushi,202.0,46.0,Late,Returning
108762,2026-06-20,10,Lund,Thai,218.0,21.0,On time,New
109494,2026-07-01,14,Stockholm,Sushi,149.0,36.0,On time,Returning
112740,2026-08-13,14,Malmö,Thai,278.0,23.0,On time,New
112028,2026-08-04,12,Stockholm,Sushi,261.0,44.0,On time,New
110257,2026-07-12,11,Göteborg,Pizza,280.0,42.0,On time,New
103748,2026-04-14,16,Stockholm,Pizza,257.0,43.0,On time,Returning
111543,2026-07-28,13,Malmö,Burgers,269.0,24.0,On time,New
104698,2026-04-27,21,Stockholm,Kebab,278.0,44.0,On time,Returning
111830,2026-08-01,17,Malmö,Burgers,271.0,22.0,On time,Returning
106147,2026-05-17,11,Göteborg,Thai,292.0,48.0,Late,Returning
100673,2026-03-03,17,Uppsala,Pizza,262.0,25.0,On time,Returning
105945,2026-05-14,18,Stockholm,Pizza,166.0,38.0,On time,Returning
104963,2026-05-01,17,Stockholm,Sushi,275.0,44.0,On time,Returning
104644,2026-04-26,12,Malmö,Indian,376.0,26.0,On time,New
106137,2026-05-16,21,Lund,Kebab,232.0,45.0,On time,Returning
101164,2026-03-10,23,Malmö,Indian,297.0,17.0,On time,Returning
103706,2026-04-13,10,Malmö,Pizza,327.0,36.0,On time,Returning
104661,2026-04-26,14,Lund,Burgers,249.0,48.0,Late,New
111748,2026-07-31,19,Malmö,Indian,329.0,37.0,On time,New
105948,2026-05-14,19,Stockholm,Burgers,201.0,36.0,On time,Returning
102409,2026-03-28,9,Göteborg,Pizza,352.0,25.0,On time,Returning
112951,2026-08-16,19,Stockholm,Burgers,264.0,33.0,On time,New
100228,2026-02-26,11,Göteborg,Salad,211.0,36.0,On time,New
113025,2026-08-17,11,Unknown,Pizza,330.0,51.0,Late,Returning
106253,2026-05-18,13,Göteborg,Burgers,273.0,44.0,On time,Returning
107866,2026-06-09,13,Göteborg,Burgers,196.0,44.0,On time,Returning
109561,2026-07-02,19,Stockholm,Burgers,195.0,44.0,On time,Returning
111247,2026-07-25,17,Göteborg,Pizza,268.0,43.0,On time,Returning
107209,2026-05-31,12,Stockholm,Burgers,251.0,25.0,On time,Returning
106198,2026-05-17,13,Malmö,Burgers,242.0,59.0,Late,Returning
111076,2026-07-22,19,Stockholm,Kebab,180.0,34.0,On time,Returning
102218,2026-03-25,13,Stockholm,Sushi,265.0,39.0,On time,Returning
105337,2026-05-05,20,Uppsala,Sushi,255.0,34.0,On time,Returning
104436,2026-04-23,12,Lund,Burgers,259.0,46.0,Late,Returning
101572,2026-03-16,19,Stockholm,Pizza,214.0,36.0,On time,New
100992,2026-03-08,19,Stockholm,Sushi,105.0,18.0,On time,Returning
111796,2026-08-01,19,Stockholm,Indian,230.0,35.0,On time,New
112838,2026-08-15,14,Göteborg,Pizza,214.0,38.0,On time,New
111655,2026-07-30,12,Stockholm,Burgers,295.0,37.0,Unknown,Returning
102035,2026-03-22,19,Lund,Thai,210.0,33.0,On time,New
100006,2026-02-23,12,Göteborg,Pizza,244.0,41.0,On time,Returning
111456,2026-07-27,12,Unknown,Indian,169.0,26.0,On time,Returning
103526,2026-04-11,18,Malmö,Burgers,268.0,45.0,On time,New
104309,2026-04-22,12,Göteborg,Sushi,293.0,39.0,On time,Returning
103685,2026-04-13,9,Stockholm,Pizza,211.0,40.0,On time,Returning
105462,2026-05-07,19,Malmö,Burgers,393.0,40.0,On time,New
101747,2026-03-18,13,Lund,Thai,252.0,44.0,On time,New
104626,2026-04-26,13,Stockholm,Pizza,252.0,29.0,On time,New
101907,2026-03-21,13,Stockholm,Pizza,332.0,37.0,On time,Returning
106708,2026-05-24,17,Stockholm,Indian,247.0,44.0,On time,New
104211,2026-04-20,11,Stockholm,Kebab,232.0,23.0,On time,Returning
105838,2026-05-12,18,Malmö,Kebab,266.0,54.0,Late,Returning
105874,2026-05-13,20,Stockholm,Kebab,290.0,43.0,On time,New
102841,2026-04-02,13,Stockholm,Burgers,274.0,35.0,On time,Returning
101785,2026-03-19,14,Stockholm,Vegan,245.0,28.0,On time,Returning
108680,2026-06-19,12,Uppsala,Pizza,304.0,47.0,Late,Returning
107867,2026-06-09,17,Göteborg,Kebab,195.0,35.0,On time,New
102551,2026-03-29,10,Malmö,Kebab,321.0,45.0,On time,New
102418,2026-03-28,19,Göteborg,Vegan,316.0,37.0,Unknown,Returning
109294,2026-06-28,14,Malmö,Sushi,220.0,41.0,On time,Returning
100033,2026-02-23,20,Stockholm,Vegan,247.0,37.0,On time,New
110537,2026-07-15,17,Stockholm,Burgers,210.0,37.0,On time,New
107171,2026-05-30,11,Uppsala,Sushi,228.0,38.0,On time,Returning
111467,2026-07-27,20,Stockholm,Pizza,252.0,250.0,Unknown,New
108247,2026-06-14,14,Göteborg,Burgers,143.0,47.0,Late,Returning
108073,2026-06-11,11,Lund,Kebab,295.0,33.0,On time,Returning
110416,2026-07-13,13,Lund,Vegan,153.0,52.0,Late,Returning
102528,2026-03-29,11,Stockholm,Burgers,240.0,33.0,On time,New
108157,2026-06-13,12,Göteborg,Sushi,224.0,41.0,On time,Returning
108653,2026-06-19,12,Stockholm,Sushi,259.0,50.0,Late,New
103108,2026-04-05,16,Uppsala,Pizza,155.0,51.0,Late,Returning
112147,2026-08-06,19,Göteborg,Vegan,262.0,35.0,On time,New
100454,2026-03-01,18,Göteborg,Thai,185.0,30.0,On time,Returning
106984,2026-05-28,12,Göteborg,Kebab,447.0,43.0,On time,Returning
101591,2026-03-16,13,Stockholm,Sushi,270.0,18.0,On time,Returning
101136,2026-03-10,12,Göteborg,Salad,221.0,36.0,On time,Returning
100723,2026-03-04,11,Malmö,Kebab,338.0,27.0,On time,Returning
112227,2026-08-07,12,Göteborg,Vegan,261.0,29.0,On time,Returning
102744,2026-04-01,12,Stockholm,Kebab,251.0,33.0,On time,Returning
111254,2026-07-25,9,Göteborg,Pizza,164.0,30.0,On time,Returning
108289,2026-06-14,15,Malmö,Indian,281.0,48.0,Late,Returning
110895,2026-07-20,12,Göteborg,Thai,137.0,42.0,On time,New
101428,2026-03-14,18,Stockholm,Thai,307.0,37.0,On time,Returning
111745,2026-07-31,15,Stockholm,Thai,264.0,48.0,Late,Returning
102090,2026-03-23,11,Malmö,Pizza,298.0,29.0,On time,New
110483,2026-07-14,19,Uppsala,Thai,206.0,40.0,On time,Returning
102151,2026-03-24,13,Stockholm,Kebab,253.0,48.0,Late,New
109311,2026-06-28,13,Malmö,Burgers,213.0,25.0,On time,Returning
103210,2026-04-07,18,Stockholm,Burgers,167.0,42.0,On time,Returning
108382,2026-06-15,18,Unknown,Vegan,119.0,23.0,On time,Returning
112655,2026-08-12,16,Stockholm,Thai,254.0,55.0,Late,Returning
112336,2026-08-08,17,Stockholm,Pizza,195.0,32.0,On time,New
107770,2026-06-07,11,Malmö,Pizza,233.0,48.0,Late,Returning
109877,2026-07-06,11,Lund,Salad,284.0,48.0,Late,Returning
109116,2026-06-26,12,Stockholm,Salad,288.0,27.0,On time,Returning
106178,2026-05-17,19,Stockholm,Salad,348.0,38.0,On time,Returning
101338,2026-03-13,19,Stockholm,Pizza,205.0,18.0,On time,New
111373,2026-07-26,10,Stockholm,Sushi,335.0,250.0,Unknown,Returning
100286,2026-02-26,18,Lund,Pizza,309.0,38.0,On time,New
111001,2026-07-21,10,Stockholm,Burgers,191.0,37.0,On time,Returning
106158,2026-05-17,9,Göteborg,Pizza,239.0,38.0,On time,New
108973,2026-06-24,10,Göteborg,Pizza,188.0,41.0,On time,New
105953,2026-05-14,22,Stockholm,Kebab,267.0,42.0,On time,New
102131,2026-03-24,14,Göteborg,Indian,296.0,38.0,On time,Returning
102718,2026-03-31,17,Lund,Pizza,226.0,46.0,Late,New
108876,2026-06-22,16,Stockholm,Pizza,237.0,42.0,On time,Returning
105544,2026-05-08,19,Lund,Salad,214.0,24.0,On time,Returning
104579,2026-04-25,18,Uppsala,Burgers,288.0,29.0,On time,New
108115,2026-06-12,11,Stockholm,Burgers,274.0,37.0,On time,Returning
108610,2026-06-19,12,Göteborg,Pizza,287.0,37.0,On time,Returning
104877,2026-04-30,18,Göteborg,Sushi,309.0,48.0,Late,New
112647,2026-08-12,11,Stockholm,Thai,263.0,40.0,On time,Returning
109481,2026-07-01,12,Göteborg,Pizza,371.0,36.0,On time,Returning
104510,2026-04-24,18,Lund,Pizza,334.0,49.0,Late,Returning
113102,2026-08-18,16,Stockholm,Thai,381.0,41.0,On time,New
105170,2026-05-03,17,Malmö,Vegan,313.0,46.0,Late,Returning
112863,2026-08-15,19,Stockholm,Salad,265.0,28.0,On time,Returning
112011,2026-08-04,11,Göteborg,Pizza,277.0,25.0,On time,Returning
107547,2026-06-05,11,Göteborg,Sushi,216.0,35.0,On time,Returning
106599,2026-05-22,20,Lund,Pizza,135.0,44.0,On time,Returning
101380,2026-03-13,12,Lund,Vegan,190.0,22.0,On time,New
102770,2026-04-01,9,Malmö,Thai,178.0,37.0,On time,New
109142,2026-06-26,19,Malmö,Burgers,254.0,33.0,On time,New
100296,2026-02-27,12,Göteborg,Pizza,372.0,29.0,On time,Returning
111661,2026-07-30,16,Stockholm,Pizza,259.0,46.0,Late,New
113014,2026-08-17,20,Stockholm,Salad,157.0,33.0,On time,Returning
103813,2026-04-15,19,Stockholm,Indian,335.0,33.0,On time,Returning
111112,2026-07-23,18,Göteborg,Sushi,230.0,28.0,On time,Returning
112163,2026-08-06,12,Göteborg,Vegan,327.0,40.0,On time,Returning
110367,2026-07-13,20,Stockholm,Sushi,151.0,26.0,On time,New
100704,2026-03-04,13,Stockholm,Sushi,215.0,60.0,Late,New
101541,2026-03-15,12,Lund,Burgers,199.0,32.0,On time,New
100453,2026-03-01,17,Göteborg,Kebab,327.0,32.0,On time,Returning
100483,2026-03-01,19,Stockholm,Vegan,266.0,27.0,On time,New
108025,2026-06-11,9,Stockholm,Sushi,228.0,38.0,On time,Returning
109081,2026-06-25,11,Uppsala,Pizza,289.0,27.0,On time,Returning
108622,2026-06-19,16,Göteborg,Burgers,309.0,47.0,Late,New
113506,2026-08-23,13,Malmö,Vegan,258.0,43.0,On time,Returning
112529,2026-08-10,12,Stockholm,Vegan,295.0,36.0,On time,Returning
102828,2026-04-02,18,Stockholm,Pizza,294.0,39.0,On time,Returning
112777,2026-08-14,12,Stockholm,Kebab,280.0,45.0,On time,Returning
107872,2026-06-09,12,Göteborg,Thai,280.0,47.0,Late,New
106550,2026-05-22,12,Stockholm,Pizza,313.0,35.0,On time,New
110286,2026-07-12,23,Stockholm,Burgers,277.0,58.0,Late,Returning
106759,2026-05-25,20,Göteborg,Pizza,256.0,39.0,On time,Returning
111946,2026-08-03,19,Göteborg,Pizza,279.0,21.0,On time,Returning
107475,2026-06-03,14,Uppsala,Pizza,267.0,54.0,Late,Returning
112130,2026-08-05,20,Malmö,Burgers,201.0,51.0,Late,Returning
108890,2026-06-22,11,Malmö,Salad,267.0,38.0,On time,Returning
113264,2026-08-20,13,Malmö,Pizza,178.0,35.0,On time,New
109516,2026-07-01,12,Malmö,Kebab,189.0,26.0,On time,Returning
102760,2026-04-01,17,Stockholm,Sushi,187.0,53.0,Late,New
108571,2026-06-18,13,Stockholm,Burgers,285.0,38.0,On time,Returning
110996,2026-07-21,11,Stockholm,Pizza,255.0,28.0,On time,Returning
104379,2026-04-22,21,Lund,Burgers,322.0,28.0,On time,Returning
107670,2026-06-06,10,Stockholm,Kebab,274.0,44.0,On time,Returning
107423,2026-06-03,17,Göteborg,Burgers,254.0,35.0,On time,New
112475,2026-08-09,15,Uppsala,Pizza,233.0,15.0,On time,New
107272,2026-06-01,18,Göteborg,Thai,292.0,15.0,On time,New
112852,2026-08-15,15,Stockholm,Pizza,89.0,20.0,On time,Returning
107898,2026-06-09,17,Stockholm,Burgers,276.0,25.0,On time,New
109036,2026-06-25,12,Göteborg,Burgers,270.0,38.0,On time,Returning
103075,2026-04-05,12,Stockholm,Vegan,249.0,34.0,On time,New
106669,2026-05-23,19,Uppsala,Kebab,183.0,43.0,On time,New
101542,2026-03-15,19,Lund,Burgers,212.0,26.0,On time,Returning
103661,2026-04-13,14,Göteborg,Thai,248.0,36.0,On time,Returning
100162,2026-02-25,17,Göteborg,Kebab,264.0,24.0,On time,Returning
107287,2026-06-01,19,Stockholm,Burgers,181.0,48.0,Late,New
102314,2026-03-26,12,Uppsala,Kebab,353.0,24.0,On time,New
111973,2026-08-03,16,Stockholm,Kebab,244.0,33.0,On time,Returning
111157,2026-07-23,20,Uppsala,Indian,261.0,52.0,Late,New
100675,2026-03-03,19,Lund,Indian,234.0,44.0,On time,Returning
100855,2026-03-06,14,Malmö,Thai,324.0,44.0,On time,Returning
109324,2026-06-29,19,Göteborg,Burgers,232.0,50.0,Late,New
102808,2026-04-02,18,Göteborg,Kebab,291.0,39.0,On time,Returning
113492,2026-08-23,18,Malmö,Burgers,328.0,30.0,On time,Returning
101373,2026-03-13,18,Uppsala,Vegan,245.0,38.0,On time,Returning
103737,2026-04-14,11,Göteborg,Burgers,286.0,15.0,On time,Returning
110827,2026-07-19,17,Stockholm,Sushi,282.0,30.0,On time,New
109012,2026-06-24,10,Malmö,Sushi,206.0,37.0,Unknown,Returning
106398,2026-05-20,23,Stockholm,Burgers,287.0,48.0,Late,New
102572,2026-03-30,18,Göteborg,Burgers,298.0,37.0,Unknown,New
105951,2026-05-14,15,Stockholm,Pizza,347.0,35.0,On time,Returning
108955,2026-06-23,11,Lund,Kebab,249.0,48.0,Late,Returning
105535,2026-05-08,14,Uppsala,Burgers,156.0,43.0,On time,Returning
108677,2026-06-19,14,Uppsala,Burgers,273.0,45.0,On time,Returning
100736,2026-03-04,20,Lund,Burgers,189.0,36.0,On time,New
107927,2026-06-09,20,Lund,Pizza,408.0,49.0,Late,Returning
107790,2026-06-07,12,Uppsala,Pizza,138.0,43.0,On time,Returning
103975,2026-04-17,14,Uppsala,Pizza,259.0,34.0,On time,New
104051,2026-04-18,18,Malmö,Kebab,169.0,43.0,On time,Returning
100325,2026-02-27,18,Stockholm,Pizza,234.0,26.0,On time,Returning
104859,2026-04-29,11,Lund,Pizza,271.0,41.0,On time,Returning
102765,2026-04-01,14,Malmö,Burgers,234.0,37.0,On time,Returning
102904,2026-04-03,17,Stockholm,Indian,225.0,36.0,On time,New
108966,2026-06-24,21,Göteborg,Kebab,271.0,30.0,On time,Returning
109934,2026-07-07,14,Malmö,Sushi,310.0,20.0,On time,Returning
112527,2026-08-10,20,Stockholm,Pizza,282.0,32.0,On time,Returning
103796,2026-04-14,17,Lund,Pizza,383.0,34.0,On time,New
101652,2026-03-17,22,Stockholm,Vegan,354.0,46.0,Late,Returning
104202,2026-04-20,19,Stockholm,Thai,381.0,52.0,Late,Returning
100829,2026-03-06,10,Stockholm,Burgers,312.0,16.0,On time,New
109101,2026-06-26,10,Göteborg,Sushi,291.0,31.0,On time,Returning
111034,2026-07-22,20,Göteborg,Kebab,239.0,17.0,On time,New
105470,2026-05-07,17,Uppsala,Sushi,282.0,31.0,On time,New
110243,2026-07-11,19,Lund,Thai,206.0,41.0,On time,Returning
104515,2026-04-25,20,Göteborg,Pizza,290.0,40.0,On time,Returning
104473,2026-04-24,12,Stockholm,Thai,119.0,46.0,Late,Returning
102986,2026-04-04,13,Malmö,Burgers,319.0,53.0,Late,New
111862,2026-08-02,21,Göteborg,Pizza,262.0,38.0,On time,New
104857,2026-04-29,15,Lund,Sushi,307.0,38.0,On time,Returning
111350,2026-07-26,13,Göteborg,Pizza,296.0,35.0,On time,New
104322,2026-04-22,17,Stockholm,Kebab,262.0,30.0,On time,New
112797,2026-08-14,12,Stockholm,Burgers,249.0,37.0,Unknown,Returning
112019,2026-08-04,13,Göteborg,Burgers,317.0,45.0,On time,Returning
108035,2026-06-11,18,Stockholm,Vegan,224.0,40.0,On time,Returning
100610,2026-03-03,20,Göteborg,Kebab,267.0,33.0,On time,New
102876,2026-04-03,19,Göteborg,Burgers,269.0,41.0,On time,New
102285,2026-03-26,19,Stockholm,Vegan,250.0,30.0,On time,Returning
105632,2026-05-09,21,Uppsala,Burgers,197.0,46.0,Late,New
112234,2026-08-07,12,Göteborg,Thai,277.0,47.0,Late,Returning
111164,2026-07-23,10,Lund,Burgers,236.0,15.0,On time,New
102859,2026-04-02,19,Lund,Sushi,219.0,33.0,On time,Returning
109452,2026-06-30,23,Uppsala,Thai,244.0,37.0,On time,New
102203,2026-03-25,10,Göteborg,Kebab,319.0,26.0,On time,Returning
106431,2026-05-20,19,Malmö,Kebab,232.0,42.0,On time,Returning
107899,2026-06-09,19,Stockholm,Burgers,246.0,43.0,On time,Returning
104461,2026-04-24,13,Stockholm,Indian,171.0,33.0,On time,Returning
104804,2026-04-29,9,Göteborg,Burgers,183.0,34.0,On time,Returning
101220,2026-03-11,21,Stockholm,Kebab,112.0,23.0,On time,Returning
113244,2026-08-20,19,Stockholm,Thai,141.0,30.0,On time,New
113101,2026-08-18,21,Stockholm,Kebab,210.0,44.0,On time,New
101719,2026-03-18,21,Stockholm,Sushi,383.0,40.0,On time,Returning
110801,2026-07-18,19,Lund,Indian,239.0,45.0,On time,Returning
107936,2026-06-10,18,Göteborg,Thai,229.0,39.0,On time,New
107466,2026-06-03,20,Malmö,Sushi,256.0,38.0,On time,Returning
104512,2026-04-24,12,Lund,Salad,203.0,27.0,On time,Returning
110956,2026-07-20,9,Lund,Burgers,301.0,31.0,On time,Returning
100161,2026-02-25,14,Göteborg,Indian,180.0,33.0,On time,Returning
110513,2026-07-15,12,Stockholm,Vegan,345.0,36.0,On time,Returning
101849,2026-03-20,11,Stockholm,Kebab,180.0,35.0,On time,Returning
109910,2026-07-07,13,Stockholm,Burgers,271.0,58.0,Late,New
111896,2026-08-02,13,Stockholm,Burgers,139.0,38.0,On time,Returning
113504,2026-08-23,13,Malmö,Sushi,268.0,35.0,On time,Returning
111867,2026-08-02,19,Göteborg,Burgers,106.0,46.0,Late,New
106719,2026-05-24,10,Stockholm,Kebab,252.0,42.0,On time,Returning
106048,2026-05-15,19,Uppsala,Kebab,222.0,50.0,Late,Returning
109282,2026-06-28,18,Stockholm,Indian,235.0,27.0,On time,Returning
104833,2026-04-29,10,Stockholm,Kebab,173.0,37.0,On time,Returning
110551,2026-07-15,12,Malmö,Kebab,176.0,28.0,On time,Returning
103671,2026-04-13,23,Göteborg,Pizza,205.0,35.0,On time,Returning
104237,2026-04-21,18,Göteborg,Burgers,288.0,32.0,On time,Returning
112994,2026-08-16,12,Lund,Pizza,222.0,39.0,On time,Returning
106726,2026-05-24,14,Stockholm,Burgers,245.0,44.0,On time,Returning
102238,2026-03-25,11,Malmö,Pizza,291.0,43.0,On time,Returning
111729,2026-07-31,11,Stockholm,Indian,219.0,49.0,Late,New
104340,2026-04-22,16,Stockholm,Salad,208.0,44.0,On time,New
111882,2026-08-02,20,Stockholm,Pizza,263.0,47.0,Late,Returning
106293,2026-05-18,11,Malmö,Sushi,273.0,48.0,Late,New
102280,2026-03-26,14,Stockholm,Kebab,310.0,37.0,Unknown,Returning
112408,2026-08-09,10,Göteborg,Sushi,258.0,41.0,On time,Returning
103001,2026-04-04,14,Uppsala,Pizza,281.0,46.0,Late,New
113374,2026-08-22,19,Stockholm,Pizza,316.0,45.0,On time,Returning
108590,2026-06-18,12,Malmö,Kebab,175.0,34.0,On time,Returning
106850,2026-05-26,22,Stockholm,Indian,264.0,51.0,Late,New
107609,2026-06-05,10,Uppsala,Burgers,252.0,46.0,Late,New
108409,2026-06-16,13,Göteborg,Sushi,125.0,38.0,On time,New
100040,2026-02-23,12,Stockholm,Pizza,241.0,22.0,On time,Returning
104771,2026-04-28,16,Stockholm,Kebab,299.0,36.0,On time,Returning
110990,2026-07-21,12,Unknown,Sushi,207.0,42.0,On time,Returning
100505,2026-03-01,15,Malmö,Sushi,309.0,28.0,On time,Returning
109627,2026-07-03,18,Stockholm,Vegan,258.0,42.0,On time,New
109432,2026-06-30,17,Stockholm,Kebab,102.0,37.0,On time,New
109339,2026-06-29,22,Göteborg,Sushi,278.0,49.0,Late,Returning
101930,2026-03-21,11,Malmö,Kebab,330.0,38.0,On time,New
112279,2026-08-07,13,Malmö,Indian,223.0,33.0,On time,Returning
109083,2026-06-25,14,Lund,Sushi,280.0,46.0,Late,New
108611,2026-06-19,17,Unknown,Sushi,351.0,29.0,On time,Returning
105482,2026-05-08,17,Göteborg,Burgers,264.0,30.0,On time,New
102003,2026-03-22,14,Stockholm,Pizza,209.0,46.0,Late,Returning
109197,2026-06-27,20,Stockholm,Sushi,196.0,57.0,Late,Returning
110055,2026-07-09,17,Stockholm,Kebab,281.0,22.0,On time,Returning
105965,2026-05-14,20,Malmö,Sushi,295.0,31.0,On time,Returning
105780,2026-05-11,16,Malmö,Vegan,203.0,44.0,On time,Returning
111343,2026-07-26,21,Göteborg,Burgers,198.0,21.0,On time,Returning
111752,2026-07-31,15,Malmö,Kebab,199.0,45.0,On time,Returning
108851,2026-06-22,19,Göteborg,Thai,227.0,41.0,On time,Returning
107675,2026-06-06,17,Stockholm,Pizza,243.0,33.0,On time,New
105364,2026-05-06,13,Stockholm,Sushi,303.0,36.0,On time,Returning
106955,2026-05-27,19,Malmö,Kebab,219.0,35.0,On time,Returning
111116,2026-07-23,13,Göteborg,Vegan,183.0,29.0,On time,Returning
111766,2026-07-31,13,Lund,Burgers,278.0,44.0,On time,Returning
104614,2026-04-26,19,Stockholm,Thai,212.0,37.0,On time,Returning
103570,2026-04-12,13,Göteborg,Kebab,186.0,36.0,On time,Returning
101510,2026-03-15,19,Stockholm,Burgers,195.0,38.0,On time,New
107718,2026-06-07,17,Göteborg,Pizza,206.0,28.0,On time,Returning
104985,2026-05-01,17,Malmö,Kebab,211.0,59.0,Late,Returning
106227,2026-05-17,20,Lund,Burgers,219.0,27.0,On time,Returning
100763,2026-03-05,18,Stockholm,Indian,177.0,53.0,Late,Returning
102254,2026-03-26,19,Göteborg,Vegan,301.0,39.0,On time,New
107945,2026-06-10,12,Göteborg,Burgers,181.0,45.0,On time,New
112936,2026-08-16,22,Stockholm,Vegan,272.0,15.0,On time,Returning
104056,2026-04-18,13,Uppsala,Pizza,299.0,40.0,On time,Returning
111552,2026-07-28,20,Uppsala,Sushi,240.0,50.0,Late,Returning
113470,2026-08-23,20,Stockholm,Pizza,174.0,25.0,On time,New
104570,2026-04-25,19,Malmö,Pizza,325.0,49.0,Late,Returning
108350,2026-06-15,13,Stockholm,Indian,198.0,32.0,On time,New
110019,2026-07-08,10,Uppsala,Pizza,284.0,33.0,On time,Returning
104633,2026-04-26,11,Stockholm,Pizza,263.0,35.0,On time,New
107470,2026-06-03,13,Malmö,Sushi,156.0,29.0,On time,New
113162,2026-08-19,9,Stockholm,Indian,203.0,39.0,On time,Returning
111603,2026-07-29,17,Malmö,Burgers,263.0,41.0,On time,New
109427,2026-06-30,11,Stockholm,Sushi,249.0,37.0,Unknown,Returning
110124,2026-07-10,18,Stockholm,Thai,189.0,37.0,On time,New
103840,2026-04-15,12,Malmö,Kebab,305.0,25.0,On time,New
102365,2026-03-27,12,Stockholm,Sushi,345.0,21.0,On time,Returning
105037,2026-05-02,22,Stockholm,Pizza,189.0,43.0,On time,New
107834,2026-06-08,13,Stockholm,Pizza,238.0,26.0,On time,Returning
107842,2026-06-08,18,Malmö,Burgers,171.0,41.0,On time,New
107562,2026-06-05,19,Göteborg,Indian,165.0,51.0,Late,New
111521,2026-07-28,13,Stockholm,Pizza,174.0,55.0,Late,New
109054,2026-06-25,20,Stockholm,Sushi,301.0,43.0,On time,New
112023,2026-08-04,18,Göteborg,Thai,169.0,41.0,On time,New
101383,2026-03-14,11,Göteborg,Thai,256.0,29.0,On time,Returning
112708,2026-08-13,11,Stockholm,Sushi,150.0,37.0,On time,Returning
100727,2026-03-04,13,Malmö,Pizza,277.0,46.0,Late,Returning
109077,2026-06-25,12,Uppsala,Sushi,345.0,44.0,On time,New
113140,2026-08-19,10,Göteborg,Pizza,329.0,34.0,On time,New
111379,2026-07-26,20,Stockholm,Pizza,425.0,39.0,On time,New
111352,2026-07-26,20,Göteborg,Kebab,296.0,63.0,Late,New
112835,2026-08-15,21,Göteborg,Pizza,181.0,40.0,On time,Returning
101532,2026-03-15,12,Malmö,Kebab,300.0,41.0,On time,Returning
109921,2026-07-07,12,Stockholm,Burgers,184.0,47.0,Late,New
111125,2026-07-23,11,Stockholm,Burgers,350.0,36.0,On time,Returning
106958,2026-05-27,19,Malmö,Burgers,239.0,41.0,On time,Returning
103728,2026-04-14,15,Göteborg,Pizza,334.0,30.0,On time,New
109856,2026-07-06,10,Malmö,Burgers,246.0,36.0,On time,New
111056,2026-07-22,12,Stockholm,Salad,166.0,34.0,On time,Returning
104351,2026-04-22,12,Malmö,Vegan,258.0,28.0,On time,New
110726,2026-07-18,13,Göteborg,Burgers,239.0,31.0,On time,Returning
102570,2026-03-30,19,Göteborg,Pizza,215.0,54.0,Late,Returning
110233,2026-07-11,19,Malmö,Kebab,198.0,32.0,On time,Returning
106570,2026-05-22,11,Unknown,Pizza,310.0,39.0,On time,Returning
113195,2026-08-19,9,Uppsala,Thai,297.0,34.0,On time,New
112280,2026-08-07,11,Malmö,Thai,196.0,43.0,On time,Returning
100842,2026-03-06,12,Stockholm,Pizza,172.0,29.0,On time,New
101663,2026-03-17,11,Malmö,Pizza,213.0,30.0,On time,New
103248,2026-04-07,12,Lund,Vegan,249.0,53.0,Late,Returning
104315,2026-04-22,13,Unknown,Sushi,334.0,35.0,On time,Returning
110582,2026-07-16,19,Stockholm,Pizza,240.0,40.0,On time,New
101147,2026-03-10,18,Stockholm,Burgers,343.0,16.0,On time,Returning
113296,2026-08-21,10,Göteborg,Burgers,324.0,23.0,On time,Returning
106081,2026-05-16,15,Stockholm,Indian,209.0,37.0,On time,Returning
101547,2026-03-15,12,Lund,Pizza,223.0,37.0,Unknown,Returning
109952,2026-07-07,12,Lund,Indian,217.0,42.0,On time,New
104630,2026-04-26,18,Stockholm,Thai,155.0,29.0,On time,Returning
111974,2026-08-03,18,Stockholm,Indian,223.0,42.0,On time,Returning
104987,2026-05-01,12,Malmö,Thai,201.0,26.0,On time,New
108997,2026-06-24,11,Stockholm,Salad,159.0,46.0,Late,New
100303,2026-02-27,22,Göteborg,Pizza,296.0,58.0,Late,Returning
107895,2026-06-09,12,Unknown,Pizza,254.0,34.0,On time,Returning
111002,2026-07-21,9,Stockholm,Pizza,294.0,31.0,On time,New
112150,2026-08-06,12,Göteborg,Sushi,170.0,24.0,On time,Returning
112840,2026-08-15,18,Unknown,Kebab,241.0,37.0,On time,New
104098,2026-04-19,17,Göteborg,Burgers,104.0,47.0,Late,Returning
105774,2026-05-11,11,Stockholm,Pizza,238.0,21.0,On time,New
111460,2026-07-27,22,Stockholm,Pizza,272.0,22.0,On time,Returning
110353,2026-07-13,12,Göteborg,Kebab,243.0,30.0,On time,New
108534,2026-06-17,19,Uppsala,Salad,189.0,23.0,On time,New
101254,2026-03-12,12,Göteborg,Vegan,267.0,32.0,On time,Returning
110132,2026-07-10,18,Stockholm,Kebab,248.0,56.0,Late,New
104600,2026-04-26,16,Göteborg,Vegan,228.0,27.0,On time,Returning
103322,2026-04-08,19,Lund,Vegan,232.0,31.0,On time,New
108386,2026-06-15,11,Malmö,Burgers,345.0,32.0,On time,New
106794,2026-05-25,19,Stockholm,Thai,200.0,39.0,On time,Returning
110825,2026-07-19,13,Stockholm,Kebab,290.0,27.0,On time,Returning
103291,2026-04-08,12,Stockholm,Burgers,212.0,46.0,Late,Returning
108734,2026-06-20,19,Malmö,Kebab,239.0,27.0,On time,Returning
101583,2026-03-16,10,Stockholm,Kebab,304.0,29.0,On time,Returning
100359,2026-02-27,14,Lund,Indian,278.0,37.0,On time,Returning
110094,2026-07-09,21,Unknown,Pizza,285.0,38.0,On time,Returning
108667,2026-06-19,13,Malmö,Pizza,259.0,20.0,On time,New
111714,2026-07-31,19,Göteborg,Pizza,216.0,42.0,On time,New
112942,2026-08-16,18,Stockholm,Pizza,293.0,51.0,Late,New
105516,2026-05-08,16,Stockholm,Sushi,364.0,40.0,On time,Returning
108381,2026-06-15,18,Malmö,Burgers,280.0,36.0,On time,Returning
105264,2026-05-04,13,Malmö,Burgers,209.0,37.0,Unknown,New
107297,2026-06-01,15,Stockholm,Kebab,256.0,55.0,Late,New
106010,2026-05-15,11,Göteborg,Vegan,229.0,40.0,On time,Returning
101830,2026-03-20,14,Göteborg,Salad,197.0,27.0,On time,New
113411,2026-08-22,14,Malmö,Thai,362.0,23.0,On time,Returning
105714,2026-05-10,12,Uppsala,Burgers,238.0,23.0,On time,Returning
106140,2026-05-17,21,Göteborg,Indian,299.0,46.0,Late,Returning
100635,2026-03-03,13,Stockholm,Pizza,114.0,38.0,On time,Returning
105308,2026-05-05,12,Stockholm,Pizza,314.0,38.0,On time,New
106268,2026-05-18,13,Stockholm,Salad,221.0,38.0,On time,Returning
108088,2026-06-12,19,Göteborg,Thai,220.0,36.0,On time,New
103640,2026-04-12,12,Lund,Pizza,325.0,42.0,On time,Returning
105324,2026-05-05,16,Malmö,Thai,229.0,43.0,On time,Returning
110258,2026-07-12,19,Göteborg,Burgers,298.0,45.0,On time,New
107203,2026-05-31,12,Stockholm,Pizza,201.0,21.0,On time,Returning
101014,2026-03-08,14,Stockholm,Indian,245.0,33.0,On time,New
107164,2026-05-30,20,Malmö,Pizza,266.0,47.0,Late,Returning
106974,2026-05-27,18,Lund,Burgers,293.0,37.0,On time,New
107497,2026-06-04,11,Göteborg,Indian,283.0,45.0,On time,Returning
107579,2026-06-05,12,Stockholm,Salad,260.0,36.0,On time,New
112454,2026-08-09,15,Stockholm,Indian,232.0,15.0,On time,Returning
111088,2026-07-22,16,Malmö,Sushi,316.0,58.0,Late,New
113130,2026-08-18,19,Uppsala,Thai,156.0,29.0,On time,Returning
105039,2026-05-02,12,Stockholm,Thai,231.0,38.0,On time,New
106329,2026-05-19,20,Stockholm,Pizza,305.0,29.0,On time,Returning
104222,2026-04-20,13,Malmö,Thai,326.0,44.0,On time,Returning
103151,2026-04-06,20,Stockholm,Burgers,245.0,54.0,Late,Returning
109863,2026-07-06,12,Uppsala,Burgers,188.0,32.0,On time,New
109203,2026-06-27,16,Stockholm,Pizza,285.0,42.0,On time,Returning
104740,2026-04-28,20,Göteborg,Pizza,192.0,45.0,On time,New
109827,2026-07-06,11,Göteborg,Indian,321.0,250.0,Unknown,Returning
111219,2026-07-24,17,Malmö,Burgers,215.0,59.0,Late,Returning
113228,2026-08-20,22,Stockholm,Burgers,333.0,39.0,On time,Returning
103994,2026-04-18,15,Göteborg,Indian,285.0,28.0,On time,Returning
104239,2026-04-21,19,Göteborg,Pizza,326.0,43.0,On time,Returning
105132,2026-05-03,15,Stockholm,Sushi,235.0,40.0,On time,Returning
109572,2026-07-02,20,Stockholm,Burgers,269.0,53.0,Late,New
106775,2026-05-25,9,Stockholm,Indian,284.0,46.0,Late,Returning
111378,2026-07-26,14,Stockholm,Salad,182.0,40.0,On time,Returning
104994,2026-05-01,9,Malmö,Burgers,277.0,31.0,On time,Returning
101178,2026-03-10,20,Uppsala,Burgers,151.0,26.0,On time,New
111146,2026-07-23,18,Unknown,Kebab,245.0,33.0,On time,New
110690,2026-07-17,18,Malmö,Thai,285.0,25.0,On time,New
108990,2026-06-24,23,Stockholm,Sushi,330.0,37.0,Unknown,Returning
103246,2026-04-07,21,Lund,Burgers,355.0,19.0,On time,Returning
113361,2026-08-22,12,Göteborg,Pizza,252.0,38.0,On time,Returning
108836,2026-06-21,12,Uppsala,Burgers,250.0,46.0,Late,New
112341,2026-08-08,21,Stockholm,Salad,183.0,52.0,Late,Returning
113455,2026-08-23,12,Stockholm,Sushi,306.0,36.0,On time,New
111997,2026-08-03,19,Uppsala,Thai,224.0,27.0,On time,Returning
107762,2026-06-07,19,Stockholm,Thai,306.0,37.0,On time,Returning
100822,2026-03-06,18,Stockholm,Sushi,190.0,37.0,On time,Returning
108848,2026-06-22,12,Göteborg,Burgers,177.0,43.0,On time,New
103231,2026-04-07,17,Malmö,Pizza,264.0,53.0,Late,Returning
101075,2026-03-09,17,Stockholm,Indian,242.0,36.0,On time,New
104532,2026-04-25,19,Göteborg,Pizza,89.0,43.0,On time,Returning
108422,2026-06-16,20,Stockholm,Pizza,269.0,37.0,On time,Returning
103523,2026-04-11,13,Malmö,Burgers,394.0,34.0,On time,Returning
108150,2026-06-13,12,Göteborg,Kebab,192.0,42.0,On time,Returning
102590,2026-03-30,12,Stockholm,Thai,243.0,41.0,On time,New
102597,2026-03-30,21,Stockholm,Thai,228.0,28.0,On time,Returning
112905,2026-08-15,13,Lund,Sushi,181.0,52.0,Late,New
110328,2026-07-12,18,Uppsala,Pizza,288.0,27.0,On time,Returning
100173,2026-02-25,11,Stockholm,Kebab,242.0,52.0,Late,Returning
108335,2026-06-15,20,Göteborg,Burgers,154.0,24.0,On time,Returning
109760,2026-07-05,18,Stockholm,Thai,263.0,49.0,Late,New
112109,2026-08-05,20,Stockholm,Burgers,398.0,27.0,On time,New
104650,2026-04-26,15,Malmö,Indian,221.0,32.0,On time,Returning
102661,2026-03-31,13,Stockholm,Burgers,283.0,34.0,On time,Returning
107441,2026-06-03,10,Stockholm,Pizza,310.0,40.0,On time,Returning
110218,2026-07-11,19,Stockholm,Sushi,156.0,38.0,On time,Returning
111546,2026-07-28,12,Malmö,Sushi,99.0,42.0,On time,Returning
107560,2026-06-05,19,Göteborg,Vegan,273.0,38.0,On time,New
112583,2026-08-11,11,Stockholm,Pizza,163.0,26.0,On time,Returning
112343,2026-08-08,13,Stockholm,Pizza,147.0,27.0,On time,New
112794,2026-08-14,12,Stockholm,Indian,271.0,42.0,On time,Returning
107901,2026-06-09,18,Stockholm,Burgers,230.0,40.0,On time,Returning
104402,2026-04-23,19,Stockholm,Pizza,294.0,52.0,Late,Returning
104006,2026-04-18,13,Stockholm,Burgers,300.0,35.0,On time,New
111923,2026-08-02,9,Malmö,Indian,198.0,24.0,On time,Returning
111006,2026-07-21,14,Stockholm,Kebab,295.0,43.0,On time,Returning
105081,2026-05-02,21,Uppsala,Sushi,263.0,45.0,On time,New
106357,2026-05-19,21,Uppsala,Burgers,210.0,37.0,Unknown,Returning
101368,2026-03-13,18,Malmö,Pizza,108.0,33.0,On time,Returning
112298,2026-08-08,12,Göteborg,Kebab,248.0,36.0,On time,New
112976,2026-08-16,19,Malmö,Kebab,313.0,31.0,On time,Returning
102076,2026-03-23,10,Stockholm,Thai,220.0,51.0,Late,Returning
102118,2026-03-24,14,Göteborg,Burgers,264.0,40.0,On time,Returning
108211,2026-06-13,13,Malmö,Salad,147.0,44.0,On time,New
111681,2026-07-30,22,Malmö,Pizza,244.0,24.0,On time,New
113366,2026-08-22,20,Göteborg,Pizza,227.0,51.0,Late,New
103390,2026-04-09,18,Uppsala,Burgers,253.0,38.0,On time,Returning
110826,2026-07-19,12,Stockholm,Burgers,325.0,32.0,On time,Returning
100244,2026-02-26,19,Stockholm,Kebab,274.0,46.0,Late,New
112813,2026-08-14,12,Uppsala,Vegan,156.0,56.0,Late,Returning
113392,2026-08-22,14,Stockholm,Pizza,269.0,51.0,Late,New
106015,2026-05-15,10,Stockholm,Sushi,298.0,29.0,On time,New
103965,2026-04-17,19,Malmö,Burgers,199.0,37.0,On time,Returning
105034,2026-05-02,17,Stockholm,Vegan,210.0,44.0,On time,New
107256,2026-05-31,23,Uppsala,Burgers,293.0,48.0,Late,Returning
109949,2026-07-07,15,Uppsala,Pizza,189.0,31.0,On time,Returning
104535,2026-04-25,16,Göteborg,Thai,215.0,36.0,On time,New
113022,2026-08-17,20,Stockholm,Indian,276.0,36.0,On time,Returning
109635,2026-07-03,13,Stockholm,Indian,188.0,42.0,On time,New
101288,2026-03-12,17,Stockholm,Burgers,231.0,27.0,On time,Returning
100865,2026-03-06,13,Uppsala,Sushi,382.0,45.0,On time,Returning
100111,2026-02-24,19,Stockholm,Thai,189.0,52.0,Late,Returning
100209,2026-02-25,18,Uppsala,Sushi,298.0,40.0,On time,New
105319,2026-05-05,11,Stockholm,Pizza,293.0,38.0,On time,Returning
108076,2026-06-12,19,Göteborg,Kebab,320.0,41.0,On time,Returning
107590,2026-06-05,9,Stockholm,Sushi,249.0,42.0,On time,Returning
101575,2026-03-16,9,Stockholm,Salad,180.0,26.0,On time,New
102960,2026-04-04,20,Stockholm,Thai,219.0,39.0,On time,Returning
110240,2026-07-11,23,Uppsala,Pizza,211.0,42.0,On time,New
111354,2026-07-26,11,Göteborg,Burgers,264.0,39.0,On time,New
108981,2026-06-24,11,Stockholm,Indian,183.0,43.0,On time,New
105849,2026-05-12,20,Uppsala,Indian,251.0,33.0,On time,Returning
101329,2026-03-13,22,Göteborg,Burgers,277.0,39.0,On time,Returning
100048,2026-02-23,17,Stockholm,Vegan,215.0,20.0,On time,New
113389,2026-08-22,10,Stockholm,Pizza,221.0,38.0,On time,Returning
101530,2026-03-15,18,Malmö,Salad,376.0,36.0,On time,New
105717,2026-05-10,15,Uppsala,Burgers,237.0,41.0,On time,New
106908,2026-05-27,15,Göteborg,Burgers,191.0,51.0,Late,Returning
101432,2026-03-14,20,Malmö,Sushi,294.0,51.0,Late,Returning
104063,2026-04-18,9,Lund,Vegan,261.0,37.0,On time,Returning
106242,2026-05-18,18,Göteborg,Sushi,335.0,31.0,On time,Returning
109401,2026-06-30,18,Göteborg,Thai,257.0,47.0,Late,Returning
106715,2026-05-24,16,Stockholm,Pizza,284.0,16.0,On time,New
113474,2026-08-23,19,Stockholm,Vegan,199.0,37.0,On time,Returning
101557,2026-03-16,19,Göteborg,Pizza,214.0,47.0,Late,Returning
102286,2026-03-26,17,Stockholm,Pizza,268.0,55.0,Late,New
112033,2026-08-04,12,Stockholm,Pizza,184.0,27.0,On time,Returning
103037,2026-04-05,22,Stockholm,Kebab,294.0,60.0,Late,Returning
102284,2026-03-26,11,Stockholm,Salad,236.0,33.0,On time,Returning
113178,2026-08-19,19,Stockholm,Kebab,258.0,55.0,Late,New
100084,2026-02-24,12,Göteborg,Sushi,341.0,36.0,On time,Returning
100722,2026-03-04,11,Malmö,Pizza,270.0,47.0,Late,Returning
111054,2026-07-22,21,Stockholm,Burgers,160.0,40.0,On time,Returning
101267,2026-03-12,13,Göteborg,Sushi,232.0,41.0,On time,Returning
103968,2026-04-17,19,Malmö,Pizza,311.0,29.0,On time,New
107134,2026-05-30,9,Stockholm,Sushi,242.0,49.0,Late,Returning
109915,2026-07-07,20,Stockholm,Indian,312.0,31.0,On time,Returning
105543,2026-05-08,18,Lund,Indian,333.0,31.0,On time,Returning
102115,2026-03-24,16,Göteborg,Sushi,254.0,32.0,On time,Returning
113135,2026-08-18,12,Lund,Thai,212.0,52.0,Late,Returning
100011,2026-02-23,18,Göteborg,Burgers,293.0,38.0,On time,Returning
106233,2026-05-17,12,Lund,Kebab,289.0,39.0,On time,Returning
104862,2026-04-30,19,Göteborg,Thai,105.0,45.0,On time,Returning
100806,2026-03-06,20,Göteborg,Salad,210.0,32.0,On time,Returning
108467,2026-06-16,11,Uppsala,Pizza,253.0,34.0,On time,Returning
111935,2026-08-02,18,Uppsala,Pizza,234.0,39.0,On time,New
107904,2026-06-09,18,Stockholm,Pizza,181.0,44.0,On time,Returning
112886,2026-08-15,20,Malmö,Sushi,131.0,36.0,On time,New
100670,2026-03-03,19,Unknown,Pizza,313.0,42.0,On time,New
110203,2026-07-11,12,Stockholm,Indian,243.0,46.0,Late,New
111859,2026-08-02,17,Göteborg,Sushi,225.0,45.0,On time,New
112807,2026-08-14,13,Malmö,Indian,235.0,49.0,Late,New
103500,2026-04-11,12,Stockholm,Pizza,224.0,42.0,On time,Returning
107894,2026-06-09,21,Stockholm,Burgers,239.0,42.0,On time,New
101039,2026-03-08,15,Uppsala,Burgers,270.0,38.0,On time,New
104981,2026-05-01,9,Stockholm,Indian,173.0,32.0,On time,Returning
104548,2026-04-25,12,Stockholm,Burgers,259.0,38.0,On time,Returning
100973,2026-03-08,13,Göteborg,Burgers,136.0,31.0,On time,New
107687,2026-06-06,12,Malmö,Indian,284.0,48.0,Late,New
112966,2026-08-16,11,Stockholm,Indian,186.0,18.0,On time,Returning
113023,2026-08-17,12,Stockholm,Sushi,211.0,41.0,On time,Returning
111448,2026-07-27,19,Stockholm,Sushi,358.0,39.0,On time,New
103768,2026-04-14,20,Stockholm,Pizza,341.0,30.0,On time,Returning
104962,2026-05-01,18,Stockholm,Pizza,290.0,35.0,On time,New
113076,2026-08-18,18,Göteborg,Kebab,279.0,25.0,On time,New
110323,2026-07-12,19,Malmö,Sushi,185.0,31.0,On time,New
102971,2026-04-04,21,Stockholm,Pizza,209.0,23.0,On time,New
104052,2026-04-18,10,Malmö,Vegan,214.0,37.0,On time,Returning
106615,2026-05-23,14,Göteborg,Vegan,249.0,32.0,On time,New
111156,2026-07-23,11,Uppsala,Indian,275.0,50.0,Late,Returning
112560,2026-08-10,10,Lund,Sushi,336.0,19.0,On time,Returning
100279,2026-02-26,12,Uppsala,Burgers,210.0,34.0,On time,Returning
110498,2026-07-15,12,Göteborg,Indian,272.0,46.0,Late,Returning
101346,2026-03-13,21,Stockholm,Thai,433.0,39.0,On time,New
107128,2026-05-30,11,Stockholm,Salad,230.0,50.0,Late,Returning
104566,2026-04-25,12,Unknown,Pizza,282.0,36.0,On time,New
105341,2026-05-05,12,Uppsala,Pizza,330.0,43.0,On time,New
106713,2026-05-24,14,Stockholm,Burgers,202.0,37.0,On time,Returning
100914,2026-03-07,12,Stockholm,Thai,259.0,250.0,Unknown,Returning
104445,2026-04-24,14,Göteborg,Thai,232.0,46.0,Late,Returning
104872,2026-04-30,20,Göteborg,Burgers,218.0,36.0,On time,Returning
113405,2026-08-22,20,Malmö,Burgers,233.0,39.0,On time,New
110382,2026-07-13,13,Stockholm,Sushi,175.0,45.0,On time,New
104324,2026-04-22,13,Stockholm,Kebab,198.0,46.0,Late,New
102216,2026-03-25,9,Stockholm,Kebab,160.0,42.0,On time,New
108714,2026-06-20,11,Stockholm,Salad,178.0,27.0,On time,Returning
108062,2026-06-11,14,Malmö,Thai,209.0,52.0,Late,New
109061,2026-06-25,18,Stockholm,Indian,255.0,22.0,On time,Returning
110527,2026-07-15,19,Stockholm,Kebab,278.0,49.0,Late,Returning
101063,2026-03-09,14,Göteborg,Pizza,198.0,35.0,On time,Returning
100799,2026-03-05,18,Unknown,Pizza,249.0,19.0,On time,Returning
112450,2026-08-09,18,Stockholm,Burgers,241.0,42.0,On time,New
106922,2026-05-27,10,Unknown,Kebab,294.0,36.0,On time,New
100263,2026-02-26,9,Stockholm,Kebab,266.0,26.0,On time,Returning
103165,2026-04-06,18,Malmö,Vegan,235.0,29.0,On time,Returning
106128,2026-05-16,21,Uppsala,Vegan,318.0,18.0,On time,Returning
110359,2026-07-13,18,Göteborg,Kebab,279.0,28.0,On time,Returning
108079,2026-06-12,14,Göteborg,Salad,287.0,15.0,On time,Returning
102454,2026-03-28,17,Malmö,Vegan,228.0,42.0,On time,Returning
104102,2026-04-19,14,Stockholm,Burgers,239.0,42.0,On time,New
102670,2026-03-31,14,Stockholm,Pizza,202.0,32.0,On time,New
105206,2026-05-04,9,Göteborg,Thai,296.0,23.0,On time,Returning
111982,2026-08-03,13,Malmö,Pizza,354.0,46.0,Late,New
113158,2026-08-19,12,Stockholm,Indian,305.0,33.0,On time,New
110227,2026-07-11,13,Malmö,Indian,276.0,34.0,On time,New
106818,2026-05-25,19,Uppsala,Thai,237.0,40.0,On time,New
103917,2026-04-16,12,Uppsala,Pizza,190.0,47.0,Late,Returning
110155,2026-07-10,12,Malmö,Sushi,272.0,32.0,On time,New
111687,2026-07-30,11,Uppsala,Sushi,245.0,35.0,On time,Returning
108431,2026-06-16,20,Stockholm,Pizza,259.0,44.0,On time,New
102421,2026-03-28,16,Stockholm,Kebab,281.0,30.0,On time,Returning
107804,2026-06-08,17,Göteborg,Pizza,290.0,30.0,On time,New
101708,2026-03-18,11,Stockholm,Sushi,267.0,47.0,Late,Returning
111994,2026-08-03,19,Uppsala,Thai,244.0,40.0,On time,New
106946,2026-05-27,11,Stockholm,Pizza,212.0,34.0,On time,New
105350,2026-05-06,17,Göteborg,Pizza,284.0,48.0,Late,Returning
104986,2026-05-01,12,Malmö,Thai,332.0,37.0,On time,Returning
102637,2026-03-30,11,Uppsala,Kebab,191.0,21.0,On time,New
100549,2026-03-02,20,Göteborg,Pizza,263.0,36.0,On time,Returning
101960,2026-03-22,20,Göteborg,Kebab,260.0,59.0,Late,Returning
102880,2026-04-03,18,Stockholm,Vegan,204.0,41.0,On time,New
105793,2026-05-11,18,Uppsala,Pizza,267.0,25.0,On time,Returning
101971,2026-03-22,23,Göteborg,Burgers,341.0,52.0,Late,Returning
101641,2026-03-17,13,Stockholm,Burgers,301.0,40.0,On time,New
106402,2026-05-20,18,Stockholm,Sushi,182.0,32.0,On time,Returning
104215,2026-04-20,12,Stockholm,Salad,262.0,43.0,On time,Returning
108279,2026-06-14,20,Stockholm,Kebab,373.0,32.0,On time,Returning
112110,2026-08-05,10,Unknown,Thai,303.0,34.0,On time,New
107602,2026-06-05,12,Malmö,Sushi,295.0,34.0,On time,Returning
103113,2026-04-05,18,Lund,Burgers,246.0,28.0,On time,Returning
109706,2026-07-04,20,Stockholm,Kebab,308.0,59.0,Late,New
100812,2026-03-06,11,Göteborg,Thai,226.0,22.0,On time,Returning
110451,2026-07-14,18,Stockholm,Pizza,264.0,38.0,On time,Returning
104261,2026-04-21,13,Stockholm,Indian,189.0,41.0,On time,Returning
110216,2026-07-11,12,Stockholm,Sushi,289.0,33.0,On time,Returning
107215,2026-05-31,13,Stockholm,Sushi,207.0,31.0,On time,Returning
107448,2026-06-03,13,Stockholm,Sushi,209.0,36.0,On time,New
106393,2026-05-20,17,Stockholm,Indian,153.0,47.0,Late,Returning
102111,2026-03-24,11,Göteborg,Burgers,190.0,32.0,On time,Returning
110924,2026-07-20,12,Stockholm,Vegan,144.0,45.0,On time,New
106852,2026-05-26,21,Stockholm,Pizza,265.0,34.0,On time,Returning
111205,2026-07-24,20,Stockholm,Burgers,213.0,41.0,On time,Returning
101509,2026-03-15,11,Stockholm,Kebab,202.0,250.0,Unknown,New
104787,2026-04-28,14,Uppsala,Pizza,250.0,38.0,On time,Returning
106572,2026-05-22,14,Stockholm,Salad,306.0,27.0,On time,Returning
102046,2026-03-23,17,Göteborg,Kebab,216.0,32.0,On time,Returning
110179,2026-07-11,17,Göteborg,Thai,306.0,44.0,On time,New
108879,2026-06-22,18,Stockholm,Pizza,209.0,37.0,On time,Returning
111615,2026-07-29,10,Uppsala,Salad,275.0,42.0,On time,New
110918,2026-07-20,11,Stockholm,Sushi,271.0,26.0,On time,Returning
108648,2026-06-19,19,Stockholm,Pizza,183.0,36.0,On time,New
104283,2026-04-21,15,Malmö,Thai,237.0,46.0,Late,Returning
110235,2026-07-11,18,Uppsala,Salad,169.0,16.0,On time,Returning
103645,2026-04-12,14,Lund,Pizza,192.0,47.0,Late,Returning
108378,2026-06-15,16,Malmö,Pizza,175.0,24.0,On time,Returning
105468,2026-05-07,17,Malmö,Kebab,247.0,45.0,On time,Returning
106734,2026-05-24,17,Malmö,Kebab,362.0,35.0,On time,New
110660,2026-07-17,18,Stockholm,Pizza,160.0,36.0,On time,New
108807,2026-06-21,19,Stockholm,Pizza,267.0,35.0,On time,Returning
113321,2026-08-21,20,Malmö,Burgers,276.0,46.0,Late,New
101083,2026-03-09,13,Stockholm,Pizza,195.0,32.0,On time,Returning
103783,2026-04-14,18,Malmö,Kebab,226.0,17.0,On time,Returning
107632,2026-06-06,12,Göteborg,Sushi,272.0,53.0,Late,Returning
108237,2026-06-14,12,Göteborg,Pizza,248.0,31.0,On time,Returning
107494,2026-06-04,15,Göteborg,Kebab,194.0,34.0,On time,Returning
104617,2026-04-26,20,Stockholm,Pizza,227.0,45.0,On time,New
102705,2026-03-31,17,Malmö,Burgers,216.0,63.0,Late,New
107582,2026-06-05,14,Stockholm,Burgers,273.0,39.0,On time,Returning
102332,2026-03-27,12,Göteborg,Vegan,226.0,47.0,Late,Returning
101377,2026-03-13,22,Uppsala,Pizza,352.0,48.0,Late,Returning
103916,2026-04-16,11,Uppsala,Salad,288.0,33.0,On time,New
108179,2026-06-13,20,Stockholm,Kebab,214.0,21.0,On time,New
107699,2026-06-06,12,Uppsala,Burgers,191.0,31.0,On time,New
103457,2026-04-10,14,Malmö,Thai,239.0,35.0,On time,Returning
100344,2026-02-27,13,Malmö,Pizza,207.0,30.0,On time,New
103441,2026-04-10,16,Stockholm,Indian,345.0,38.0,On time,Returning
101766,2026-03-19,11,Göteborg,Thai,295.0,29.0,On time,New
101617,2026-03-17,10,Göteborg,Burgers,174.0,42.0,On time,Returning
101284,2026-03-12,14,Stockholm,Indian,224.0,32.0,On time,Returning
100657,2026-03-03,11,Malmö,Burgers,153.0,41.0,On time,New
113160,2026-08-19,17,Stockholm,Sushi,226.0,37.0,On time,Returning
100281,2026-02-26,15,Uppsala,Pizza,140.0,53.0,Late,Returning
102712,2026-03-31,18,Uppsala,Burgers,224.0,33.0,On time,Returning
108558,2026-06-18,11,Stockholm,Salad,234.0,32.0,On time,Returning
105302,2026-05-05,13,Stockholm,Vegan,265.0,38.0,On time,Returning
103299,2026-04-08,10,Stockholm,Vegan,140.0,36.0,On time,New
106429,2026-05-20,17,Malmö,Pizza,279.0,35.0,On time,Returning
105066,2026-05-02,17,Malmö,Pizza,261.0,42.0,On time,New
100201,2026-02-25,10,Malmö,Sushi,295.0,38.0,On time,New
107125,2026-05-30,18,Stockholm,Pizza,315.0,35.0,On time,Returning
107829,2026-06-08,16,Stockholm,Sushi,324.0,25.0,On time,New
100750,2026-03-05,21,Göteborg,Thai,251.0,37.0,On time,Returning
110066,2026-07-09,18,Stockholm,Pizza,190.0,39.0,On time,Returning
109241,2026-06-27,19,Uppsala,Sushi,179.0,41.0,On time,New
100776,2026-03-05,13,Malmö,Kebab,289.0,19.0,On time,Returning
109600,2026-07-03,19,Göteborg,Burgers,194.0,32.0,On time,Returning
103613,2026-04-12,18,Stockholm,Kebab,259.0,52.0,Late,Returning
107501,2026-06-04,20,Göteborg,Thai,274.0,26.0,On time,Returning
109823,2026-07-05,19,Lund,Pizza,297.0,39.0,On time,Returning
105873,2026-05-13,11,Stockholm,Sushi,325.0,53.0,Late,Returning
111475,2026-07-27,18,Malmö,Kebab,240.0,31.0,On time,New
101759,2026-03-19,14,Göteborg,Burgers,326.0,35.0,On time,Returning
101141,2026-03-10,15,Stockholm,Sushi,258.0,47.0,Late,Returning
107146,2026-05-30,15,Unknown,Pizza,155.0,48.0,Late,Returning
111500,2026-07-28,23,Göteborg,Vegan,309.0,45.0,On time,Returning
108208,2026-06-13,10,Malmö,Pizza,211.0,36.0,On time,New
101120,2026-03-09,22,Lund,Burgers,145.0,34.0,On time,New
107234,2026-05-31,16,Stockholm,Thai,283.0,24.0,On time,Returning
105178,2026-05-03,18,Malmö,Indian,212.0,22.0,On time,Returning
100541,2026-03-02,14,Göteborg,Pizza,280.0,41.0,On time,Returning
112291,2026-08-07,23,Lund,Thai,291.0,48.0,Late,Returning
107012,2026-05-28,12,Malmö,Pizza,184.0,31.0,On time,New
109113,2026-06-26,16,Unknown,Kebab,282.0,34.0,On time,Returning
106209,2026-05-17,19,Malmö,Pizza,297.0,50.0,Late,Returning
101909,2026-03-21,13,Stockholm,Pizza,273.0,42.0,On time,Returning
106946,2026-05-27,11,Unknown,Pizza,212.0,34.0,On time,New
108984,2026-06-24,13,Stockholm,Kebab,367.0,32.0,On time,New
108499,2026-06-17,18,Stockholm,Burgers,345.0,46.0,Late,Returning
107330,2026-06-01,13,Lund,Sushi,239.0,37.0,On time,Returning
102898,2026-04-03,10,Stockholm,Pizza,244.0,34.0,On time,New
103818,2026-04-15,14,Stockholm,Burgers,221.0,21.0,On time,New
103986,2026-04-17,12,Lund,Thai,237.0,36.0,On time,New
109500,2026-07-01,14,Stockholm,Sushi,217.0,48.0,Late,Returning
109944,2026-07-07,16,Uppsala,Pizza,343.0,38.0,On time,Returning
101022,2026-03-08,11,Malmö,Sushi,280.0,37.0,On time,Returning
108454,2026-06-16,13,Stockholm,Pizza,290.0,38.0,On time,Returning
107693,2026-06-06,19,Uppsala,Pizza,246.0,45.0,On time,Returning
110677,2026-07-17,13,Stockholm,Burgers,159.0,39.0,On time,Returning
102943,2026-04-04,11,Göteborg,Pizza,212.0,43.0,On time,Returning
113150,2026-08-19,13,Göteborg,Vegan,288.0,35.0,On time,Returning
102430,2026-03-28,18,Stockholm,Sushi,286.0,44.0,On time,Returning
105848,2026-05-12,16,Uppsala,Burgers,189.0,37.0,On time,New
108140,2026-06-12,9,Lund,Pizza,240.0,40.0,On time,Returning
103870,2026-04-16,11,Göteborg,Pizza,189.0,25.0,On time,Returning
104758,2026-04-28,11,Stockholm,Vegan,112.0,30.0,On time,New
105551,2026-05-09,10,Göteborg,Indian,308.0,32.0,On time,New
105407,2026-05-06,19,Lund,Kebab,311.0,47.0,Late,New
107921,2026-06-09,13,Unknown,Thai,349.0,43.0,On time,Returning
103097,2026-04-05,20,Malmö,Burgers,310.0,49.0,Late,New
107919,2026-06-09,19,Uppsala,Pizza,331.0,37.0,On time,New
107909,2026-06-09,19,Malmö,Burgers,292.0,44.0,On time,New
109536,2026-07-02,13,Göteborg,Indian,300.0,49.0,Late,Returning
109579,2026-07-02,21,Malmö,Burgers,216.0,44.0,On time,New
110661,2026-07-17,18,Stockholm,Burgers,285.0,39.0,On time,Returning
109159,2026-06-27,18,Göteborg,Sushi,236.0,25.0,On time,New
105613,2026-05-09,17,Stockholm,Salad,260.0,28.0,On time,Returning
109758,2026-07-05,12,Stockholm,Thai,291.0,21.0,On time,Returning
113435,2026-08-22,11,Lund,Salad,335.0,31.0,On time,Returning
100868,2026-03-06,17,Uppsala,Pizza,256.0,42.0,On time,New
102775,2026-04-01,13,Malmö,Sushi,234.0,31.0,On time,New
101224,2026-03-11,14,Malmö,Burgers,254.0,36.0,On time,Returning
102296,2026-03-26,10,Malmö,Burgers,136.0,35.0,On time,Returning
105982,2026-05-14,13,Uppsala,Indian,270.0,40.0,On time,Returning
106089,2026-05-16,10,Stockholm,Burgers,231.0,44.0,On time,New
112140,2026-08-05,12,Lund,Burgers,197.0,48.0,Late,Returning
103990,2026-04-18,13,Göteborg,Thai,238.0,32.0,On time,New
109804,2026-07-05,14,Uppsala,Kebab,167.0,28.0,On time,Returning
106879,2026-05-26,13,Malmö,Thai,234.0,36.0,On time,New
105802,2026-05-12,13,Göteborg,Thai,287.0,29.0,On time,New
112952,2026-08-16,12,Stockholm,Burgers,246.0,23.0,On time,Returning
113481,2026-08-23,10,Stockholm,Pizza,194.0,49.0,Late,Returning
113344,2026-08-21,15,Lund,Sushi,299.0,28.0,On time,Returning
106036,2026-05-15,18,Malmö,Indian,228.0,28.0,On time,Returning
104880,2026-04-30,21,Göteborg,Burgers,151.0,39.0,On time,Returning
110263,2026-07-12,18,Göteborg,Pizza,319.0,18.0,On time,New
104356,2026-04-22,12,Malmö,Burgers,219.0,28.0,On time,Returning
102623,2026-03-30,13,Malmö,Kebab,261.0,42.0,On time,Returning
109207,2026-06-27,12,Stockholm,Sushi,271.0,25.0,On time,Returning
100487,2026-03-01,19,Stockholm,Pizza,327.0,32.0,On time,New
105057,2026-05-02,17,Malmö,Pizza,225.0,41.0,On time,Returning
105541,2026-05-08,17,Uppsala,Burgers,192.0,44.0,On time,Returning
112869,2026-08-15,18,Stockholm,Kebab,277.0,35.0,On time,New
102957,2026-04-04,13,Stockholm,Burgers,285.0,31.0,On time,New
105525,2026-05-08,19,Malmö,Kebab,297.0,46.0,Late,Returning
103731,2026-04-14,18,Göteborg,Burgers,263.0,58.0,Late,Returning
101545,2026-03-15,19,Lund,Pizza,279.0,38.0,On time,Returning
111258,2026-07-25,18,Göteborg,Indian,361.0,34.0,On time,Returning
112138,2026-08-05,18,Uppsala,Sushi,302.0,30.0,On time,New
110336,2026-07-12,16,Uppsala,Pizza,352.0,32.0,On time,New
109457,2026-06-30,12,Lund,Pizza,232.0,23.0,On time,Returning
100738,2026-03-04,21,Lund,Burgers,146.0,34.0,On time,New
110957,2026-07-20,18,Lund,Pizza,253.0,40.0,On time,Returning
106142,2026-05-17,19,Göteborg,Sushi,233.0,21.0,On time,Returning
100807,2026-03-06,22,Göteborg,Pizza,265.0,26.0,On time,Returning
107060,2026-05-29,9,Stockholm,Salad,287.0,44.0,On time,Returning
107153,2026-05-30,17,Malmö,Indian,367.0,33.0,On time,New
113068,2026-08-18,20,Göteborg,Kebab,335.0,34.0,On time,Returning
102548,2026-03-29,15,Malmö,Thai,171.0,41.0,On time,Returning
108410,2026-06-16,23,Göteborg,Salad,218.0,35.0,On time,New
111018,2026-07-21,10,Malmö,Sushi,296.0,31.0,On time,Returning
103508,2026-04-11,11,Stockholm,Indian,230.0,59.0,Late,Returning
103211,2026-04-07,19,Stockholm,Burgers,224.0,51.0,Late,Returning
100158,2026-02-25,18,Göteborg,Indian,311.0,29.0,On time,New
102569,2026-03-30,18,Göteborg,Pizza,225.0,22.0,On time,Returning
112967,2026-08-16,9,Unknown,Salad,188.0,39.0,On time,Returning
100182,2026-02-25,12,Stockholm,Indian,206.0,34.0,On time,Returning
109128,2026-06-26,17,Stockholm,Thai,256.0,30.0,On time,Returning
101666,2026-03-17,19,Malmö,Thai,337.0,27.0,On time,New
112253,2026-08-07,12,Stockholm,Indian,337.0,31.0,On time,Returning
109372,2026-06-29,12,Stockholm,Salad,223.0,51.0,Late,New
113041,2026-08-17,10,Malmö,Indian,200.0,52.0,Late,Returning
101282,2026-03-12,19,Stockholm,Thai,214.0,46.0,Late,New
108535,2026-06-17,14,Uppsala,Pizza,232.0,25.0,On time,Returning
103602,2026-04-12,11,Stockholm,Vegan,354.0,36.0,On time,New
102350,2026-03-27,19,Stockholm,Salad,248.0,50.0,Late,Returning
107278,2026-06-01,12,Göteborg,Thai,352.0,48.0,Late,Returning
107485,2026-06-03,17,Lund,Pizza,166.0,35.0,On time,Returning
102027,2026-03-22,17,Uppsala,Burgers,322.0,38.0,On time,Returning
108692,2026-06-20,9,Unknown,Sushi,206.0,38.0,On time,Returning
111393,2026-07-26,11,Unknown,Vegan,230.0,30.0,On time,Returning
112572,2026-08-11,18,Unknown,Burgers,180.0,28.0,On time,Returning
109163,2026-06-27,14,Göteborg,Vegan,223.0,25.0,On time,Returning
107859,2026-06-08,12,Lund,Thai,259.0,44.0,On time,New
107885,2026-06-09,23,Stockholm,Kebab,420.0,55.0,Late,New
104145,2026-04-19,13,Malmö,Pizza,324.0,40.0,On time,Returning
112302,2026-08-08,20,Göteborg,Kebab,89.0,31.0,On time,Returning
103168,2026-04-06,18,Malmö,Sushi,274.0,29.0,On time,New
106799,2026-05-25,22,Stockholm,Burgers,225.0,30.0,On time,New
107167,2026-05-30,9,Uppsala,Indian,323.0,45.0,On time,Returning
112629,2026-08-12,22,Unknown,Sushi,277.0,43.0,On time,New
103725,2026-04-13,12,Lund,Vegan,172.0,37.0,On time,Returning
109164,2026-06-27,18,Göteborg,Pizza,349.0,38.0,On time,New
108995,2026-06-24,16,Stockholm,Indian,173.0,37.0,On time,Returning
104666,2026-04-27,14,Göteborg,Pizza,177.0,29.0,On time,New
100746,2026-03-05,23,Göteborg,Burgers,255.0,43.0,On time,New
101188,2026-03-11,20,Göteborg,Sushi,203.0,38.0,On time,New
105674,2026-05-10,19,Stockholm,Salad,180.0,46.0,Late,Returning
105960,2026-05-14,20,Stockholm,Pizza,222.0,50.0,Late,Returning
111901,2026-08-02,21,Stockholm,Pizza,271.0,46.0,Late,Returning
105405,2026-05-06,19,Lund,Burgers,255.0,39.0,On time,Returning
111586,2026-07-29,15,Stockholm,Pizza,305.0,45.0,On time,Returning
113313,2026-08-21,18,Stockholm,Thai,203.0,45.0,On time,New
108495,2026-06-17,17,Stockholm,Pizza,293.0,42.0,On time,Returning
110588,2026-07-16,13,Stockholm,Pizza,339.0,38.0,On time,New
103124,2026-04-06,19,Göteborg,Pizza,258.0,40.0,On time,Returning
100634,2026-03-03,17,Stockholm,Pizza,318.0,46.0,Late,Returning
104114,2026-04-19,11,Stockholm,Burgers,182.0,39.0,On time,New
101010,2026-03-08,17,Stockholm,Indian,225.0,35.0,On time,New
103446,2026-04-10,14,Stockholm,Kebab,183.0,43.0,On time,Returning
109404,2026-06-30,19,Göteborg,Burgers,169.0,36.0,On time,Returning
109257,2026-06-28,19,Göteborg,Sushi,248.0,37.0,On time,Returning
103173,2026-04-06,11,Uppsala,Vegan,167.0,50.0,Late,Returning
111259,2026-07-25,12,Göteborg,Pizza,199.0,47.0,Late,New
108850,2026-06-22,18,Göteborg,Pizza,292.0,25.0,On time,New
103196,2026-04-07,19,Göteborg,Vegan,256.0,29.0,On time,New
107355,2026-06-02,18,Stockholm,Thai,193.0,36.0,On time,New
109206,2026-06-27,20,Stockholm,Pizza,282.0,36.0,On time,New
111725,2026-07-31,12,Stockholm,Burgers,296.0,48.0,Late,Returning
109998,2026-07-08,11,Stockholm,Burgers,327.0,42.0,On time,New
111461,2026-07-27,18,Stockholm,Burgers,169.0,61.0,Late,Returning
101828,2026-03-20,19,Göteborg,Pizza,201.0,35.0,On time,Returning
108706,2026-06-20,15,Göteborg,Vegan,250.0,38.0,On time,New
100446,2026-02-28,20,Lund,Kebab,162.0,48.0,Late,Returning
102402,2026-03-28,18,Göteborg,Thai,187.0,31.0,On time,Returning
104934,2026-04-30,14,Lund,Sushi,271.0,41.0,On time,Returning
101585,2026-03-16,12,Stockholm,Indian,239.0,48.0,Late,New
109350,2026-06-29,17,Stockholm,Pizza,241.0,32.0,On time,New
112002,2026-08-03,14,Lund,Thai,328.0,51.0,Late,Returning
104887,2026-04-30,13,Stockholm,Indian,307.0,33.0,On time,Returning
103323,2026-04-08,22,Lund,Burgers,296.0,22.0,On time,New
110446,2026-07-14,11,Stockholm,Kebab,227.0,31.0,On time,Returning
101898,2026-03-21,10,Stockholm,Indian,226.0,40.0,On time,New
108592,2026-06-18,11,Uppsala,Salad,318.0,21.0,On time,New
104491,2026-04-24,21,Malmö,Kebab,295.0,42.0,On time,New
108389,2026-06-15,19,Uppsala,Kebab,118.0,35.0,On time,New
110846,2026-07-19,23,Stockholm,Indian,267.0,38.0,On time,Returning
107831,2026-06-08,21,Stockholm,Pizza,322.0,44.0,On time,New
100828,2026-03-06,18,Stockholm,Salad,259.0,42.0,On time,New
104290,2026-04-21,22,Uppsala,Burgers,301.0,42.0,On time,New
101241,2026-03-11,20,Uppsala,Burgers,318.0,31.0,On time,New
111147,2026-07-23,19,Unknown,Pizza,172.0,38.0,On time,Returning
106455,2026-05-21,18,Göteborg,Vegan,256.0,36.0,On time,Returning
107085,2026-05-29,11,Uppsala,Pizza,89.0,48.0,Late,Returning
113142,2026-08-19,11,Göteborg,Kebab,213.0,30.0,On time,Returning
101922,2026-03-21,15,Stockholm,Sushi,216.0,30.0,On time,New
109157,2026-06-27,16,Göteborg,Kebab,178.0,25.0,On time,Returning
103212,2026-04-07,20,Stockholm,Indian,271.0,39.0,On time,Returning
113394,2026-08-22,14,Stockholm,Pizza,249.0,42.0,On time,New
100682,2026-03-04,20,Göteborg,Pizza,190.0,33.0,On time,Returning
104691,2026-04-27,17,Stockholm,Burgers,263.0,47.0,Late,Returning
106392,2026-05-20,15,Stockholm,Sushi,219.0,18.0,On time,Returning
103451,2026-04-10,18,Malmö,Thai,265.0,42.0,On time,New
102407,2026-03-28,15,Göteborg,Thai,243.0,42.0,On time,Returning
113154,2026-08-19,13,Stockholm,Pizza,234.0,35.0,On time,Returning
106930,2026-05-27,15,Stockholm,Burgers,311.0,32.0,On time,Returning
107611,2026-06-05,19,Uppsala,Vegan,177.0,37.0,On time,Returning
102042,2026-03-23,17,Göteborg,Burgers,304.0,28.0,On time,New
106856,2026-05-26,19,Stockholm,Indian,229.0,30.0,On time,Returning
100952,2026-03-07,12,Uppsala,Burgers,260.0,41.0,On time,Returning
112825,2026-08-15,13,Göteborg,Kebab,222.0,30.0,On time,Returning
109751,2026-07-05,19,Göteborg,Indian,200.0,28.0,On time,Returning
112434,2026-08-09,13,Stockholm,Kebab,282.0,39.0,On time,Returning
101872,2026-03-20,11,Uppsala,Burgers,150.0,42.0,On time,Returning
111894,2026-08-02,18,Stockholm,Kebab,258.0,35.0,On time,Returning
104888,2026-04-30,10,Stockholm,Vegan,105.0,23.0,On time,New
107897,2026-06-09,21,Stockholm,Indian,267.0,53.0,Late,New
103741,2026-04-14,16,Göteborg,Pizza,212.0,48.0,Late,New
113315,2026-08-21,13,Stockholm,Burgers,163.0,39.0,On time,Returning
109703,2026-07-04,11,Stockholm,Pizza,355.0,38.0,On time,New
110512,2026-07-15,17,Göteborg,Thai,319.0,34.0,On time,Returning
105779,2026-05-11,11,Malmö,Pizza,164.0,49.0,Late,Returning
109053,2026-06-25,14,Stockholm,Pizza,183.0,38.0,On time,Returning
100644,2026-03-03,13,Stockholm,Salad,262.0,40.0,On time,New
102278,2026-03-26,19,Stockholm,Burgers,297.0,44.0,On time,Returning
102129,2026-03-24,11,Göteborg,Kebab,259.0,43.0,On time,Returning
107301,2026-06-01,14,Stockholm,Vegan,251.0,40.0,On time,New
109814,2026-07-05,20,Uppsala,Salad,271.0,38.0,On time,New
101582,2026-03-16,15,Stockholm,Indian,227.0,29.0,On time,Returning
103367,2026-04-09,21,Stockholm,Kebab,248.0,43.0,On time,Returning
100255,2026-02-26,11,Stockholm,Pizza,285.0,35.0,On time,Returning
109240,2026-06-27,18,Uppsala,Thai,276.0,38.0,On time,Returning
112182,2026-08-06,21,Stockholm,Salad,303.0,24.0,On time,Returning
108104,2026-06-12,17,Stockholm,Vegan,373.0,23.0,On time,Returning
107382,2026-06-02,12,Malmö,Pizza,328.0,20.0,On time,New
110034,2026-07-09,13,Göteborg,Vegan,278.0,40.0,On time,Returning
112415,2026-08-09,18,Göteborg,Pizza,291.0,39.0,On time,New
112572,2026-08-11,18,Göteborg,Burgers,180.0,28.0,On time,Returning
113471,2026-08-23,17,Stockholm,Thai,283.0,32.0,On time,Returning
105818,2026-05-12,15,Stockholm,Sushi,157.0,36.0,On time,Returning
101178,2026-03-10,20,Unknown,Burgers,151.0,26.0,On time,New
101139,2026-03-10,11,Göteborg,Pizza,134.0,34.0,On time,New
101308,2026-03-12,13,Malmö,Salad,265.0,48.0,Late,Returning
109532,2026-07-02,13,Göteborg,Pizza,89.0,36.0,On time,Returning
108398,2026-06-15,19,Lund,Sushi,228.0,45.0,On time,Returning
103622,2026-04-12,14,Malmö,Indian,237.0,26.0,On time,Returning
107261,2026-05-31,13,Lund,Burgers,223.0,30.0,On time,Returning
109470,2026-07-01,11,Göteborg,Pizza,302.0,22.0,On time,New
103619,2026-04-12,17,Malmö,Kebab,278.0,40.0,On time,Returning
113273,2026-08-20,20,Uppsala,Pizza,203.0,32.0,On time,New
110384,2026-07-13,19,Stockholm,Thai,289.0,29.0,On time,Returning
100020,2026-02-23,22,Stockholm,Indian,152.0,29.0,On time,Returning
105638,2026-05-09,13,Lund,Burgers,244.0,29.0,On time,Returning
113438,2026-08-23,20,Göteborg,Pizza,183.0,25.0,On time,Returning
112193,2026-08-06,20,Stockholm,Sushi,287.0,34.0,On time,Returning
109010,2026-06-24,20,Malmö,Salad,147.0,42.0,On time,New
108651,2026-06-19,18,Stockholm,Thai,197.0,38.0,On time,New
108075,2026-06-11,11,Lund,Indian,267.0,52.0,Late,Returning
105363,2026-05-06,20,Stockholm,Indian,194.0,50.0,Late,New
102801,2026-04-02,19,Göteborg,Sushi,182.0,28.0,On time,Returning
106571,2026-05-22,19,Stockholm,Salad,351.0,29.0,On time,Returning
107248,2026-05-31,18,Malmö,Pizza,277.0,55.0,Late,New
105812,2026-05-12,22,Stockholm,Pizza,283.0,15.0,On time,Returning
107143,2026-05-30,11,Stockholm,Burgers,271.0,36.0,On time,Returning
107023,2026-05-28,16,Uppsala,Burgers,243.0,50.0,Late,Returning
103770,2026-04-14,20,Malmö,Pizza,164.0,31.0,On time,New
112643,2026-08-12,12,Stockholm,Pizza,187.0,39.0,On time,Returning
106399,2026-05-20,21,Stockholm,Kebab,175.0,46.0,Late,Returning
108923,2026-06-23,10,Stockholm,Sushi,214.0,33.0,On time,New
104567,2026-04-25,12,Malmö,Burgers,238.0,51.0,Late,New
110868,2026-07-19,10,Malmö,Salad,217.0,47.0,Late,Returning
102147,2026-03-24,12,Stockholm,Sushi,206.0,46.0,Late,Returning
109017,2026-06-24,19,Uppsala,Indian,267.0,52.0,Late,Returning
109226,2026-06-27,18,Stockholm,Pizza,289.0,53.0,Late,Returning
100438,2026-02-28,12,Uppsala,Kebab,167.0,43.0,On time,New
112720,2026-08-13,11,Stockholm,Indian,213.0,46.0,Late,Returning
111743,2026-07-31,13,Stockholm,Vegan,201.0,56.0,Late,New
107159,2026-05-30,12,Malmö,Sushi,270.0,41.0,On time,Returning
101905,2026-03-21,14,Stockholm,Pizza,273.0,42.0,On time,Returning
104752,2026-04-28,13,Stockholm,Sushi,384.0,23.0,On time,New
106287,2026-05-18,9,Malmö,Kebab,221.0,30.0,On time,Returning
105718,2026-05-10,17,Uppsala,Pizza,298.0,42.0,On time,Returning
112986,2026-08-16,18,Uppsala,Thai,278.0,49.0,Late,New
105861,2026-05-13,18,Göteborg,Burgers,199.0,41.0,On time,Returning
108202,2026-06-13,20,Malmö,Burgers,300.0,26.0,On time,Returning
111385,2026-07-26,18,Stockholm,Indian,251.0,34.0,On time,New
105689,2026-05-10,18,Stockholm,Salad,263.0,42.0,On time,Returning
111123,2026-07-23,15,Stockholm,Sushi,274.0,32.0,On time,Returning
107791,2026-06-07,21,Uppsala,Sushi,225.0,50.0,Late,Returning
108403,2026-06-16,13,Göteborg,Pizza,240.0,40.0,On time,New
100156,2026-02-25,18,Göteborg,Kebab,286.0,36.0,On time,Returning
107755,2026-06-07,11,Stockholm,Salad,168.0,40.0,On time,Returning
106827,2026-05-25,11,Lund,Pizza,208.0,37.0,On time,Returning
107373,2026-06-02,10,Stockholm,Burgers,246.0,45.0,On time,Returning
105896,2026-05-13,12,Malmö,Burgers,310.0,36.0,On time,New
107993,2026-06-10,18,Lund,Burgers,397.0,58.0,Late,New
101927,2026-03-21,13,Malmö,Burgers,271.0,33.0,On time,Returning
104401,2026-04-23,16,Stockholm,Indian,296.0,29.0,On time,New
108481,2026-06-17,11,Göteborg,Sushi,357.0,52.0,Late,New
102226,2026-03-25,11,Stockholm,Sushi,276.0,47.0,Late,New
103380,2026-04-09,14,Malmö,Pizza,300.0,39.0,On time,Returning
102721,2026-03-31,14,Lund,Burgers,262.0,39.0,On time,Returning
104527,2026-04-25,9,Göteborg,Pizza,222.0,31.0,On time,Returning
104264,2026-04-21,12,Stockholm,Pizza,269.0,37.0,On time,Returning
101920,2026-03-21,19,Stockholm,Burgers,154.0,32.0,On time,Returning
105552,2026-05-09,12,Göteborg,Burgers,206.0,41.0,On time,Returning
102757,2026-04-01,20,Stockholm,Indian,264.0,33.0,On time,Returning
101764,2026-03-19,19,Göteborg,Kebab,193.0,30.0,On time,Returning
108219,2026-06-13,10,Uppsala,Burgers,279.0,41.0,On time,Returning
100567,2026-03-02,10,Stockholm,Salad,315.0,40.0,On time,Returning
101590,2026-03-16,16,Stockholm,Burgers,338.0,31.0,On time,Returning
113349,2026-08-22,19,Göteborg,Pizza,217.0,38.0,On time,Returning
102958,2026-04-04,19,Stockholm,Salad,180.0,34.0,On time,Returning
102726,2026-04-01,10,Göteborg,Indian,330.0,66.0,Late,Returning
104366,2026-04-22,19,Malmö,Pizza,198.0,53.0,Late,Returning
104363,2026-04-22,12,Malmö,Salad,243.0,43.0,On time,New
108759,2026-06-20,14,Lund,Pizza,429.0,36.0,On time,Returning
111952,2026-08-03,11,Göteborg,Burgers,178.0,39.0,On time,New
109969,2026-07-08,22,Göteborg,Burgers,317.0,45.0,On time,New
106568,2026-05-22,19,Stockholm,Thai,151.0,41.0,On time,Returning
110409,2026-07-13,12,Unknown,Kebab,258.0,41.0,On time,New
104147,2026-04-19,21,Malmö,Pizza,374.0,32.0,On time,New
102094,2026-03-23,9,Malmö,Thai,198.0,28.0,On time,Returning
105310,2026-05-05,21,Stockholm,Pizza,283.0,47.0,Late,Returning
102087,2026-03-23,18,Stockholm,Kebab,211.0,44.0,On time,New
109640,2026-07-03,10,Stockholm,Salad,222.0,52.0,Late,New
109439,2026-06-30,12,Malmö,Burgers,220.0,31.0,On time,New
109599,2026-07-02,12,Lund,Kebab,186.0,48.0,Late,Returning
106131,2026-05-16,21,Lund,Kebab,238.0,44.0,On time,New
112321,2026-08-08,11,Stockholm,Salad,196.0,35.0,On time,Returning
109109,2026-06-26,13,Stockholm,Vegan,209.0,23.0,On time,Returning
110866,2026-07-19,19,Malmö,Sushi,277.0,46.0,Late,New
105419,2026-05-07,11,Göteborg,Sushi,238.0,15.0,On time,Returning
103334,2026-04-09,23,Göteborg,Thai,222.0,32.0,On time,New
112418,2026-08-09,21,Stockholm,Sushi,261.0,36.0,On time,Returning
103080,2026-04-05,12,Malmö,Thai,271.0,54.0,Late,Returning
103971,2026-04-17,12,Malmö,Sushi,279.0,31.0,On time,New
110831,2026-07-19,17,Stockholm,Burgers,234.0,48.0,Late,Returning
100845,2026-03-06,12,Stockholm,Burgers,253.0,28.0,On time,Returning
110735,2026-07-18,20,Stockholm,Pizza,144.0,36.0,On time,Returning
108708,2026-06-20,20,Stockholm,Kebab,182.0,24.0,On time,Returning
100308,2026-02-27,17,Stockholm,Burgers,240.0,44.0,On time,Returning
112512,2026-08-10,11,Stockholm,Salad,308.0,44.0,On time,Returning
102404,2026-03-28,19,Göteborg,Sushi,274.0,36.0,On time,New
102242,2026-03-25,13,Unknown,Burgers,216.0,34.0,On time,Returning
101466,2026-03-15,18,Göteborg,Pizza,176.0,50.0,Late,Returning
106770,2026-05-25,9,Göteborg,Sushi,362.0,63.0,Late,Returning
111926,2026-08-02,12,Unknown,Kebab,278.0,43.0,On time,Returning
105396,2026-05-06,19,Malmö,Kebab,273.0,34.0,On time,New
106714,2026-05-24,13,Stockholm,Kebab,220.0,36.0,On time,Returning
107140,2026-05-30,12,Stockholm,Burgers,293.0,43.0,On time,Returning
106869,2026-05-26,22,Unknown,Kebab,202.0,50.0,Late,Returning
106348,2026-05-19,19,Malmö,Kebab,260.0,50.0,Late,Returning
110222,2026-07-11,9,Stockholm,Kebab,297.0,28.0,On time,New
111769,2026-08-01,11,Göteborg,Salad,269.0,35.0,On time,Returning
104813,2026-04-29,17,Stockholm,Pizza,170.0,25.0,On time,Returning
110015,2026-07-08,11,Malmö,Salad,345.0,32.0,On time,New
100250,2026-02-26,16,Stockholm,Indian,264.0,42.0,On time,Returning
106626,2026-05-23,11,Stockholm,Pizza,223.0,34.0,On time,New
105481,2026-05-07,17,Lund,Burgers,329.0,40.0,On time,Returning
105236,2026-05-04,12,Stockholm,Burgers,247.0,36.0,On time,Returning
102227,2026-03-25,13,Stockholm,Burgers,221.0,40.0,On time,Returning
108133,2026-06-12,10,Uppsala,Sushi,259.0,41.0,On time,New
104918,2026-04-30,20,Malmö,Vegan,283.0,54.0,Late,Returning
102975,2026-04-04,11,Stockholm,Burgers,222.0,45.0,On time,Returning
111241,2026-07-24,12,Lund,Kebab,296.0,27.0,On time,New
105180,2026-05-03,12,Malmö,Pizza,264.0,43.0,On time,New
106305,2026-05-18,20,Lund,Salad,197.0,64.0,Late,Returning
109454,2026-06-30,18,Uppsala,Kebab,230.0,47.0,Late,Returning
112195,2026-08-06,17,Malmö,Kebab,377.0,48.0,Late,Returning
108163,2026-06-13,14,Stockholm,Pizza,278.0,30.0,On time,Returning
103478,2026-04-10,11,Lund,Sushi,277.0,36.0,On time,Returning
113218,2026-08-20,13,Göteborg,Pizza,231.0,34.0,On time,New
101223,2026-03-11,18,Stockholm,Vegan,165.0,53.0,Late,Returning
106935,2026-05-27,12,Stockholm,Pizza,298.0,53.0,Late,Returning
112201,2026-08-06,14,Malmö,Burgers,192.0,33.0,On time,Returning
110906,2026-07-20,14,Stockholm,Salad,327.0,51.0,Late,Returning
112049,2026-08-04,17,Malmö,Pizza,201.0,31.0,On time,New
111580,2026-07-29,19,Stockholm,Salad,243.0,25.0,On time,New
109145,2026-06-26,11,Uppsala,Sushi,380.0,48.0,Late,Returning
112786,2026-08-14,18,Stockholm,Pizza,250.0,41.0,On time,New
109630,2026-07-03,12,Stockholm,Sushi,336.0,45.0,On time,Returning
103608,2026-04-12,12,Stockholm,Kebab,208.0,48.0,Late,Returning
111699,2026-07-30,17,Lund,Kebab,283.0,37.0,On time,Returning
107634,2026-06-06,11,Göteborg,Kebab,254.0,42.0,On time,New
105915,2026-05-13,11,Lund,Pizza,300.0,38.0,On time,New
108377,2026-06-15,14,Malmö,Burgers,182.0,44.0,On time,New
110261,2026-07-12,16,Göteborg,Salad,259.0,34.0,On time,Returning
113525,2026-08-23,19,Lund,Kebab,250.0,22.0,On time,Returning
109169,2026-06-27,9,Göteborg,Sushi,281.0,28.0,On time,Returning
107471,2026-06-03,10,Malmö,Pizza,313.0,35.0,On time,New
104687,2026-04-27,13,Stockholm,Indian,194.0,52.0,Late,New
102776,2026-04-01,11,Malmö,Thai,335.0,37.0,Unknown,New
103473,2026-04-10,10,Uppsala,Salad,228.0,26.0,On time,New
104871,2026-04-30,17,Göteborg,Pizza,249.0,36.0,On time,Returning
102559,2026-03-29,10,Unknown,Salad,314.0,45.0,On time,Returning
108835,2026-06-21,19,Uppsala,Burgers,264.0,25.0,On time,New
105082,2026-05-02,12,Uppsala,Pizza,240.0,32.0,On time,Returning
101911,2026-03-21,17,Stockholm,Burgers,254.0,40.0,On time,New
112855,2026-08-15,12,Stockholm,Thai,285.0,46.0,Late,Returning
105022,2026-05-02,21,Göteborg,Indian,265.0,22.0,On time,Returning
100115,2026-02-24,11,Stockholm,Kebab,253.0,48.0,Late,Returning
111922,2026-08-02,13,Malmö,Sushi,188.0,30.0,On time,New
109198,2026-06-27,18,Stockholm,Burgers,266.0,46.0,Late,Returning
101294,2026-03-12,10,Stockholm,Sushi,321.0,31.0,On time,New
102287,2026-03-26,15,Stockholm,Pizza,269.0,29.0,On time,Returning
102184,2026-03-24,11,Lund,Burgers,223.0,16.0,On time,Returning
109429,2026-06-30,9,Stockholm,Thai,244.0,28.0,On time,New
103470,2026-04-10,20,Uppsala,Indian,262.0,51.0,Late,Returning
101080,2026-03-09,22,Stockholm,Kebab,289.0,30.0,On time,Returning
111630,2026-07-30,19,Göteborg,Burgers,246.0,34.0,On time,Returning
104154,2026-04-19,14,Uppsala,Burgers,340.0,34.0,On time,Returning
109002,2026-06-24,19,Stockholm,Burgers,350.0,50.0,Late,Returning
100395,2026-02-28,12,Stockholm,Pizza,296.0,27.0,On time,Returning
112923,2026-08-16,12,Göteborg,Sushi,243.0,250.0,Unknown,Returning
110030,2026-07-09,11,Göteborg,Burgers,310.0,42.0,On time,Returning
112912,2026-08-15,16,Lund,Pizza,306.0,33.0,On time,New
111881,2026-08-02,16,Stockholm,Sushi,294.0,40.0,On time,Returning
102408,2026-03-28,21,Göteborg,Pizza,250.0,15.0,On time,Returning
104334,2026-04-22,12,Stockholm,Pizza,171.0,41.0,On time,New
108793,2026-06-21,14,Stockholm,Sushi,242.0,33.0,On time,New
103348,2026-04-09,9,Stockholm,Burgers,234.0,32.0,On time,Returning
105263,2026-05-04,23,Malmö,Pizza,198.0,45.0,On time,Returning
105963,2026-05-14,17,Stockholm,Burgers,237.0,40.0,On time,New
109191,2026-06-27,18,Stockholm,Pizza,268.0,46.0,Late,Returning
103161,2026-04-06,19,Malmö,Burgers,238.0,38.0,On time,New
108522,2026-06-17,10,Malmö,Kebab,298.0,40.0,On time,New
110476,2026-07-14,19,Unknown,Pizza,146.0,27.0,On time,New
110923,2026-07-20,11,Stockholm,Sushi,165.0,31.0,On time,Returning
106418,2026-05-20,18,Stockholm,Kebab,194.0,38.0,On time,Returning
112790,2026-08-14,21,Stockholm,Pizza,324.0,54.0,Late,Returning
101881,2026-03-21,14,Göteborg,Sushi,298.0,38.0,On time,Returning
111568,2026-07-29,21,Göteborg,Pizza,349.0,38.0,On time,Returning
110213,2026-07-11,20,Stockholm,Kebab,260.0,33.0,On time,New
106893,2026-05-26,13,Uppsala,Sushi,307.0,39.0,On time,New
101213,2026-03-11,11,Stockholm,Thai,231.0,31.0,On time,Returning
107507,2026-06-04,17,Stockholm,Sushi,382.0,31.0,On time,Returning
108843,2026-06-21,17,Lund,Salad,142.0,37.0,On time,Returning
110248,2026-07-11,11,Lund,Kebab,145.0,43.0,On time,Returning
103825,2026-04-15,12,Stockholm,Pizza,186.0,45.0,On time,Returning
108112,2026-06-12,13,Stockholm,Burgers,241.0,40.0,On time,Returning
104542,2026-04-25,17,Stockholm,Salad,145.0,50.0,Late,New
113077,2026-08-18,14,Göteborg,Thai,308.0,32.0,On time,Returning
105168,2026-05-03,18,Malmö,Kebab,215.0,19.0,On time,Returning
102137,2026-03-24,11,Stockholm,Sushi,215.0,18.0,On time,Returning
100457,2026-03-01,19,Göteborg,Burgers,208.0,34.0,On time,Returning
103302,2026-04-08,19,Malmö,Pizza,228.0,58.0,Late,Returning
106683,2026-05-24,16,Unknown,Thai,200.0,35.0,On time,New
109313,2026-06-28,20,Uppsala,Vegan,190.0,38.0,On time,Returning
106806,2026-05-25,19,Malmö,Indian,241.0,29.0,On time,Returning
112016,2026-08-04,16,Göteborg,Vegan,262.0,44.0,On time,Returning
104078,2026-04-19,12,Göteborg,Thai,172.0,38.0,On time,Returning
113390,2026-08-22,12,Stockholm,Pizza,264.0,31.0,On time,New
105474,2026-05-07,11,Uppsala,Sushi,282.0,32.0,On time,Returning
107041,2026-05-29,10,Göteborg,Sushi,214.0,34.0,On time,Returning
106537,2026-05-22,14,Göteborg,Kebab,223.0,19.0,On time,New
105562,2026-05-09,20,Göteborg,Pizza,183.0,27.0,On time,Returning
105162,2026-05-03,10,Stockholm,Sushi,304.0,22.0,On time,Returning
111870,2026-08-02,22,Göteborg,Burgers,258.0,25.0,On time,New
103687,2026-04-13,12,Stockholm,Indian,308.0,36.0,On time,New
109050,2026-06-25,18,Stockholm,Sushi,252.0,39.0,On time,Returning
113501,2026-08-23,20,Malmö,Burgers,264.0,48.0,Late,Returning
100478,2026-03-01,15,Stockholm,Pizza,289.0,53.0,Late,Returning
101448,2026-03-14,20,Uppsala,Vegan,263.0,33.0,On time,Returning
110250,2026-07-12,19,Göteborg,Burgers,189.0,39.0,On time,Returning
101004,2026-03-08,11,Stockholm,Kebab,254.0,46.0,Late,Returning
108823,2026-06-21,19,Malmö,Sushi,178.0,34.0,On time,Returning
104996,2026-05-01,12,Malmö,Sushi,309.0,45.0,On time,Returning
104610,2026-04-26,11,Stockholm,Burgers,228.0,36.0,On time,Returning
105099,2026-05-03,17,Göteborg,Sushi,195.0,30.0,On time,New
102426,2026-03-28,19,Stockholm,Salad,330.0,33.0,On time,New
112468,2026-08-09,15,Malmö,Pizza,260.0,29.0,On time,Returning
110125,2026-07-10,16,Stockholm,Pizza,302.0,40.0,On time,New
111742,2026-07-31,10,Stockholm,Sushi,258.0,39.0,On time,Returning
110497,2026-07-15,20,Göteborg,Burgers,369.0,43.0,On time,New
106529,2026-05-22,13,Göteborg,Salad,287.0,31.0,On time,New
106327,2026-05-19,20,Stockholm,Burgers,291.0,54.0,Late,New
106285,2026-05-18,20,Stockholm,Pizza,298.0,51.0,Late,New
101038,2026-03-08,10,Uppsala,Pizza,264.0,47.0,Late,Returning
112985,2026-08-16,13,Uppsala,Indian,250.0,39.0,On time,Returning
101433,2026-03-14,12,Malmö,Burgers,197.0,36.0,On time,Returning
108838,2026-06-21,20,Lund,Thai,280.0,42.0,On time,Returning
109699,2026-07-04,12,Stockholm,Thai,154.0,49.0,Late,New
108551,2026-06-18,15,Göteborg,Pizza,136.0,31.0,On time,Returning
104557,2026-04-25,13,Stockholm,Sushi,284.0,35.0,On time,Returning
102320,2026-03-26,12,Lund,Salad,221.0,34.0,On time,New
111114,2026-07-23,13,Göteborg,Pizza,200.0,25.0,On time,Returning
109903,2026-07-07,20,Stockholm,Sushi,261.0,42.0,On time,Returning
105770,2026-05-11,13,Stockholm,Salad,306.0,27.0,On time,Returning
107431,2026-06-03,13,Unknown,Thai,339.0,24.0,On time,Returning
109502,2026-07-01,18,Stockholm,Thai,226.0,38.0,On time,New
105153,2026-05-03,17,Stockholm,Burgers,270.0,27.0,On time,Returning
103057,2026-04-05,13,Stockholm,Kebab,254.0,39.0,On time,Returning
112153,2026-08-06,16,Göteborg,Burgers,253.0,42.0,On time,Returning
100922,2026-03-07,11,Stockholm,Thai,323.0,28.0,On time,Returning
103844,2026-04-15,13,Malmö,Pizza,276.0,24.0,On time,New
105536,2026-05-08,13,Uppsala,Burgers,236.0,42.0,On time,Returning
111251,2026-07-25,13,Göteborg,Kebab,297.0,34.0,On time,Returning
101606,2026-03-16,19,Uppsala,Burgers,192.0,38.0,On time,New
108344,2026-06-15,11,Stockholm,Salad,223.0,35.0,On time,New
107990,2026-06-10,10,Uppsala,Pizza,303.0,40.0,On time,Returning
106175,2026-05-17,12,Stockholm,Pizza,266.0,34.0,On time,New
111055,2026-07-22,13,Stockholm,Pizza,232.0,52.0,Late,Returning
107561,2026-06-05,17,Göteborg,Kebab,159.0,33.0,On time,Returning
112856,2026-08-15,20,Unknown,Sushi,132.0,48.0,Late,Returning
110652,2026-07-17,18,Göteborg,Salad,142.0,43.0,On time,Returning
108196,2026-06-13,17,Malmö,Burgers,281.0,38.0,On time,Returning
113097,2026-08-18,16,Stockholm,Indian,196.0,41.0,On time,Returning
102556,2026-03-29,18,Uppsala,Kebab,266.0,28.0,On time,New
105868,2026-05-13,19,Göteborg,Thai,330.0,31.0,On time,New
103085,2026-04-05,20,Malmö,Kebab,234.0,32.0,On time,Returning
105083,2026-05-02,19,Uppsala,Pizza,152.0,35.0,On time,Returning
105241,2026-05-04,17,Stockholm,Vegan,324.0,19.0,On time,New
104960,2026-05-01,13,Stockholm,Pizza,248.0,51.0,Late,Returning
110151,2026-07-10,16,Malmö,Pizza,265.0,250.0,Unknown,New
102881,2026-04-03,15,Stockholm,Burgers,325.0,19.0,On time,New
108862,2026-06-22,12,Stockholm,Thai,337.0,32.0,On time,New
106586,2026-05-22,9,Malmö,Burgers,267.0,30.0,On time,Returning
101140,2026-03-10,11,Göteborg,Vegan,256.0,40.0,On time,Returning
101923,2026-03-21,19,Stockholm,Pizza,274.0,40.0,On time,Returning
101395,2026-03-14,14,Göteborg,Burgers,310.0,27.0,On time,Returning
100859,2026-03-06,20,Malmö,Sushi,248.0,34.0,On time,Returning
103315,2026-04-08,13,Uppsala,Burgers,256.0,25.0,On time,Returning
104001,2026-04-18,20,Göteborg,Burgers,185.0,51.0,Late,Returning
113045,2026-08-17,17,Malmö,Burgers,279.0,39.0,On time,Returning
113516,2026-08-23,16,Uppsala,Burgers,194.0,32.0,On time,Returning
107039,2026-05-29,19,Göteborg,Kebab,291.0,44.0,On time,Returning
100906,2026-03-07,17,Stockholm,Thai,281.0,32.0,On time,Returning
107640,2026-06-06,19,Stockholm,Vegan,202.0,36.0,On time,Returning
112238,2026-08-07,19,Göteborg,Salad,148.0,46.0,Late,Returning
100867,2026-03-06,17,Uppsala,Salad,267.0,33.0,On time,Returning
102906,2026-04-03,13,Malmö,Pizza,304.0,35.0,On time,New
104045,2026-04-18,17,Malmö,Kebab,136.0,39.0,On time,New
112284,2026-08-07,18,Uppsala,Kebab,180.0,37.0,On time,Returning
109044,2026-06-25,10,Stockholm,Thai,152.0,40.0,On time,Returning
107548,2026-06-05,13,Göteborg,Indian,129.0,26.0,On time,New
110857,2026-07-19,20,Stockholm,Burgers,244.0,36.0,On time,Returning
110944,2026-07-20,10,Malmö,Sushi,225.0,24.0,On time,Returning
106319,2026-05-19,18,Göteborg,Pizza,333.0,43.0,On time,New
107362,2026-06-02,22,Stockholm,Pizza,292.0,32.0,On time,Returning
101536,2026-03-15,13,Uppsala,Burgers,286.0,53.0,Late,Returning
109962,2026-07-08,13,Göteborg,Indian,249.0,45.0,On time,New
104721,2026-04-27,12,Uppsala,Pizza,309.0,46.0,Late,Returning
110802,2026-07-18,17,Lund,Burgers,341.0,46.0,Late,Returning
103121,2026-04-06,23,Göteborg,Salad,349.0,15.0,On time,New
104919,2026-04-30,19,Malmö,Pizza,266.0,24.0,On time,Returning
111949,2026-08-03,18,Göteborg,Pizza,287.0,40.0,On time,New
101216,2026-03-11,12,Stockholm,Pizza,281.0,26.0,On time,New
110570,2026-07-16,16,Göteborg,Thai,250.0,35.0,On time,New
111977,2026-08-03,10,Stockholm,Sushi,206.0,46.0,Late,Returning
104929,2026-04-30,17,Uppsala,Salad,294.0,45.0,On time,Returning
103134,2026-04-06,23,Stockholm,Pizza,176.0,57.0,Late,Returning
112832,2026-08-15,12,Göteborg,Kebab,297.0,33.0,On time,New
102912,2026-04-03,19,Malmö,Salad,132.0,52.0,Late,New
111801,2026-08-01,20,Stockholm,Sushi,298.0,46.0,Late,Returning
106064,2026-05-16,20,Göteborg,Sushi,263.0,38.0,On time,Returning
107239,2026-05-31,19,Malmö,Thai,313.0,15.0,On time,New
108124,2026-06-12,16,Malmö,Indian,313.0,48.0,Late,Returning
101341,2026-03-13,11,Stockholm,Indian,307.0,30.0,On time,New
100364,2026-02-28,12,Göteborg,Salad,182.0,34.0,On time,Returning
110401,2026-07-13,11,Malmö,Pizza,317.0,34.0,On time,Returning
111673,2026-07-30,18,Malmö,Sushi,324.0,18.0,On time,New
108090,2026-06-12,17,Göteborg,Salad,290.0,30.0,On time,Returning
105808,2026-05-12,21,Göteborg,Vegan,210.0,37.0,On time,New
103951,2026-04-17,21,Stockholm,Indian,232.0,30.0,On time,Returning
104175,2026-04-20,11,Göteborg,Burgers,214.0,46.0,Late,Returning
105907,2026-05-13,12,Uppsala,Indian,246.0,53.0,Late,Returning
109192,2026-06-27,17,Stockholm,Pizza,197.0,22.0,On time,Returning
104022,2026-04-18,11,Stockholm,Pizza,226.0,43.0,On time,Returning
103301,2026-04-08,12,Malmö,Kebab,224.0,28.0,On time,Returning
106918,2026-05-27,11,Göteborg,Sushi,240.0,38.0,On time,New
109750,2026-07-05,19,Göteborg,Sushi,253.0,55.0,Late,Returning
111442,2026-07-27,19,Göteborg,Kebab,324.0,48.0,Late,Returning
105444,2026-05-07,20,Stockholm,Pizza,231.0,46.0,Late,Returning
105065,2026-05-02,20,Malmö,Kebab,368.0,38.0,On time,Returning
103033,2026-04-05,16,Göteborg,Vegan,229.0,34.0,On time,Returning
102837,2026-04-02,19,Stockholm,Sushi,191.0,42.0,On time,New
101182,2026-03-10,12,Lund,Sushi,270.0,50.0,Late,Returning
108697,2026-06-20,22,Göteborg,Sushi,282.0,29.0,On time,New
112654,2026-08-12,12,Stockholm,Indian,364.0,40.0,On time,Returning
106939,2026-05-27,12,Unknown,Indian,266.0,33.0,On time,New
108641,2026-06-19,21,Stockholm,Sushi,201.0,32.0,On time,New
104124,2026-04-19,11,Stockholm,Pizza,277.0,51.0,Late,Returning
100387,2026-02-28,12,Stockholm,Pizza,311.0,47.0,Late,Returning
105408,2026-05-06,21,Lund,Sushi,306.0,36.0,On time,Returning
105699,2026-05-10,20,Malmö,Pizza,196.0,23.0,On time,New
106801,2026-05-25,14,Stockholm,Burgers,265.0,31.0,On time,Returning
103808,2026-04-15,19,Göteborg,Thai,214.0,30.0,On time,Returning
107854,2026-06-08,17,Unknown,Burgers,199.0,39.0,On time,Returning
112052,2026-08-04,18,Malmö,Kebab,256.0,33.0,On time,New
101105,2026-03-09,11,Malmö,Indian,267.0,49.0,Late,Returning
104165,2026-04-19,11,Lund,Indian,232.0,31.0,On time,Returning
108302,2026-06-14,13,Uppsala,Salad,161.0,47.0,Late,New
113233,2026-08-20,14,Stockholm,Kebab,237.0,48.0,Late,New
111738,2026-07-31,20,Stockholm,Thai,262.0,22.0,On time,Returning
111985,2026-08-03,18,Malmö,Sushi,279.0,27.0,On time,New
101274,2026-03-12,18,Stockholm,Thai,271.0,44.0,On time,Returning
100400,2026-02-28,19,Stockholm,Kebab,237.0,50.0,Late,New
110090,2026-07-09,18,Malmö,Pizza,262.0,41.0,On time,Returning
110905,2026-07-20,19,Stockholm,Pizza,248.0,34.0,On time,New
112727,2026-08-13,14,Stockholm,Sushi,235.0,28.0,On time,Returning
101221,2026-03-11,13,Stockholm,Kebab,229.0,39.0,On time,Returning
103418,2026-04-10,19,Göteborg,Thai,331.0,30.0,On time,Returning
110702,2026-07-17,17,Lund,Thai,133.0,46.0,Late,Returning
110327,2026-07-12,16,Uppsala,Pizza,329.0,28.0,On time,New
110560,2026-07-15,18,Uppsala,Sushi,307.0,24.0,On time,New
112180,2026-08-06,18,Stockholm,Sushi,205.0,19.0,On time,Returning
103576,2026-04-12,14,Göteborg,Pizza,210.0,39.0,On time,New
110217,2026-07-11,12,Stockholm,Thai,350.0,33.0,On time,New
109348,2026-06-29,11,Stockholm,Burgers,243.0,24.0,On time,Returning
108356,2026-06-15,13,Stockholm,Burgers,193.0,32.0,On time,Returning
111346,2026-07-26,13,Unknown,Pizza,234.0,54.0,Late,New
113419,2026-08-22,19,Uppsala,Sushi,330.0,44.0,On time,Returning
113161,2026-08-19,21,Stockholm,Pizza,150.0,53.0,Late,New
107350,2026-06-02,9,Stockholm,Pizza,211.0,44.0,On time,New
111576,2026-07-29,12,Stockholm,Pizza,374.0,47.0,Late,New
105936,2026-05-14,11,Stockholm,Sushi,316.0,49.0,Late,Returning
101192,2026-03-11,11,Göteborg,Indian,181.0,23.0,On time,New
112123,2026-08-05,11,Malmö,Pizza,350.0,39.0,On time,New
100371,2026-02-28,18,Göteborg,Kebab,268.0,38.0,On time,Returning
108891,2026-06-22,13,Uppsala,Burgers,407.0,37.0,On time,New
104396,2026-04-23,12,Göteborg,Kebab,288.0,23.0,On time,Returning
100442,2026-02-28,12,Lund,Salad,281.0,46.0,Late,New
106728,2026-05-24,10,Malmö,Burgers,315.0,42.0,On time,New
100282,2026-02-26,18,Unknown,Burgers,183.0,35.0,On time,Returning
109801,2026-07-05,13,Malmö,Indian,242.0,15.0,On time,Returning
107291,2026-06-01,21,Stockholm,Indian,235.0,53.0,Late,Returning
105349,2026-05-06,12,Göteborg,Thai,216.0,24.0,On time,Returning
100898,2026-03-07,13,Stockholm,Kebab,221.0,32.0,On time,Returning
108542,2026-06-18,11,Göteborg,Kebab,288.0,23.0,On time,Returning
107907,2026-06-09,12,Malmö,Indian,254.0,33.0,On time,Returning
107238,2026-05-31,12,Malmö,Burgers,246.0,56.0,Late,Returning
104151,2026-04-19,12,Uppsala,Thai,268.0,15.0,On time,Returning
109330,2026-06-29,22,Göteborg,Salad,307.0,44.0,On time,Returning
100745,2026-03-05,13,Göteborg,Vegan,282.0,42.0,On time,New
104159,2026-04-19,11,Uppsala,Sushi,279.0,25.0,On time,New
101912,2026-03-21,12,Stockholm,Pizza,272.0,45.0,On time,New
103612,2026-04-12,17,Stockholm,Sushi,264.0,25.0,On time,New
112648,2026-08-12,12,Stockholm,Pizza,239.0,45.0,On time,New
110811,2026-07-19,11,Göteborg,Pizza,277.0,48.0,Late,Returning
101272,2026-03-12,13,Stockholm,Indian,236.0,42.0,On time,Returning
113197,2026-08-19,18,Uppsala,Sushi,190.0,39.0,On time,New
105209,2026-05-04,10,Unknown,Kebab,307.0,33.0,On time,Returning
101671,2026-03-17,11,Malmö,Burgers,373.0,32.0,On time,Returning
101714,2026-03-18,11,Stockholm,Pizza,266.0,29.0,On time,Returning
106480,2026-05-21,20,Stockholm,Indian,187.0,34.0,On time,Returning
112510,2026-08-10,13,Stockholm,Pizza,358.0,35.0,On time,Returning
112491,2026-08-10,21,Göteborg,Vegan,200.0,28.0,On time,Returning
109289,2026-06-28,19,Stockholm,Sushi,336.0,21.0,On time,Returning
100744,2026-03-05,19,Göteborg,Kebab,280.0,30.0,On time,Returning
106706,2026-05-24,16,Stockholm,Kebab,222.0,37.0,On time,Returning
108060,2026-06-11,21,Malmö,Thai,300.0,35.0,On time,Returning
106559,2026-05-22,16,Stockholm,Salad,289.0,41.0,On time,Returning
110725,2026-07-18,20,Göteborg,Pizza,257.0,31.0,On time,Returning
111317,2026-07-25,14,Malmö,Kebab,192.0,45.0,On time,New
101973,2026-03-22,12,Göteborg,Kebab,274.0,42.0,On time,Returning
110309,2026-07-12,13,Stockholm,Kebab,296.0,44.0,On time,New
104339,2026-04-22,12,Stockholm,Pizza,280.0,60.0,Late,New
101247,2026-03-11,19,Lund,Kebab,315.0,35.0,On time,Returning
111650,2026-07-30,13,Unknown,Kebab,190.0,28.0,On time,New
103516,2026-04-11,13,Stockholm,Thai,413.0,23.0,On time,New
104870,2026-04-30,19,Göteborg,Sushi,299.0,42.0,On time,New
111085,2026-07-22,19,Malmö,Burgers,292.0,42.0,On time,Returning
104645,2026-04-26,18,Malmö,Pizza,232.0,53.0,Late,Returning
106989,2026-05-28,12,Göteborg,Burgers,270.0,26.0,On time,New
103349,2026-04-09,12,Stockholm,Burgers,196.0,31.0,On time,Returning
110885,2026-07-19,18,Lund,Burgers,211.0,30.0,On time,Returning
113033,2026-08-17,10,Stockholm,Indian,274.0,43.0,On time,Returning
100123,2026-02-24,18,Malmö,Pizza,275.0,40.0,On time,New
102073,2026-03-23,9,Stockholm,Thai,191.0,34.0,On time,New
111185,2026-07-24,20,Göteborg,Kebab,259.0,15.0,On time,New
102068,2026-03-23,10,Stockholm,Pizza,302.0,45.0,On time,New
108624,2026-06-19,20,Stockholm,Sushi,239.0,26.0,On time,Returning
112359,2026-08-08,20,Stockholm,Pizza,177.0,31.0,On time,New
101085,2026-03-09,20,Stockholm,Kebab,191.0,39.0,On time,New
105990,2026-05-14,20,Lund,Sushi,236.0,34.0,On time,New
111836,2026-08-01,18,Malmö,Sushi,302.0,30.0,On time,New
105024,2026-05-02,17,Göteborg,Pizza,312.0,38.0,On time,Returning
108828,2026-06-21,13,Uppsala,Sushi,395.0,34.0,On time,Returning
107550,2026-06-05,19,Göteborg,Thai,195.0,31.0,On time,Returning
103696,2026-04-13,17,Stockholm,Pizza,318.0,41.0,On time,New
105425,2026-05-07,21,Göteborg,Salad,224.0,47.0,Late,Returning
109256,2026-06-28,11,Göteborg,Pizza,305.0,42.0,On time,New
100507,2026-03-01,20,Malmö,Thai,210.0,15.0,On time,Returning
100380,2026-02-28,18,Göteborg,Kebab,278.0,44.0,On time,New
109909,2026-07-07,11,Stockholm,Indian,271.0,39.0,On time,Returning
113262,2026-08-20,21,Malmö,Pizza,253.0,27.0,On time,Returning
108787,2026-06-21,11,Stockholm,Kebab,166.0,43.0,On time,Returning
100236,2026-02-26,21,Göteborg,Pizza,359.0,39.0,On time,New
101196,2026-03-11,13,Stockholm,Vegan,266.0,46.0,Late,New
111651,2026-07-30,13,Stockholm,Pizza,244.0,34.0,On time,New
109230,2026-06-27,18,Malmö,Sushi,232.0,35.0,On time,Returning
111519,2026-07-28,12,Stockholm,Thai,214.0,34.0,On time,Returning
100164,2026-02-25,16,Stockholm,Kebab,275.0,45.0,On time,Returning
101924,2026-03-21,11,Malmö,Thai,206.0,31.0,On time,Returning
101394,2026-03-14,15,Göteborg,Burgers,254.0,35.0,On time,Returning
108880,2026-06-22,12,Stockholm,Sushi,218.0,39.0,On time,Returning
112107,2026-08-05,17,Stockholm,Sushi,260.0,44.0,On time,New
100753,2026-03-05,11,Göteborg,Pizza,379.0,30.0,On time,New
103432,2026-04-10,19,Stockholm,Pizza,227.0,35.0,On time,New
108057,2026-06-11,12,Malmö,Burgers,312.0,33.0,On time,Returning
105820,2026-05-12,11,Stockholm,Kebab,204.0,48.0,Late,Returning
106509,2026-05-21,17,Uppsala,Pizza,309.0,45.0,On time,New
110787,2026-07-18,12,Uppsala,Pizza,262.0,40.0,On time,Returning
101146,2026-03-10,16,Stockholm,Kebab,273.0,48.0,Late,Returning
104969,2026-05-01,12,Stockholm,Burgers,230.0,33.0,On time,Returning
104225,2026-04-20,21,Uppsala,Burgers,226.0,39.0,On time,Returning
101030,2026-03-08,21,Malmö,Kebab,259.0,35.0,On time,Returning
104168,2026-04-20,20,Göteborg,Salad,261.0,43.0,On time,Returning
111858,2026-08-02,21,Göteborg,Sushi,254.0,30.0,On time,Returning
104718,2026-04-27,18,Malmö,Pizza,224.0,42.0,On time,Returning
113307,2026-08-21,19,Stockholm,Kebab,257.0,48.0,Late,Returning
111587,2026-07-29,22,Stockholm,Sushi,182.0,35.0,On time,Returning
104312,2026-04-22,12,Göteborg,Sushi,244.0,47.0,Late,New
102950,2026-04-04,12,Stockholm,Pizza,259.0,42.0,On time,New
111602,2026-07-29,19,Malmö,Kebab,213.0,27.0,On time,Returning
101915,2026-03-21,18,Stockholm,Pizza,261.0,38.0,On time,New
101453,2026-03-14,15,Uppsala,Pizza,314.0,38.0,On time,Returning
109461,2026-06-30,12,Lund,Thai,163.0,40.0,On time,Returning
100148,2026-02-25,12,Göteborg,Pizza,235.0,27.0,On time,Returning
110550,2026-07-15,13,Malmö,Pizza,190.0,33.0,On time,New
111062,2026-07-22,11,Stockholm,Sushi,291.0,31.0,On time,Returning
102188,2026-03-24,10,Lund,Thai,255.0,29.0,On time,Returning
112365,2026-08-08,19,Stockholm,Thai,270.0,31.0,On time,Returning
109005,2026-06-24,20,Stockholm,Kebab,286.0,46.0,Late,Returning
107130,2026-05-30,18,Stockholm,Indian,241.0,29.0,On time,Returning
104896,2026-04-30,17,Stockholm,Sushi,273.0,32.0,On time,New
108354,2026-06-15,18,Stockholm,Pizza,275.0,24.0,On time,Returning
101736,2026-03-18,11,Uppsala,Salad,244.0,33.0,On time,Returning
105439,2026-05-07,12,Stockholm,Thai,286.0,33.0,On time,Returning
112358,2026-08-08,22,Stockholm,Indian,176.0,29.0,On time,New
106757,2026-05-25,12,Göteborg,Burgers,337.0,50.0,Late,Returning
105842,2026-05-12,10,Uppsala,Vegan,205.0,46.0,Late,Returning
100884,2026-03-07,19,Göteborg,Burgers,283.0,37.0,Unknown,Returning
109736,2026-07-04,18,Lund,Thai,205.0,44.0,On time,Returning
109700,2026-07-04,17,Stockholm,Vegan,262.0,42.0,On time,Returning
111371,2026-07-26,13,Stockholm,Burgers,267.0,28.0,On time,New
109900,2026-07-07,17,Stockholm,Thai,272.0,36.0,On time,Returning
104082,2026-04-19,13,Göteborg,Burgers,319.0,37.0,On time,Returning
109973,2026-07-08,11,Göteborg,Salad,310.0,44.0,On time,Returning
107795,2026-06-07,22,Uppsala,Pizza,186.0,40.0,On time,New
104279,2026-04-21,20,Stockholm,Pizza,152.0,27.0,On time,Returning
110437,2026-07-14,18,Göteborg,Pizza,220.0,40.0,On time,Returning
112809,2026-08-14,20,Uppsala,Pizza,222.0,43.0,On time,Returning
102162,2026-03-24,20,Stockholm,Pizza,164.0,25.0,On time,New
100684,2026-03-04,19,Göteborg,Pizza,240.0,40.0,On time,Returning
104695,2026-04-27,11,Stockholm,Pizza,268.0,38.0,On time,Returning
107792,2026-06-07,15,Uppsala,Vegan,200.0,35.0,On time,Returning
112020,2026-08-04,13,Göteborg,Indian,253.0,43.0,On time,Returning
101620,2026-03-17,21,Göteborg,Kebab,214.0,26.0,On time,Returning
107986,2026-06-10,11,Uppsala,Burgers,234.0,43.0,On time,Returning
103177,2026-04-06,14,Lund,Salad,185.0,43.0,On time,Returning
104466,2026-04-24,14,Stockholm,Salad,265.0,42.0,On time,New
102240,2026-03-25,12,Uppsala,Salad,297.0,37.0,On time,Returning
100516,2026-03-01,13,Uppsala,Kebab,316.0,44.0,On time,New
112229,2026-08-07,13,Göteborg,Pizza,278.0,35.0,On time,Returning
109446,2026-06-30,19,Malmö,Salad,296.0,49.0,Late,New
109441,2026-06-30,12,Malmö,Sushi,160.0,24.0,On time,New
107158,2026-05-30,18,Malmö,Kebab,296.0,39.0,On time,Returning
108278,2026-06-14,12,Stockholm,Vegan,292.0,45.0,On time,Returning
101597,2026-03-16,23,Malmö,Pizza,327.0,28.0,On time,Returning
111942,2026-08-02,16,Lund,Sushi,279.0,38.0,On time,Returning
104636,2026-04-26,20,Stockholm,Burgers,271.0,47.0,Late,Returning
113330,2026-08-21,13,Malmö,Indian,231.0,28.0,On time,Returning
112422,2026-08-09,11,Stockholm,Kebab,249.0,33.0,On time,Returning
110554,2026-07-15,17,Uppsala,Kebab,256.0,37.0,On time,New
105160,2026-05-03,18,Stockholm,Sushi,283.0,32.0,On time,Returning
107098,2026-05-30,10,Göteborg,Kebab,197.0,27.0,On time,Returning
103517,2026-04-11,12,Stockholm,Sushi,215.0,44.0,On time,New
108979,2026-06-24,16,Göteborg,Sushi,292.0,48.0,Late,New
110005,2026-07-08,12,Malmö,Sushi,248.0,34.0,On time,New
100407,2026-02-28,11,Stockholm,Pizza,291.0,40.0,On time,Returning
103490,2026-04-11,19,Göteborg,Burgers,292.0,24.0,On time,New
112663,2026-08-12,19,Stockholm,Salad,235.0,29.0,On time,Returning
109517,2026-07-01,17,Malmö,Vegan,296.0,35.0,On time,Returning
101502,2026-03-15,11,Stockholm,Pizza,156.0,39.0,On time,New
106663,2026-05-23,12,Uppsala,Kebab,270.0,44.0,On time,New
107259,2026-05-31,17,Uppsala,Kebab,260.0,37.0,On time,Returning
110503,2026-07-15,10,Unknown,Kebab,132.0,33.0,On time,New
104053,2026-04-18,11,Uppsala,Burgers,381.0,31.0,On time,Returning
113124,2026-08-18,16,Malmö,Indian,182.0,28.0,On time,New
106774,2026-05-25,18,Stockholm,Pizza,282.0,250.0,Unknown,New
101034,2026-03-08,13,Uppsala,Sushi,319.0,47.0,Late,New
110205,2026-07-11,16,Stockholm,Burgers,269.0,37.0,On time,New
100256,2026-02-26,13,Stockholm,Vegan,285.0,31.0,On time,Returning
104664,2026-04-26,12,Lund,Pizza,215.0,40.0,On time,Returning
106414,2026-05-20,12,Stockholm,Pizza,251.0,48.0,Late,New
102179,2026-03-24,23,Uppsala,Burgers,317.0,39.0,On time,New
108608,2026-06-19,22,Göteborg,Burgers,225.0,43.0,On time,Returning
104195,2026-04-20,11,Stockholm,Burgers,284.0,32.0,On time,Returning
108938,2026-06-23,19,Malmö,Salad,218.0,33.0,On time,New
105828,2026-05-12,11,Malmö,Pizza,334.0,21.0,On time,Returning
110061,2026-07-09,11,Stockholm,Kebab,190.0,32.0,On time,Returning
111786,2026-08-01,20,Göteborg,Kebab,246.0,50.0,Late,New
107405,2026-06-03,17,Göteborg,Sushi,304.0,30.0,On time,Returning
102951,2026-04-04,20,Stockholm,Pizza,215.0,32.0,On time,Returning
101685,2026-03-17,9,Lund,Sushi,199.0,28.0,On time,Returning
109476,2026-07-01,10,Göteborg,Pizza,317.0,22.0,On time,New
107267,2026-05-31,20,Lund,Sushi,270.0,34.0,On time,Returning
106513,2026-05-21,19,Uppsala,Vegan,233.0,34.0,On time,New
107862,2026-06-09,9,Göteborg,Burgers,202.0,30.0,On time,New
101175,2026-03-10,15,Uppsala,Burgers,303.0,36.0,On time,Returning
111688,2026-07-30,12,Uppsala,Indian,301.0,43.0,On time,Returning
112367,2026-08-08,14,Stockholm,Kebab,212.0,29.0,On time,Returning
101824,2026-03-20,12,Göteborg,Burgers,221.0,41.0,On time,New
112242,2026-08-07,11,Stockholm,Thai,204.0,38.0,On time,New
111017,2026-07-21,17,Malmö,Pizza,311.0,27.0,On time,Returning
101533,2026-03-15,20,Unknown,Kebab,297.0,44.0,On time,Returning
112758,2026-08-14,21,Göteborg,Pizza,216.0,26.0,On time,Returning
102826,2026-04-02,17,Stockholm,Burgers,317.0,42.0,On time,New
101494,2026-03-15,11,Stockholm,Pizza,370.0,40.0,On time,New
103130,2026-04-06,14,Göteborg,Salad,308.0,32.0,On time,Returning
101376,2026-03-13,13,Uppsala,Kebab,271.0,39.0,On time,New
108643,2026-06-19,12,Stockholm,Burgers,275.0,41.0,On time,Returning
108779,2026-06-21,19,Göteborg,Sushi,227.0,35.0,On time,Returning
101892,2026-03-21,12,Göteborg,Kebab,237.0,29.0,On time,New
100059,2026-02-23,13,Malmö,Salad,184.0,25.0,On time,Returning
112860,2026-08-15,12,Stockholm,Sushi,185.0,39.0,On time,New
106767,2026-05-25,19,Göteborg,Kebab,321.0,46.0,Late,Returning
107322,2026-06-01,12,Uppsala,Indian,234.0,31.0,On time,New
108507,2026-06-17,20,Stockholm,Indian,307.0,37.0,On time,Returning
105278,2026-05-04,18,Lund,Sushi,231.0,39.0,On time,Returning
104092,2026-04-19,13,Göteborg,Sushi,209.0,30.0,On time,Returning
113416,2026-08-22,11,Malmö,Vegan,223.0,39.0,On time,Returning
111351,2026-07-26,19,Göteborg,Burgers,330.0,46.0,Late,Returning
109136,2026-06-26,17,Malmö,Salad,240.0,28.0,On time,New
108434,2026-06-16,17,Stockholm,Sushi,169.0,22.0,On time,Returning
109000,2026-06-24,11,Stockholm,Sushi,302.0,44.0,On time,Returning
112564,2026-08-11,19,Göteborg,Sushi,217.0,38.0,On time,New
106981,2026-05-28,19,Göteborg,Burgers,223.0,48.0,Late,Returning
107321,2026-06-01,16,Malmö,Burgers,161.0,44.0,On time,Returning
111231,2026-07-24,11,Uppsala,Vegan,327.0,27.0,On time,New
106913,2026-05-27,21,Göteborg,Kebab,260.0,41.0,On time,Returning
101256,2026-03-12,12,Unknown,Indian,210.0,43.0,On time,Returning
110536,2026-07-15,17,Stockholm,Pizza,123.0,41.0,On time,New
112244,2026-08-07,14,Stockholm,Pizza,277.0,56.0,Late,Returning
103859,2026-04-15,11,Lund,Burgers,202.0,54.0,Late,Returning
102601,2026-03-30,11,Stockholm,Salad,239.0,29.0,On time,Returning
103347,2026-04-09,11,Stockholm,Pizza,276.0,25.0,On time,Returning
111872,2026-08-02,12,Göteborg,Pizza,288.0,35.0,On time,New
106881,2026-05-26,13,Malmö,Pizza,323.0,37.0,On time,New
101027,2026-03-08,11,Malmö,Salad,182.0,33.0,On time,Returning
106788,2026-05-25,13,Stockholm,Indian,215.0,50.0,Late,Returning
107794,2026-06-07,10,Uppsala,Sushi,272.0,33.0,On time,Returning
102887,2026-04-03,20,Stockholm,Pizza,227.0,31.0,On time,Returning
109098,2026-06-26,13,Göteborg,Pizza,251.0,30.0,On time,New
106578,2026-05-22,9,Unknown,Vegan,249.0,64.0,Late,New
101866,2026-03-20,17,Uppsala,Thai,197.0,28.0,On time,Returning
102919,2026-04-03,16,Uppsala,Pizza,292.0,28.0,On time,New
112287,2026-08-07,18,Uppsala,Kebab,259.0,38.0,On time,New
112053,2026-08-04,12,Malmö,Thai,280.0,46.0,Late,Returning
101718,2026-03-18,12,Stockholm,Burgers,256.0,54.0,Late,Returning
111823,2026-08-01,18,Stockholm,Burgers,293.0,54.0,Late,Returning
106154,2026-05-17,14,Göteborg,Pizza,310.0,48.0,Late,Returning
108270,2026-06-14,13,Stockholm,Burgers,179.0,24.0,On time,Returning
109253,2026-06-28,11,Göteborg,Burgers,310.0,36.0,On time,New
101166,2026-03-10,11,Malmö,Vegan,145.0,32.0,On time,Returning
106218,2026-05-17,17,Uppsala,Kebab,278.0,30.0,On time,Returning
102099,2026-03-23,13,Uppsala,Burgers,312.0,18.0,On time,New
109333,2026-06-29,12,Göteborg,Sushi,255.0,24.0,On time,Returning
101623,2026-03-17,10,Göteborg,Vegan,318.0,30.0,On time,Returning
100983,2026-03-08,19,Göteborg,Kebab,198.0,28.0,On time,New
103140,2026-04-06,18,Stockholm,Sushi,250.0,36.0,On time,Returning
100110,2026-02-24,12,Stockholm,Burgers,196.0,17.0,On time,New
103188,2026-04-07,18,Göteborg,Sushi,290.0,35.0,On time,New
100981,2026-03-08,12,Göteborg,Indian,281.0,24.0,On time,Returning
102791,2026-04-01,18,Lund,Kebab,273.0,30.0,On time,Returning
111359,2026-07-26,20,Göteborg,Pizza,229.0,45.0,On time,New
112191,2026-08-06,15,Stockholm,Burgers,324.0,49.0,Late,Returning
107040,2026-05-29,19,Göteborg,Kebab,308.0,27.0,On time,Returning
101281,2026-03-12,12,Stockholm,Vegan,159.0,68.0,Late,New
108801,2026-06-21,12,Stockholm,Kebab,247.0,32.0,On time,Returning
111132,2026-07-23,11,Stockholm,Sushi,304.0,35.0,On time,Returning
112063,2026-08-04,17,Uppsala,Sushi,267.0,55.0,Late,Returning
100493,2026-03-01,11,Stockholm,Pizza,175.0,34.0,On time,Returning
108215,2026-06-13,13,Uppsala,Kebab,233.0,32.0,On time,Returning
107982,2026-06-10,16,Malmö,Sushi,224.0,61.0,Late,Returning
102177,2026-03-24,16,Uppsala,Burgers,209.0,33.0,On time,Returning
103359,2026-04-09,20,Stockholm,Sushi,206.0,17.0,On time,Returning
100019,2026-02-23,12,Stockholm,Kebab,326.0,33.0,On time,New
101721,2026-03-18,21,Stockholm,Burgers,252.0,24.0,On time,Returning
108147,2026-06-13,17,Göteborg,Pizza,313.0,42.0,On time,New
101186,2026-03-11,23,Göteborg,Thai,313.0,30.0,On time,Returning
106371,2026-05-20,19,Göteborg,Kebab,244.0,50.0,Late,New
108001,2026-06-11,14,Unknown,Burgers,246.0,33.0,On time,Returning
108468,2026-06-16,11,Uppsala,Pizza,215.0,39.0,On time,Returning
108484,2026-06-17,20,Göteborg,Sushi,260.0,40.0,On time,Returning
104228,2026-04-20,14,Uppsala,Pizza,208.0,38.0,On time,Returning
107176,2026-05-30,11,Lund,Pizza,293.0,36.0,On time,Returning
106387,2026-05-20,16,Unknown,Pizza,296.0,44.0,On time,Returning
109227,2026-06-27,12,Stockholm,Pizza,272.0,55.0,Late,Returning
101931,2026-03-21,19,Malmö,Kebab,254.0,41.0,On time,New
110339,2026-07-12,11,Lund,Burgers,186.0,33.0,On time,Returning
108989,2026-06-24,13,Stockholm,Sushi,308.0,34.0,On time,Returning
100332,2026-02-27,12,Stockholm,Pizza,295.0,34.0,On time,Returning
111011,2026-07-21,11,Malmö,Vegan,307.0,41.0,On time,Returning
102964,2026-04-04,13,Stockholm,Indian,333.0,50.0,Late,Returning
106942,2026-05-27,23,Stockholm,Pizza,283.0,21.0,On time,Returning
112978,2026-08-16,14,Malmö,Kebab,272.0,58.0,Late,Returning
106499,2026-05-21,20,Malmö,Pizza,290.0,45.0,On time,Returning
107017,2026-05-28,18,Malmö,Indian,254.0,37.0,On time,Returning
113117,2026-08-18,11,Malmö,Kebab,217.0,39.0,On time,Returning
109595,2026-07-02,11,Lund,Pizza,267.0,37.0,Unknown,Returning
112112,2026-08-05,10,Stockholm,Vegan,216.0,38.0,On time,New
101106,2026-03-09,21,Malmö,Pizza,188.0,40.0,On time,New
102021,2026-03-22,11,Malmö,Thai,301.0,49.0,Late,New
104948,2026-05-01,14,Göteborg,Pizza,176.0,44.0,On time,Returning
110860,2026-07-19,13,Stockholm,Burgers,350.0,34.0,On time,New
112532,2026-08-10,13,Unknown,Kebab,221.0,42.0,On time,Returning
112435,2026-08-09,10,Stockholm,Burgers,187.0,15.0,On time,New
110025,2026-07-08,22,Lund,Kebab,319.0,28.0,On time,Returning
104973,2026-05-01,15,Stockholm,Burgers,208.0,34.0,On time,Returning
107775,2026-06-07,20,Malmö,Burgers,179.0,37.0,Unknown,New
106406,2026-05-20,10,Stockholm,Burgers,263.0,44.0,On time,New
107132,2026-05-30,18,Stockholm,Burgers,220.0,41.0,On time,New
100915,2026-03-07,13,Stockholm,Salad,342.0,27.0,On time,New
101823,2026-03-20,12,Göteborg,Thai,199.0,51.0,Late,New
104107,2026-04-19,19,Stockholm,Burgers,242.0,30.0,On time,New
102453,2026-03-28,14,Malmö,Kebab,213.0,28.0,On time,New
107955,2026-06-10,9,Stockholm,Pizza,263.0,36.0,On time,New
100546,2026-03-02,19,Göteborg,Salad,318.0,30.0,On time,Returning
107736,2026-06-07,15,Göteborg,Sushi,220.0,41.0,On time,Returning
101100,2026-03-09,17,Malmö,Salad,264.0,47.0,Late,New
101016,2026-03-08,13,Stockholm,Pizza,319.0,41.0,On time,Returning
109135,2026-06-26,18,Malmö,Vegan,278.0,49.0,Late,Returning
111224,2026-07-24,12,Malmö,Pizza,309.0,41.0,On time,Returning
112968,2026-08-16,15,Stockholm,Thai,211.0,25.0,On time,New
110300,2026-07-12,13,Stockholm,Pizza,268.0,32.0,On time,New
112329,2026-08-08,17,Stockholm,Thai,220.0,34.0,On time,New
105897,2026-05-13,17,Malmö,Kebab,291.0,30.0,On time,New
113120,2026-08-18,13,Malmö,Thai,300.0,27.0,On time,Returning
106769,2026-05-25,12,Göteborg,Thai,332.0,37.0,Unknown,Returning
112372,2026-08-08,11,Malmö,Burgers,324.0,55.0,Late,Returning
105789,2026-05-11,19,Uppsala,Kebab,224.0,36.0,On time,New
102393,2026-03-27,18,Uppsala,Burgers,275.0,33.0,On time,New
102787,2026-04-01,19,Lund,Indian,288.0,40.0,On time,Returning
108199,2026-06-13,19,Malmö,Thai,298.0,35.0,On time,Returning
101929,2026-03-21,19,Malmö,Salad,289.0,29.0,On time,Returning
112726,2026-08-13,12,Stockholm,Pizza,241.0,35.0,On time,Returning
101226,2026-03-11,11,Malmö,Burgers,268.0,28.0,On time,Returning
103321,2026-04-08,12,Lund,Pizza,212.0,33.0,On time,Returning
107262,2026-05-31,12,Lund,Pizza,351.0,35.0,On time,New
109359,2026-06-29,15,Stockholm,Sushi,236.0,45.0,On time,Returning
111951,2026-08-03,17,Göteborg,Indian,252.0,53.0,Late,New
109631,2026-07-03,12,Stockholm,Indian,200.0,32.0,On time,Returning
106565,2026-05-22,17,Stockholm,Vegan,243.0,49.0,Late,New
107222,2026-05-31,21,Stockholm,Thai,352.0,51.0,Late,New
108784,2026-06-21,21,Göteborg,Burgers,263.0,23.0,On time,Returning
106597,2026-05-22,20,Lund,Pizza,248.0,37.0,Unknown,Returning
102737,2026-04-01,23,Göteborg,Pizza,319.0,42.0,On time,Returning
104711,2026-04-27,10,Malmö,Burgers,328.0,35.0,On time,New
107170,2026-05-30,10,Uppsala,Kebab,274.0,28.0,On time,Returning
101348,2026-03-13,11,Stockholm,Salad,223.0,33.0,On time,Returning
104876,2026-04-30,12,Göteborg,Thai,275.0,28.0,On time,New
106073,2026-05-16,21,Göteborg,Indian,336.0,45.0,On time,New
105370,2026-05-06,21,Stockholm,Sushi,387.0,41.0,On time,Returning
101838,2026-03-20,20,Stockholm,Burgers,337.0,29.0,On time,New
108924,2026-06-23,12,Stockholm,Pizza,255.0,28.0,On time,New
111528,2026-07-28,16,Stockholm,Pizza,234.0,32.0,On time,Returning
112815,2026-08-14,17,Uppsala,Kebab,264.0,30.0,On time,New
108819,2026-06-21,11,Malmö,Pizza,328.0,52.0,Late,New
106373,2026-05-20,12,Göteborg,Pizza,200.0,56.0,Late,Returning
106345,2026-05-19,13,Malmö,Pizza,203.0,41.0,On time,Returning
105423,2026-05-07,20,Göteborg,Pizza,228.0,46.0,Late,New
106870,2026-05-26,19,Stockholm,Burgers,288.0,44.0,On time,Returning
112836,2026-08-15,20,Göteborg,Pizza,245.0,59.0,Late,Returning
111911,2026-08-02,13,Stockholm,Pizza,133.0,39.0,On time,Returning
108161,2026-06-13,10,Göteborg,Thai,277.0,39.0,On time,New
108606,2026-06-19,9,Göteborg,Pizza,245.0,55.0,Late,New
111022,2026-07-21,18,Malmö,Pizza,261.0,39.0,On time,Returning
104801,2026-04-29,18,Göteborg,Pizza,248.0,29.0,On time,Returning
101319,2026-03-12,12,Lund,Kebab,150.0,29.0,On time,Returning
100030,2026-02-23,10,Unknown,Burgers,242.0,39.0,On time,Returning
108548,2026-06-18,18,Göteborg,Thai,267.0,43.0,On time,Returning
109214,2026-06-27,16,Stockholm,Thai,277.0,48.0,Late,Returning
102092,2026-03-23,21,Malmö,Pizza,240.0,31.0,On time,New
101464,2026-03-15,14,Göteborg,Kebab,166.0,35.0,On time,New
108273,2026-06-14,18,Stockholm,Kebab,298.0,31.0,On time,Returning
102066,2026-03-23,11,Stockholm,Salad,279.0,31.0,On time,New
100323,2026-02-27,12,Stockholm,Pizza,238.0,35.0,On time,Returning
109055,2026-06-25,14,Stockholm,Pizza,237.0,46.0,Late,Returning
103200,2026-04-07,13,Stockholm,Pizza,292.0,32.0,On time,Returning
112566,2026-08-11,17,Göteborg,Burgers,129.0,35.0,On time,Returning
105614,2026-05-09,18,Stockholm,Salad,306.0,55.0,Late,Returning
103910,2026-04-16,13,Malmö,Kebab,245.0,33.0,On time,New
109928,2026-07-07,19,Stockholm,Indian,238.0,32.0,On time,New
103461,2026-04-10,18,Malmö,Thai,220.0,51.0,Late,New
111876,2026-08-02,20,Stockholm,Pizza,215.0,42.0,On time,Returning
113472,2026-08-23,10,Stockholm,Vegan,388.0,22.0,On time,Returning
100067,2026-02-23,9,Uppsala,Kebab,190.0,50.0,Late,New
113482,2026-08-23,12,Stockholm,Burgers,261.0,36.0,On time,Returning
102337,2026-03-27,13,Göteborg,Sushi,168.0,35.0,On time,Returning
112423,2026-08-09,20,Stockholm,Pizza,239.0,41.0,On time,Returning
106307,2026-05-18,21,Lund,Sushi,296.0,52.0,Late,New
113495,2026-08-23,14,Malmö,Kebab,276.0,40.0,On time,New
103574,2026-04-12,12,Göteborg,Vegan,220.0,29.0,On time,New
106848,2026-05-26,11,Stockholm,Kebab,204.0,32.0,On time,Returning
102639,2026-03-30,12,Lund,Kebab,252.0,43.0,On time,Returning
102390,2026-03-27,12,Uppsala,Burgers,246.0,46.0,Late,Returning
100574,2026-03-02,17,Stockholm,Pizza,130.0,38.0,On time,New
108645,2026-06-19,16,Stockholm,Burgers,99.0,28.0,On time,Returning
106596,2026-05-22,20,Lund,Salad,268.0,27.0,On time,Returning
111551,2026-07-28,17,Uppsala,Kebab,222.0,29.0,On time,Returning
112895,2026-08-15,10,Uppsala,Kebab,273.0,22.0,On time,Returning
106457,2026-05-21,11,Göteborg,Sushi,259.0,42.0,On time,Returning
110095,2026-07-09,21,Uppsala,Kebab,272.0,37.0,On time,Returning
103058,2026-04-05,17,Stockholm,Burgers,261.0,19.0,On time,Returning
103382,2026-04-09,13,Malmö,Pizza,258.0,48.0,Late,New
105376,2026-05-06,9,Stockholm,Sushi,254.0,33.0,On time,Returning
112993,2026-08-16,19,Lund,Burgers,276.0,39.0,On time,Returning
110292,2026-07-12,12,Stockholm,Burgers,304.0,29.0,On time,New
101276,2026-03-12,17,Stockholm,Burgers,309.0,33.0,On time,Returning
103705,2026-04-13,17,Malmö,Sushi,313.0,42.0,On time,New
101090,2026-03-09,19,Stockholm,Pizza,213.0,48.0,Late,Returning
101687,2026-03-18,16,Göteborg,Kebab,334.0,49.0,Late,New
105237,2026-05-04,20,Stockholm,Pizza,221.0,27.0,On time,Returning
101787,2026-03-19,11,Stockholm,Sushi,141.0,43.0,On time,New
107725,2026-06-07,10,Göteborg,Pizza,266.0,54.0,Late,New
105109,2026-05-03,12,Göteborg,Burgers,244.0,31.0,On time,Returning
108785,2026-06-21,19,Göteborg,Thai,299.0,31.0,On time,New
105140,2026-05-03,19,Stockholm,Salad,131.0,39.0,On time,New
107374,2026-06-02,22,Stockholm,Thai,281.0,57.0,Late,Returning
111762,2026-07-31,20,Uppsala,Sushi,218.0,38.0,On time,Returning
101697,2026-03-18,18,Göteborg,Pizza,348.0,42.0,On time,New
112042,2026-08-04,18,Stockholm,Vegan,236.0,34.0,On time,Returning
104179,2026-04-20,18,Göteborg,Burgers,205.0,40.0,On time,New
104270,2026-04-21,9,Stockholm,Burgers,243.0,29.0,On time,Returning
102464,2026-03-28,15,Uppsala,Burgers,194.0,48.0,Late,Returning
106665,2026-05-23,18,Uppsala,Sushi,199.0,40.0,On time,New
101710,2026-03-18,12,Stockholm,Pizza,341.0,34.0,On time,New
113487,2026-08-23,13,Stockholm,Kebab,273.0,43.0,On time,New
111775,2026-08-01,20,Göteborg,Burgers,221.0,38.0,On time,Returning
106263,2026-05-18,22,Stockholm,Burgers,229.0,34.0,On time,New
111744,2026-07-31,21,Stockholm,Thai,314.0,38.0,On time,New
109975,2026-07-08,9,Göteborg,Kebab,289.0,37.0,On time,Returning
102913,2026-04-03,11,Malmö,Burgers,262.0,34.0,On time,Returning
110508,2026-07-15,13,Göteborg,Pizza,214.0,48.0,Late,New
110492,2026-07-14,11,Lund,Sushi,250.0,40.0,On time,Returning
109029,2026-06-25,16,Göteborg,Salad,265.0,23.0,On time,Returning
103984,2026-04-17,11,Lund,Pizza,244.0,40.0,On time,Returning
113167,2026-08-19,20,Stockholm,Pizza,277.0,52.0,Late,New
106483,2026-05-21,19,Stockholm,Indian,247.0,33.0,On time,New
103594,2026-04-12,13,Stockholm,Indian,285.0,42.0,On time,Returning
103287,2026-04-08,20,Stockholm,Kebab,292.0,29.0,On time,Returning
103559,2026-04-12,18,Göteborg,Burgers,292.0,46.0,Late,Returning
111314,2026-07-25,12,Malmö,Sushi,240.0,39.0,On time,Returning
109654,2026-07-03,15,Malmö,Pizza,224.0,38.0,On time,New
111144,2026-07-23,14,Malmö,Kebab,222.0,38.0,On time,Returning
103065,2026-04-05,11,Stockholm,Pizza,217.0,49.0,Late,New
111572,2026-07-29,18,Göteborg,Kebab,244.0,46.0,Late,Returning
101840,2026-03-20,18,Stockholm,Pizza,273.0,52.0,Late,New
100784,2026-03-05,14,Malmö,Burgers,305.0,37.0,Unknown,Returning
110212,2026-07-11,18,Unknown,Indian,398.0,37.0,On time,Returning
104572,2026-04-25,11,Malmö,Vegan,241.0,24.0,On time,New
113171,2026-08-19,17,Stockholm,Vegan,260.0,38.0,On time,New
111048,2026-07-22,14,Göteborg,Indian,163.0,32.0,On time,New
110027,2026-07-08,11,Lund,Sushi,277.0,50.0,Late,Returning
102983,2026-04-04,17,Stockholm,Burgers,220.0,41.0,On time,Returning
112814,2026-08-14,15,Uppsala,Pizza,235.0,43.0,On time,Returning
108946,2026-06-23,13,Malmö,Kebab,267.0,37.0,Unknown,New
101005,2026-03-08,16,Stockholm,Sushi,237.0,18.0,On time,New
111809,2026-08-01,14,Stockholm,Pizza,334.0,40.0,On time,New
102750,2026-04-01,12,Stockholm,Pizza,325.0,15.0,On time,Returning
100741,2026-03-04,17,Lund,Pizza,218.0,37.0,On time,Returning
107073,2026-05-29,21,Malmö,Kebab,362.0,54.0,Late,Returning
107071,2026-05-29,17,Malmö,Kebab,239.0,17.0,On time,New
109504,2026-07-01,13,Stockholm,Kebab,219.0,35.0,On time,Returning
102685,2026-03-31,12,Stockholm,Sushi,292.0,40.0,On time,Returning
107911,2026-06-09,11,Malmö,Pizza,260.0,17.0,On time,Returning
104810,2026-04-29,17,Göteborg,Sushi,318.0,49.0,Late,New
112757,2026-08-14,12,Göteborg,Thai,294.0,37.0,On time,Returning
101161,2026-03-10,12,Malmö,Pizza,252.0,27.0,On time,Returning
109269,2026-06-28,10,Göteborg,Pizza,261.0,34.0,On time,Returning
111958,2026-08-03,17,Göteborg,Kebab,338.0,29.0,On time,Returning
112630,2026-08-12,12,Göteborg,Vegan,328.0,48.0,Late,New
104612,2026-04-26,17,Stockholm,Burgers,292.0,34.0,On time,Returning
105182,2026-05-03,11,Malmö,Vegan,297.0,23.0,On time,New
110678,2026-07-17,21,Stockholm,Vegan,314.0,27.0,On time,Returning
100420,2026-02-28,21,Malmö,Kebab,263.0,28.0,On time,Returning
108169,2026-06-13,9,Stockholm,Thai,240.0,31.0,On time,New
109696,2026-07-04,13,Stockholm,Sushi,287.0,42.0,On time,New
102170,2026-03-24,13,Malmö,Pizza,275.0,47.0,Late,Returning
100928,2026-03-07,20,Malmö,Burgers,175.0,40.0,On time,Returning
104835,2026-04-29,12,Stockholm,Kebab,151.0,20.0,On time,Returning
104808,2026-04-29,16,Göteborg,Vegan,272.0,31.0,On time,Returning
112519,2026-08-10,20,Stockholm,Pizza,209.0,52.0,Late,Returning
102527,2026-03-29,14,Stockholm,Vegan,246.0,53.0,Late,New
113422,2026-08-22,17,Uppsala,Thai,196.0,28.0,On time,New
105559,2026-05-09,11,Göteborg,Thai,234.0,30.0,On time,Returning
111025,2026-07-21,15,Uppsala,Burgers,292.0,43.0,On time,Returning
112414,2026-08-09,18,Göteborg,Salad,282.0,40.0,On time,Returning
100935,2026-03-07,21,Malmö,Kebab,312.0,43.0,On time,Returning
104966,2026-05-01,11,Stockholm,Burgers,181.0,48.0,Late,New
105637,2026-05-09,10,Lund,Salad,150.0,38.0,On time,Returning
106302,2026-05-18,13,Uppsala,Pizza,221.0,41.0,On time,New
111142,2026-07-23,11,Stockholm,Kebab,234.0,38.0,On time,New
113021,2026-08-17,19,Stockholm,Kebab,168.0,45.0,On time,Returning
103164,2026-04-06,11,Malmö,Pizza,292.0,45.0,On time,Returning
106240,2026-05-18,12,Göteborg,Pizza,212.0,46.0,Late,New
105824,2026-05-12,19,Stockholm,Sushi,275.0,48.0,Late,Returning
103317,2026-04-08,12,Uppsala,Pizza,243.0,37.0,On time,Returning
102830,2026-04-02,21,Stockholm,Thai,249.0,37.0,On time,Returning
101990,2026-03-22,14,Stockholm,Thai,167.0,36.0,On time,New
108490,2026-06-17,17,Göteborg,Pizza,154.0,32.0,On time,Returning
100109,2026-02-24,17,Stockholm,Kebab,251.0,44.0,On time,Returning
109711,2026-07-04,14,Malmö,Pizza,337.0,34.0,On time,Returning
105314,2026-05-05,18,Stockholm,Thai,248.0,29.0,On time,New
102743,2026-04-01,18,Stockholm,Pizza,335.0,35.0,On time,New
102674,2026-03-31,13,Stockholm,Thai,209.0,32.0,On time,Returning
105621,2026-05-09,15,Malmö,Vegan,186.0,29.0,On time,Returning
101749,2026-03-19,10,Göteborg,Pizza,258.0,38.0,On time,New
110191,2026-07-11,15,Stockholm,Thai,303.0,34.0,On time,New
111109,2026-07-23,17,Göteborg,Kebab,303.0,40.0,On time,New
111210,2026-07-24,21,Stockholm,Burgers,183.0,31.0,On time,Returning
108910,2026-06-23,19,Göteborg,Sushi,291.0,26.0,On time,New
102375,2026-03-27,17,Malmö,Kebab,260.0,42.0,On time,Returning
102373,2026-03-27,13,Malmö,Thai,244.0,39.0,On time,New
110028,2026-07-08,17,Lund,Burgers,95.0,23.0,On time,New
105443,2026-05-07,11,Stockholm,Thai,244.0,33.0,On time,Returning
100803,2026-03-06,17,Göteborg,Pizza,277.0,66.0,Late,New
101684,2026-03-17,17,Lund,Pizza,204.0,27.0,On time,New
101089,2026-03-09,20,Stockholm,Pizza,317.0,37.0,On time,Returning
105603,2026-05-09,13,Stockholm,Burgers,308.0,30.0,On time,Returning
105708,2026-05-10,11,Malmö,Pizza,333.0,44.0,On time,Returning
103898,2026-04-16,13,Stockholm,Pizza,207.0,20.0,On time,Returning
107564,2026-06-05,21,Göteborg,Sushi,189.0,15.0,On time,Returning
113255,2026-08-20,19,Stockholm,Kebab,318.0,40.0,On time,Returning
110021,2026-07-08,13,Uppsala,Pizza,219.0,40.0,On time,Returning
106960,2026-05-27,19,Malmö,Salad,275.0,48.0,Late,Returning
103586,2026-04-12,11,Stockholm,Pizza,280.0,41.0,On time,New
101997,2026-03-22,14,Stockholm,Pizza,315.0,34.0,On time,New
104904,2026-04-30,12,Stockholm,Sushi,212.0,42.0,On time,New
101561,2026-03-16,19,Göteborg,Vegan,224.0,35.0,On time,Returning
112268,2026-08-07,12,Malmö,Pizza,172.0,36.0,On time,Returning
103150,2026-04-06,20,Stockholm,Indian,252.0,31.0,On time,New
107139,2026-05-30,17,Stockholm,Burgers,213.0,53.0,Late,New
101435,2026-03-14,18,Malmö,Burgers,241.0,31.0,On time,Returning
111214,2026-07-24,10,Stockholm,Sushi,225.0,31.0,On time,New
107108,2026-05-30,19,Göteborg,Thai,312.0,27.0,On time,Returning
105499,2026-05-08,21,Stockholm,Burgers,202.0,35.0,On time,New
101253,2026-03-12,13,Göteborg,Pizza,314.0,40.0,On time,Returning
103275,2026-04-08,13,Stockholm,Salad,194.0,46.0,Late,New
110009,2026-07-08,22,Malmö,Vegan,213.0,39.0,On time,Returning
101392,2026-03-14,19,Göteborg,Pizza,312.0,46.0,Late,New
105522,2026-05-08,19,Malmö,Kebab,209.0,43.0,On time,New
103747,2026-04-14,12,Stockholm,Pizza,244.0,37.0,Unknown,New
112602,2026-08-11,18,Malmö,Pizza,257.0,37.0,On time,New
106544,2026-05-22,17,Stockholm,Burgers,217.0,35.0,On time,New
104554,2026-04-25,12,Stockholm,Indian,321.0,29.0,On time,Returning
110024,2026-07-08,13,Uppsala,Sushi,218.0,57.0,Late,Returning
110946,2026-07-20,11,Uppsala,Kebab,324.0,43.0,On time,Returning
103278,2026-04-08,19,Stockholm,Pizza,302.0,29.0,On time,Returning
101257,2026-03-12,12,Göteborg,Burgers,239.0,50.0,Late,Returning
105644,2026-05-10,20,Göteborg,Thai,297.0,54.0,Late,New
106977,2026-05-28,12,Göteborg,Sushi,222.0,43.0,On time,Returning
101745,2026-03-18,13,Lund,Salad,352.0,37.0,On time,Returning
111782,2026-08-01,11,Göteborg,Thai,245.0,34.0,On time,Returning
112511,2026-08-10,18,Stockholm,Thai,328.0,27.0,On time,Returning
100376,2026-02-28,15,Göteborg,Thai,301.0,44.0,On time,Returning
105919,2026-05-14,19,Göteborg,Thai,259.0,37.0,On time,Returning
108315,2026-06-14,14,Lund,Kebab,280.0,46.0,Late,Returning
105459,2026-05-07,16,Malmö,Kebab,220.0,36.0,On time,New
109718,2026-07-04,16,Malmö,Sushi,267.0,40.0,On time,New
107697,2026-06-06,21,Uppsala,Vegan,246.0,40.0,On time,Returning
111899,2026-08-02,11,Stockholm,Indian,306.0,31.0,On time,Returning
105737,2026-05-11,22,Göteborg,Salad,329.0,43.0,On time,Returning
113245,2026-08-20,11,Stockholm,Indian,158.0,33.0,On time,Returning
112808,2026-08-14,18,Malmö,Thai,280.0,32.0,On time,New
111333,2026-07-25,23,Lund,Pizza,254.0,34.0,On time,Returning
106340,2026-05-19,18,Stockholm,Pizza,448.0,39.0,On time,New
107015,2026-05-28,13,Malmö,Kebab,281.0,36.0,On time,Returning
110763,2026-07-18,23,Stockholm,Vegan,296.0,28.0,On time,New
105158,2026-05-03,18,Stockholm,Sushi,303.0,49.0,Late,New
105486,2026-05-08,19,Göteborg,Indian,270.0,38.0,On time,Returning
112214,2026-08-06,20,Uppsala,Sushi,256.0,39.0,On time,Returning
102747,2026-04-01,19,Stockholm,Burgers,255.0,21.0,On time,Returning
103943,2026-04-17,11,Göteborg,Pizza,212.0,26.0,On time,New
102124,2026-03-24,23,Göteborg,Sushi,158.0,29.0,On time,New
111411,2026-07-26,19,Uppsala,Pizza,277.0,26.0,On time,Returning
110495,2026-07-15,18,Göteborg,Pizza,300.0,43.0,On time,Returning
100046,2026-02-23,13,Stockholm,Pizza,285.0,40.0,On time,Returning
110674,2026-07-17,12,Stockholm,Pizza,247.0,44.0,On time,Returning
110556,2026-07-15,17,Uppsala,Burgers,223.0,49.0,Late,Returning
102861,2026-04-02,12,Lund,Vegan,346.0,31.0,On time,Returning
111662,2026-07-30,19,Stockholm,Burgers,257.0,43.0,On time,Returning
106966,2026-05-27,17,Uppsala,Salad,241.0,39.0,On time,New
112610,2026-08-11,18,Uppsala,Burgers,130.0,250.0,Unknown,Returning
108818,2026-06-21,21,Malmö,Pizza,247.0,39.0,On time,Returning
101793,2026-03-19,21,Stockholm,Vegan,183.0,40.0,On time,Returning
112719,2026-08-13,14,Stockholm,Sushi,225.0,41.0,On time,Returning
110934,2026-07-20,17,Malmö,Burgers,225.0,49.0,Late,Returning
101501,2026-03-15,12,Stockholm,Kebab,258.0,39.0,On time,Returning
108577,2026-06-18,11,Stockholm,Vegan,369.0,38.0,On time,New
102717,2026-03-31,11,Lund,Pizza,272.0,38.0,On time,Returning
104825,2026-04-29,11,Stockholm,Pizza,239.0,36.0,On time,Returning
109824,2026-07-06,10,Unknown,Burgers,208.0,37.0,On time,Returning
111420,2026-07-26,21,Lund,Burgers,251.0,29.0,On time,Returning
111328,2026-07-25,14,Uppsala,Indian,248.0,40.0,On time,Returning
110593,2026-07-16,19,Stockholm,Thai,294.0,39.0,On time,New
105138,2026-05-03,18,Stockholm,Pizza,274.0,38.0,On time,Returning
106067,2026-05-16,13,Göteborg,Pizza,315.0,58.0,Late,Returning
106639,2026-05-23,11,Stockholm,Sushi,307.0,36.0,On time,Returning
101842,2026-03-20,11,Stockholm,Burgers,137.0,26.0,On time,New
113402,2026-08-22,19,Malmö,Pizza,339.0,39.0,On time,Returning
103176,2026-04-06,23,Uppsala,Burgers,257.0,44.0,On time,Returning
102786,2026-04-01,18,Lund,Indian,349.0,43.0,On time,Returning
104281,2026-04-21,13,Stockholm,Vegan,214.0,48.0,Late,Returning
108479,2026-06-17,19,Göteborg,Thai,316.0,33.0,On time,Returning
104443,2026-04-24,19,Unknown,Pizza,305.0,45.0,On time,Returning
101918,2026-03-21,20,Stockholm,Sushi,139.0,38.0,On time,New
106577,2026-05-22,12,Malmö,Salad,282.0,53.0,Late,Returning
101245,2026-03-11,12,Lund,Thai,249.0,49.0,Late,Returning
110573,2026-07-16,19,Göteborg,Kebab,271.0,40.0,On time,Returning
103611,2026-04-12,12,Stockholm,Pizza,245.0,59.0,Late,New
106909,2026-05-27,14,Unknown,Kebab,218.0,43.0,On time,New
103014,2026-04-04,12,Lund,Kebab,268.0,32.0,On time,New
110874,2026-07-19,21,Uppsala,Thai,337.0,40.0,On time,New
101716,2026-03-18,19,Stockholm,Vegan,186.0,36.0,On time,Returning
113511,2026-08-23,12,Malmö,Sushi,165.0,39.0,On time,New
103225,2026-04-07,11,Stockholm,Pizza,224.0,47.0,Late,Returning
105928,2026-05-14,19,Göteborg,Thai,276.0,60.0,Late,New
105367,2026-05-06,12,Stockholm,Salad,259.0,38.0,On time,Returning
102850,2026-04-02,12,Malmö,Burgers,356.0,44.0,On time,New
102040,2026-03-22,13,Unknown,Indian,288.0,43.0,On time,Returning
104638,2026-04-26,20,Stockholm,Sushi,244.0,30.0,On time,Returning
102202,2026-03-25,12,Göteborg,Sushi,301.0,30.0,On time,Returning
112136,2026-08-05,10,Uppsala,Pizza,234.0,40.0,On time,Returning
109542,2026-07-02,12,Göteborg,Indian,203.0,28.0,On time,New
104477,2026-04-24,18,Stockholm,Salad,321.0,37.0,On time,New
111179,2026-07-24,18,Göteborg,Salad,360.0,43.0,On time,New
106072,2026-05-16,9,Göteborg,Burgers,303.0,50.0,Late,Returning
100685,2026-03-04,19,Göteborg,Vegan,324.0,45.0,On time,Returning
102006,2026-03-22,19,Stockholm,Vegan,212.0,41.0,On time,New
112859,2026-08-15,13,Stockholm,Pizza,246.0,36.0,On time,Returning
105032,2026-05-02,12,Stockholm,Pizza,287.0,40.0,On time,New
112481,2026-08-09,13,Uppsala,Burgers,334.0,36.0,On time,Returning
105042,2026-05-02,18,Stockholm,Vegan,184.0,15.0,On time,Returning
106625,2026-05-23,12,Stockholm,Burgers,152.0,36.0,On time,Returning
102662,2026-03-31,14,Stockholm,Burgers,172.0,38.0,On time,New
104058,2026-04-18,17,Uppsala,Vegan,190.0,55.0,Late,New
100796,2026-03-05,15,Lund,Pizza,312.0,38.0,On time,New
104841,2026-04-29,20,Unknown,Pizza,393.0,32.0,On time,New
104679,2026-04-27,23,Göteborg,Thai,324.0,33.0,On time,New
106696,2026-05-24,13,Stockholm,Burgers,220.0,47.0,Late,Returning
103956,2026-04-17,19,Stockholm,Thai,219.0,22.0,On time,Returning
107067,2026-05-29,11,Stockholm,Salad,192.0,41.0,On time,New
113429,2026-08-22,19,Lund,Indian,215.0,34.0,On time,Returning
110044,2026-07-09,12,Göteborg,Pizza,305.0,44.0,On time,New
104723,2026-04-27,13,Uppsala,Burgers,323.0,33.0,On time,Returning
109449,2026-06-30,19,Uppsala,Sushi,240.0,42.0,On time,New
109342,2026-06-29,11,Göteborg,Burgers,207.0,28.0,On time,New
111710,2026-07-31,16,Göteborg,Burgers,288.0,45.0,On time,Returning
106434,2026-05-20,12,Uppsala,Pizza,300.0,37.0,On time,Returning
112092,2026-08-05,13,Göteborg,Sushi,310.0,47.0,Late,New
103717,2026-04-13,12,Uppsala,Pizza,209.0,27.0,On time,Returning
108872,2026-06-22,19,Stockholm,Burgers,277.0,42.0,On time,Returning
109352,2026-06-29,12,Stockholm,Salad,218.0,40.0,On time,New
101393,2026-03-14,17,Göteborg,Pizza,322.0,27.0,On time,Returning
106816,2026-05-25,13,Malmö,Sushi,222.0,32.0,On time,Returning
110262,2026-07-12,18,Göteborg,Burgers,208.0,32.0,On time,New
109860,2026-07-06,10,Malmö,Burgers,276.0,28.0,On time,Returning
105908,2026-05-13,12,Uppsala,Salad,166.0,29.0,On time,Returning
100861,2026-03-06,12,Uppsala,Burgers,214.0,37.0,On time,New
110299,2026-07-12,13,Stockholm,Kebab,145.0,50.0,Late,New
110552,2026-07-15,21,Malmö,Pizza,195.0,61.0,Late,Returning
101309,2026-03-12,16,Malmö,Burgers,238.0,30.0,On time,Returning
102051,2026-03-23,21,Göteborg,Burgers,98.0,23.0,On time,Returning
108399,2026-06-15,18,Lund,Burgers,225.0,47.0,Late,New
110242,2026-07-11,20,Lund,Sushi,302.0,31.0,On time,New
100433,2026-02-28,20,Uppsala,Burgers,160.0,24.0,On time,Returning
105097,2026-05-03,18,Göteborg,Indian,338.0,51.0,Late,Returning
109399,2026-06-29,21,Lund,Sushi,365.0,56.0,Late,Returning
112222,2026-08-07,23,Göteborg,Kebab,329.0,37.0,On time,Returning
112686,2026-08-13,12,Göteborg,Sushi,216.0,28.0,On time,Returning
101439,2026-03-14,12,Malmö,Pizza,257.0,28.0,On time,Returning
101162,2026-03-10,18,Malmö,Sushi,209.0,36.0,On time,Returning
101259,2026-03-12,20,Göteborg,Kebab,252.0,36.0,On time,Returning
107011,2026-05-28,18,Malmö,Salad,191.0,32.0,On time,New
104471,2026-04-24,19,Stockholm,Thai,228.0,35.0,On time,Returning
108578,2026-06-18,12,Stockholm,Burgers,232.0,34.0,On time,Returning
100406,2026-02-28,17,Stockholm,Kebab,214.0,39.0,On time,Returning
112799,2026-08-14,11,Stockholm,Kebab,276.0,53.0,Late,Returning
105854,2026-05-13,13,Göteborg,Thai,237.0,38.0,On time,New
105762,2026-05-11,16,Stockholm,Burgers,290.0,38.0,On time,Returning
104118,2026-04-19,18,Stockholm,Sushi,211.0,28.0,On time,New
109300,2026-06-28,20,Malmö,Burgers,276.0,42.0,On time,Returning
111774,2026-08-01,11,Göteborg,Indian,281.0,43.0,On time,Returning
103739,2026-04-14,20,Göteborg,Indian,288.0,42.0,On time,Returning
105607,2026-05-09,11,Stockholm,Burgers,202.0,38.0,On time,Returning
104076,2026-04-19,18,Göteborg,Pizza,257.0,33.0,On time,Returning
110080,2026-07-09,13,Stockholm,Thai,160.0,29.0,On time,New
105922,2026-05-14,18,Göteborg,Pizza,234.0,42.0,On time,Returning
106685,2026-05-24,13,Göteborg,Sushi,273.0,34.0,On time,Returning
103982,2026-04-17,13,Uppsala,Pizza,204.0,22.0,On time,Returning
100124,2026-02-24,20,Malmö,Burgers,217.0,50.0,Late,New
101643,2026-03-17,17,Stockholm,Salad,245.0,33.0,On time,New
110545,2026-07-15,9,Malmö,Burgers,310.0,42.0,On time,Returning
109078,2026-06-25,11,Uppsala,Sushi,312.0,29.0,On time,New
107307,2026-06-01,21,Stockholm,Indian,325.0,42.0,On time,Returning
105020,2026-05-02,19,Göteborg,Vegan,301.0,39.0,On time,New
106083,2026-05-16,10,Stockholm,Indian,272.0,45.0,On time,New
103373,2026-04-09,18,Stockholm,Burgers,194.0,43.0,On time,New
103222,2026-04-07,21,Stockholm,Pizza,180.0,40.0,On time,New
111741,2026-07-31,20,Stockholm,Salad,300.0,37.0,On time,Returning
111136,2026-07-23,17,Stockholm,Kebab,240.0,24.0,On time,New
104574,2026-04-25,18,Malmö,Burgers,184.0,34.0,On time,Returning
108400,2026-06-15,16,Lund,Indian,263.0,35.0,On time,New
105277,2026-05-04,12,Lund,Burgers,265.0,44.0,On time,Returning
111792,2026-08-01,21,Göteborg,Pizza,154.0,45.0,On time,Returning
104856,2026-04-29,11,Lund,Thai,267.0,29.0,On time,Returning
113196,2026-08-19,19,Uppsala,Indian,216.0,32.0,On time,New
110768,2026-07-18,21,Malmö,Thai,244.0,23.0,On time,Returning
103274,2026-04-08,12,Stockholm,Vegan,239.0,35.0,On time,Returning
111230,2026-07-24,17,Uppsala,Vegan,209.0,35.0,On time,New
108311,2026-06-14,18,Lund,Sushi,168.0,54.0,Late,Returning
105484,2026-05-08,13,Göteborg,Sushi,277.0,41.0,On time,New
100224,2026-02-26,17,Göteborg,Burgers,262.0,51.0,Late,New
102736,2026-04-01,20,Göteborg,Pizza,329.0,48.0,Late,New
111667,2026-07-30,20,Stockholm,Pizza,127.0,32.0,On time,New
106475,2026-05-21,13,Stockholm,Burgers,128.0,30.0,On time,New
101001,2026-03-08,21,Unknown,Burgers,308.0,28.0,On time,Returning
110341,2026-07-12,21,Lund,Burgers,232.0,55.0,Late,New
108348,2026-06-15,11,Stockholm,Pizza,170.0,37.0,On time,Returning
111103,2026-07-22,22,Uppsala,Pizza,301.0,40.0,On time,New
102428,2026-03-28,10,Stockholm,Sushi,261.0,47.0,Late,New
110873,2026-07-19,18,Uppsala,Sushi,242.0,55.0,Late,Returning
107614,2026-06-05,13,Lund,Pizza,234.0,47.0,Late,Returning
106600,2026-05-22,19,Lund,Burgers,202.0,32.0,On time,Returning
107009,2026-05-28,19,Malmö,Burgers,279.0,48.0,Late,New
107148,2026-05-30,19,Malmö,Burgers,285.0,37.0,On time,New
113039,2026-08-17,11,Malmö,Pizza,204.0,42.0,On time,New
100652,2026-03-03,14,Unknown,Pizza,237.0,20.0,On time,New
109667,2026-07-03,21,Lund,Indian,334.0,42.0,On time,Returning
106212,2026-05-17,9,Malmö,Burgers,259.0,38.0,On time,New
111504,2026-07-28,13,Göteborg,Sushi,239.0,43.0,On time,New
108691,2026-06-20,13,Göteborg,Salad,179.0,21.0,On time,Returning
110417,2026-07-13,19,Lund,Burgers,211.0,45.0,On time,Returning
113243,2026-08-20,12,Stockholm,Indian,273.0,40.0,On time,Returning
105251,2026-05-04,12,Malmö,Kebab,379.0,43.0,On time,Returning
108275,2026-06-14,20,Stockholm,Pizza,222.0,24.0,On time,Returning
102502,2026-03-29,18,Stockholm,Burgers,222.0,27.0,On time,Returning
111676,2026-07-30,18,Malmö,Pizza,173.0,35.0,On time,Returning
109218,2026-06-27,12,Stockholm,Burgers,247.0,51.0,Late,Returning
103499,2026-04-11,11,Stockholm,Sushi,231.0,39.0,On time,Returning
113027,2026-08-17,19,Stockholm,Indian,233.0,47.0,Late,Returning
104604,2026-04-26,17,Göteborg,Thai,393.0,36.0,On time,Returning
101409,2026-03-14,21,Stockholm,Pizza,262.0,40.0,On time,New
109978,2026-07-08,13,Stockholm,Pizza,300.0,32.0,On time,Returning
107553,2026-06-05,12,Göteborg,Pizza,265.0,33.0,On time,New
106521,2026-05-22,18,Göteborg,Pizza,191.0,26.0,On time,New
111953,2026-08-03,9,Göteborg,Pizza,269.0,45.0,On time,New
112184,2026-08-06,12,Stockholm,Thai,287.0,48.0,Late,New
105440,2026-05-07,11,Stockholm,Thai,237.0,45.0,On time,Returning
113201,2026-08-19,19,Lund,Thai,315.0,28.0,On time,Returning
103312,2026-04-08,12,Malmö,Kebab,236.0,35.0,On time,New
100972,2026-03-08,13,Göteborg,Indian,312.0,42.0,On time,Returning
107996,2026-06-10,12,Lund,Burgers,305.0,22.0,On time,New
108318,2026-06-15,11,Göteborg,Sushi,112.0,38.0,On time,New
100290,2026-02-27,19,Göteborg,Thai,278.0,57.0,Late,Returning
108325,2026-06-15,13,Göteborg,Vegan,282.0,34.0,On time,New
104388,2026-04-23,17,Unknown,Salad,320.0,20.0,On time,Returning
102352,2026-03-27,15,Stockholm,Indian,151.0,37.0,On time,Returning
113503,2026-08-23,13,Malmö,Thai,310.0,65.0,Late,Returning
109999,2026-07-08,14,Stockholm,Pizza,152.0,27.0,On time,Returning
108533,2026-06-17,16,Uppsala,Burgers,233.0,42.0,On time,Returning
107731,2026-06-07,12,Göteborg,Sushi,262.0,38.0,On time,Returning
102036,2026-03-22,20,Lund,Sushi,253.0,57.0,Late,Returning
103480,2026-04-11,12,Göteborg,Indian,292.0,45.0,On time,New
111451,2026-07-27,10,Stockholm,Thai,297.0,46.0,Late,New
112502,2026-08-10,10,Göteborg,Thai,208.0,42.0,On time,Returning
106426,2026-05-20,13,Malmö,Vegan,164.0,50.0,Late,New
110011,2026-07-08,21,Malmö,Thai,250.0,34.0,On time,Returning
108162,2026-06-13,12,Göteborg,Sushi,273.0,40.0,On time,New
113178,2026-08-19,19,Stockholm,Kebab,258.0,37.0,Unknown,New
100821,2026-03-06,10,Stockholm,Indian,184.0,45.0,On time,New
103424,2026-04-10,18,Stockholm,Salad,210.0,51.0,Late,New
106690,2026-05-24,20,Göteborg,Pizza,248.0,32.0,On time,Returning
112568,2026-08-11,17,Göteborg,Indian,202.0,37.0,On time,Returning
104618,2026-04-26,20,Stockholm,Pizza,231.0,31.0,On time,Returning
112856,2026-08-15,20,Stockholm,Sushi,132.0,48.0,Late,Returning
107861,2026-06-09,11,Göteborg,Vegan,252.0,15.0,On time,Returning
101699,2026-03-18,9,Göteborg,Salad,378.0,33.0,On time,Returning
101446,2026-03-14,11,Malmö,Burgers,216.0,35.0,On time,New
105392,2026-05-06,19,Malmö,Pizza,175.0,52.0,Late,New
102945,2026-04-04,17,Göteborg,Pizza,285.0,44.0,On time,Returning
112458,2026-08-09,13,Stockholm,Kebab,153.0,44.0,On time,Returning
107814,2026-06-08,11,Göteborg,Vegan,153.0,47.0,Late,Returning
111361,2026-07-26,12,Stockholm,Kebab,124.0,21.0,On time,Returning
102984,2026-04-04,18,Malmö,Kebab,228.0,50.0,Late,Returning
100846,2026-03-06,12,Stockholm,Pizza,296.0,33.0,On time,Returning
103723,2026-04-13,14,Lund,Indian,334.0,27.0,On time,Returning
107088,2026-05-29,17,Lund,Burgers,180.0,34.0,On time,Returning
104036,2026-04-18,19,Stockholm,Burgers,298.0,37.0,On time,New
105234,2026-05-04,12,Stockholm,Vegan,310.0,28.0,On time,Returning
113446,2026-08-23,12,Göteborg,Kebab,199.0,22.0,On time,New
105580,2026-05-09,17,Stockholm,Sushi,450.0,42.0,On time,New
111348,2026-07-26,18,Göteborg,Sushi,146.0,35.0,On time,Returning
106464,2026-05-21,15,Stockholm,Burgers,214.0,27.0,On time,New
106817,2026-05-25,17,Uppsala,Kebab,222.0,32.0,On time,New
100357,2026-02-27,14,Uppsala,Burgers,223.0,44.0,On time,Returning
109417,2026-06-30,22,Stockholm,Indian,218.0,41.0,On time,Returning
113013,2026-08-17,19,Stockholm,Burgers,275.0,28.0,On time,Returning
111690,2026-07-30,11,Uppsala,Burgers,184.0,46.0,Late,Returning
106157,2026-05-17,18,Göteborg,Burgers,224.0,36.0,On time,New
107705,2026-06-06,10,Lund,Burgers,255.0,33.0,On time,New
106614,2026-05-23,21,Göteborg,Burgers,288.0,51.0,Late,New
105534,2026-05-08,16,Uppsala,Indian,230.0,29.0,On time,Returning
112980,2026-08-16,19,Malmö,Kebab,266.0,30.0,On time,Returning
109687,2026-07-04,20,Göteborg,Pizza,283.0,42.0,On time,Returning
107367,2026-06-02,11,Stockholm,Thai,266.0,45.0,On time,Returning
101116,2026-03-09,13,Uppsala,Vegan,256.0,28.0,On time,New
109309,2026-06-28,18,Malmö,Pizza,264.0,33.0,On time,Returning
106303,2026-05-18,18,Uppsala,Sushi,290.0,22.0,On time,Returning
111150,2026-07-23,13,Malmö,Pizza,288.0,33.0,On time,New
100925,2026-03-07,12,Stockholm,Kebab,322.0,30.0,On time,New
100213,2026-02-25,12,Uppsala,Salad,291.0,37.0,Unknown,New
101044,2026-03-08,10,Lund,Thai,304.0,60.0,Late,New
101454,2026-03-14,23,Uppsala,Indian,230.0,36.0,On time,New
107509,2026-06-04,23,Stockholm,Thai,198.0,39.0,On time,Returning
103893,2026-04-16,12,Stockholm,Burgers,198.0,36.0,On time,Returning
105320,2026-05-05,12,Stockholm,Indian,202.0,33.0,On time,New
109314,2026-06-28,12,Uppsala,Salad,224.0,26.0,On time,Returning
102998,2026-04-04,18,Malmö,Indian,265.0,53.0,Late,Returning
106473,2026-05-21,12,Stockholm,Kebab,252.0,30.0,On time,Returning
107978,2026-06-10,9,Malmö,Sushi,264.0,31.0,On time,Returning
104167,2026-04-20,9,Göteborg,Pizza,226.0,45.0,On time,Returning
106844,2026-05-26,18,Göteborg,Salad,239.0,34.0,On time,Returning
111117,2026-07-23,17,Göteborg,Burgers,349.0,27.0,On time,New
110259,2026-07-12,14,Göteborg,Indian,195.0,47.0,Late,New
105933,2026-05-14,18,Stockholm,Burgers,192.0,46.0,Late,Returning
108998,2026-06-24,13,Stockholm,Thai,181.0,17.0,On time,Returning
103201,2026-04-07,12,Stockholm,Burgers,253.0,43.0,On time,Returning
100345,2026-02-27,13,Malmö,Pizza,337.0,33.0,On time,Returning
110255,2026-07-12,16,Göteborg,Burgers,328.0,27.0,On time,Returning
109435,2026-06-30,18,Stockholm,Burgers,245.0,37.0,On time,New
105646,2026-05-10,12,Göteborg,Burgers,286.0,41.0,On time,Returning
104714,2026-04-27,13,Malmö,Pizza,162.0,38.0,On time,Returning
102462,2026-03-28,11,Uppsala,Sushi,274.0,46.0,Late,New
104865,2026-04-30,13,Göteborg,Pizza,281.0,30.0,On time,Returning
108175,2026-06-13,12,Stockholm,Thai,301.0,52.0,Late,Returning
112386,2026-08-08,12,Uppsala,Indian,253.0,34.0,On time,New
106098,2026-05-16,11,Stockholm,Thai,152.0,24.0,On time,Returning
101979,2026-03-22,16,Stockholm,Sushi,254.0,36.0,On time,New
109988,2026-07-08,15,Stockholm,Pizza,282.0,35.0,On time,New
104152,2026-04-19,11,Unknown,Pizza,303.0,32.0,On time,New
103532,2026-04-11,15,Malmö,Thai,302.0,28.0,On time,Returning
108371,2026-06-15,12,Stockholm,Sushi,202.0,22.0,On time,Returning
107813,2026-06-08,18,Göteborg,Pizza,354.0,17.0,On time,Returning
103255,2026-04-08,11,Göteborg,Pizza,278.0,23.0,On time,Returning
101032,2026-03-08,18,Malmö,Pizza,171.0,19.0,On time,Returning
111902,2026-08-02,20,Stockholm,Vegan,319.0,35.0,On time,Returning
108830,2026-06-21,10,Uppsala,Pizza,268.0,30.0,On time,Returning
106991,2026-05-28,17,Göteborg,Pizza,149.0,43.0,On time,New
113517,2026-08-23,10,Uppsala,Vegan,270.0,37.0,On time,Returning
111245,2026-07-25,13,Göteborg,Burgers,252.0,58.0,Late,Returning
100462,2026-03-01,11,Göteborg,Pizza,307.0,40.0,On time,New
104676,2026-04-27,14,Göteborg,Sushi,237.0,38.0,On time,Returning
106920,2026-05-27,16,Göteborg,Thai,279.0,56.0,Late,New
105223,2026-05-04,15,Unknown,Burgers,315.0,32.0,On time,New
105728,2026-05-10,15,Lund,Indian,276.0,40.0,On time,Returning
110390,2026-07-13,12,Malmö,Sushi,235.0,50.0,Late,Returning
111538,2026-07-28,12,Malmö,Burgers,239.0,52.0,Late,Returning
112207,2026-08-06,20,Uppsala,Salad,357.0,50.0,Late,Returning
100120,2026-02-24,18,Stockholm,Pizza,365.0,28.0,On time,New
109043,2026-06-25,14,Stockholm,Vegan,254.0,33.0,On time,Returning
112137,2026-08-05,22,Uppsala,Vegan,193.0,58.0,Late,Returning
104201,2026-04-20,11,Stockholm,Kebab,246.0,29.0,On time,Returning
111229,2026-07-24,15,Uppsala,Sushi,226.0,36.0,On time,Returning
109658,2026-07-03,12,Uppsala,Thai,304.0,34.0,On time,New
112192,2026-08-06,16,Stockholm,Sushi,179.0,30.0,On time,New
111035,2026-07-22,20,Göteborg,Indian,292.0,23.0,On time,Returning
111746,2026-07-31,18,Malmö,Thai,221.0,45.0,On time,Returning
106916,2026-05-27,12,Göteborg,Sushi,219.0,43.0,On time,Returning
105250,2026-05-04,18,Unknown,Sushi,263.0,24.0,On time,New
111012,2026-07-21,11,Malmö,Thai,192.0,43.0,On time,Returning
100231,2026-02-26,17,Göteborg,Pizza,264.0,29.0,On time,Returning
102237,2026-03-25,17,Malmö,Burgers,241.0,33.0,On time,New
100430,2026-02-28,14,Malmö,Burgers,249.0,47.0,Late,Returning
111278,2026-07-25,14,Stockholm,Indian,289.0,38.0,On time,Returning
105340,2026-05-05,12,Uppsala,Sushi,206.0,33.0,On time,Returning
108927,2026-06-23,21,Stockholm,Burgers,216.0,21.0,On time,Returning
101331,2026-03-13,17,Göteborg,Sushi,119.0,37.0,Unknown,New
108541,2026-06-17,12,Lund,Pizza,295.0,47.0,Late,New
108071,2026-06-11,17,Uppsala,Burgers,374.0,35.0,On time,Returning
101015,2026-03-08,19,Stockholm,Kebab,222.0,33.0,On time,Returning
112254,2026-08-07,20,Stockholm,Burgers,154.0,30.0,On time,New
110006,2026-07-08,12,Malmö,Thai,164.0,25.0,On time,Returning
101113,2026-03-09,21,Uppsala,Indian,310.0,28.0,On time,Returning
100804,2026-03-06,11,Göteborg,Pizza,279.0,44.0,On time,New
107390,2026-06-02,15,Malmö,Salad,307.0,35.0,On time,Returning
110713,2026-07-18,10,Göteborg,Salad,304.0,49.0,Late,Returning
108531,2026-06-17,18,Malmö,Pizza,272.0,30.0,On time,Returning
107409,2026-06-03,17,Göteborg,Kebab,251.0,43.0,On time,Returning
113468,2026-08-23,20,Stockholm,Sushi,315.0,44.0,On time,Returning
104475,2026-04-24,12,Stockholm,Thai,183.0,40.0,On time,New
111077,2026-07-22,13,Stockholm,Burgers,181.0,30.0,On time,New
110850,2026-07-19,12,Stockholm,Salad,244.0,51.0,Late,New
109754,2026-07-05,13,Stockholm,Salad,255.0,31.0,On time,Returning
111566,2026-07-29,17,Göteborg,Salad,285.0,24.0,On time,New
100754,2026-03-05,21,Stockholm,Thai,197.0,55.0,Late,Returning
105900,2026-05-13,11,Malmö,Sushi,199.0,38.0,On time,Returning
102574,2026-03-30,15,Göteborg,Pizza,296.0,35.0,On time,New
112904,2026-08-15,17,Lund,Burgers,288.0,29.0,On time,New
106652,2026-05-23,13,Malmö,Thai,238.0,24.0,On time,Returning
100743,2026-03-05,12,Göteborg,Pizza,280.0,39.0,On time,Returning
112730,2026-08-13,21,Malmö,Pizza,198.0,37.0,On time,Returning
113486,2026-08-23,11,Stockholm,Thai,125.0,43.0,On time,Returning
104117,2026-04-19,12,Stockholm,Pizza,256.0,42.0,On time,New
102245,2026-03-25,22,Lund,Pizza,288.0,39.0,On time,New
102260,2026-03-26,13,Göteborg,Salad,250.0,30.0,On time,Returning
106932,2026-05-27,11,Stockholm,Kebab,253.0,42.0,On time,Returning
100350,2026-02-27,11,Uppsala,Burgers,165.0,41.0,On time,Returning
108894,2026-06-22,12,Uppsala,Kebab,194.0,39.0,On time,Returning
102141,2026-03-24,11,Stockholm,Pizza,230.0,29.0,On time,New
100081,2026-02-24,18,Göteborg,Kebab,188.0,41.0,On time,New
110703,2026-07-17,11,Lund,Indian,263.0,33.0,On time,New
107442,2026-06-03,18,Stockholm,Vegan,218.0,32.0,On time,Returning
101057,2026-03-09,15,Göteborg,Pizza,207.0,33.0,On time,Returning
107188,2026-05-31,16,Göteborg,Pizza,294.0,46.0,Late,New
103091,2026-04-05,11,Malmö,Salad,351.0,33.0,On time,Returning
102363,2026-03-27,15,Stockholm,Indian,260.0,48.0,Late,Returning
104864,2026-04-30,19,Unknown,Sushi,287.0,37.0,On time,Returning
101054,2026-03-09,12,Göteborg,Pizza,178.0,36.0,On time,New
105734,2026-05-11,11,Göteborg,Indian,240.0,39.0,On time,Returning
112849,2026-08-15,19,Stockholm,Pizza,300.0,37.0,Unknown,New
104678,2026-04-27,12,Göteborg,Pizza,278.0,36.0,On time,Returning
100466,2026-03-01,12,Göteborg,Burgers,174.0,27.0,On time,Returning
112239,2026-08-07,14,Stockholm,Indian,282.0,35.0,On time,Returning
103634,2026-04-12,13,Uppsala,Indian,223.0,29.0,On time,New
100200,2026-02-25,13,Malmö,Salad,157.0,54.0,Late,New
109205,2026-06-27,19,Stockholm,Sushi,198.0,29.0,On time,Returning
103060,2026-04-05,10,Stockholm,Burgers,273.0,45.0,On time,Returning
112674,2026-08-12,16,Uppsala,Kebab,321.0,44.0,On time,Returning
112051,2026-08-04,19,Malmö,Burgers,231.0,44.0,On time,Returning
106723,2026-05-24,13,Stockholm,Pizza,202.0,32.0,On time,Returning
102524,2026-03-29,20,Stockholm,Burgers,314.0,21.0,On time,Returning
111790,2026-08-01,13,Göteborg,Sushi,273.0,44.0,On time,New
108647,2026-06-19,12,Stockholm,Sushi,333.0,28.0,On time,New
101847,2026-03-20,12,Stockholm,Kebab,220.0,60.0,Late,Returning
104492,2026-04-24,20,Malmö,Pizza,284.0,35.0,On time,New
100274,2026-02-26,11,Malmö,Thai,173.0,42.0,On time,Returning
111892,2026-08-02,19,Stockholm,Pizza,246.0,47.0,Late,Returning
104961,2026-05-01,13,Stockholm,Burgers,255.0,23.0,On time,Returning
103237,2026-04-07,21,Malmö,Kebab,239.0,29.0,On time,Returning
110578,2026-07-16,12,Göteborg,Burgers,233.0,40.0,On time,Returning
108098,2026-06-12,21,Stockholm,Thai,261.0,24.0,On time,Returning
111218,2026-07-24,17,Malmö,Thai,232.0,42.0,On time,New
111516,2026-07-28,21,Stockholm,Pizza,232.0,38.0,On time,Returning
113445,2026-08-23,17,Göteborg,Pizza,202.0,25.0,On time,New
106564,2026-05-22,19,Stockholm,Vegan,326.0,44.0,On time,Returning
113284,2026-08-20,21,Lund,Thai,266.0,36.0,On time,Returning
109768,2026-07-05,21,Stockholm,Salad,246.0,54.0,Late,New
108780,2026-06-21,17,Göteborg,Pizza,201.0,38.0,On time,New
110585,2026-07-16,19,Stockholm,Kebab,301.0,27.0,On time,New
111244,2026-07-25,12,Göteborg,Pizza,270.0,17.0,On time,New
108870,2026-06-22,18,Stockholm,Sushi,259.0,41.0,On time,New
100431,2026-02-28,14,Uppsala,Burgers,231.0,35.0,On time,Returning
107274,2026-06-01,19,Göteborg,Pizza,209.0,32.0,On time,Returning
103849,2026-04-15,9,Uppsala,Indian,159.0,40.0,On time,Returning
104611,2026-04-26,17,Stockholm,Kebab,290.0,35.0,On time,Returning
106815,2026-05-25,16,Malmö,Kebab,309.0,33.0,On time,Returning
100008,2026-02-23,19,Göteborg,Burgers,322.0,47.0,Late,Returning
109563,2026-07-02,19,Stockholm,Kebab,269.0,43.0,On time,Returning
110134,2026-07-10,18,Stockholm,Indian,224.0,37.0,Unknown,New
103852,2026-04-15,12,Uppsala,Sushi,171.0,21.0,On time,Returning
111677,2026-07-30,13,Malmö,Kebab,214.0,27.0,On time,Returning
101149,2026-03-10,11,Stockholm,Pizza,253.0,45.0,On time,Returning
105079,2026-05-02,14,Uppsala,Pizza,249.0,35.0,On time,Returning
106215,2026-05-17,14,Uppsala,Burgers,273.0,43.0,On time,Returning
110786,2026-07-18,13,Uppsala,Kebab,279.0,47.0,Late,Returning
111495,2026-07-28,10,Göteborg,Kebab,123.0,53.0,Late,Returning
107769,2026-06-07,21,Stockholm,Indian,293.0,45.0,On time,Returning
109315,2026-06-28,18,Uppsala,Thai,226.0,41.0,On time,Returning
103048,2026-04-05,23,Stockholm,Sushi,290.0,44.0,On time,Returning
109277,2026-06-28,12,Stockholm,Kebab,270.0,45.0,On time,New
110154,2026-07-10,10,Malmö,Pizza,241.0,52.0,Late,New
108775,2026-06-21,11,Göteborg,Indian,255.0,41.0,On time,New
103582,2026-04-12,11,Stockholm,Sushi,212.0,38.0,On time,New
104426,2026-04-23,12,Malmö,Kebab,319.0,35.0,On time,New
103055,2026-04-05,20,Stockholm,Kebab,242.0,23.0,On time,New
102652,2026-03-31,13,Göteborg,Burgers,340.0,15.0,On time,New
112505,2026-08-10,11,Göteborg,Pizza,255.0,29.0,On time,Returning
103137,2026-04-06,17,Stockholm,Burgers,325.0,45.0,On time,New
112251,2026-08-07,13,Stockholm,Pizza,262.0,38.0,On time,New
106519,2026-05-21,18,Lund,Indian,206.0,47.0,Late,Returning
101320,2026-03-12,18,Lund,Pizza,352.0,30.0,On time,Returning
107081,2026-05-29,11,Uppsala,Burgers,243.0,49.0,Late,Returning
111065,2026-07-22,12,Stockholm,Sushi,271.0,49.0,Late,Returning
102687,2026-03-31,17,Stockholm,Pizza,198.0,36.0,On time,New
103353,2026-04-09,21,Stockholm,Thai,212.0,40.0,On time,Returning
103095,2026-04-05,12,Malmö,Pizza,200.0,40.0,On time,New
107763,2026-06-07,11,Stockholm,Pizza,160.0,55.0,Late,Returning
106062,2026-05-16,11,Göteborg,Thai,291.0,30.0,On time,New
105091,2026-05-02,18,Lund,Pizza,226.0,31.0,On time,Returning
100522,2026-03-01,17,Uppsala,Burgers,148.0,41.0,On time,Returning
111536,2026-07-28,13,Stockholm,Indian,159.0,25.0,On time,Returning
108460,2026-06-16,12,Malmö,Pizza,180.0,27.0,On time,Returning
105986,2026-05-14,14,Uppsala,Pizza,321.0,41.0,On time,Returning
104927,2026-04-30,12,Uppsala,Burgers,188.0,29.0,On time,New
111202,2026-07-24,11,Stockholm,Kebab,213.0,30.0,On time,New
112666,2026-08-12,18,Malmö,Pizza,313.0,48.0,Late,New
107992,2026-06-10,20,Uppsala,Burgers,200.0,36.0,On time,Returning
108055,2026-06-11,18,Malmö,Vegan,293.0,31.0,On time,New
100561,2026-03-02,12,Stockholm,Thai,309.0,46.0,Late,Returning
109849,2026-07-06,12,Stockholm,Thai,405.0,42.0,On time,New
112903,2026-08-15,18,Lund,Sushi,243.0,45.0,On time,Returning
111400,2026-07-26,16,Malmö,Sushi,273.0,44.0,On time,Returning
106360,2026-05-19,15,Uppsala,Indian,273.0,25.0,On time,New
101349,2026-03-13,19,Stockholm,Burgers,232.0,35.0,On time,New
100605,2026-03-02,19,Lund,Pizza,236.0,34.0,On time,Returning
100461,2026-03-01,18,Göteborg,Salad,281.0,22.0,On time,Returning
106441,2026-05-20,20,Lund,Kebab,323.0,61.0,Late,Returning
110211,2026-07-11,21,Stockholm,Pizza,215.0,51.0,Late,Returning
102427,2026-03-28,20,Stockholm,Burgers,299.0,37.0,On time,New
109035,2026-06-25,11,Göteborg,Salad,269.0,39.0,On time,Returning
101690,2026-03-18,11,Göteborg,Kebab,281.0,37.0,On time,New
106624,2026-05-23,14,Unknown,Thai,216.0,35.0,On time,New
105203,2026-05-04,16,Göteborg,Vegan,251.0,33.0,On time,New
110870,2026-07-19,19,Malmö,Burgers,182.0,44.0,On time,New
109927,2026-07-07,13,Stockholm,Indian,239.0,27.0,On time,Returning
104894,2026-04-30,11,Stockholm,Indian,342.0,42.0,On time,Returning
102065,2026-03-23,19,Stockholm,Pizza,218.0,43.0,On time,New
101449,2026-03-14,12,Uppsala,Thai,255.0,43.0,On time,Returning
111098,2026-07-22,17,Uppsala,Pizza,251.0,33.0,On time,Returning
106829,2026-05-26,16,Göteborg,Sushi,267.0,45.0,On time,Returning
113053,2026-08-17,13,Uppsala,Sushi,147.0,29.0,On time,Returning
103834,2026-04-15,19,Stockholm,Thai,229.0,30.0,On time,New
104437,2026-04-23,18,Unknown,Kebab,350.0,34.0,On time,Returning
109219,2026-06-27,18,Stockholm,Burgers,213.0,46.0,Late,Returning
105587,2026-05-09,21,Stockholm,Sushi,231.0,49.0,Late,Returning
105634,2026-05-09,21,Lund,Vegan,284.0,37.0,On time,Returning
106469,2026-05-21,14,Stockholm,Kebab,324.0,44.0,On time,New
100852,2026-03-06,11,Malmö,Pizza,238.0,40.0,On time,New
100679,2026-03-03,19,Lund,Salad,297.0,50.0,Late,New
101351,2026-03-13,10,Stockholm,Indian,261.0,45.0,On time,Returning
100295,2026-02-27,17,Göteborg,Burgers,219.0,39.0,On time,New
105979,2026-05-14,11,Uppsala,Thai,228.0,67.0,Late,Returning
104727,2026-04-27,11,Lund,Sushi,327.0,50.0,Late,Returning
105600,2026-05-09,22,Stockholm,Burgers,295.0,33.0,On time,Returning
109042,2026-06-25,17,Stockholm,Kebab,261.0,34.0,On time,Returning
113306,2026-08-21,17,Stockholm,Burgers,186.0,33.0,On time,Returning
104449,2026-04-24,14,Göteborg,Pizza,207.0,36.0,On time,Returning
111436,2026-07-27,18,Göteborg,Burgers,283.0,39.0,On time,New
112644,2026-08-12,18,Stockholm,Pizza,294.0,36.0,On time,Returning
108546,2026-06-18,17,Göteborg,Burgers,305.0,22.0,On time,Returning
100647,2026-03-03,22,Stockholm,Pizza,277.0,19.0,On time,New
103658,2026-04-13,18,Göteborg,Burgers,249.0,41.0,On time,New
110798,2026-07-18,15,Lund,Burgers,245.0,37.0,On time,New
108791,2026-06-21,12,Stockholm,Pizza,247.0,24.0,On time,New
110117,2026-07-10,19,Göteborg,Burgers,284.0,38.0,On time,Returning
100217,2026-02-25,13,Lund,Pizza,223.0,50.0,Late,New
100136,2026-02-24,13,Uppsala,Thai,298.0,26.0,On time,Returning
100180,2026-02-25,13,Stockholm,Pizza,234.0,40.0,On time,Returning
101314,2026-03-12,11,Uppsala,Vegan,195.0,46.0,Late,Returning
104944,2026-05-01,16,Göteborg,Kebab,253.0,35.0,On time,New
104659,2026-04-26,20,Lund,Sushi,289.0,25.0,On time,Returning
108903,2026-06-22,16,Lund,Sushi,304.0,27.0,On time,Returning
101266,2026-03-12,17,Göteborg,Burgers,301.0,38.0,On time,Returning
112399,2026-08-09,13,Göteborg,Pizza,239.0,42.0,On time,Returning
102682,2026-03-31,10,Stockholm,Pizza,273.0,51.0,Late,New
111524,2026-07-28,12,Stockholm,Indian,157.0,31.0,On time,Returning
107635,2026-06-06,12,Göteborg,Salad,252.0,37.0,On time,New
111756,2026-07-31,17,Malmö,Indian,247.0,29.0,On time,Returning
111102,2026-07-22,17,Uppsala,Thai,244.0,43.0,On time,Returning
102191,2026-03-25,20,Göteborg,Thai,309.0,46.0,Late,New
102988,2026-04-04,15,Malmö,Thai,334.0,49.0,Late,New
113086,2026-08-18,13,Stockholm,Thai,174.0,41.0,On time,Returning
102992,2026-04-04,19,Malmö,Burgers,263.0,46.0,Late,Returning
112914,2026-08-16,12,Göteborg,Thai,277.0,40.0,On time,New
100519,2026-03-01,17,Uppsala,Thai,293.0,42.0,On time,New
104590,2026-04-25,14,Lund,Burgers,165.0,59.0,Late,New
109067,2026-06-25,14,Malmö,Indian,233.0,23.0,On time,Returning
104284,2026-04-21,20,Malmö,Pizza,270.0,28.0,On time,Returning
103443,2026-04-10,20,Stockholm,Sushi,295.0,37.0,On time,Returning
109031,2026-06-25,19,Göteborg,Pizza,234.0,37.0,On time,Returning
110848,2026-07-19,21,Unknown,Pizza,216.0,45.0,On time,Returning
112303,2026-08-08,12,Göteborg,Kebab,247.0,26.0,On time,Returning
101614,2026-03-16,12,Lund,Pizza,287.0,34.0,On time,New
109588,2026-07-02,18,Uppsala,Pizza,261.0,51.0,Late,New
102403,2026-03-28,13,Göteborg,Pizza,141.0,35.0,On time,Returning
111284,2026-07-25,12,Stockholm,Pizza,280.0,37.0,On time,Returning
104142,2026-04-19,21,Malmö,Indian,285.0,44.0,On time,New
106390,2026-05-20,15,Stockholm,Indian,199.0,34.0,On time,Returning
110234,2026-07-11,11,Uppsala,Thai,233.0,33.0,On time,Returning
109859,2026-07-06,18,Malmö,Pizza,225.0,47.0,Late,New
103026,2026-04-05,12,Göteborg,Sushi,310.0,44.0,On time,New
107235,2026-05-31,11,Stockholm,Sushi,217.0,39.0,On time,Returning
110948,2026-07-20,9,Uppsala,Sushi,329.0,47.0,Late,Returning
100991,2026-03-08,17,Stockholm,Sushi,229.0,28.0,On time,New
103205,2026-04-07,19,Stockholm,Pizza,246.0,31.0,On time,Returning
104497,2026-04-24,21,Malmö,Indian,191.0,33.0,On time,Returning
100066,2026-02-23,14,Uppsala,Pizza,291.0,48.0,Late,Returning
103051,2026-04-05,13,Stockholm,Thai,282.0,38.0,On time,Returning
108049,2026-06-11,16,Malmö,Vegan,89.0,34.0,On time,Returning
109196,2026-06-27,12,Stockholm,Pizza,236.0,37.0,On time,Returning
100215,2026-02-25,18,Uppsala,Pizza,290.0,44.0,On time,New
100435,2026-02-28,11,Uppsala,Pizza,243.0,38.0,On time,Returning
106322,2026-05-19,18,Stockholm,Indian,267.0,44.0,On time,Returning
101853,2026-03-20,17,Stockholm,Pizza,317.0,46.0,Late,Returning
105426,2026-05-07,10,Göteborg,Pizza,161.0,41.0,On time,New
113478,2026-08-23,18,Stockholm,Pizza,272.0,41.0,On time,Returning
106804,2026-05-25,19,Malmö,Burgers,299.0,42.0,On time,Returning
109554,2026-07-02,19,Stockholm,Burgers,352.0,20.0,On time,Returning
105420,2026-05-07,12,Göteborg,Pizza,230.0,43.0,On time,Returning
107912,2026-06-09,14,Malmö,Sushi,251.0,36.0,On time,Returning
102564,2026-03-29,13,Lund,Salad,340.0,49.0,Late,Returning
110544,2026-07-15,12,Malmö,Salad,228.0,40.0,On time,Returning
103143,2026-04-06,18,Stockholm,Indian,246.0,39.0,On time,New
100609,2026-03-03,20,Göteborg,Thai,185.0,27.0,On time,Returning
107574,2026-06-05,18,Stockholm,Sushi,202.0,38.0,On time,Returning
104587,2026-04-25,20,Lund,Pizza,323.0,50.0,Late,Returning
111175,2026-07-24,21,Göteborg,Salad,155.0,36.0,On time,Returning
110911,2026-07-20,18,Stockholm,Burgers,330.0,44.0,On time,Returning
108802,2026-06-21,10,Stockholm,Kebab,202.0,45.0,On time,Returning
105841,2026-05-12,18,Malmö,Pizza,300.0,37.0,On time,Returning
104826,2026-04-29,14,Stockholm,Thai,216.0,36.0,On time,New
105639,2026-05-09,22,Lund,Pizza,210.0,38.0,On time,Returning
113345,2026-08-21,9,Lund,Salad,228.0,39.0,On time,Returning
112220,2026-08-06,11,Lund,Pizza,316.0,48.0,Late,New
112168,2026-08-06,18,Stockholm,Thai,320.0,47.0,Late,Returning
101769,2026-03-19,11,Stockholm,Salad,211.0,30.0,On time,Returning
103363,2026-04-09,17,Stockholm,Sushi,293.0,45.0,On time,New
104802,2026-04-29,22,Göteborg,Sushi,285.0,43.0,On time,New
106885,2026-05-26,15,Malmö,Indian,293.0,32.0,On time,Returning
106468,2026-05-21,16,Stockholm,Pizza,325.0,38.0,On time,New
106177,2026-05-17,13,Stockholm,Pizza,223.0,36.0,On time,Returning
102885,2026-04-03,17,Stockholm,Salad,271.0,45.0,On time,New
107082,2026-05-29,13,Uppsala,Pizza,144.0,46.0,Late,New
101355,2026-03-13,12,Stockholm,Vegan,186.0,40.0,On time,New
107855,2026-06-08,21,Uppsala,Salad,243.0,53.0,Late,Returning
107523,2026-06-04,21,Stockholm,Kebab,294.0,23.0,On time,Returning
111875,2026-08-02,17,Göteborg,Thai,320.0,34.0,On time,Returning
111186,2026-07-24,17,Stockholm,Thai,224.0,45.0,On time,New
113490,2026-08-23,21,Stockholm,Vegan,254.0,29.0,On time,New
104382,2026-04-23,15,Göteborg,Pizza,194.0,61.0,Late,Returning
102112,2026-03-24,11,Göteborg,Burgers,321.0,35.0,On time,Returning
105895,2026-05-13,20,Malmö,Pizza,271.0,51.0,Late,Returning
102048,2026-03-23,9,Göteborg,Indian,235.0,20.0,On time,Returning
109546,2026-07-02,20,Göteborg,Indian,299.0,15.0,On time,Returning
106415,2026-05-20,13,Stockholm,Burgers,229.0,44.0,On time,Returning
103123,2026-04-06,12,Göteborg,Pizza,196.0,35.0,On time,Returning
103654,2026-04-13,11,Göteborg,Thai,295.0,36.0,On time,Returning
101917,2026-03-21,12,Stockholm,Vegan,298.0,34.0,On time,Returning
112340,2026-08-08,11,Stockholm,Burgers,306.0,43.0,On time,Returning
104217,2026-04-20,16,Malmö,Kebab,308.0,41.0,On time,Returning
108349,2026-06-15,12,Stockholm,Pizza,342.0,53.0,Late,Returning
101339,2026-03-13,18,Stockholm,Pizza,270.0,19.0,On time,New
100293,2026-02-27,19,Göteborg,Vegan,267.0,35.0,On time,Returning
109380,2026-06-29,12,Malmö,Sushi,110.0,45.0,On time,Returning
106636,2026-05-23,17,Stockholm,Indian,274.0,47.0,Late,New
104189,2026-04-20,10,Stockholm,Indian,286.0,52.0,Late,Returning
100183,2026-02-25,19,Stockholm,Sushi,304.0,15.0,On time,Returning
105497,2026-05-08,12,Stockholm,Burgers,298.0,18.0,On time,Returning
103670,2026-04-13,12,Göteborg,Burgers,167.0,43.0,On time,Returning
108085,2026-06-12,13,Göteborg,Pizza,181.0,30.0,On time,Returning
110989,2026-07-21,10,Stockholm,Burgers,222.0,31.0,On time,Returning
108930,2026-06-23,18,Stockholm,Burgers,269.0,15.0,On time,New
106847,2026-05-26,19,Stockholm,Burgers,236.0,27.0,On time,New
110590,2026-07-16,14,Stockholm,Burgers,249.0,37.0,On time,Returning
111668,2026-07-30,14,Stockholm,Pizza,369.0,46.0,Late,Returning
109838,2026-07-06,13,Stockholm,Thai,163.0,40.0,On time,New
102146,2026-03-24,17,Stockholm,Pizza,219.0,41.0,On time,New
111828,2026-08-01,11,Malmö,Sushi,338.0,48.0,Late,New
113522,2026-08-23,17,Lund,Vegan,356.0,41.0,On time,Returning
111491,2026-07-27,18,Lund,Thai,196.0,53.0,Late,Returning
100334,2026-02-27,9,Stockholm,Pizza,223.0,32.0,On time,New
105724,2026-05-10,10,Uppsala,Burgers,235.0,23.0,On time,Returning
108619,2026-06-19,13,Göteborg,Vegan,213.0,38.0,On time,New
111895,2026-08-02,21,Stockholm,Pizza,288.0,42.0,On time,New
109325,2026-06-29,20,Göteborg,Sushi,213.0,30.0,On time,New
102102,2026-03-23,12,Uppsala,Sushi,269.0,45.0,On time,Returning
110308,2026-07-12,15,Stockholm,Kebab,233.0,41.0,On time,New
100362,2026-02-27,18,Lund,Pizza,294.0,31.0,On time,Returning
112085,2026-08-05,12,Göteborg,Salad,188.0,49.0,Late,Returning
113483,2026-08-23,11,Stockholm,Pizza,279.0,32.0,On time,Returning
107512,2026-06-04,19,Stockholm,Kebab,210.0,28.0,On time,Returning
100771,2026-03-05,19,Stockholm,Thai,175.0,49.0,Late,New
111553,2026-07-28,17,Uppsala,Thai,259.0,23.0,On time,New
100144,2026-02-24,14,Lund,Thai,267.0,32.0,On time,Returning
105855,2026-05-13,12,Göteborg,Burgers,211.0,46.0,Late,New
110603,2026-07-16,20,Stockholm,Burgers,296.0,47.0,Late,New
110059,2026-07-09,18,Stockholm,Salad,293.0,48.0,Late,Returning
101753,2026-03-19,15,Göteborg,Kebab,327.0,29.0,On time,Returning
102158,2026-03-24,12,Stockholm,Pizza,323.0,29.0,On time,New
107533,2026-06-04,12,Malmö,Pizza,209.0,44.0,On time,New
111051,2026-07-22,15,Stockholm,Pizza,273.0,39.0,On time,Returning
113078,2026-08-18,13,Göteborg,Pizza,203.0,41.0,On time,Returning
112792,2026-08-14,21,Stockholm,Burgers,287.0,54.0,Late,Returning
111265,2026-07-25,12,Stockholm,Vegan,247.0,27.0,On time,Returning
112169,2026-08-06,19,Stockholm,Sushi,125.0,39.0,On time,Returning
101366,2026-03-13,21,Malmö,Pizza,162.0,41.0,On time,New
103776,2026-04-14,23,Malmö,Thai,259.0,38.0,On time,Returning
107649,2026-06-06,13,Stockholm,Pizza,261.0,39.0,On time,Returning
104405,2026-04-23,18,Stockholm,Pizza,335.0,38.0,On time,Returning
100411,2026-02-28,19,Stockholm,Pizza,319.0,31.0,On time,Returning
101939,2026-03-21,10,Malmö,Salad,296.0,58.0,Late,Returning
111307,2026-07-25,12,Stockholm,Pizza,277.0,36.0,On time,New
109624,2026-07-03,20,Stockholm,Kebab,247.0,60.0,Late,Returning
107848,2026-06-08,17,Malmö,Kebab,306.0,29.0,On time,Returning
102266,2026-03-26,14,Göteborg,Burgers,235.0,26.0,On time,New
105911,2026-05-13,11,Uppsala,Pizza,311.0,18.0,On time,New
111811,2026-08-01,14,Stockholm,Burgers,258.0,37.0,Unknown,New
106807,2026-05-25,10,Unknown,Indian,266.0,20.0,On time,Returning
101519,2026-03-15,11,Malmö,Thai,277.0,37.0,Unknown,Returning
108345,2026-06-15,17,Stockholm,Kebab,166.0,23.0,On time,Returning
111127,2026-07-23,15,Stockholm,Burgers,333.0,37.0,On time,New
111466,2026-07-27,13,Stockholm,Pizza,294.0,51.0,Late,Returning
103503,2026-04-11,11,Stockholm,Pizza,239.0,59.0,Late,New
108494,2026-06-17,11,Stockholm,Pizza,213.0,35.0,On time,New
104012,2026-04-18,19,Stockholm,Pizza,323.0,56.0,Late,Returning
107154,2026-05-30,13,Malmö,Sushi,337.0,43.0,On time,New
105089,2026-05-02,12,Lund,Sushi,145.0,31.0,On time,Returning
106250,2026-05-18,14,Göteborg,Kebab,233.0,24.0,On time,Returning
110864,2026-07-19,13,Malmö,Salad,279.0,50.0,Late,New
110268,2026-07-12,19,Göteborg,Pizza,315.0,33.0,On time,New
105267,2026-05-04,23,Malmö,Thai,154.0,30.0,On time,Returning
111465,2026-07-27,11,Stockholm,Burgers,303.0,36.0,On time,New
100847,2026-03-06,12,Stockholm,Kebab,272.0,42.0,On time,Returning
100051,2026-02-23,15,Malmö,Indian,321.0,52.0,Late,New
102239,2026-03-25,21,Uppsala,Pizza,260.0,45.0,On time,Returning
106606,2026-05-23,14,Göteborg,Indian,251.0,34.0,On time,Returning
110083,2026-07-09,19,Malmö,Kebab,296.0,31.0,On time,Returning
107801,2026-06-07,10,Lund,Kebab,257.0,25.0,On time,Returning
106421,2026-05-20,11,Malmö,Pizza,149.0,26.0,On time,New
106968,2026-05-27,10,Uppsala,Sushi,257.0,34.0,On time,New
112318,2026-08-08,14,Stockholm,Burgers,252.0,37.0,On time,Returning
101079,2026-03-09,13,Stockholm,Burgers,430.0,48.0,Late,Returning
108501,2026-06-17,12,Stockholm,Sushi,311.0,34.0,On time,Returning
104817,2026-04-29,13,Stockholm,Pizza,293.0,59.0,Late,Returning
102342,2026-03-27,21,Göteborg,Thai,253.0,54.0,Late,Returning
104909,2026-04-30,20,Malmö,Indian,244.0,57.0,Late,Returning
112641,2026-08-12,20,Stockholm,Pizza,333.0,32.0,On time,New
104932,2026-04-30,10,Lund,Burgers,297.0,41.0,On time,Returning
102934,2026-04-04,11,Göteborg,Burgers,283.0,18.0,On time,New
100718,2026-03-04,19,Stockholm,Kebab,198.0,34.0,On time,Returning
101580,2026-03-16,11,Stockholm,Pizza,248.0,45.0,On time,Returning
113061,2026-08-17,12,Lund,Kebab,269.0,43.0,On time,Returning
107567,2026-06-05,10,Göteborg,Pizza,264.0,25.0,On time,New
100880,2026-03-07,20,Göteborg,Pizza,279.0,41.0,On time,New
110368,2026-07-13,10,Stockholm,Pizza,237.0,35.0,On time,New
105072,2026-05-02,22,Malmö,Burgers,226.0,33.0,On time,Returning
104014,2026-04-18,14,Stockholm,Thai,324.0,38.0,On time,New
101249,2026-03-11,12,Lund,Sushi,298.0,42.0,On time,Returning
104592,2026-04-26,21,Göteborg,Sushi,228.0,56.0,Late,Returning
107305,2026-06-01,12,Stockholm,Kebab,255.0,34.0,On time,Returning
101605,2026-03-16,20,Uppsala,Burgers,170.0,46.0,Late,Returning
112717,2026-08-13,11,Stockholm,Vegan,167.0,38.0,On time,New
110171,2026-07-11,20,Göteborg,Sushi,195.0,48.0,Late,New
107583,2026-06-05,19,Stockholm,Indian,286.0,48.0,Late,New
101950,2026-03-21,18,Unknown,Indian,286.0,28.0,On time,Returning
100509,2026-03-01,20,Malmö,Pizza,316.0,54.0,Late,New
102425,2026-03-28,23,Stockholm,Burgers,225.0,40.0,On time,New
106802,2026-05-25,18,Malmö,Thai,255.0,34.0,On time,Returning
108081,2026-06-12,15,Göteborg,Sushi,153.0,57.0,Late,New
108496,2026-06-17,14,Stockholm,Sushi,313.0,38.0,On time,Returning
110632,2026-07-16,11,Uppsala,Indian,235.0,42.0,On time,Returning
111914,2026-08-02,17,Malmö,Burgers,207.0,47.0,Late,Returning
111751,2026-07-31,19,Malmö,Sushi,230.0,35.0,On time,New
109650,2026-07-03,17,Malmö,Vegan,276.0,29.0,On time,Returning
103525,2026-04-11,15,Malmö,Pizza,338.0,42.0,On time,Returning
103874,2026-04-16,15,Göteborg,Thai,219.0,40.0,On time,New
104184,2026-04-20,18,Göteborg,Sushi,253.0,36.0,On time,Returning
110708,2026-07-18,12,Göteborg,Burgers,287.0,29.0,On time,New
111170,2026-07-24,13,Göteborg,Thai,270.0,49.0,Late,New
109638,2026-07-03,13,Stockholm,Thai,238.0,30.0,On time,New
111981,2026-08-03,19,Stockholm,Burgers,276.0,43.0,On time,New
103106,2026-04-05,12,Uppsala,Kebab,134.0,47.0,Late,Returning
103642,2026-04-12,19,Lund,Burgers,204.0,41.0,On time,New
109960,2026-07-08,19,Göteborg,Thai,183.0,41.0,On time,New
111585,2026-07-29,13,Stockholm,Kebab,247.0,50.0,Late,Returning
102072,2026-03-23,13,Stockholm,Kebab,186.0,23.0,On time,Returning
110966,2026-07-21,20,Göteborg,Indian,249.0,30.0,On time,Returning
102936,2026-04-04,11,Göteborg,Burgers,238.0,32.0,On time,Returning
100838,2026-03-06,19,Stockholm,Kebab,252.0,41.0,On time,Returning
110693,2026-07-17,20,Malmö,Pizza,262.0,42.0,On time,Returning
102628,2026-03-30,11,Malmö,Sushi,245.0,48.0,Late,New
105441,2026-05-07,13,Stockholm,Indian,98.0,33.0,On time,New
101692,2026-03-18,19,Göteborg,Pizza,385.0,44.0,On time,New
106403,2026-05-20,11,Stockholm,Sushi,317.0,250.0,Unknown,Returning
103546,2026-04-11,13,Uppsala,Burgers,261.0,37.0,On time,New
109655,2026-07-03,19,Uppsala,Indian,308.0,33.0,On time,Returning
111819,2026-08-01,17,Stockholm,Pizza,247.0,35.0,On time,Returning
100037,2026-02-23,14,Stockholm,Kebab,347.0,47.0,Late,New
109701,2026-07-04,12,Stockholm,Kebab,134.0,28.0,On time,Returning
110344,2026-07-12,11,Lund,Sushi,236.0,39.0,On time,Returning
110771,2026-07-18,10,Malmö,Pizza,255.0,43.0,On time,Returning
104766,2026-04-28,13,Stockholm,Thai,197.0,33.0,On time,Returning
105069,2026-05-02,23,Malmö,Burgers,279.0,39.0,On time,New
106821,2026-05-25,19,Uppsala,Kebab,259.0,48.0,Late,Returning
109182,2026-06-27,11,Göteborg,Vegan,338.0,28.0,On time,New
109607,2026-07-03,19,Göteborg,Burgers,270.0,50.0,Late,Returning
106020,2026-05-15,19,Stockholm,Burgers,240.0,18.0,On time,Returning
105196,2026-05-03,13,Lund,Vegan,238.0,29.0,On time,Returning
109283,2026-06-28,14,Stockholm,Pizza,224.0,34.0,On time,Returning
104545,2026-04-25,20,Stockholm,Indian,276.0,33.0,On time,Returning
105198,2026-05-03,12,Lund,Burgers,318.0,32.0,On time,Returning
110608,2026-07-16,12,Stockholm,Vegan,253.0,35.0,On time,New
106321,2026-05-19,12,Göteborg,Kebab,271.0,40.0,On time,Returning
100907,2026-03-07,18,Stockholm,Sushi,223.0,35.0,On time,New
105914,2026-05-13,23,Lund,Thai,326.0,43.0,On time,New
102032,2026-03-22,20,Uppsala,Pizza,316.0,33.0,On time,New
111462,2026-07-27,18,Stockholm,Pizza,253.0,41.0,On time,Returning
112142,2026-08-05,20,Lund,Pizza,247.0,26.0,On time,Returning
102494,2026-03-29,17,Göteborg,Sushi,304.0,37.0,On time,New
109183,2026-06-27,9,Göteborg,Pizza,268.0,39.0,On time,Returning
107948,2026-06-10,14,Göteborg,Sushi,237.0,48.0,Late,Returning
105846,2026-05-12,20,Uppsala,Kebab,355.0,48.0,Late,Returning
107970,2026-06-10,19,Stockholm,Sushi,278.0,46.0,Late,Returning
105093,2026-05-03,9,Göteborg,Sushi,210.0,32.0,On time,Returning
100071,2026-02-23,12,Uppsala,Sushi,304.0,37.0,On time,Returning
108024,2026-06-11,11,Stockholm,Pizza,111.0,43.0,On time,New
110540,2026-07-15,18,Malmö,Burgers,251.0,37.0,On time,New
109114,2026-06-26,11,Stockholm,Kebab,275.0,31.0,On time,Returning
111570,2026-07-29,20,Unknown,Burgers,202.0,49.0,Late,New
112569,2026-08-11,11,Göteborg,Burgers,253.0,27.0,On time,Returning
107026,2026-05-28,20,Uppsala,Pizza,274.0,30.0,On time,New
106458,2026-05-21,17,Göteborg,Vegan,315.0,45.0,On time,Returning
103708,2026-04-13,11,Malmö,Kebab,203.0,37.0,On time,New
108519,2026-06-17,11,Stockholm,Pizza,181.0,33.0,On time,Returning
113109,2026-08-18,11,Stockholm,Indian,246.0,23.0,On time,New
102273,2026-03-26,12,Stockholm,Burgers,313.0,26.0,On time,New
104131,2026-04-19,12,Stockholm,Pizza,214.0,34.0,On time,New
113404,2026-08-22,11,Malmö,Thai,256.0,37.0,On time,Returning
104881,2026-04-30,18,Stockholm,Thai,180.0,47.0,Late,New
109156,2026-06-27,12,Göteborg,Pizza,280.0,48.0,Late,Returning
101379,2026-03-13,19,Lund,Pizza,178.0,26.0,On time,Returning
104684,2026-04-27,12,Göteborg,Indian,309.0,48.0,Late,Returning
110111,2026-07-10,12,Göteborg,Burgers,359.0,23.0,On time,Returning
102586,2026-03-30,13,Göteborg,Sushi,223.0,40.0,On time,New
102205,2026-03-25,16,Göteborg,Vegan,312.0,29.0,On time,Returning
102821,2026-04-02,20,Stockholm,Vegan,190.0,35.0,On time,New
100575,2026-03-02,16,Stockholm,Kebab,310.0,28.0,On time,New
100298,2026-02-27,18,Göteborg,Pizza,248.0,38.0,On time,Returning
109610,2026-07-03,14,Göteborg,Indian,282.0,35.0,On time,Returning
113153,2026-08-19,19,Stockholm,Kebab,245.0,34.0,On time,New
104675,2026-04-27,20,Göteborg,Burgers,248.0,31.0,On time,New
110663,2026-07-17,21,Stockholm,Thai,296.0,47.0,Late,Returning
102233,2026-03-25,18,Malmö,Pizza,200.0,39.0,On time,New
106294,2026-05-18,13,Malmö,Kebab,275.0,58.0,Late,New
110091,2026-07-09,19,Malmö,Pizza,195.0,30.0,On time,Returning
100766,2026-03-05,9,Stockholm,Burgers,228.0,35.0,On time,Returning
109822,2026-07-05,13,Lund,Kebab,180.0,47.0,Late,New
105549,2026-05-08,17,Lund,Kebab,280.0,30.0,On time,Returning
111344,2026-07-26,16,Göteborg,Sushi,250.0,39.0,On time,New
106050,2026-05-15,16,Lund,Kebab,248.0,15.0,On time,New
100031,2026-02-23,12,Stockholm,Vegan,334.0,17.0,On time,New
106637,2026-05-23,19,Stockholm,Pizza,209.0,44.0,On time,Returning
113276,2026-08-20,20,Uppsala,Burgers,214.0,32.0,On time,New
100695,2026-03-04,11,Göteborg,Pizza,299.0,25.0,On time,New
110076,2026-07-09,11,Stockholm,Thai,319.0,59.0,Late,Returning
104162,2026-04-19,12,Lund,Pizza,317.0,29.0,On time,Returning
108908,2026-06-23,19,Göteborg,Indian,258.0,47.0,Late,Returning
102153,2026-03-24,18,Stockholm,Burgers,188.0,42.0,On time,Returning
105111,2026-05-03,15,Unknown,Vegan,217.0,34.0,On time,Returning
106680,2026-05-24,12,Göteborg,Indian,268.0,35.0,On time,Returning
101725,2026-03-18,19,Malmö,Kebab,182.0,27.0,On time,Returning
105716,2026-05-10,20,Uppsala,Kebab,247.0,38.0,On time,New
106448,2026-05-21,9,Göteborg,Indian,278.0,50.0,Late,Returning
109487,2026-07-01,12,Stockholm,Indian,209.0,21.0,On time,New
109465,2026-07-01,15,Göteborg,Burgers,275.0,29.0,On time,Returning
104442,2026-04-24,13,Göteborg,Pizza,322.0,63.0,Late,Returning
100650,2026-03-03,20,Malmö,Pizza,298.0,23.0,On time,Returning
100094,2026-02-24,11,Göteborg,Kebab,361.0,46.0,Late,New
101720,2026-03-18,21,Stockholm,Pizza,186.0,22.0,On time,Returning
104913,2026-04-30,20,Malmö,Sushi,276.0,31.0,On time,Returning
104670,2026-04-27,19,Göteborg,Salad,172.0,32.0,On time,New
110096,2026-07-09,20,Uppsala,Sushi,285.0,28.0,On time,Returning
103829,2026-04-15,11,Stockholm,Pizza,274.0,20.0,On time,New
103743,2026-04-14,18,Stockholm,Burgers,267.0,21.0,On time,New
102752,2026-04-01,20,Stockholm,Burgers,203.0,46.0,Late,New
108528,2026-06-17,18,Malmö,Pizza,340.0,26.0,On time,Returning
106494,2026-05-21,22,Stockholm,Thai,204.0,44.0,On time,Returning
102488,2026-03-29,10,Göteborg,Thai,281.0,54.0,Late,New
101033,2026-03-08,9,Malmö,Burgers,206.0,25.0,On time,Returning
107389,2026-06-02,11,Malmö,Pizza,252.0,42.0,On time,New
111305,2026-07-25,12,Stockholm,Burgers,214.0,31.0,On time,Returning
113489,2026-08-23,17,Stockholm,Kebab,313.0,35.0,On time,Returning
111800,2026-08-01,15,Stockholm,Thai,360.0,53.0,Late,New
105328,2026-05-05,20,Malmö,Salad,305.0,30.0,On time,Returning
103908,2026-04-16,18,Malmö,Indian,312.0,25.0,On time,Returning
111374,2026-07-26,10,Stockholm,Salad,180.0,44.0,On time,New
101158,2026-03-10,17,Stockholm,Sushi,240.0,32.0,On time,Returning
112911,2026-08-15,17,Lund,Thai,231.0,66.0,Late,Returning
102864,2026-04-03,11,Göteborg,Burgers,247.0,33.0,On time,New
105659,2026-05-10,11,Göteborg,Kebab,212.0,39.0,On time,Returning
105260,2026-05-04,19,Malmö,Salad,259.0,19.0,On time,New
108627,2026-06-19,12,Stockholm,Thai,295.0,47.0,Late,Returning
103264,2026-04-08,12,Göteborg,Pizza,262.0,42.0,On time,Returning
100276,2026-02-26,21,Uppsala,Kebab,228.0,43.0,On time,Returning
111631,2026-07-30,20,Göteborg,Indian,190.0,31.0,On time,New
102947,2026-04-04,15,Stockholm,Burgers,425.0,20.0,On time,New
111440,2026-07-27,20,Unknown,Pizza,240.0,35.0,On time,Returning
100526,2026-03-01,12,Lund,Pizza,179.0,31.0,On time,Returning
112462,2026-08-09,18,Malmö,Thai,333.0,40.0,On time,New
110149,2026-07-10,13,Malmö,Kebab,232.0,27.0,On time,Returning
102050,2026-03-23,12,Göteborg,Salad,283.0,32.0,On time,New
102467,2026-03-28,18,Uppsala,Pizza,166.0,43.0,On time,Returning
111844,2026-08-01,12,Uppsala,Indian,283.0,35.0,On time,Returning
113071,2026-08-18,17,Göteborg,Burgers,294.0,32.0,On time,New
109747,2026-07-05,12,Göteborg,Pizza,273.0,56.0,Late,New
113331,2026-08-21,17,Malmö,Pizza,181.0,37.0,On time,Returning
108991,2026-06-24,11,Stockholm,Indian,291.0,34.0,On time,New
102905,2026-04-03,12,Stockholm,Vegan,305.0,46.0,Late,New
110065,2026-07-09,15,Stockholm,Pizza,238.0,41.0,On time,Returning
104591,2026-04-26,18,Göteborg,Kebab,285.0,37.0,Unknown,New
101904,2026-03-21,14,Stockholm,Pizza,249.0,43.0,On time,New
106845,2026-05-26,21,Göteborg,Sushi,148.0,54.0,Late,Returning
101343,2026-03-13,11,Stockholm,Pizza,195.0,44.0,On time,Returning
109085,2026-06-25,9,Lund,Pizza,178.0,38.0,On time,New
110214,2026-07-11,18,Stockholm,Kebab,277.0,29.0,On time,Returning
100146,2026-02-25,18,Göteborg,Sushi,262.0,74.0,Late,Returning
100817,2026-03-06,16,Göteborg,Sushi,352.0,41.0,On time,Returning
103027,2026-04-05,13,Göteborg,Thai,155.0,42.0,On time,Returning
104337,2026-04-22,13,Stockholm,Indian,209.0,43.0,On time,Returning
103408,2026-04-10,19,Göteborg,Burgers,334.0,27.0,On time,New
109506,2026-07-01,17,Stockholm,Burgers,253.0,45.0,On time,Returning
100133,2026-02-24,15,Malmö,Kebab,270.0,51.0,Late,Returning
106380,2026-05-20,23,Göteborg,Pizza,255.0,43.0,On time,Returning
110604,2026-07-16,17,Stockholm,Burgers,117.0,40.0,On time,Returning
109003,2026-06-24,20,Stockholm,Pizza,296.0,45.0,On time,Returning
112811,2026-08-14,20,Uppsala,Pizza,185.0,41.0,On time,New
104348,2026-04-22,17,Stockholm,Thai,275.0,53.0,Late,New
106061,2026-05-16,12,Göteborg,Kebab,294.0,44.0,On time,New
112476,2026-08-09,11,Uppsala,Salad,303.0,36.0,On time,New
100757,2026-03-05,13,Stockholm,Kebab,335.0,20.0,On time,New
100663,2026-03-03,18,Malmö,Sushi,321.0,15.0,On time,Returning
107737,2026-06-07,20,Göteborg,Burgers,227.0,31.0,On time,Returning
108194,2026-06-13,17,Stockholm,Burgers,330.0,51.0,Late,Returning
102253,2026-03-26,13,Göteborg,Kebab,262.0,46.0,Late,Returning
109456,2026-06-30,12,Uppsala,Pizza,226.0,43.0,On time,Returning
105647,2026-05-10,12,Göteborg,Thai,164.0,28.0,On time,Returning
100015,2026-02-23,15,Göteborg,Burgers,323.0,42.0,On time,Returning
110363,2026-07-13,9,Stockholm,Kebab,215.0,55.0,Late,New
104042,2026-04-18,20,Malmö,Burgers,172.0,30.0,On time,New
106346,2026-05-19,12,Malmö,Vegan,221.0,54.0,Late,Returning
112509,2026-08-10,15,Stockholm,Burgers,342.0,36.0,On time,Returning
112405,2026-08-09,10,Göteborg,Kebab,297.0,21.0,On time,Returning
100233,2026-02-26,18,Göteborg,Thai,249.0,46.0,Late,Returning
109444,2026-06-30,16,Malmö,Sushi,290.0,42.0,On time,Returning
112998,2026-08-17,18,Göteborg,Indian,275.0,32.0,On time,Returning
110546,2026-07-15,9,Malmö,Thai,155.0,30.0,On time,New
108615,2026-06-19,16,Göteborg,Thai,357.0,33.0,On time,Returning
112339,2026-08-08,17,Stockholm,Sushi,236.0,53.0,Late,New
103906,2026-04-16,12,Malmö,Sushi,282.0,31.0,On time,Returning
111589,2026-07-29,19,Stockholm,Burgers,246.0,31.0,On time,Returning
107122,2026-05-30,17,Stockholm,Kebab,165.0,42.0,On time,Returning
111293,2026-07-25,12,Stockholm,Thai,200.0,53.0,Late,Returning
113005,2026-08-17,17,Göteborg,Thai,369.0,23.0,On time,Returning
105527,2026-05-08,18,Malmö,Pizza,326.0,30.0,On time,New
108214,2026-06-13,9,Uppsala,Pizza,302.0,38.0,On time,Returning
107383,2026-06-02,17,Malmö,Kebab,256.0,42.0,On time,Returning
103230,2026-04-07,17,Malmö,Indian,271.0,39.0,On time,Returning
105009,2026-05-01,20,Lund,Salad,182.0,39.0,On time,New
101608,2026-03-16,13,Uppsala,Burgers,177.0,67.0,Late,New
100261,2026-02-26,17,Stockholm,Indian,269.0,50.0,Late,Returning
102613,2026-03-30,11,Stockholm,Burgers,165.0,46.0,Late,Returning
104183,2026-04-20,12,Göteborg,Burgers,206.0,45.0,On time,Returning
105490,2026-05-08,11,Göteborg,Pizza,325.0,30.0,On time,Returning
105787,2026-05-11,15,Malmö,Burgers,225.0,39.0,On time,Returning
112787,2026-08-14,13,Stockholm,Salad,301.0,42.0,On time,New
104673,2026-04-27,14,Göteborg,Sushi,247.0,42.0,On time,Returning
111777,2026-08-01,17,Göteborg,Kebab,309.0,17.0,On time,New
108865,2026-06-22,20,Stockholm,Pizza,211.0,48.0,Late,New
104967,2026-05-01,18,Stockholm,Sushi,246.0,38.0,On time,Returning
103530,2026-04-11,9,Malmö,Burgers,262.0,28.0,On time,New
100060,2026-02-23,22,Malmö,Burgers,295.0,37.0,Unknown,New
111721,2026-07-31,20,Göteborg,Kebab,342.0,24.0,On time,New
108144,2026-06-13,14,Göteborg,Kebab,375.0,50.0,Late,Returning
111327,2026-07-25,18,Uppsala,Kebab,100.0,50.0,Late,Returning
110959,2026-07-21,21,Göteborg,Sushi,251.0,37.0,On time,Returning
100788,2026-03-05,16,Uppsala,Indian,245.0,49.0,Late,Returning
101111,2026-03-09,12,Malmö,Pizza,193.0,37.0,On time,New
106163,2026-05-17,12,Stockholm,Thai,320.0,30.0,On time,Returning
110115,2026-07-10,18,Göteborg,Thai,110.0,33.0,On time,New
110734,2026-07-18,19,Stockholm,Burgers,362.0,34.0,On time,New
111702,2026-07-31,12,Göteborg,Vegan,202.0,49.0,Late,Returning
104653,2026-04-26,19,Uppsala,Pizza,221.0,30.0,On time,Returning
107028,2026-05-28,19,Lund,Burgers,355.0,35.0,On time,New
113469,2026-08-23,12,Stockholm,Indian,245.0,31.0,On time,New
103765,2026-04-14,14,Stockholm,Thai,244.0,43.0,On time,Returning
109953,2026-07-07,22,Lund,Sushi,358.0,48.0,Late,Returning
102782,2026-04-01,12,Uppsala,Pizza,231.0,27.0,On time,New
101936,2026-03-21,20,Malmö,Burgers,368.0,32.0,On time,Returning
108563,2026-06-18,12,Stockholm,Burgers,338.0,37.0,On time,New
108840,2026-06-21,12,Lund,Burgers,164.0,31.0,On time,New
107178,2026-05-30,11,Lund,Thai,302.0,39.0,On time,Returning
100681,2026-03-04,13,Göteborg,Burgers,251.0,32.0,On time,Returning
104762,2026-04-28,12,Stockholm,Kebab,225.0,33.0,On time,New
108051,2026-06-11,11,Malmö,Kebab,218.0,31.0,On time,Returning
101552,2026-03-16,14,Göteborg,Vegan,229.0,28.0,On time,Returning
105513,2026-05-08,16,Stockholm,Vegan,258.0,67.0,Late,Returning
113024,2026-08-17,9,Stockholm,Sushi,291.0,49.0,Late,New
106370,2026-05-20,16,Göteborg,Pizza,246.0,35.0,On time,Returning
112006,2026-08-04,10,Göteborg,Thai,309.0,59.0,Late,Returning
105946,2026-05-14,14,Stockholm,Thai,137.0,19.0,On time,Returning
110440,2026-07-14,15,Stockholm,Burgers,232.0,24.0,On time,Returning
103933,2026-04-17,14,Göteborg,Pizza,213.0,38.0,On time,Returning
100969,2026-03-08,15,Göteborg,Burgers,166.0,35.0,On time,New
102281,2026-03-26,9,Stockholm,Pizza,174.0,46.0,Late,Returning
107882,2026-06-09,14,Stockholm,Salad,290.0,43.0,On time,Returning
109713,2026-07-04,13,Malmö,Thai,302.0,36.0,On time,Returning
110110,2026-07-10,19,Göteborg,Kebab,183.0,44.0,On time,Returning
100592,2026-03-02,11,Unknown,Thai,327.0,36.0,On time,Returning
108657,2026-06-19,19,Stockholm,Sushi,213.0,43.0,On time,New
108292,2026-06-14,18,Malmö,Thai,262.0,32.0,On time,New
101138,2026-03-10,12,Göteborg,Indian,253.0,16.0,On time,Returning
110982,2026-07-21,13,Stockholm,Burgers,243.0,43.0,On time,Returning
103244,2026-04-07,19,Unknown,Sushi,201.0,51.0,Late,New
108087,2026-06-12,17,Göteborg,Pizza,259.0,55.0,Late,Returning
100027,2026-02-23,9,Stockholm,Thai,339.0,46.0,Late,Returning
108512,2026-06-17,16,Stockholm,Kebab,222.0,24.0,On time,Returning
113339,2026-08-21,11,Uppsala,Burgers,315.0,54.0,Late,New
110633,2026-07-16,12,Uppsala,Pizza,286.0,37.0,On time,Returning
101724,2026-03-18,13,Malmö,Kebab,190.0,43.0,On time,Returning
100955,2026-03-07,13,Lund,Salad,163.0,43.0,On time,Returning
103313,2026-04-08,14,Uppsala,Sushi,197.0,44.0,On time,Returning
106041,2026-05-15,11,Malmö,Pizza,291.0,42.0,On time,Returning
110348,2026-07-13,20,Göteborg,Salad,310.0,25.0,On time,New
106618,2026-05-23,22,Göteborg,Burgers,270.0,33.0,On time,Returning
106580,2026-05-22,10,Malmö,Sushi,109.0,49.0,Late,Returning
106226,2026-05-17,14,Lund,Pizza,320.0,29.0,On time,Returning
107194,2026-05-31,16,Göteborg,Thai,254.0,26.0,On time,Returning
106160,2026-05-17,15,Göteborg,Pizza,272.0,39.0,On time,Returning
110727,2026-07-18,21,Göteborg,Thai,266.0,49.0,Late,Returning
112345,2026-08-08,23,Stockholm,Burgers,237.0,57.0,Late,Returning
112108,2026-08-05,17,Stockholm,Pizza,256.0,44.0,On time,Returning
100343,2026-02-27,14,Malmö,Vegan,223.0,52.0,Late,Returning
106169,2026-05-17,18,Stockholm,Pizza,292.0,40.0,On time,Returning
111767,2026-07-31,19,Lund,Pizza,143.0,43.0,On time,New
101879,2026-03-21,12,Göteborg,Sushi,319.0,29.0,On time,New
113460,2026-08-23,18,Stockholm,Burgers,195.0,42.0,On time,Returning
104685,2026-04-27,18,Göteborg,Kebab,155.0,48.0,Late,New
105150,2026-05-03,11,Stockholm,Vegan,143.0,40.0,On time,Returning
106107,2026-05-16,20,Malmö,Burgers,231.0,38.0,On time,Returning
110419,2026-07-14,19,Göteborg,Pizza,313.0,30.0,On time,New
111455,2026-07-27,11,Stockholm,Indian,270.0,33.0,On time,Returning
102872,2026-04-03,12,Göteborg,Indian,241.0,40.0,On time,New
104126,2026-04-19,14,Stockholm,Burgers,222.0,52.0,Late,New
113063,2026-08-18,12,Göteborg,Burgers,255.0,42.0,On time,Returning
101981,2026-03-22,12,Stockholm,Pizza,240.0,25.0,On time,Returning
107131,2026-05-30,13,Stockholm,Burgers,202.0,26.0,On time,Returning
108757,2026-06-20,12,Lund,Burgers,206.0,45.0,On time,New
111153,2026-07-23,20,Malmö,Thai,320.0,59.0,Late,New
113415,2026-08-22,22,Malmö,Kebab,244.0,45.0,On time,Returning
100958,2026-03-07,18,Lund,Sushi,237.0,47.0,Late,Returning
103606,2026-04-12,13,Stockholm,Pizza,276.0,33.0,On time,New
112525,2026-08-10,18,Stockholm,Burgers,305.0,25.0,On time,Returning
100032,2026-02-23,14,Stockholm,Pizza,292.0,45.0,On time,Returning
110312,2026-07-12,17,Stockholm,Pizza,226.0,50.0,Late,Returning
100918,2026-03-07,12,Stockholm,Kebab,192.0,31.0,On time,New
107522,2026-06-04,12,Stockholm,Pizza,223.0,33.0,On time,New
111968,2026-08-03,18,Stockholm,Thai,181.0,16.0,On time,Returning
110326,2026-07-12,12,Malmö,Burgers,253.0,34.0,On time,Returning
112822,2026-08-15,19,Göteborg,Sushi,374.0,36.0,On time,Returning
112344,2026-08-08,13,Stockholm,Salad,315.0,27.0,On time,Returning
108650,2026-06-19,19,Stockholm,Pizza,204.0,54.0,Late,New
112871,2026-08-15,13,Stockholm,Thai,359.0,45.0,On time,Returning
107782,2026-06-07,16,Malmö,Pizza,314.0,39.0,On time,Returning
107320,2026-06-01,20,Malmö,Indian,272.0,45.0,On time,Returning
102052,2026-03-23,23,Göteborg,Pizza,293.0,33.0,On time,Returning
111501,2026-07-28,15,Göteborg,Pizza,237.0,28.0,On time,Returning
100538,2026-03-02,17,Göteborg,Indian,239.0,43.0,On time,New
106019,2026-05-15,12,Stockholm,Kebab,191.0,33.0,On time,New
108365,2026-06-15,12,Stockholm,Pizza,198.0,26.0,On time,New
103007,2026-04-04,12,Uppsala,Kebab,352.0,15.0,On time,New
102148,2026-03-24,23,Stockholm,Sushi,193.0,32.0,On time,New
101669,2026-03-17,12,Malmö,Pizza,339.0,30.0,On time,New
105859,2026-05-13,11,Göteborg,Pizza,202.0,37.0,Unknown,Returning
109618,2026-07-03,23,Stockholm,Indian,206.0,43.0,On time,Returning
110644,2026-07-17,13,Göteborg,Pizza,263.0,37.0,On time,New
106776,2026-05-25,20,Stockholm,Salad,255.0,44.0,On time,New
108722,2026-06-20,13,Stockholm,Pizza,231.0,39.0,On time,Returning
102399,2026-03-27,12,Lund,Burgers,109.0,46.0,Late,Returning
101222,2026-03-11,14,Stockholm,Kebab,266.0,51.0,Late,Returning
111526,2026-07-28,11,Unknown,Indian,170.0,41.0,On time,Returning
107877,2026-06-09,17,Göteborg,Burgers,231.0,45.0,On time,New
105906,2026-05-13,13,Uppsala,Pizza,275.0,43.0,On time,Returning
104953,2026-05-01,20,Göteborg,Sushi,285.0,26.0,On time,Returning
105185,2026-05-03,11,Uppsala,Burgers,176.0,45.0,On time,New
103501,2026-04-11,14,Stockholm,Thai,148.0,29.0,On time,Returning
111194,2026-07-24,14,Stockholm,Burgers,288.0,16.0,On time,Returning
100262,2026-02-26,19,Stockholm,Pizza,271.0,40.0,On time,New
100946,2026-03-07,11,Uppsala,Thai,267.0,35.0,On time,New
101852,2026-03-20,11,Stockholm,Burgers,196.0,52.0,Late,Returning
102656,2026-03-31,21,Göteborg,Salad,309.0,35.0,On time,New
110181,2026-07-11,11,Göteborg,Kebab,229.0,36.0,On time,Returning
102792,2026-04-02,11,Göteborg,Kebab,291.0,43.0,On time,Returning
102394,2026-03-27,14,Lund,Pizza,312.0,40.0,On time,New
104869,2026-04-30,19,Göteborg,Vegan,194.0,34.0,On time,Returning
104704,2026-04-27,11,Stockholm,Burgers,193.0,33.0,On time,Returning
107150,2026-05-30,17,Malmö,Pizza,186.0,40.0,On time,Returning
108440,2026-06-16,19,Stockholm,Pizza,257.0,43.0,On time,New
105867,2026-05-13,17,Göteborg,Pizza,307.0,38.0,On time,New
100399,2026-02-28,16,Stockholm,Burgers,330.0,42.0,On time,Returning
100571,2026-03-02,19,Stockholm,Indian,278.0,45.0,On time,Returning
100566,2026-03-02,19,Stockholm,Salad,213.0,31.0,On time,Returning
109151,2026-06-26,12,Lund,Thai,160.0,32.0,On time,Returning
103465,2026-04-10,12,Uppsala,Sushi,307.0,27.0,On time,New
100769,2026-03-05,15,Stockholm,Pizza,236.0,34.0,On time,Returning
105519,2026-05-08,18,Malmö,Pizza,165.0,39.0,On time,Returning
102720,2026-03-31,15,Lund,Thai,270.0,34.0,On time,Returning
106476,2026-05-21,17,Stockholm,Burgers,148.0,42.0,On time,New
111492,2026-07-27,19,Lund,Thai,191.0,45.0,On time,Returning
110978,2026-07-21,12,Stockholm,Burgers,205.0,42.0,On time,New
104276,2026-04-21,18,Stockholm,Salad,305.0,53.0,Late,New
112197,2026-08-06,16,Malmö,Pizza,132.0,64.0,Late,Returning
109957,2026-07-07,17,Lund,Sushi,328.0,35.0,On time,Returning
105665,2026-05-10,12,Stockholm,Indian,322.0,17.0,On time,Returning
103595,2026-04-12,21,Stockholm,Vegan,211.0,46.0,Late,Returning
109698,2026-07-04,9,Stockholm,Thai,285.0,42.0,On time,Returning
112243,2026-08-07,18,Stockholm,Burgers,250.0,27.0,On time,Returning
103428,2026-04-10,11,Stockholm,Burgers,256.0,35.0,On time,New
101944,2026-03-21,11,Uppsala,Sushi,239.0,50.0,Late,New
106783,2026-05-25,12,Stockholm,Thai,201.0,26.0,On time,Returning
103153,2026-04-06,22,Stockholm,Thai,339.0,23.0,On time,Returning
104495,2026-04-24,12,Malmö,Burgers,332.0,44.0,On time,Returning
111577,2026-07-29,19,Stockholm,Pizza,382.0,21.0,On time,New
112058,2026-08-04,20,Malmö,Vegan,244.0,31.0,On time,Returning
106674,2026-05-23,19,Lund,Indian,301.0,42.0,On time,Returning
101514,2026-03-15,12,Stockholm,Burgers,169.0,29.0,On time,New
100207,2026-02-25,19,Unknown,Thai,236.0,46.0,Late,Returning
109217,2026-06-27,23,Stockholm,Indian,232.0,33.0,On time,Returning
112432,2026-08-09,15,Stockholm,Burgers,273.0,26.0,On time,Returning
105767,2026-05-11,14,Stockholm,Burgers,253.0,53.0,Late,Returning
103918,2026-04-16,11,Uppsala,Sushi,228.0,16.0,On time,New
108425,2026-06-16,12,Stockholm,Pizza,315.0,40.0,On time,New
109393,2026-06-29,18,Uppsala,Thai,252.0,37.0,Unknown,New
101770,2026-03-19,14,Stockholm,Burgers,178.0,43.0,On time,Returning
109019,2026-06-24,20,Uppsala,Pizza,241.0,56.0,Late,Returning
102798,2026-04-02,15,Göteborg,Thai,236.0,37.0,On time,Returning
108768,2026-06-21,14,Göteborg,Pizza,114.0,27.0,On time,New
104248,2026-04-21,13,Göteborg,Burgers,262.0,40.0,On time,Returning
112766,2026-08-14,11,Göteborg,Pizza,221.0,47.0,Late,New
100604,2026-03-02,22,Lund,Pizza,168.0,27.0,On time,New
113081,2026-08-18,17,Göteborg,Indian,247.0,40.0,On time,New
107708,2026-06-06,11,Lund,Vegan,305.0,37.0,Unknown,New
100693,2026-03-04,18,Göteborg,Kebab,191.0,32.0,On time,New
110020,2026-07-08,23,Uppsala,Indian,266.0,23.0,On time,New
109403,2026-06-30,12,Göteborg,Sushi,347.0,37.0,On time,New
107983,2026-06-10,12,Malmö,Vegan,245.0,41.0,On time,New
110267,2026-07-12,11,Göteborg,Sushi,267.0,40.0,On time,Returning
100527,2026-03-01,10,Lund,Indian,187.0,43.0,On time,New
111121,2026-07-23,23,Stockholm,Burgers,287.0,49.0,Late,New
107317,2026-06-01,15,Malmö,Pizza,273.0,55.0,Late,Returning
108013,2026-06-11,15,Göteborg,Salad,209.0,30.0,On time,Returning
101886,2026-03-21,19,Göteborg,Thai,220.0,25.0,On time,Returning
104062,2026-04-18,22,Uppsala,Kebab,257.0,50.0,Late,Returning
104456,2026-04-24,11,Stockholm,Kebab,259.0,42.0,On time,Returning
107447,2026-06-03,13,Stockholm,Kebab,247.0,26.0,On time,Returning
107499,2026-06-04,21,Göteborg,Burgers,255.0,36.0,On time,Returning
100410,2026-02-28,21,Stockholm,Pizza,241.0,27.0,On time,Returning
112313,2026-08-08,18,Göteborg,Sushi,226.0,41.0,On time,New
104995,2026-05-01,18,Malmö,Thai,220.0,33.0,On time,Returning
112744,2026-08-13,17,Uppsala,Sushi,258.0,41.0,On time,New
103294,2026-04-08,10,Stockholm,Thai,219.0,35.0,On time,Returning
113088,2026-08-18,12,Stockholm,Burgers,192.0,43.0,On time,Returning
106336,2026-05-19,21,Stockholm,Burgers,318.0,33.0,On time,New
101996,2026-03-22,15,Stockholm,Indian,285.0,36.0,On time,Returning
104301,2026-04-21,12,Lund,Burgers,290.0,32.0,On time,Returning
101476,2026-03-15,15,Göteborg,Thai,225.0,50.0,Late,New
112567,2026-08-11,21,Göteborg,Burgers,327.0,31.0,On time,Returning
100944,2026-03-07,15,Malmö,Thai,284.0,29.0,On time,Returning
105892,2026-05-13,19,Malmö,Burgers,265.0,34.0,On time,Returning
104769,2026-04-28,14,Stockholm,Burgers,409.0,19.0,On time,Returning
113230,2026-08-20,17,Stockholm,Burgers,217.0,27.0,On time,Returning
108298,2026-06-14,16,Uppsala,Pizza,257.0,22.0,On time,New
109950,2026-07-07,23,Uppsala,Pizza,284.0,37.0,On time,Returning
110310,2026-07-12,18,Stockholm,Kebab,301.0,36.0,On time,Returning
106482,2026-05-21,20,Stockholm,Sushi,257.0,22.0,On time,Returning
112513,2026-08-10,11,Stockholm,Thai,313.0,47.0,Late,New
109742,2026-07-05,12,Göteborg,Kebab,272.0,31.0,On time,New
100517,2026-03-01,10,Uppsala,Thai,295.0,35.0,On time,Returning
101619,2026-03-17,21,Göteborg,Sushi,318.0,34.0,On time,Returning
108783,2026-06-21,11,Göteborg,Indian,296.0,22.0,On time,New
112257,2026-08-07,10,Stockholm,Burgers,246.0,41.0,On time,Returning
100953,2026-03-07,18,Uppsala,Sushi,288.0,46.0,Late,Returning
102889,2026-04-03,9,Stockholm,Sushi,140.0,50.0,Late,Returning
108178,2026-06-13,19,Stockholm,Pizza,250.0,54.0,Late,Returning
101375,2026-03-13,18,Uppsala,Indian,310.0,20.0,On time,New
101137,2026-03-10,20,Göteborg,Thai,233.0,37.0,On time,Returning
110686,2026-07-17,19,Malmö,Salad,281.0,38.0,On time,Returning
101640,2026-03-17,19,Stockholm,Pizza,229.0,46.0,Late,Returning
111303,2026-07-25,17,Stockholm,Indian,182.0,52.0,Late,Returning
109468,2026-07-01,11,Göteborg,Salad,198.0,44.0,On time,New
100937,2026-03-07,16,Malmö,Indian,320.0,42.0,On time,Returning
101925,2026-03-21,12,Malmö,Burgers,350.0,34.0,On time,Returning
103746,2026-04-14,12,Stockholm,Thai,218.0,34.0,On time,New
102673,2026-03-31,16,Stockholm,Pizza,258.0,29.0,On time,New
111532,2026-07-28,11,Stockholm,Pizza,207.0,39.0,On time,New
101077,2026-03-09,13,Stockholm,Pizza,340.0,37.0,On time,Returning
113356,2026-08-22,12,Göteborg,Thai,292.0,40.0,On time,Returning
106992,2026-05-28,11,Stockholm,Vegan,218.0,32.0,On time,Returning
103648,2026-04-13,18,Göteborg,Indian,258.0,48.0,Late,Returning
107809,2026-06-08,21,Göteborg,Thai,220.0,35.0,On time,Returning
109382,2026-06-29,11,Malmö,Pizza,295.0,42.0,On time,New
103249,2026-04-07,21,Lund,Burgers,220.0,56.0,Late,New
107753,2026-06-07,17,Stockholm,Kebab,304.0,33.0,On time,New
113447,2026-08-23,13,Göteborg,Sushi,281.0,20.0,On time,New
111722,2026-07-31,10,Göteborg,Pizza,289.0,37.0,On time,New
105181,2026-05-03,12,Malmö,Burgers,114.0,45.0,On time,Returning
100887,2026-03-07,19,Göteborg,Thai,253.0,41.0,On time,New
102025,2026-03-22,13,Uppsala,Pizza,339.0,35.0,On time,Returning
112987,2026-08-16,19,Uppsala,Kebab,304.0,47.0,Late,Returning
102963,2026-04-04,13,Stockholm,Burgers,180.0,45.0,On time,Returning
100481,2026-03-01,13,Stockholm,Thai,259.0,35.0,On time,Returning
105735,2026-05-11,19,Göteborg,Kebab,200.0,32.0,On time,Returning
112627,2026-08-12,20,Göteborg,Pizza,303.0,44.0,On time,New
106585,2026-05-22,14,Malmö,Burgers,338.0,25.0,On time,Returning
107631,2026-06-06,11,Göteborg,Vegan,233.0,34.0,On time,New
110971,2026-07-21,13,Göteborg,Sushi,229.0,47.0,Late,Returning
111600,2026-07-29,18,Malmö,Burgers,275.0,36.0,On time,New
103022,2026-04-05,19,Göteborg,Pizza,243.0,30.0,On time,Returning
105238,2026-05-04,19,Stockholm,Burgers,248.0,30.0,On time,New
104652,2026-04-26,14,Uppsala,Sushi,199.0,42.0,On time,New
112614,2026-08-11,12,Uppsala,Burgers,283.0,38.0,On time,New
106369,2026-05-19,13,Lund,Burgers,248.0,47.0,Late,New
108480,2026-06-17,13,Göteborg,Sushi,350.0,29.0,On time,New
102615,2026-03-30,11,Stockholm,Vegan,263.0,36.0,On time,Returning
105121,2026-05-03,12,Stockholm,Pizza,286.0,38.0,On time,Returning
105058,2026-05-02,12,Malmö,Burgers,394.0,18.0,On time,Returning
105164,2026-05-03,20,Malmö,Burgers,249.0,30.0,On time,New
111130,2026-07-23,12,Stockholm,Pizza,330.0,39.0,On time,New
108500,2026-06-17,16,Stockholm,Kebab,326.0,40.0,On time,Returning
106134,2026-05-16,17,Lund,Sushi,242.0,44.0,On time,Returning
104474,2026-04-24,23,Stockholm,Kebab,259.0,43.0,On time,Returning
103330,2026-04-09,15,Göteborg,Pizza,189.0,18.0,On time,Returning
111535,2026-07-28,13,Stockholm,Burgers,212.0,52.0,Late,Returning
102493,2026-03-29,12,Göteborg,Salad,340.0,40.0,On time,New
108919,2026-06-23,12,Stockholm,Indian,108.0,43.0,On time,Returning
106331,2026-05-19,11,Stockholm,Burgers,249.0,35.0,On time,Returning
110565,2026-07-16,18,Göteborg,Thai,250.0,26.0,On time,Returning
112027,2026-08-04,16,Göteborg,Burgers,253.0,41.0,On time,New
105656,2026-05-10,13,Göteborg,Pizza,275.0,25.0,On time,Returning
108569,2026-06-18,20,Stockholm,Pizza,343.0,26.0,On time,Returning
105159,2026-05-03,18,Stockholm,Indian,250.0,36.0,On time,Returning
113476,2026-08-23,17,Stockholm,Burgers,222.0,41.0,On time,Returning
101642,2026-03-17,12,Stockholm,Sushi,329.0,42.0,On time,New
101817,2026-03-20,9,Göteborg,Vegan,299.0,31.0,On time,Returning
106210,2026-05-17,11,Malmö,Sushi,288.0,37.0,On time,Returning
113105,2026-08-18,11,Stockholm,Pizza,295.0,41.0,On time,Returning
104968,2026-05-01,13,Stockholm,Kebab,153.0,23.0,On time,Returning
113396,2026-08-22,12,Stockholm,Indian,283.0,31.0,On time,New
112817,2026-08-14,12,Lund,Pizza,315.0,40.0,On time,Returning
111099,2026-07-22,14,Uppsala,Pizza,195.0,32.0,On time,New
100586,2026-03-02,14,Malmö,Indian,199.0,48.0,Late,Returning
107084,2026-05-29,14,Uppsala,Sushi,202.0,31.0,On time,Returning
101906,2026-03-21,12,Stockholm,Pizza,331.0,36.0,On time,Returning
109307,2026-06-28,18,Malmö,Burgers,192.0,32.0,On time,Returning
107027,2026-05-28,13,Lund,Kebab,284.0,33.0,On time,Returning
106994,2026-05-28,14,Stockholm,Sushi,240.0,46.0,Late,New
103262,2026-04-08,12,Göteborg,Thai,242.0,51.0,Late,Returning
101023,2026-03-08,11,Malmö,Kebab,209.0,29.0,On time,Returning
102370,2026-03-27,17,Unknown,Burgers,193.0,35.0,On time,New
101473,2026-03-15,19,Göteborg,Indian,164.0,48.0,Late,Returning
106272,2026-05-18,12,Stockholm,Indian,239.0,31.0,On time,New
101648,2026-03-17,11,Stockholm,Burgers,246.0,26.0,On time,New
112657,2026-08-12,20,Stockholm,Burgers,266.0,40.0,On time,Returning
111360,2026-07-26,11,Stockholm,Burgers,133.0,24.0,On time,Returning
109193,2026-06-27,17,Stockholm,Pizza,350.0,38.0,On time,Returning
103569,2026-04-12,19,Göteborg,Burgers,173.0,42.0,On time,Returning
103356,2026-04-09,18,Stockholm,Indian,246.0,33.0,On time,New
105054,2026-05-02,18,Stockholm,Pizza,212.0,38.0,On time,Returning
105564,2026-05-09,19,Göteborg,Burgers,226.0,33.0,On time,Returning
102835,2026-04-02,13,Stockholm,Vegan,296.0,59.0,Late,Returning
105173,2026-05-03,10,Malmö,Pizza,196.0,37.0,On time,New
105275,2026-05-04,17,Uppsala,Pizza,248.0,58.0,Late,Returning
107090,2026-05-30,19,Unknown,Pizza,289.0,35.0,On time,Returning
101273,2026-03-12,14,Stockholm,Salad,304.0,24.0,On time,Returning
110307,2026-07-12,16,Stockholm,Vegan,165.0,37.0,On time,New
109111,2026-06-26,21,Stockholm,Pizza,261.0,47.0,Late,Returning
110266,2026-07-12,14,Göteborg,Thai,247.0,40.0,On time,Returning
105447,2026-05-07,15,Stockholm,Pizza,257.0,48.0,Late,New
109246,2026-06-27,11,Lund,Sushi,194.0,38.0,On time,Returning
111919,2026-08-02,10,Malmö,Thai,252.0,33.0,On time,Returning
111030,2026-07-21,10,Uppsala,Kebab,284.0,21.0,On time,Returning
102096,2026-03-23,12,Malmö,Thai,301.0,39.0,On time,New
110701,2026-07-17,20,Uppsala,Sushi,279.0,29.0,On time,Returning
107643,2026-06-06,13,Stockholm,Burgers,265.0,26.0,On time,Returning
100949,2026-03-07,12,Uppsala,Burgers,193.0,37.0,On time,Returning
103076,2026-04-05,21,Stockholm,Kebab,265.0,33.0,On time,New
102369,2026-03-27,14,Stockholm,Kebab,280.0,36.0,On time,Returning
105526,2026-05-08,18,Malmö,Kebab,248.0,34.0,On time,Returning
102603,2026-03-30,23,Stockholm,Thai,185.0,25.0,On time,New
108231,2026-06-14,12,Göteborg,Pizza,239.0,46.0,Late,Returning
111386,2026-07-26,17,Stockholm,Pizza,162.0,50.0,Late,Returning
112607,2026-08-11,18,Malmö,Pizza,324.0,37.0,On time,New
111402,2026-07-26,16,Malmö,Kebab,173.0,43.0,On time,Returning
102113,2026-03-24,20,Göteborg,Burgers,241.0,45.0,On time,Returning
112528,2026-08-10,10,Stockholm,Kebab,319.0,33.0,On time,New
106548,2026-05-22,19,Stockholm,Indian,229.0,36.0,On time,Returning
101011,2026-03-08,21,Stockholm,Kebab,330.0,41.0,On time,New
112883,2026-08-15,13,Malmö,Kebab,348.0,41.0,On time,New
108744,2026-06-20,12,Uppsala,Burgers,249.0,31.0,On time,Returning
109946,2026-07-07,18,Uppsala,Vegan,152.0,35.0,On time,Returning
100170,2026-02-25,17,Stockholm,Sushi,223.0,22.0,On time,Returning
100440,2026-02-28,11,Uppsala,Thai,368.0,41.0,On time,Returning
103650,2026-04-13,17,Göteborg,Vegan,186.0,33.0,On time,New
108387,2026-06-15,14,Malmö,Indian,282.0,44.0,On time,New
102345,2026-03-27,11,Stockholm,Thai,217.0,37.0,On time,New
111549,2026-07-28,13,Uppsala,Thai,241.0,20.0,On time,Returning
104776,2026-04-28,18,Malmö,Sushi,237.0,31.0,On time,Returning
109477,2026-07-01,19,Göteborg,Salad,283.0,37.0,On time,New
106638,2026-05-23,20,Stockholm,Pizza,168.0,56.0,Late,New
100142,2026-02-24,19,Lund,Thai,300.0,43.0,On time,Returning
108078,2026-06-12,13,Göteborg,Pizza,234.0,26.0,On time,Returning
107319,2026-06-01,14,Malmö,Kebab,290.0,34.0,On time,New
105271,2026-05-04,13,Uppsala,Kebab,264.0,31.0,On time,Returning
102138,2026-03-24,18,Stockholm,Sushi,227.0,24.0,On time,Returning
101151,2026-03-10,17,Stockholm,Thai,227.0,33.0,On time,Returning
100103,2026-02-24,13,Stockholm,Thai,228.0,45.0,On time,New
106046,2026-05-15,11,Uppsala,Burgers,223.0,34.0,On time,New
110099,2026-07-09,12,Lund,Pizza,289.0,23.0,On time,Returning
105360,2026-05-06,12,Stockholm,Pizza,256.0,45.0,On time,New
110158,2026-07-10,17,Malmö,Thai,206.0,38.0,On time,New
101479,2026-03-15,12,Göteborg,Kebab,236.0,24.0,On time,Returning
104197,2026-04-20,15,Stockholm,Sushi,217.0,40.0,On time,Returning
112638,2026-08-12,12,Göteborg,Kebab,166.0,39.0,On time,New
102274,2026-03-26,13,Stockholm,Pizza,159.0,39.0,On time,New
101579,2026-03-16,11,Stockholm,Kebab,178.0,27.0,On time,Returning
106288,2026-05-18,12,Malmö,Sushi,237.0,49.0,Late,Returning
100730,2026-03-04,17,Uppsala,Pizza,243.0,37.0,On time,Returning
107289,2026-06-01,17,Stockholm,Sushi,250.0,38.0,On time,New
112488,2026-08-09,18,Lund,Pizza,234.0,53.0,Late,Returning
111611,2026-07-29,12,Uppsala,Kebab,222.0,25.0,On time,Returning
108824,2026-06-21,13,Malmö,Thai,277.0,33.0,On time,Returning
106995,2026-05-28,12,Stockholm,Thai,209.0,30.0,On time,Returning
105257,2026-05-04,10,Unknown,Burgers,340.0,41.0,On time,New
108241,2026-06-14,14,Göteborg,Pizza,227.0,48.0,Late,Returning
109014,2026-06-24,19,Malmö,Pizza,155.0,59.0,Late,Returning
103729,2026-04-14,20,Göteborg,Pizza,189.0,38.0,On time,Returning
112442,2026-08-09,12,Stockholm,Sushi,260.0,25.0,On time,New
103744,2026-04-14,17,Stockholm,Kebab,118.0,37.0,On time,New
105179,2026-05-03,16,Malmö,Kebab,259.0,32.0,On time,New
107817,2026-06-08,9,Stockholm,Kebab,358.0,32.0,On time,New
111938,2026-08-02,12,Lund,Kebab,374.0,29.0,On time,Returning
103641,2026-04-12,12,Lund,Salad,213.0,37.0,Unknown,Returning
106487,2026-05-21,18,Stockholm,Sushi,271.0,25.0,On time,New
103343,2026-04-09,19,Göteborg,Pizza,281.0,40.0,On time,New
106238,2026-05-18,18,Göteborg,Sushi,296.0,29.0,On time,Returning
106225,2026-05-17,12,Lund,Salad,351.0,39.0,On time,Returning
100583,2026-03-02,20,Unknown,Vegan,288.0,53.0,Late,Returning
106219,2026-05-17,16,Uppsala,Indian,118.0,46.0,Late,Returning
112453,2026-08-09,11,Stockholm,Thai,243.0,26.0,On time,Returning
100601,2026-03-02,20,Lund,Pizza,204.0,26.0,On time,Returning
111493,2026-07-28,18,Göteborg,Burgers,229.0,34.0,On time,Returning
110152,2026-07-10,16,Malmö,Indian,246.0,36.0,On time,Returning
108312,2026-06-14,14,Lund,Pizza,276.0,37.0,Unknown,New
108813,2026-06-21,20,Stockholm,Thai,205.0,54.0,Late,New
107655,2026-06-06,18,Stockholm,Indian,340.0,29.0,On time,Returning
104214,2026-04-20,11,Stockholm,Burgers,293.0,53.0,Late,New
112728,2026-08-13,11,Stockholm,Sushi,231.0,53.0,Late,New
100018,2026-02-23,19,Stockholm,Pizza,291.0,25.0,On time,Returning
106100,2026-05-16,21,Stockholm,Sushi,170.0,50.0,Late,Returning
103269,2026-04-08,20,Göteborg,Sushi,264.0,29.0,On time,New
100518,2026-03-01,12,Uppsala,Indian,234.0,46.0,Late,New
106408,2026-05-20,19,Stockholm,Indian,204.0,47.0,Late,Returning
104834,2026-04-29,21,Stockholm,Thai,236.0,27.0,On time,Returning
108153,2026-06-13,13,Göteborg,Burgers,340.0,42.0,On time,Returning
103063,2026-04-05,9,Stockholm,Burgers,254.0,63.0,Late,New
109184,2026-06-27,12,Unknown,Kebab,240.0,38.0,On time,Returning
110833,2026-07-19,16,Stockholm,Salad,330.0,46.0,Late,Returning
111190,2026-07-24,12,Stockholm,Burgers,248.0,42.0,On time,Returning
103876,2026-04-16,19,Unknown,Burgers,283.0,29.0,On time,Returning
112996,2026-08-16,19,Lund,Salad,210.0,27.0,On time,Returning
107270,2026-06-01,14,Göteborg,Burgers,302.0,19.0,On time,Returning
106675,2026-05-23,23,Lund,Kebab,327.0,31.0,On time,Returning
102555,2026-03-29,21,Uppsala,Sushi,217.0,43.0,On time,Returning
108837,2026-06-21,12,Uppsala,Kebab,339.0,49.0,Late,Returning
104398,2026-04-23,15,Stockholm,Indian,286.0,32.0,On time,Returning
113046,2026-08-17,18,Malmö,Vegan,228.0,44.0,On time,Returning
106274,2026-05-18,15,Stockholm,Pizza,213.0,28.0,On time,New
111423,2026-07-27,18,Göteborg,Thai,174.0,22.0,On time,Returning
101405,2026-03-14,12,Stockholm,Vegan,221.0,31.0,On time,Returning
101553,2026-03-16,11,Göteborg,Burgers,380.0,44.0,On time,Returning
107216,2026-05-31,13,Stockholm,Sushi,155.0,39.0,On time,Returning
107345,2026-06-02,19,Göteborg,Pizza,240.0,34.0,On time,New
111275,2026-07-25,15,Stockholm,Pizza,232.0,24.0,On time,Returning
112559,2026-08-10,19,Lund,Kebab,319.0,25.0,On time,Returning
109646,2026-07-03,12,Stockholm,Burgers,276.0,34.0,On time,Returning
109886,2026-07-07,22,Göteborg,Indian,316.0,38.0,On time,Returning
110879,2026-07-19,21,Uppsala,Burgers,232.0,26.0,On time,New
105971,2026-05-14,11,Malmö,Sushi,199.0,30.0,On time,New
106952,2026-05-27,13,Malmö,Indian,218.0,16.0,On time,New
111673,2026-07-30,18,Unknown,Sushi,324.0,18.0,On time,New
110373,2026-07-13,9,Unknown,Thai,280.0,23.0,On time,Returning
112371,2026-08-08,11,Malmö,Indian,136.0,16.0,On time,New
104847,2026-04-29,13,Malmö,Indian,269.0,37.0,Unknown,New
112167,2026-08-06,18,Stockholm,Thai,167.0,39.0,On time,Returning
108173,2026-06-13,10,Stockholm,Kebab,231.0,41.0,On time,New
107754,2026-06-07,16,Stockholm,Kebab,214.0,40.0,On time,Returning
101408,2026-03-14,11,Stockholm,Thai,281.0,40.0,On time,Returning
112035,2026-08-04,19,Stockholm,Pizza,252.0,42.0,On time,New
105819,2026-05-12,11,Stockholm,Indian,252.0,37.0,On time,Returning
104081,2026-04-19,17,Göteborg,Sushi,343.0,37.0,On time,Returning
104313,2026-04-22,20,Göteborg,Burgers,215.0,29.0,On time,Returning
109407,2026-06-30,19,Göteborg,Pizza,175.0,29.0,On time,Returning
104556,2026-04-25,16,Stockholm,Kebab,251.0,37.0,On time,New
110829,2026-07-19,21,Stockholm,Sushi,212.0,42.0,On time,Returning
108405,2026-06-16,16,Göteborg,Burgers,259.0,37.0,On time,Returning
102504,2026-03-29,11,Stockholm,Sushi,366.0,31.0,On time,Returning
112119,2026-08-05,21,Stockholm,Kebab,228.0,43.0,On time,Returning
108699,2026-06-20,12,Göteborg,Sushi,222.0,35.0,On time,New
107719,2026-06-07,9,Göteborg,Kebab,206.0,32.0,On time,New
105596,2026-05-09,19,Stockholm,Sushi,222.0,34.0,On time,New
111023,2026-07-21,18,Malmö,Pizza,205.0,34.0,On time,New
110602,2026-07-16,19,Stockholm,Burgers,202.0,38.0,On time,New
100333,2026-02-27,11,Stockholm,Vegan,234.0,38.0,On time,New
113520,2026-08-23,20,Lund,Thai,286.0,41.0,On time,Returning
103823,2026-04-15,20,Stockholm,Kebab,197.0,33.0,On time,New
112025,2026-08-04,14,Göteborg,Pizza,176.0,33.0,On time,New
111685,2026-07-30,12,Malmö,Vegan,241.0,20.0,On time,Returning
102754,2026-04-01,12,Stockholm,Kebab,285.0,20.0,On time,Returning
112248,2026-08-07,12,Stockholm,Pizza,233.0,44.0,On time,New
109552,2026-07-02,18,Stockholm,Pizza,278.0,35.0,On time,Returning
101326,2026-03-13,17,Göteborg,Pizza,338.0,40.0,On time,Returning
107740,2026-06-07,14,Stockholm,Indian,222.0,34.0,On time,Returning
106449,2026-05-21,18,Göteborg,Thai,318.0,34.0,On time,New
102810,2026-04-02,11,Göteborg,Kebab,211.0,22.0,On time,Returning
110914,2026-07-20,10,Stockholm,Pizza,263.0,48.0,Late,New
109430,2026-06-30,12,Stockholm,Burgers,166.0,36.0,On time,New
112285,2026-08-07,22,Uppsala,Burgers,144.0,28.0,On time,Returning
104210,2026-04-20,10,Stockholm,Burgers,353.0,28.0,On time,Returning
107426,2026-06-03,13,Stockholm,Sushi,261.0,32.0,On time,Returning
112467,2026-08-09,11,Malmö,Kebab,169.0,41.0,On time,New
112877,2026-08-15,17,Malmö,Pizza,114.0,27.0,On time,Returning
106510,2026-05-21,12,Uppsala,Pizza,238.0,42.0,On time,Returning
105993,2026-05-14,14,Lund,Thai,257.0,39.0,On time,Returning
103946,2026-04-17,20,Stockholm,Vegan,329.0,51.0,Late,Returning
108730,2026-06-20,13,Stockholm,Kebab,296.0,45.0,On time,Returning
112288,2026-08-07,10,Uppsala,Burgers,247.0,38.0,On time,New
103703,2026-04-13,9,Malmö,Indian,216.0,44.0,On time,Returning
100782,2026-03-05,13,Malmö,Thai,298.0,35.0,On time,Returning
113143,2026-08-19,21,Göteborg,Indian,365.0,37.0,On time,Returning
108829,2026-06-21,16,Uppsala,Sushi,249.0,21.0,On time,Returning
109811,2026-07-05,17,Uppsala,Pizza,301.0,59.0,Late,New
106751,2026-05-24,19,Lund,Sushi,274.0,32.0,On time,New
101993,2026-03-22,17,Stockholm,Pizza,288.0,36.0,On time,New
106854,2026-05-26,17,Stockholm,Sushi,268.0,39.0,On time,Returning
102868,2026-04-03,11,Göteborg,Thai,299.0,40.0,On time,Returning
105503,2026-05-08,13,Stockholm,Thai,243.0,25.0,On time,Returning
108834,2026-06-21,12,Uppsala,Indian,273.0,22.0,On time,New
108080,2026-06-12,21,Göteborg,Thai,285.0,27.0,On time,Returning
111014,2026-07-21,17,Malmö,Sushi,176.0,34.0,On time,New
105211,2026-05-04,16,Göteborg,Kebab,213.0,35.0,On time,Returning
103899,2026-04-16,18,Stockholm,Sushi,179.0,41.0,On time,Returning
111978,2026-08-03,16,Stockholm,Salad,230.0,40.0,On time,New
112211,2026-08-06,16,Uppsala,Vegan,119.0,30.0,On time,Returning
112783,2026-08-14,20,Stockholm,Pizza,207.0,25.0,On time,Returning
106365,2026-05-19,19,Lund,Vegan,256.0,50.0,Late,Returning
107846,2026-06-08,9,Unknown,Thai,250.0,30.0,On time,New
112068,2026-08-04,20,Lund,Burgers,301.0,44.0,On time,New
100405,2026-02-28,12,Stockholm,Kebab,161.0,250.0,Unknown,Returning
103496,2026-04-11,12,Stockholm,Thai,209.0,56.0,Late,Returning
108636,2026-06-19,13,Unknown,Pizza,309.0,29.0,On time,New
106002,2026-05-15,11,Göteborg,Salad,377.0,36.0,On time,Returning
110609,2026-07-16,13,Unknown,Indian,252.0,16.0,On time,New
101107,2026-03-09,11,Malmö,Kebab,207.0,45.0,On time,New
107920,2026-06-09,19,Uppsala,Pizza,148.0,32.0,On time,New
100486,2026-03-01,13,Stockholm,Indian,145.0,52.0,Late,Returning
105356,2026-05-06,19,Göteborg,Burgers,185.0,26.0,On time,Returning
112588,2026-08-11,20,Stockholm,Burgers,189.0,20.0,On time,Returning
110103,2026-07-09,11,Lund,Kebab,215.0,36.0,On time,Returning
102026,2026-03-22,15,Uppsala,Pizza,232.0,45.0,On time,New
109810,2026-07-05,9,Uppsala,Burgers,260.0,35.0,On time,Returning
108034,2026-06-11,18,Stockholm,Sushi,257.0,40.0,On time,New
102503,2026-03-29,11,Stockholm,Sushi,318.0,34.0,On time,Returning
105654,2026-05-10,17,Göteborg,Thai,260.0,38.0,On time,Returning
106934,2026-05-27,13,Stockholm,Burgers,243.0,38.0,On time,New
106941,2026-05-27,17,Stockholm,Thai,244.0,28.0,On time,Returning
103827,2026-04-15,20,Stockholm,Thai,207.0,18.0,On time,Returning
109237,2026-06-27,10,Unknown,Pizza,292.0,29.0,On time,New
107863,2026-06-09,14,Göteborg,Thai,305.0,30.0,On time,New
108968,2026-06-24,11,Göteborg,Thai,298.0,41.0,On time,Returning
108118,2026-06-12,12,Malmö,Thai,362.0,41.0,On time,Returning
111598,2026-07-29,18,Stockholm,Burgers,150.0,33.0,On time,New
107549,2026-06-05,13,Göteborg,Pizza,257.0,46.0,Late,New
106873,2026-05-26,20,Stockholm,Indian,259.0,61.0,Late,Returning
108294,2026-06-14,18,Malmö,Burgers,210.0,33.0,On time,Returning
109368,2026-06-29,19,Stockholm,Salad,213.0,45.0,On time,New
108037,2026-06-11,13,Stockholm,Sushi,265.0,46.0,Late,New
102915,2026-04-03,13,Malmö,Sushi,137.0,46.0,Late,New
105201,2026-05-04,12,Göteborg,Burgers,273.0,31.0,On time,Returning
100986,2026-03-08,17,Stockholm,Kebab,239.0,41.0,On time,Returning
111709,2026-07-31,11,Göteborg,Thai,318.0,33.0,On time,Returning
100443,2026-02-28,17,Lund,Sushi,343.0,37.0,On time,Returning
106945,2026-05-27,11,Stockholm,Pizza,179.0,38.0,On time,New
105623,2026-05-09,21,Malmö,Kebab,287.0,31.0,On time,Returning
106145,2026-05-17,18,Göteborg,Thai,208.0,48.0,Late,Returning
113323,2026-08-21,21,Malmö,Pizza,257.0,43.0,On time,Returning
105220,2026-05-04,21,Göteborg,Pizza,163.0,36.0,On time,New
106430,2026-05-20,19,Malmö,Thai,263.0,45.0,On time,New
111712,2026-07-31,15,Göteborg,Pizza,222.0,53.0,Late,New
104622,2026-04-26,17,Stockholm,Pizza,225.0,34.0,On time,New
103414,2026-04-10,16,Göteborg,Kebab,234.0,33.0,On time,Returning
105071,2026-05-02,16,Malmö,Burgers,194.0,35.0,On time,Returning
104112,2026-04-19,19,Stockholm,Indian,341.0,39.0,On time,Returning
109799,2026-07-05,11,Malmö,Thai,150.0,37.0,On time,Returning
109798,2026-07-05,19,Malmö,Salad,351.0,48.0,Late,Returning
100792,2026-03-05,18,Uppsala,Sushi,186.0,38.0,On time,Returning
113457,2026-08-23,17,Stockholm,Pizza,200.0,26.0,On time,Returning
102015,2026-03-22,21,Malmö,Sushi,352.0,42.0,On time,New
112388,2026-08-08,22,Uppsala,Kebab,266.0,32.0,On time,Returning
102414,2026-03-28,11,Göteborg,Indian,297.0,54.0,Late,Returning
109881,2026-07-07,13,Göteborg,Burgers,242.0,31.0,On time,Returning
106244,2026-05-18,21,Göteborg,Kebab,212.0,36.0,On time,Returning
100773,2026-03-05,9,Malmö,Kebab,246.0,34.0,On time,Returning
108393,2026-06-15,18,Uppsala,Burgers,300.0,30.0,On time,New
104139,2026-04-19,13,Malmö,Burgers,167.0,36.0,On time,Returning
111891,2026-08-02,19,Stockholm,Burgers,231.0,44.0,On time,New
112363,2026-08-08,20,Stockholm,Pizza,293.0,48.0,Late,New
100291,2026-02-27,10,Göteborg,Thai,274.0,49.0,Late,Returning
113449,2026-08-23,12,Göteborg,Salad,233.0,44.0,On time,New
107198,2026-05-31,12,Göteborg,Burgers,313.0,34.0,On time,Returning
105299,2026-05-05,15,Unknown,Kebab,221.0,46.0,Late,Returning
110770,2026-07-18,13,Malmö,Thai,297.0,44.0,On time,Returning
112828,2026-08-15,20,Göteborg,Pizza,185.0,25.0,On time,Returning
109453,2026-06-30,23,Uppsala,Thai,258.0,31.0,On time,New
109895,2026-07-07,11,Stockholm,Sushi,295.0,18.0,On time,Returning
102746,2026-04-01,20,Stockholm,Kebab,225.0,26.0,On time,Returning
107075,2026-05-29,13,Malmö,Thai,343.0,41.0,On time,Returning
107213,2026-05-31,13,Stockholm,Salad,235.0,46.0,Late,Returning
109778,2026-07-05,22,Stockholm,Pizza,273.0,27.0,On time,Returning
112874,2026-08-15,12,Stockholm,Thai,267.0,25.0,On time,Returning
111733,2026-07-31,12,Stockholm,Kebab,236.0,31.0,On time,New
103094,2026-04-05,19,Malmö,Salad,267.0,44.0,On time,New
110681,2026-07-17,21,Stockholm,Burgers,200.0,37.0,On time,Returning
111772,2026-08-01,14,Göteborg,Vegan,378.0,23.0,On time,New
109408,2026-06-30,18,Göteborg,Pizza,336.0,37.0,On time,New
113034,2026-08-17,20,Stockholm,Pizza,130.0,39.0,On time,Returning
101484,2026-03-15,17,Göteborg,Vegan,274.0,42.0,On time,Returning
106645,2026-05-23,21,Malmö,Sushi,319.0,24.0,On time,New
107077,2026-05-29,17,Malmö,Vegan,316.0,52.0,Late,Returning
106446,2026-05-21,12,Göteborg,Salad,342.0,35.0,On time,Returning
113451,2026-08-23,19,Göteborg,Sushi,230.0,40.0,On time,Returning
100999,2026-03-08,12,Stockholm,Burgers,312.0,45.0,On time,Returning
111980,2026-08-03,18,Stockholm,Thai,220.0,36.0,On time,Returning
101477,2026-03-15,11,Göteborg,Kebab,198.0,55.0,Late,New
102978,2026-04-04,11,Stockholm,Indian,243.0,48.0,Late,Returning
107126,2026-05-30,11,Stockholm,Pizza,362.0,44.0,On time,Returning
105801,2026-05-12,20,Göteborg,Kebab,255.0,40.0,On time,Returning
113316,2026-08-21,21,Stockholm,Pizza,230.0,31.0,On time,Returning
105057,2026-05-02,17,Unknown,Pizza,225.0,41.0,On time,Returning
101513,2026-03-15,11,Stockholm,Pizza,246.0,39.0,On time,Returning
110174,2026-07-11,17,Göteborg,Pizza,267.0,38.0,On time,Returning
104907,2026-04-30,13,Stockholm,Burgers,193.0,38.0,On time,Returning
108662,2026-06-19,18,Malmö,Indian,282.0,33.0,On time,Returning
102884,2026-04-03,21,Stockholm,Burgers,237.0,41.0,On time,New
100982,2026-03-08,20,Göteborg,Sushi,307.0,32.0,On time,New
108002,2026-06-11,11,Göteborg,Sushi,156.0,32.0,On time,Returning
107192,2026-05-31,14,Göteborg,Burgers,310.0,27.0,On time,Returning
101415,2026-03-14,13,Stockholm,Sushi,150.0,24.0,On time,New
107344,2026-06-02,12,Göteborg,Sushi,358.0,24.0,On time,Returning
107253,2026-05-31,13,Uppsala,Sushi,262.0,26.0,On time,Returning
100249,2026-02-26,19,Stockholm,Burgers,144.0,33.0,On time,Returning
113456,2026-08-23,20,Stockholm,Burgers,194.0,47.0,Late,Returning
102059,2026-03-23,19,Unknown,Thai,206.0,24.0,On time,Returning
104486,2026-04-24,12,Malmö,Indian,230.0,40.0,On time,Returning
109587,2026-07-02,17,Malmö,Pizza,299.0,32.0,On time,New
103154,2026-04-06,12,Stockholm,Kebab,284.0,33.0,On time,New
106573,2026-05-22,18,Stockholm,Pizza,265.0,50.0,Late,Returning
111625,2026-07-30,12,Göteborg,Indian,244.0,26.0,On time,Returning
104039,2026-04-18,17,Malmö,Pizza,103.0,16.0,On time,New
105077,2026-05-02,10,Uppsala,Pizza,263.0,21.0,On time,New
106628,2026-05-23,17,Stockholm,Kebab,235.0,45.0,On time,Returning
112209,2026-08-06,20,Uppsala,Kebab,241.0,30.0,On time,New
110459,2026-07-14,17,Stockholm,Burgers,257.0,49.0,Late,Returning
109843,2026-07-06,20,Stockholm,Burgers,316.0,56.0,Late,New
110795,2026-07-18,18,Lund,Salad,315.0,49.0,Late,Returning
113398,2026-08-22,19,Stockholm,Vegan,286.0,38.0,On time,Returning
112493,2026-08-10,13,Göteborg,Vegan,330.0,36.0,On time,Returning
113352,2026-08-22,12,Göteborg,Sushi,325.0,32.0,On time,Returning
103752,2026-04-14,21,Stockholm,Pizza,171.0,26.0,On time,New
104321,2026-04-22,18,Göteborg,Pizza,271.0,62.0,Late,Returning
103492,2026-04-11,18,Göteborg,Indian,261.0,39.0,On time,Returning
110464,2026-07-14,19,Stockholm,Sushi,182.0,42.0,On time,Returning
101816,2026-03-19,12,Lund,Kebab,292.0,15.0,On time,New
107747,2026-06-07,14,Stockholm,Kebab,261.0,29.0,On time,Returning
106405,2026-05-20,20,Stockholm,Thai,313.0,47.0,Late,Returning
102305,2026-03-26,12,Malmö,Sushi,413.0,250.0,Unknown,Returning
106333,2026-05-19,19,Stockholm,Vegan,374.0,41.0,On time,New
104982,2026-05-01,14,Stockholm,Pizza,282.0,34.0,On time,New
107539,2026-06-04,23,Uppsala,Pizza,241.0,39.0,On time,Returning
111666,2026-07-30,17,Stockholm,Thai,211.0,26.0,On time,New
102460,2026-03-28,12,Uppsala,Burgers,270.0,34.0,On time,New
103283,2026-04-08,21,Stockholm,Pizza,352.0,33.0,On time,New
103459,2026-04-10,11,Malmö,Thai,282.0,41.0,On time,Returning
107427,2026-06-03,9,Stockholm,Pizza,195.0,37.0,Unknown,New
102378,2026-03-27,16,Malmö,Sushi,215.0,38.0,On time,New
108340,2026-06-15,21,Stockholm,Burgers,154.0,33.0,On time,New
110236,2026-07-11,12,Uppsala,Pizza,282.0,50.0,Late,Returning
106904,2026-05-27,19,Göteborg,Pizza,217.0,30.0,On time,Returning
103596,2026-04-12,20,Stockholm,Vegan,227.0,46.0,Late,Returning
108985,2026-06-24,11,Unknown,Indian,246.0,38.0,On time,New
111597,2026-07-29,21,Stockholm,Pizza,218.0,43.0,On time,Returning
108934,2026-06-23,11,Stockholm,Kebab,124.0,36.0,On time,New
101301,2026-03-12,21,Malmö,Sushi,403.0,43.0,On time,New
110434,2026-07-14,17,Göteborg,Sushi,302.0,41.0,On time,Returning
109682,2026-07-04,10,Göteborg,Burgers,198.0,37.0,Unknown,Returning
108988,2026-06-24,12,Unknown,Burgers,242.0,33.0,On time,New
106842,2026-05-26,12,Göteborg,Burgers,231.0,27.0,On time,New
111627,2026-07-30,17,Göteborg,Thai,269.0,45.0,On time,Returning
102470,2026-03-28,22,Uppsala,Thai,326.0,30.0,On time,Returning
101809,2026-03-19,19,Uppsala,Kebab,261.0,27.0,On time,Returning
111671,2026-07-30,22,Malmö,Pizza,200.0,51.0,Late,Returning
104487,2026-04-24,11,Malmö,Indian,219.0,40.0,On time,Returning
102474,2026-03-28,12,Lund,Kebab,234.0,47.0,Late,New
102611,2026-03-30,12,Stockholm,Pizza,261.0,19.0,On time,Returning
108681,2026-06-19,11,Uppsala,Sushi,276.0,43.0,On time,New
101018,2026-03-08,17,Stockholm,Pizza,235.0,32.0,On time,Returning
112504,2026-08-10,17,Göteborg,Burgers,201.0,35.0,On time,New
105454,2026-05-07,21,Stockholm,Burgers,258.0,32.0,On time,New
106018,2026-05-15,15,Stockholm,Indian,266.0,38.0,On time,Returning
107714,2026-06-07,12,Göteborg,Burgers,262.0,47.0,Late,Returning
103273,2026-04-08,17,Stockholm,Pizza,169.0,25.0,On time,New
106745,2026-05-24,12,Uppsala,Burgers,184.0,48.0,Late,Returning
111678,2026-07-30,12,Malmö,Sushi,263.0,52.0,Late,New
109663,2026-07-03,13,Lund,Indian,369.0,34.0,On time,Returning
106937,2026-05-27,13,Stockholm,Indian,134.0,53.0,Late,Returning
107433,2026-06-03,11,Stockholm,Salad,244.0,24.0,On time,New
111505,2026-07-28,18,Göteborg,Kebab,298.0,57.0,Late,New
104235,2026-04-20,17,Lund,Burgers,243.0,41.0,On time,New
109738,2026-07-05,13,Göteborg,Pizza,231.0,24.0,On time,Returning
108066,2026-06-11,23,Uppsala,Pizza,152.0,24.0,On time,New
108871,2026-06-22,13,Stockholm,Sushi,213.0,38.0,On time,Returning
110340,2026-07-12,17,Lund,Thai,256.0,31.0,On time,New
103444,2026-04-10,20,Stockholm,Burgers,190.0,28.0,On time,Returning
111645,2026-07-30,13,Stockholm,Salad,168.0,46.0,Late,New
113278,2026-08-20,19,Uppsala,Pizza,249.0,38.0,On time,New
108376,2026-06-15,10,Malmö,Pizza,268.0,31.0,On time,Returning
100886,2026-03-07,20,Göteborg,Pizza,282.0,51.0,Late,Returning
111818,2026-08-01,13,Stockholm,Burgers,225.0,46.0,Late,Returning
102785,2026-04-01,13,Uppsala,Pizza,272.0,47.0,Late,New
105540,2026-05-08,11,Uppsala,Sushi,231.0,32.0,On time,Returning
112585,2026-08-11,19,Stockholm,Pizza,204.0,35.0,On time,New
108718,2026-06-20,12,Stockholm,Vegan,292.0,36.0,On time,Returning
100225,2026-02-26,17,Unknown,Indian,148.0,31.0,On time,Returning
101447,2026-03-14,19,Malmö,Thai,126.0,33.0,On time,Returning
111252,2026-07-25,19,Göteborg,Pizza,253.0,35.0,On time,Returning
108063,2026-06-11,17,Uppsala,Kebab,280.0,28.0,On time,New
100021,2026-02-23,18,Stockholm,Burgers,308.0,61.0,Late,Returning
103386,2026-04-09,15,Malmö,Indian,342.0,37.0,On time,Returning
108044,2026-06-11,11,Stockholm,Pizza,288.0,41.0,On time,Returning
112106,2026-08-05,16,Stockholm,Burgers,329.0,36.0,On time,Returning
105884,2026-05-13,13,Stockholm,Sushi,195.0,44.0,On time,Returning
107729,2026-06-07,11,Göteborg,Thai,345.0,20.0,On time,New
111384,2026-07-26,12,Stockholm,Indian,244.0,51.0,Late,New
102316,2026-03-26,18,Uppsala,Pizza,222.0,46.0,Late,Returning
111574,2026-07-29,11,Göteborg,Burgers,211.0,41.0,On time,Returning
101000,2026-03-08,12,Stockholm,Kebab,288.0,22.0,On time,New
100966,2026-03-08,16,Göteborg,Pizza,254.0,36.0,On time,Returning
106388,2026-05-20,23,Göteborg,Sushi,227.0,19.0,On time,Returning
112750,2026-08-13,15,Lund,Sushi,265.0,43.0,On time,Returning
111571,2026-07-29,17,Göteborg,Indian,312.0,29.0,On time,New
110493,2026-07-15,20,Göteborg,Pizza,207.0,34.0,On time,New
109158,2026-06-27,17,Göteborg,Burgers,201.0,21.0,On time,New
103456,2026-04-10,17,Malmö,Thai,283.0,34.0,On time,Returning
103724,2026-04-13,12,Lund,Vegan,270.0,50.0,Late,New
102372,2026-03-27,21,Malmö,Burgers,185.0,39.0,On time,Returning
107835,2026-06-08,19,Stockholm,Vegan,301.0,25.0,On time,New
106433,2026-05-20,20,Uppsala,Kebab,212.0,42.0,On time,Returning
104957,2026-05-01,18,Stockholm,Thai,258.0,37.0,On time,Returning
108505,2026-06-17,16,Stockholm,Sushi,283.0,27.0,On time,Returning
106295,2026-05-18,12,Uppsala,Sushi,156.0,36.0,On time,Returning
113073,2026-08-18,20,Göteborg,Kebab,176.0,28.0,On time,Returning
106890,2026-05-26,19,Uppsala,Sushi,281.0,45.0,On time,New
106425,2026-05-20,22,Malmö,Salad,263.0,27.0,On time,Returning
111269,2026-07-25,12,Stockholm,Pizza,207.0,46.0,Late,Returning
100143,2026-02-24,13,Lund,Burgers,223.0,24.0,On time,Returning
101602,2026-03-16,19,Malmö,Kebab,337.0,36.0,On time,New
106269,2026-05-18,19,Unknown,Sushi,203.0,38.0,On time,Returning
112535,2026-08-10,13,Malmö,Pizza,263.0,44.0,On time,Returning
101093,2026-03-09,14,Stockholm,Pizza,266.0,50.0,Late,New
109007,2026-06-24,18,Malmö,Sushi,365.0,37.0,On time,Returning
107005,2026-05-28,14,Stockholm,Kebab,194.0,48.0,Late,Returning
104030,2026-04-18,19,Stockholm,Pizza,229.0,33.0,On time,New
108933,2026-06-23,18,Stockholm,Pizza,193.0,42.0,On time,Returning
112105,2026-08-05,13,Stockholm,Pizza,343.0,37.0,On time,Returning
111877,2026-08-02,11,Stockholm,Sushi,304.0,30.0,On time,Returning
113191,2026-08-19,18,Uppsala,Thai,348.0,47.0,Late,Returning
103978,2026-04-17,21,Uppsala,Burgers,101.0,16.0,On time,Returning
106471,2026-05-21,13,Stockholm,Indian,319.0,34.0,On time,Returning
100665,2026-03-03,10,Uppsala,Thai,207.0,40.0,On time,New
107030,2026-05-28,19,Lund,Pizza,345.0,38.0,On time,Returning
104599,2026-04-26,12,Göteborg,Thai,146.0,37.0,On time,New
112066,2026-08-04,12,Uppsala,Indian,184.0,43.0,On time,New
113096,2026-08-18,20,Stockholm,Burgers,137.0,55.0,Late,Returning
110764,2026-07-18,11,Stockholm,Pizza,189.0,16.0,On time,Returning
101371,2026-03-13,13,Uppsala,Pizza,237.0,47.0,Late,Returning
106622,2026-05-23,11,Stockholm,Thai,276.0,18.0,On time,Returning
109537,2026-07-02,19,Göteborg,Pizza,251.0,41.0,On time,Returning
108334,2026-06-15,18,Göteborg,Sushi,272.0,45.0,On time,New
101848,2026-03-20,19,Stockholm,Sushi,286.0,34.0,On time,Returning
107342,2026-06-02,18,Göteborg,Pizza,379.0,27.0,On time,Returning
108375,2026-06-15,17,Stockholm,Pizza,256.0,33.0,On time,New
103885,2026-04-16,10,Stockholm,Vegan,300.0,31.0,On time,New
106200,2026-05-17,13,Malmö,Burgers,280.0,38.0,On time,New
108415,2026-06-16,22,Göteborg,Sushi,276.0,44.0,On time,Returning
108218,2026-06-13,11,Uppsala,Vegan,379.0,37.0,On time,Returning
108805,2026-06-21,14,Stockholm,Burgers,146.0,49.0,Late,Returning
109983,2026-07-08,19,Stockholm,Salad,246.0,43.0,On time,Returning
104120,2026-04-19,13,Stockholm,Pizza,287.0,46.0,Late,Returning
105839,2026-05-12,10,Malmö,Burgers,231.0,42.0,On time,Returning
105775,2026-05-11,23,Stockholm,Burgers,272.0,49.0,Late,Returning
109092,2026-06-26,21,Göteborg,Pizza,226.0,32.0,On time,Returning
104420,2026-04-23,10,Malmö,Indian,207.0,45.0,On time,New
109642,2026-07-03,19,Stockholm,Salad,268.0,39.0,On time,New
100278,2026-02-26,18,Uppsala,Thai,291.0,36.0,On time,Returning
111477,2026-07-27,10,Malmö,Kebab,206.0,35.0,On time,Returning
103193,2026-04-07,12,Göteborg,Pizza,250.0,35.0,On time,Returning
110271,2026-07-12,18,Göteborg,Pizza,241.0,39.0,On time,Returning
109180,2026-06-27,12,Göteborg,Burgers,205.0,46.0,Late,Returning
108067,2026-06-11,19,Unknown,Salad,308.0,59.0,Late,Returning
101094,2026-03-09,19,Stockholm,Salad,284.0,33.0,On time,New
110751,2026-07-18,13,Stockholm,Thai,215.0,38.0,On time,New
102070,2026-03-23,15,Stockholm,Indian,150.0,33.0,On time,Returning
100092,2026-02-24,11,Göteborg,Pizza,346.0,37.0,On time,Returning
100422,2026-02-28,11,Malmö,Burgers,281.0,53.0,Late,New
112714,2026-08-13,14,Stockholm,Burgers,230.0,54.0,Late,Returning
104840,2026-04-29,19,Malmö,Thai,266.0,44.0,On time,New
112270,2026-08-07,18,Malmö,Thai,172.0,36.0,On time,New
104287,2026-04-21,12,Malmö,Kebab,270.0,38.0,On time,Returning
110423,2026-07-14,18,Göteborg,Vegan,196.0,36.0,On time,New
102381,2026-03-27,21,Malmö,Sushi,210.0,30.0,On time,Returning
103180,2026-04-06,14,Lund,Kebab,303.0,41.0,On time,New
109006,2026-06-24,12,Stockholm,Indian,276.0,29.0,On time,New
104743,2026-04-28,20,Göteborg,Pizza,244.0,37.0,Unknown,New
107680,2026-06-06,20,Malmö,Burgers,198.0,44.0,On time,Returning
101230,2026-03-11,21,Malmö,Thai,232.0,41.0,On time,Returning
108735,2026-06-20,20,Malmö,Sushi,293.0,33.0,On time,Returning
112917,2026-08-16,18,Göteborg,Burgers,265.0,31.0,On time,New
110377,2026-07-13,21,Stockholm,Pizza,267.0,47.0,Late,Returning
110163,2026-07-10,18,Uppsala,Kebab,290.0,45.0,On time,Returning
109471,2026-07-01,16,Göteborg,Pizza,148.0,30.0,On time,Returning
112186,2026-08-06,20,Stockholm,Kebab,235.0,38.0,On time,Returning
107162,2026-05-30,13,Malmö,Pizza,225.0,33.0,On time,Returning
110683,2026-07-17,18,Malmö,Burgers,337.0,36.0,On time,Returning
106917,2026-05-27,11,Göteborg,Pizza,186.0,32.0,On time,New
106777,2026-05-25,14,Stockholm,Indian,327.0,47.0,Late,Returning
102154,2026-03-24,19,Stockholm,Pizza,218.0,48.0,Late,Returning
110673,2026-07-17,17,Stockholm,Pizza,222.0,44.0,On time,New
110178,2026-07-11,17,Göteborg,Kebab,376.0,66.0,Late,Returning
105136,2026-05-03,10,Stockholm,Salad,264.0,21.0,On time,Returning
102079,2026-03-23,13,Stockholm,Vegan,246.0,51.0,Late,Returning
104522,2026-04-25,11,Göteborg,Pizza,247.0,33.0,On time,Returning
102232,2026-03-25,17,Malmö,Kebab,228.0,47.0,Late,New
109104,2026-06-26,12,Stockholm,Pizza,253.0,35.0,On time,Returning
102931,2026-04-04,11,Göteborg,Burgers,228.0,49.0,Late,New
103556,2026-04-11,21,Lund,Salad,269.0,17.0,On time,Returning
108936,2026-06-23,18,Stockholm,Vegan,279.0,23.0,On time,Returning
113379,2026-08-22,13,Stockholm,Pizza,124.0,24.0,On time,New
112203,2026-08-06,19,Malmö,Sushi,251.0,40.0,On time,Returning
112523,2026-08-10,13,Stockholm,Pizza,228.0,39.0,On time,Returning
108696,2026-06-20,11,Göteborg,Sushi,259.0,39.0,On time,Returning
106795,2026-05-25,15,Stockholm,Thai,282.0,49.0,Late,Returning
108448,2026-06-16,20,Stockholm,Sushi,268.0,43.0,On time,Returning
106214,2026-05-17,18,Malmö,Pizza,375.0,27.0,On time,Returning
102681,2026-03-31,19,Stockholm,Burgers,330.0,15.0,On time,New
107661,2026-06-06,11,Stockholm,Sushi,271.0,42.0,On time,New
105186,2026-05-03,14,Uppsala,Pizza,229.0,43.0,On time,Returning
102093,2026-03-23,12,Malmö,Burgers,236.0,26.0,On time,New
107103,2026-05-30,12,Göteborg,Vegan,251.0,41.0,On time,New
111388,2026-07-26,19,Stockholm,Kebab,251.0,48.0,Late,Returning
108449,2026-06-16,17,Stockholm,Sushi,258.0,33.0,On time,Returning
113355,2026-08-22,11,Göteborg,Vegan,287.0,17.0,On time,Returning
113406,2026-08-22,11,Malmö,Sushi,305.0,43.0,On time,Returning
108165,2026-06-13,18,Stockholm,Salad,93.0,38.0,On time,Returning
104584,2026-04-25,20,Lund,Salad,249.0,41.0,On time,Returning
101465,2026-03-15,13,Göteborg,Salad,324.0,32.0,On time,New
103488,2026-04-11,12,Göteborg,Pizza,270.0,52.0,Late,Returning
106898,2026-05-26,11,Lund,Sushi,150.0,36.0,On time,New
110541,2026-07-15,19,Malmö,Burgers,183.0,22.0,On time,Returning
100415,2026-02-28,11,Malmö,Pizza,331.0,52.0,Late,New
109490,2026-07-01,18,Stockholm,Pizza,288.0,38.0,On time,Returning
106660,2026-05-23,20,Malmö,Indian,298.0,22.0,On time,New
106204,2026-05-17,19,Malmö,Pizza,204.0,32.0,On time,Returning
107478,2026-06-03,12,Uppsala,Kebab,286.0,25.0,On time,Returning
103333,2026-04-09,11,Göteborg,Salad,302.0,37.0,On time,New
109794,2026-07-05,11,Malmö,Thai,249.0,36.0,On time,Returning
113114,2026-08-18,20,Malmö,Pizza,222.0,32.0,On time,Returning
103351,2026-04-09,15,Stockholm,Pizza,308.0,46.0,Late,Returning
101472,2026-03-15,11,Göteborg,Burgers,297.0,36.0,On time,Returning
106353,2026-05-19,19,Malmö,Thai,287.0,24.0,On time,Returning
109762,2026-07-05,15,Stockholm,Pizza,273.0,41.0,On time,Returning
106511,2026-05-21,16,Uppsala,Kebab,258.0,43.0,On time,Returning
101104,2026-03-09,13,Malmö,Salad,245.0,33.0,On time,New
108021,2026-06-11,13,Stockholm,Sushi,215.0,34.0,On time,Returning
106650,2026-05-23,17,Malmö,Sushi,202.0,45.0,On time,Returning
106911,2026-05-27,10,Göteborg,Pizza,214.0,37.0,On time,Returning
111043,2026-07-22,18,Göteborg,Pizza,270.0,46.0,Late,Returning
109027,2026-06-25,21,Göteborg,Indian,157.0,55.0,Late,New
100768,2026-03-05,10,Stockholm,Indian,262.0,31.0,On time,New
107973,2026-06-10,12,Stockholm,Sushi,138.0,38.0,On time,New
100678,2026-03-03,19,Lund,Indian,297.0,33.0,On time,New
107999,2026-06-11,17,Göteborg,Pizza,297.0,38.0,On time,New
109425,2026-06-30,17,Stockholm,Salad,186.0,33.0,On time,New
111567,2026-07-29,13,Göteborg,Salad,224.0,41.0,On time,New
108778,2026-06-21,9,Göteborg,Thai,193.0,40.0,On time,Returning
101818,2026-03-20,17,Unknown,Burgers,231.0,43.0,On time,Returning
107419,2026-06-03,11,Göteborg,Burgers,227.0,44.0,On time,Returning
107451,2026-06-03,21,Stockholm,Salad,285.0,53.0,Late,Returning
106012,2026-05-15,10,Stockholm,Pizza,203.0,36.0,On time,Returning
105303,2026-05-05,14,Stockholm,Kebab,216.0,37.0,On time,Returning
104553,2026-04-25,17,Stockholm,Sushi,371.0,20.0,On time,New
108192,2026-06-13,14,Stockholm,Vegan,243.0,44.0,On time,Returning
100190,2026-02-25,16,Malmö,Thai,333.0,50.0,Late,New
108750,2026-06-20,21,Uppsala,Sushi,186.0,25.0,On time,Returning
109402,2026-06-30,12,Göteborg,Pizza,233.0,30.0,On time,Returning
105803,2026-05-12,16,Göteborg,Pizza,267.0,36.0,On time,New
109455,2026-06-30,23,Uppsala,Kebab,197.0,37.0,On time,New
104575,2026-04-25,18,Malmö,Burgers,225.0,38.0,On time,Returning
112233,2026-08-07,11,Unknown,Burgers,300.0,46.0,Late,New
103775,2026-04-14,19,Malmö,Burgers,184.0,44.0,On time,New
100856,2026-03-06,21,Malmö,Sushi,322.0,46.0,Late,New
103304,2026-04-08,12,Malmö,Vegan,279.0,27.0,On time,Returning
113318,2026-08-21,17,Stockholm,Burgers,242.0,37.0,On time,New
102322,2026-03-26,20,Lund,Thai,111.0,28.0,On time,Returning
107492,2026-06-04,21,Göteborg,Vegan,432.0,33.0,On time,New
101932,2026-03-21,20,Malmö,Sushi,200.0,19.0,On time,Returning
101145,2026-03-10,19,Stockholm,Pizza,218.0,41.0,On time,New
103681,2026-04-13,18,Stockholm,Kebab,291.0,49.0,Late,Returning
112296,2026-08-08,11,Göteborg,Burgers,240.0,37.0,On time,New
108874,2026-06-22,11,Stockholm,Kebab,255.0,38.0,On time,Returning
109105,2026-06-26,18,Stockholm,Burgers,303.0,30.0,On time,New
108004,2026-06-11,13,Göteborg,Sushi,201.0,50.0,Late,Returning
104275,2026-04-21,17,Stockholm,Thai,236.0,27.0,On time,New
110397,2026-07-13,13,Malmö,Thai,254.0,33.0,On time,New
109040,2026-06-25,12,Stockholm,Pizza,240.0,41.0,On time,Returning
101505,2026-03-15,11,Stockholm,Indian,253.0,36.0,On time,New
105258,2026-05-04,13,Malmö,Burgers,300.0,59.0,Late,Returning
101199,2026-03-11,12,Stockholm,Pizza,237.0,50.0,Late,Returning
107053,2026-05-29,13,Stockholm,Sushi,225.0,40.0,On time,Returning
105502,2026-05-08,20,Stockholm,Burgers,277.0,33.0,On time,Returning
106291,2026-05-18,9,Malmö,Pizza,233.0,44.0,On time,Returning
113152,2026-08-19,19,Stockholm,Vegan,184.0,45.0,On time,Returning
109072,2026-06-25,17,Malmö,Burgers,252.0,38.0,On time,Returning
104319,2026-04-22,20,Göteborg,Burgers,173.0,37.0,On time,Returning
110622,2026-07-16,11,Malmö,Kebab,258.0,35.0,On time,New
107972,2026-06-10,19,Stockholm,Sushi,327.0,25.0,On time,Returning
105871,2026-05-13,10,Stockholm,Indian,290.0,46.0,Late,Returning
113166,2026-08-19,12,Stockholm,Pizza,248.0,48.0,Late,Returning
104198,2026-04-20,10,Stockholm,Pizza,312.0,27.0,On time,New
103536,2026-04-11,17,Malmö,Salad,318.0,32.0,On time,Returning
102085,2026-03-23,13,Stockholm,Pizza,225.0,38.0,On time,New
113025,2026-08-17,11,Stockholm,Pizza,330.0,51.0,Late,Returning
103426,2026-04-10,12,Stockholm,Thai,207.0,46.0,Late,New
106651,2026-05-23,20,Malmö,Burgers,255.0,28.0,On time,New
113174,2026-08-19,13,Stockholm,Pizza,315.0,35.0,On time,Returning
109422,2026-06-30,17,Stockholm,Pizza,285.0,35.0,On time,Returning
109541,2026-07-02,15,Göteborg,Burgers,265.0,47.0,Late,New
103082,2026-04-05,10,Malmö,Kebab,233.0,24.0,On time,New
106507,2026-05-21,15,Malmö,Thai,231.0,47.0,Late,New
106269,2026-05-18,19,Stockholm,Sushi,203.0,38.0,On time,Returning
110157,2026-07-10,11,Malmö,Thai,219.0,43.0,On time,Returning
100694,2026-03-04,15,Göteborg,Sushi,256.0,40.0,On time,Returning
102922,2026-04-03,16,Uppsala,Vegan,267.0,47.0,Late,Returning
103745,2026-04-14,17,Stockholm,Thai,254.0,38.0,On time,New
107191,2026-05-31,11,Göteborg,Indian,174.0,30.0,On time,Returning
111696,2026-07-30,18,Lund,Kebab,311.0,34.0,On time,Returning
110645,2026-07-17,19,Göteborg,Burgers,227.0,26.0,On time,Returning
101638,2026-03-17,13,Stockholm,Sushi,169.0,36.0,On time,Returning
106485,2026-05-21,17,Stockholm,Burgers,247.0,22.0,On time,Returning
105445,2026-05-07,11,Stockholm,Pizza,190.0,49.0,Late,Returning
100514,2026-03-01,11,Malmö,Burgers,245.0,32.0,On time,Returning
107360,2026-06-02,17,Stockholm,Pizza,286.0,33.0,On time,New
108860,2026-06-22,20,Göteborg,Pizza,264.0,37.0,Unknown,Returning
103627,2026-04-12,15,Malmö,Burgers,250.0,31.0,On time,Returning
102271,2026-03-26,11,Stockholm,Pizza,353.0,31.0,On time,Returning
103684,2026-04-13,12,Stockholm,Thai,173.0,47.0,Late,Returning
103851,2026-04-15,18,Uppsala,Indian,239.0,36.0,On time,New
100251,2026-02-26,10,Stockholm,Pizza,205.0,29.0,On time,Returning
111111,2026-07-23,14,Unknown,Indian,277.0,33.0,On time,Returning
104169,2026-04-20,10,Göteborg,Pizza,289.0,22.0,On time,New
104460,2026-04-24,16,Stockholm,Indian,264.0,34.0,On time,Returning
103468,2026-04-10,19,Uppsala,Pizza,194.0,37.0,On time,New
113417,2026-08-22,12,Malmö,Indian,186.0,40.0,On time,Returning
109501,2026-07-01,11,Stockholm,Kebab,135.0,37.0,On time,New
101868,2026-03-20,12,Uppsala,Sushi,258.0,44.0,On time,New
102000,2026-03-22,11,Stockholm,Vegan,250.0,47.0,Late,Returning
102679,2026-03-31,15,Stockholm,Sushi,233.0,29.0,On time,Returning
105521,2026-05-08,19,Malmö,Burgers,253.0,40.0,On time,Returning
102500,2026-03-29,21,Göteborg,Sushi,215.0,36.0,On time,New
107671,2026-06-06,12,Stockholm,Pizza,356.0,17.0,On time,Returning
103404,2026-04-10,17,Göteborg,Pizza,124.0,35.0,On time,Returning
102053,2026-03-23,16,Göteborg,Burgers,274.0,45.0,On time,Returning
100221,2026-02-26,13,Göteborg,Pizza,292.0,35.0,On time,Returning
110542,2026-07-15,14,Malmö,Pizza,206.0,54.0,Late,Returning
102515,2026-03-29,12,Stockholm,Salad,271.0,38.0,On time,New
106412,2026-05-20,11,Stockholm,Sushi,296.0,44.0,On time,Returning
111533,2026-07-28,14,Stockholm,Pizza,365.0,42.0,On time,Returning
100326,2026-02-27,12,Stockholm,Burgers,298.0,46.0,Late,New
109385,2026-06-29,13,Malmö,Thai,291.0,34.0,On time,Returning
103621,2026-04-12,9,Malmö,Burgers,251.0,45.0,On time,Returning
112466,2026-08-09,13,Malmö,Indian,319.0,44.0,On time,New
104125,2026-04-19,13,Stockholm,Sushi,308.0,48.0,Late,Returning
100802,2026-03-06,19,Göteborg,Indian,301.0,35.0,On time,New
106557,2026-05-22,21,Stockholm,Thai,310.0,43.0,On time,New
102279,2026-03-26,13,Stockholm,Burgers,336.0,27.0,On time,Returning
112925,2026-08-16,22,Göteborg,Salad,147.0,27.0,On time,New
100700,2026-03-04,11,Stockholm,Burgers,233.0,64.0,Late,Returning
109321,2026-06-28,21,Lund,Burgers,287.0,39.0,On time,Returning
112036,2026-08-04,17,Stockholm,Indian,265.0,51.0,Late,Returning
102928,2026-04-03,18,Lund,Vegan,230.0,43.0,On time,Returning
113223,2026-08-20,11,Göteborg,Pizza,189.0,44.0,On time,New
101695,2026-03-18,14,Unknown,Salad,248.0,45.0,On time,Returning
105725,2026-05-10,18,Uppsala,Kebab,228.0,42.0,On time,Returning
110207,2026-07-11,11,Stockholm,Thai,341.0,36.0,On time,New
101566,2026-03-16,12,Göteborg,Burgers,231.0,47.0,Late,New
108469,2026-06-16,17,Uppsala,Pizza,228.0,22.0,On time,Returning
108346,2026-06-15,17,Stockholm,Sushi,269.0,43.0,On time,New
101934,2026-03-21,11,Malmö,Indian,257.0,41.0,On time,Returning
113387,2026-08-22,10,Stockholm,Sushi,187.0,23.0,On time,New
112742,2026-08-13,18,Unknown,Indian,324.0,40.0,On time,Returning
110806,2026-07-19,12,Göteborg,Sushi,275.0,27.0,On time,Returning
111357,2026-07-26,20,Göteborg,Pizza,307.0,47.0,Late,Returning
108020,2026-06-11,19,Stockholm,Thai,213.0,27.0,On time,Returning
100013,2026-02-23,18,Göteborg,Indian,196.0,43.0,On time,New
105412,2026-05-07,18,Göteborg,Kebab,319.0,28.0,On time,Returning
112593,2026-08-11,10,Stockholm,Indian,258.0,27.0,On time,New
101235,2026-03-11,14,Malmö,Pizza,290.0,31.0,On time,Returning
107971,2026-06-10,11,Stockholm,Indian,275.0,35.0,On time,Returning
110170,2026-07-11,13,Göteborg,Burgers,216.0,26.0,On time,Returning
105667,2026-05-10,18,Stockholm,Sushi,243.0,56.0,Late,New
109939,2026-07-07,20,Malmö,Pizza,210.0,32.0,On time,Returning
101704,2026-03-18,17,Stockholm,Pizza,264.0,21.0,On time,Returning
111494,2026-07-28,17,Göteborg,Pizza,239.0,38.0,On time,Returning
106091,2026-05-16,22,Stockholm,Indian,205.0,51.0,Late,New
110880,2026-07-19,19,Uppsala,Kebab,274.0,36.0,On time,Returning
102136,2026-03-24,21,Stockholm,Indian,366.0,26.0,On time,Returning
108597,2026-06-18,11,Uppsala,Salad,236.0,49.0,Late,New
110791,2026-07-18,14,Uppsala,Sushi,324.0,30.0,On time,Returning
102424,2026-03-28,12,Stockholm,Salad,239.0,33.0,On time,Returning
100621,2026-03-03,17,Göteborg,Kebab,229.0,53.0,Late,New
105287,2026-05-05,12,Göteborg,Burgers,279.0,30.0,On time,Returning
113055,2026-08-17,13,Uppsala,Vegan,230.0,40.0,On time,Returning
101625,2026-03-17,11,Göteborg,Burgers,250.0,49.0,Late,Returning
108523,2026-06-17,23,Malmö,Salad,308.0,53.0,Late,New
113260,2026-08-20,14,Malmö,Vegan,222.0,35.0,On time,New
106139,2026-05-17,11,Göteborg,Sushi,296.0,29.0,On time,Returning
112065,2026-08-04,11,Uppsala,Sushi,233.0,42.0,On time,New
104671,2026-04-27,20,Unknown,Thai,191.0,45.0,On time,Returning
105379,2026-05-06,19,Stockholm,Salad,234.0,49.0,Late,Returning
105171,2026-05-03,14,Malmö,Sushi,268.0,22.0,On time,Returning
109890,2026-07-07,12,Göteborg,Kebab,225.0,36.0,On time,New
103116,2026-04-05,10,Unknown,Thai,161.0,24.0,On time,New
100951,2026-03-07,12,Uppsala,Thai,277.0,29.0,On time,New
108669,2026-06-19,17,Unknown,Thai,201.0,53.0,Late,New
100642,2026-03-03,13,Stockholm,Burgers,247.0,41.0,On time,Returning
103279,2026-04-08,17,Stockholm,Burgers,302.0,36.0,On time,Returning
108517,2026-06-17,20,Stockholm,Kebab,196.0,37.0,On time,Returning
105904,2026-05-13,17,Uppsala,Burgers,297.0,32.0,On time,Returning
102056,2026-03-23,12,Göteborg,Kebab,235.0,41.0,On time,New
110689,2026-07-17,18,Malmö,Pizza,210.0,50.0,Late,Returning
111542,2026-07-28,19,Malmö,Kebab,180.0,30.0,On time,New
100998,2026-03-08,16,Stockholm,Indian,285.0,47.0,Late,New
106052,2026-05-15,10,Lund,Sushi,238.0,37.0,On time,New
102088,2026-03-23,11,Stockholm,Pizza,205.0,35.0,On time,Returning
107101,2026-05-30,12,Göteborg,Burgers,229.0,45.0,On time,Returning
112004,2026-08-03,11,Lund,Kebab,301.0,39.0,On time,Returning
112082,2026-08-05,11,Göteborg,Indian,259.0,31.0,On time,Returning
111028,2026-07-21,16,Uppsala,Sushi,303.0,33.0,On time,Returning
111907,2026-08-02,19,Stockholm,Sushi,323.0,40.0,On time,Returning
112206,2026-08-06,20,Malmö,Burgers,308.0,22.0,On time,New
108258,2026-06-14,22,Stockholm,Indian,194.0,29.0,On time,Returning
110964,2026-07-21,11,Göteborg,Kebab,236.0,39.0,On time,New
106481,2026-05-21,18,Stockholm,Burgers,287.0,36.0,On time,Returning
100581,2026-03-02,20,Malmö,Pizza,231.0,59.0,Late,Returning
106184,2026-05-17,21,Stockholm,Kebab,234.0,32.0,On time,Returning
100687,2026-03-04,11,Göteborg,Vegan,259.0,38.0,On time,New
104136,2026-04-19,14,Malmö,Burgers,223.0,35.0,On time,New
100501,2026-03-01,18,Stockholm,Pizza,279.0,50.0,Late,New
102774,2026-04-01,18,Malmö,Sushi,246.0,37.0,On time,Returning
103786,2026-04-14,20,Uppsala,Pizza,407.0,36.0,On time,New
107874,2026-06-09,15,Göteborg,Thai,222.0,53.0,Late,Returning
105377,2026-05-06,13,Stockholm,Burgers,182.0,16.0,On time,Returning
105695,2026-05-10,13,Stockholm,Salad,172.0,40.0,On time,New
109560,2026-07-02,12,Stockholm,Pizza,316.0,29.0,On time,New
100477,2026-03-01,17,Stockholm,Kebab,262.0,26.0,On time,Returning
110162,2026-07-10,19,Uppsala,Pizza,161.0,36.0,On time,Returning
102993,2026-04-04,19,Malmö,Salad,304.0,50.0,Late,Returning
110845,2026-07-19,12,Stockholm,Vegan,272.0,46.0,Late,Returning
103120,2026-04-06,12,Göteborg,Pizza,278.0,28.0,On time,Returning
109878,2026-07-06,9,Lund,Sushi,197.0,33.0,On time,New
100196,2026-02-25,20,Malmö,Indian,204.0,30.0,On time,Returning
111395,2026-07-26,22,Malmö,Sushi,287.0,47.0,Late,Returning
108282,2026-06-14,19,Stockholm,Indian,302.0,29.0,On time,New
103416,2026-04-10,15,Göteborg,Salad,200.0,15.0,On time,Returning
105126,2026-05-03,20,Stockholm,Pizza,424.0,40.0,On time,Returning
112965,2026-08-16,10,Stockholm,Indian,275.0,44.0,On time,New
105025,2026-05-02,19,Göteborg,Kebab,158.0,50.0,Late,New
112972,2026-08-16,12,Malmö,Sushi,222.0,35.0,On time,Returning
100733,2026-03-04,11,Uppsala,Indian,170.0,40.0,On time,Returning
102276,2026-03-26,19,Stockholm,Burgers,320.0,36.0,On time,Returning
101144,2026-03-10,19,Stockholm,Thai,201.0,47.0,Late,New
109662,2026-07-03,20,Uppsala,Vegan,178.0,38.0,On time,Returning
111176,2026-07-24,11,Göteborg,Pizza,372.0,50.0,Late,Returning
106223,2026-05-17,13,Uppsala,Sushi,252.0,21.0,On time,Returning
111398,2026-07-26,16,Malmö,Burgers,268.0,19.0,On time,Returning
112612,2026-08-11,10,Uppsala,Pizza,185.0,41.0,On time,New
112022,2026-08-04,14,Göteborg,Burgers,200.0,40.0,On time,Returning
107914,2026-06-09,11,Malmö,Kebab,219.0,34.0,On time,New
103645,2026-04-12,14,Unknown,Pizza,192.0,47.0,Late,Returning
110082,2026-07-09,20,Malmö,Sushi,259.0,25.0,On time,Returning
101506,2026-03-15,22,Stockholm,Kebab,334.0,46.0,Late,New
108288,2026-06-14,20,Malmö,Kebab,171.0,35.0,On time,New
101598,2026-03-16,11,Malmö,Thai,232.0,24.0,On time,New
102198,2026-03-25,12,Göteborg,Sushi,280.0,34.0,On time,New
111434,2026-07-27,13,Göteborg,Pizza,343.0,25.0,On time,Returning
105891,2026-05-13,19,Malmö,Sushi,211.0,43.0,On time,Returning
112963,2026-08-16,12,Stockholm,Vegan,321.0,41.0,On time,Returning
108969,2026-06-24,12,Göteborg,Pizza,359.0,33.0,On time,Returning
104431,2026-04-23,13,Uppsala,Pizza,176.0,37.0,On time,New
108970,2026-06-24,17,Göteborg,Salad,316.0,37.0,On time,Returning
107789,2026-06-07,20,Uppsala,Pizza,165.0,40.0,On time,Returning
100363,2026-02-28,18,Göteborg,Thai,236.0,23.0,On time,Returning
107114,2026-05-30,21,Göteborg,Pizza,206.0,38.0,On time,New
107491,2026-06-04,14,Göteborg,Indian,236.0,34.0,On time,Returning
106126,2026-05-16,14,Uppsala,Pizza,355.0,37.0,On time,Returning
101115,2026-03-09,10,Uppsala,Vegan,251.0,29.0,On time,Returning
102338,2026-03-27,15,Göteborg,Pizza,232.0,36.0,On time,Returning
111324,2026-07-25,12,Uppsala,Thai,356.0,59.0,Late,Returning
100042,2026-02-23,19,Stockholm,Kebab,189.0,40.0,On time,Returning
100863,2026-03-06,17,Uppsala,Pizza,217.0,24.0,On time,Returning
106791,2026-05-25,22,Stockholm,Kebab,222.0,41.0,On time,New
106156,2026-05-17,17,Göteborg,Sushi,210.0,59.0,Late,Returning
103234,2026-04-07,12,Malmö,Pizza,218.0,56.0,Late,Returning
103191,2026-04-07,20,Göteborg,Burgers,332.0,37.0,On time,Returning
103360,2026-04-09,13,Unknown,Pizza,202.0,34.0,On time,Returning
110907,2026-07-20,17,Stockholm,Sushi,318.0,35.0,On time,Returning
112090,2026-08-05,14,Göteborg,Burgers,321.0,16.0,On time,New
112922,2026-08-16,14,Göteborg,Kebab,327.0,52.0,Late,Returning
111815,2026-08-01,18,Stockholm,Burgers,205.0,49.0,Late,Returning
101811,2026-03-19,10,Uppsala,Sushi,279.0,36.0,On time,New
106868,2026-05-26,10,Stockholm,Burgers,238.0,53.0,Late,Returning
102236,2026-03-25,11,Malmö,Pizza,169.0,53.0,Late,New
103882,2026-04-16,16,Stockholm,Pizza,262.0,43.0,On time,New
104525,2026-04-25,11,Göteborg,Thai,361.0,46.0,Late,Returning
111773,2026-08-01,23,Göteborg,Indian,218.0,31.0,On time,New
107827,2026-06-08,20,Stockholm,Burgers,237.0,54.0,Late,New
100758,2026-03-05,21,Stockholm,Kebab,198.0,59.0,Late,Returning
104939,2026-05-01,15,Göteborg,Burgers,262.0,41.0,On time,New
102256,2026-03-26,13,Göteborg,Pizza,191.0,47.0,Late,New
104200,2026-04-20,13,Stockholm,Pizza,340.0,27.0,On time,Returning
101324,2026-03-13,20,Göteborg,Burgers,360.0,42.0,On time,Returning
109317,2026-06-28,21,Uppsala,Sushi,217.0,34.0,On time,New
110699,2026-07-17,16,Uppsala,Pizza,171.0,40.0,On time,Returning
107709,2026-06-06,18,Lund,Kebab,198.0,32.0,On time,Returning
105909,2026-05-13,19,Uppsala,Kebab,284.0,33.0,On time,Returning
112456,2026-08-09,22,Stockholm,Burgers,244.0,41.0,On time,Returning
109784,2026-07-05,9,Stockholm,Vegan,211.0,40.0,On time,New
107691,2026-06-06,16,Malmö,Pizza,265.0,57.0,Late,Returning
105266,2026-05-04,13,Malmö,Thai,254.0,27.0,On time,Returning
111697,2026-07-30,21,Lund,Salad,218.0,22.0,On time,Returning
111414,2026-07-26,10,Lund,Sushi,239.0,38.0,On time,Returning
103573,2026-04-12,20,Göteborg,Indian,216.0,41.0,On time,Returning
110278,2026-07-12,16,Stockholm,Kebab,240.0,44.0,On time,Returning
109867,2026-07-06,20,Uppsala,Indian,316.0,31.0,On time,Returning
107438,2026-06-03,11,Stockholm,Burgers,171.0,38.0,On time,Returning
107752,2026-06-07,15,Stockholm,Burgers,194.0,41.0,On time,Returning
101890,2026-03-21,20,Unknown,Burgers,265.0,28.0,On time,Returning
112765,2026-08-14,20,Göteborg,Indian,129.0,27.0,On time,New
107788,2026-06-07,10,Malmö,Kebab,335.0,39.0,On time,New
102790,2026-04-01,13,Lund,Kebab,240.0,56.0,Late,New
103282,2026-04-08,13,Stockholm,Vegan,234.0,31.0,On time,Returning
100330,2026-02-27,22,Stockholm,Burgers,311.0,30.0,On time,Returning
102916,2026-04-03,23,Malmö,Vegan,241.0,33.0,On time,Returning
111059,2026-07-22,21,Stockholm,Pizza,202.0,38.0,On time,New
111390,2026-07-26,23,Stockholm,Pizza,96.0,24.0,On time,Returning
111235,2026-07-24,20,Uppsala,Vegan,345.0,39.0,On time,Returning
107505,2026-06-04,12,Stockholm,Indian,306.0,22.0,On time,Returning
107092,2026-05-30,17,Göteborg,Pizza,282.0,16.0,On time,Returning
110107,2026-07-10,22,Göteborg,Thai,294.0,39.0,On time,Returning
101109,2026-03-09,14,Malmö,Sushi,336.0,34.0,On time,Returning
111880,2026-08-02,20,Stockholm,Kebab,176.0,44.0,On time,New
103495,2026-04-11,18,Stockholm,Burgers,159.0,20.0,On time,Returning
107414,2026-06-03,10,Göteborg,Pizza,221.0,26.0,On time,Returning
113069,2026-08-18,20,Göteborg,Pizza,224.0,30.0,On time,Returning
100226,2026-02-26,17,Göteborg,Pizza,166.0,45.0,On time,New
109923,2026-07-07,13,Stockholm,Pizza,282.0,48.0,Late,Returning
109569,2026-07-02,13,Stockholm,Sushi,170.0,30.0,On time,Returning
107349,2026-06-02,18,Stockholm,Indian,210.0,37.0,On time,New
103182,2026-04-07,22,Göteborg,Thai,302.0,63.0,Late,New
105306,2026-05-05,19,Stockholm,Burgers,317.0,34.0,On time,Returning
111683,2026-07-30,11,Malmö,Sushi,89.0,36.0,On time,Returning
108084,2026-06-12,12,Göteborg,Indian,279.0,43.0,On time,Returning
101352,2026-03-13,14,Stockholm,Kebab,302.0,36.0,On time,New
105329,2026-05-05,12,Malmö,Pizza,287.0,31.0,On time,New
108670,2026-06-19,11,Malmö,Salad,302.0,44.0,On time,Returning
110805,2026-07-19,12,Göteborg,Pizza,262.0,22.0,On time,New
107450,2026-06-03,12,Stockholm,Sushi,208.0,39.0,On time,New
101425,2026-03-14,10,Stockholm,Kebab,290.0,47.0,Late,New
104372,2026-04-22,11,Uppsala,Salad,399.0,37.0,On time,Returning
104724,2026-04-27,17,Uppsala,Salad,267.0,37.0,On time,Returning
101307,2026-03-12,13,Malmö,Indian,330.0,40.0,On time,Returning
108339,2026-06-15,19,Stockholm,Pizza,233.0,46.0,Late,New
102701,2026-03-31,10,Malmö,Sushi,252.0,33.0,On time,New
107284,2026-06-01,12,Stockholm,Sushi,232.0,52.0,Late,Returning
102083,2026-03-23,23,Stockholm,Salad,205.0,39.0,On time,Returning
103609,2026-04-12,18,Stockholm,Pizza,289.0,35.0,On time,Returning
106862,2026-05-26,14,Stockholm,Pizza,324.0,45.0,On time,Returning
113035,2026-08-17,12,Stockholm,Pizza,285.0,48.0,Late,Returning
109835,2026-07-06,12,Stockholm,Pizza,271.0,37.0,Unknown,Returning
102699,2026-03-31,11,Malmö,Indian,225.0,30.0,On time,New
106093,2026-05-16,12,Stockholm,Kebab,370.0,46.0,Late,Returning
112385,2026-08-08,18,Uppsala,Pizza,274.0,40.0,On time,Returning
113499,2026-08-23,22,Malmö,Thai,130.0,38.0,On time,New
112398,2026-08-08,20,Lund,Burgers,321.0,36.0,On time,Returning
101742,2026-03-18,18,Lund,Vegan,296.0,65.0,Late,New
111539,2026-07-28,12,Malmö,Burgers,243.0,49.0,Late,Returning
108897,2026-06-22,12,Uppsala,Salad,300.0,24.0,On time,Returning
105863,2026-05-13,14,Göteborg,Thai,366.0,47.0,Late,New
111405,2026-07-26,9,Uppsala,Burgers,257.0,57.0,Late,New
104873,2026-04-30,17,Göteborg,Salad,314.0,39.0,On time,Returning
107528,2026-06-04,17,Malmö,Burgers,327.0,33.0,On time,Returning
109379,2026-06-29,12,Malmö,Burgers,244.0,16.0,On time,New
108210,2026-06-13,15,Malmö,Indian,235.0,38.0,On time,New
101525,2026-03-15,18,Malmö,Kebab,295.0,33.0,On time,Returning
105542,2026-05-08,13,Uppsala,Burgers,296.0,33.0,On time,Returning
103581,2026-04-12,13,Stockholm,Burgers,232.0,31.0,On time,New
108992,2026-06-24,21,Stockholm,Pizza,244.0,50.0,Late,New
101292,2026-03-12,19,Stockholm,Kebab,386.0,47.0,Late,Returning
104576,2026-04-25,12,Malmö,Pizza,131.0,33.0,On time,New
109586,2026-07-02,17,Malmö,Salad,289.0,31.0,On time,Returning
100112,2026-02-24,19,Stockholm,Indian,274.0,49.0,Late,Returning
109365,2026-06-29,11,Stockholm,Burgers,223.0,25.0,On time,Returning
104073,2026-04-19,11,Göteborg,Burgers,212.0,40.0,On time,Returning
112570,2026-08-11,12,Göteborg,Thai,275.0,30.0,On time,Returning
108263,2026-06-14,15,Stockholm,Pizza,323.0,40.0,On time,Returning
108731,2026-06-20,16,Stockholm,Pizza,240.0,42.0,On time,New
109475,2026-07-01,13,Göteborg,Burgers,334.0,33.0,On time,New
104725,2026-04-27,12,Lund,Sushi,200.0,38.0,On time,Returning
107264,2026-05-31,19,Lund,Thai,221.0,40.0,On time,New
102852,2026-04-02,9,Uppsala,Indian,322.0,15.0,On time,Returning
101391,2026-03-14,15,Göteborg,Pizza,231.0,33.0,On time,New
102244,2026-03-25,18,Lund,Sushi,220.0,30.0,On time,Returning
111619,2026-07-29,19,Lund,Burgers,245.0,32.0,On time,Returning
101173,2026-03-10,11,Uppsala,Burgers,169.0,34.0,On time,Returning
100881,2026-03-07,13,Göteborg,Burgers,287.0,44.0,On time,Returning
102475,2026-03-28,17,Lund,Burgers,115.0,36.0,On time,Returning
111029,2026-07-21,12,Uppsala,Kebab,232.0,29.0,On time,New
105582,2026-05-09,21,Stockholm,Pizza,324.0,36.0,On time,Returning
101328,2026-03-13,16,Göteborg,Burgers,388.0,39.0,On time,Returning
100811,2026-03-06,12,Göteborg,Vegan,270.0,50.0,Late,Returning
107402,2026-06-02,12,Lund,Burgers,325.0,37.0,On time,New
101889,2026-03-21,12,Göteborg,Thai,302.0,22.0,On time,Returning
109906,2026-07-07,12,Unknown,Pizza,278.0,41.0,On time,Returning
102211,2026-03-25,11,Stockholm,Sushi,114.0,25.0,On time,Returning
109951,2026-07-07,20,Lund,Pizza,313.0,25.0,On time,Returning
109108,2026-06-26,12,Stockholm,Sushi,204.0,17.0,On time,New
102768,2026-04-01,16,Malmö,Pizza,371.0,41.0,On time,New
102576,2026-03-30,17,Göteborg,Pizza,180.0,24.0,On time,New
104761,2026-04-28,17,Stockholm,Burgers,188.0,33.0,On time,New
107639,2026-06-06,11,Stockholm,Pizza,350.0,27.0,On time,Returning
112551,2026-08-10,13,Uppsala,Pizza,253.0,43.0,On time,Returning
108187,2026-06-13,13,Stockholm,Sushi,237.0,45.0,On time,Returning
100960,2026-03-07,18,Lund,Pizza,268.0,26.0,On time,Returning
106739,2026-05-24,21,Uppsala,Pizza,185.0,49.0,Late,New
103553,2026-04-11,14,Lund,Sushi,178.0,42.0,On time,Returning
112155,2026-08-06,20,Göteborg,Salad,291.0,37.0,On time,Returning
107226,2026-05-31,11,Stockholm,Thai,257.0,38.0,On time,New
111413,2026-07-26,21,Uppsala,Pizza,227.0,15.0,On time,New
100500,2026-03-01,19,Stockholm,Pizza,152.0,24.0,On time,Returning
107806,2026-06-08,19,Göteborg,Kebab,244.0,28.0,On time,New
101298,2026-03-12,12,Malmö,Pizza,141.0,41.0,On time,New
112961,2026-08-16,12,Stockholm,Indian,192.0,41.0,On time,Returning
108359,2026-06-15,19,Stockholm,Sushi,234.0,40.0,On time,New
101236,2026-03-11,16,Uppsala,Salad,329.0,49.0,Late,New
101991,2026-03-22,14,Stockholm,Thai,153.0,25.0,On time,New
110035,2026-07-09,12,Göteborg,Pizza,214.0,22.0,On time,Returning
106838,2026-05-26,17,Göteborg,Salad,359.0,33.0,On time,Returning
107974,2026-06-10,13,Stockholm,Salad,262.0,21.0,On time,Returning
108420,2026-06-16,10,Stockholm,Salad,281.0,28.0,On time,Returning
106248,2026-05-18,13,Göteborg,Pizza,264.0,36.0,On time,Returning
103303,2026-04-08,19,Malmö,Sushi,226.0,47.0,Late,Returning
102672,2026-03-31,20,Stockholm,Indian,325.0,40.0,On time,New
107292,2026-06-01,14,Stockholm,Pizza,197.0,15.0,On time,Returning
112421,2026-08-09,18,Stockholm,Pizza,262.0,48.0,Late,Returning
105996,2026-05-15,13,Göteborg,Indian,214.0,35.0,On time,Returning
104838,2026-04-29,11,Stockholm,Pizza,211.0,49.0,Late,New
100778,2026-03-05,20,Malmö,Indian,284.0,37.0,On time,New
113301,2026-08-21,20,Göteborg,Sushi,248.0,38.0,On time,New
107815,2026-06-08,12,Göteborg,Vegan,222.0,36.0,On time,New
107370,2026-06-02,17,Stockholm,Kebab,335.0,38.0,On time,Returning
111835,2026-08-01,11,Malmö,Indian,234.0,41.0,On time,Returning
110393,2026-07-13,11,Malmö,Kebab,315.0,25.0,On time,Returning
102557,2026-03-29,12,Uppsala,Kebab,381.0,48.0,Late,New
104484,2026-04-24,20,Stockholm,Pizza,224.0,26.0,On time,New
104773,2026-04-28,13,Malmö,Indian,332.0,41.0,On time,New
108949,2026-06-23,16,Uppsala,Sushi,285.0,29.0,On time,New
107061,2026-05-29,17,Stockholm,Thai,196.0,44.0,On time,New
101361,2026-03-13,17,Unknown,Indian,309.0,42.0,On time,Returning
101851,2026-03-20,17,Stockholm,Indian,217.0,45.0,On time,Returning
102019,2026-03-22,13,Malmö,Sushi,263.0,24.0,On time,Returning
112594,2026-08-11,19,Stockholm,Thai,308.0,39.0,On time,Returning
105657,2026-05-10,22,Göteborg,Burgers,308.0,32.0,On time,New
111181,2026-07-24,17,Göteborg,Indian,229.0,45.0,On time,Returning
111009,2026-07-21,18,Malmö,Kebab,238.0,32.0,On time,Returning
105188,2026-05-03,14,Uppsala,Pizza,150.0,34.0,On time,Returning
103476,2026-04-10,12,Lund,Kebab,278.0,39.0,On time,Returning
112536,2026-08-10,11,Malmö,Indian,237.0,44.0,On time,New
111821,2026-08-01,10,Stockholm,Burgers,310.0,18.0,On time,New
111720,2026-07-31,9,Göteborg,Burgers,259.0,51.0,Late,Returning
105098,2026-05-03,14,Göteborg,Sushi,224.0,49.0,Late,Returning
100872,2026-03-06,18,Lund,Pizza,226.0,26.0,On time,Returning
108272,2026-06-14,16,Stockholm,Sushi,369.0,42.0,On time,Returning
100009,2026-02-23,10,Göteborg,Burgers,187.0,41.0,On time,New
102222,2026-03-25,13,Stockholm,Thai,256.0,33.0,On time,New
101289,2026-03-12,12,Stockholm,Pizza,326.0,42.0,On time,New
106259,2026-05-18,12,Stockholm,Burgers,227.0,30.0,On time,Returning
103388,2026-04-09,18,Malmö,Vegan,242.0,25.0,On time,Returning
112549,2026-08-10,22,Malmö,Indian,382.0,46.0,Late,New
105309,2026-05-05,12,Stockholm,Vegan,163.0,42.0,On time,Returning
103064,2026-04-05,17,Stockholm,Indian,247.0,33.0,On time,Returning
112669,2026-08-12,10,Malmö,Pizza,209.0,37.0,On time,Returning
112055,2026-08-04,18,Malmö,Indian,196.0,39.0,On time,New
110529,2026-07-15,14,Stockholm,Pizza,188.0,25.0,On time,Returning
110706,2026-07-17,11,Lund,Pizza,157.0,48.0,Late,Returning
110156,2026-07-10,18,Malmö,Burgers,246.0,28.0,On time,Returning
100988,2026-03-08,13,Stockholm,Vegan,310.0,37.0,On time,New
105134,2026-05-03,13,Stockholm,Sushi,244.0,25.0,On time,New
110453,2026-07-14,19,Stockholm,Thai,205.0,24.0,On time,Returning
103158,2026-04-06,13,Stockholm,Burgers,267.0,44.0,On time,New
110454,2026-07-14,14,Stockholm,Pizza,299.0,36.0,On time,Returning
109828,2026-07-06,12,Göteborg,Kebab,373.0,33.0,On time,New
107984,2026-06-10,17,Malmö,Vegan,399.0,50.0,Late,New
103753,2026-04-14,11,Stockholm,Thai,240.0,38.0,On time,New
107482,2026-06-03,13,Lund,Pizza,196.0,40.0,On time,Returning
102816,2026-04-02,22,Stockholm,Salad,186.0,52.0,Late,Returning
111824,2026-08-01,11,Stockholm,Burgers,372.0,38.0,On time,Returning
109621,2026-07-03,17,Stockholm,Pizza,235.0,39.0,On time,Returning
103471,2026-04-10,22,Uppsala,Burgers,293.0,37.0,Unknown,Returning
111723,2026-07-31,14,Stockholm,Pizza,251.0,40.0,On time,New
112396,2026-08-08,19,Lund,Pizza,215.0,53.0,Late,Returning
102442,2026-03-28,12,Malmö,Burgers,232.0,40.0,On time,New
102391,2026-03-27,18,Uppsala,Burgers,209.0,37.0,Unknown,Returning
101596,2026-03-16,14,Malmö,Pizza,299.0,42.0,On time,Returning
103475,2026-04-10,19,Unknown,Pizza,175.0,31.0,On time,Returning
105059,2026-05-02,18,Malmö,Salad,261.0,20.0,On time,Returning
103350,2026-04-09,20,Stockholm,Sushi,220.0,45.0,On time,New
108586,2026-06-18,20,Malmö,Thai,249.0,41.0,On time,New
108242,2026-06-14,12,Göteborg,Burgers,194.0,28.0,On time,Returning
110231,2026-07-11,15,Malmö,Kebab,265.0,44.0,On time,Returning
109085,2026-06-25,9,Unknown,Pizza,178.0,38.0,On time,New
110145,2026-07-10,15,Malmö,Pizza,210.0,21.0,On time,New
109279,2026-06-28,17,Stockholm,Thai,259.0,44.0,On time,Returning
104660,2026-04-26,19,Lund,Sushi,349.0,25.0,On time,New
106466,2026-05-21,21,Stockholm,Kebab,311.0,46.0,Late,Returning
108782,2026-06-21,16,Göteborg,Burgers,280.0,42.0,On time,Returning
106551,2026-05-22,14,Stockholm,Pizza,212.0,30.0,On time,Returning
102417,2026-03-28,18,Göteborg,Burgers,327.0,47.0,Late,New
100860,2026-03-06,17,Malmö,Burgers,262.0,40.0,On time,Returning
100819,2026-03-06,18,Stockholm,Sushi,176.0,32.0,On time,New
108341,2026-06-15,12,Stockholm,Thai,205.0,29.0,On time,Returning
100957,2026-03-07,11,Lund,Pizza,172.0,37.0,On time,New
100159,2026-02-25,18,Göteborg,Burgers,226.0,35.0,On time,New
103406,2026-04-10,15,Göteborg,Pizza,249.0,37.0,Unknown,Returning
101712,2026-03-18,19,Stockholm,Salad,212.0,36.0,On time,Returning
100413,2026-02-28,12,Malmö,Sushi,315.0,34.0,On time,New
107858,2026-06-08,19,Unknown,Thai,287.0,42.0,On time,New
107663,2026-06-06,12,Stockholm,Sushi,337.0,36.0,On time,Returning
103791,2026-04-14,16,Lund,Kebab,137.0,37.0,On time,Returning
109220,2026-06-27,12,Stockholm,Burgers,258.0,24.0,On time,Returning
107915,2026-06-09,20,Malmö,Burgers,274.0,28.0,On time,Returning
111487,2026-07-27,14,Lund,Burgers,259.0,21.0,On time,New
109538,2026-07-02,13,Göteborg,Burgers,213.0,32.0,On time,Returning
104954,2026-05-01,18,Göteborg,Burgers,278.0,27.0,On time,Returning
109457,2026-06-30,12,Lund,Pizza,232.0,250.0,Unknown,Returning
112084,2026-08-05,17,Göteborg,Sushi,255.0,44.0,On time,New
108261,2026-06-14,19,Stockholm,Sushi,217.0,44.0,On time,Returning
107425,2026-06-03,23,Stockholm,Kebab,254.0,47.0,Late,New
111906,2026-08-02,10,Stockholm,Salad,300.0,37.0,Unknown,New
101463,2026-03-15,19,Göteborg,Burgers,293.0,26.0,On time,New
107677,2026-06-06,16,Malmö,Pizza,285.0,37.0,On time,Returning
109165,2026-06-27,14,Göteborg,Burgers,189.0,26.0,On time,Returning
110737,2026-07-18,12,Stockholm,Thai,232.0,33.0,On time,New
107857,2026-06-08,19,Lund,Kebab,259.0,44.0,On time,New
103957,2026-04-17,12,Stockholm,Kebab,230.0,30.0,On time,Returning
106711,2026-05-24,12,Stockholm,Burgers,242.0,38.0,On time,Returning
104111,2026-04-19,19,Stockholm,Kebab,258.0,38.0,On time,Returning
112778,2026-08-14,18,Stockholm,Indian,180.0,42.0,On time,Returning
103145,2026-04-06,19,Stockholm,Burgers,300.0,18.0,On time,New
112080,2026-08-05,11,Göteborg,Burgers,273.0,26.0,On time,Returning
100220,2026-02-26,21,Göteborg,Sushi,282.0,35.0,On time,Returning
111653,2026-07-30,20,Stockholm,Thai,237.0,19.0,On time,Returning
111754,2026-07-31,17,Malmö,Thai,278.0,45.0,On time,New
101992,2026-03-22,15,Stockholm,Thai,218.0,34.0,On time,Returning
102593,2026-03-30,20,Stockholm,Burgers,247.0,47.0,Late,Returning
105520,2026-05-08,18,Malmö,Pizza,252.0,40.0,On time,New
112094,2026-08-05,12,Göteborg,Pizza,268.0,43.0,On time,New
109020,2026-06-24,11,Lund,Sushi,275.0,38.0,On time,New
108603,2026-06-18,12,Lund,Vegan,211.0,36.0,On time,Returning
104346,2026-04-22,10,Stockholm,Pizza,223.0,36.0,On time,Returning
105759,2026-05-11,20,Stockholm,Indian,398.0,27.0,On time,Returning
107987,2026-06-10,11,Uppsala,Burgers,288.0,36.0,On time,Returning
100849,2026-03-06,9,Malmö,Sushi,210.0,40.0,On time,Returning
110284,2026-07-12,18,Stockholm,Indian,250.0,25.0,On time,New
107759,2026-06-07,11,Stockholm,Burgers,256.0,40.0,On time,Returning
101740,2026-03-18,19,Uppsala,Indian,231.0,47.0,Late,New
103877,2026-04-16,18,Göteborg,Burgers,203.0,47.0,Late,Returning
104930,2026-04-30,12,Uppsala,Burgers,280.0,38.0,On time,Returning
112867,2026-08-15,13,Stockholm,Kebab,231.0,31.0,On time,New
101631,2026-03-17,12,Göteborg,Pizza,169.0,16.0,On time,Returning
110246,2026-07-11,19,Lund,Pizza,218.0,47.0,Late,Returning
103697,2026-04-13,14,Stockholm,Thai,280.0,38.0,On time,Returning
100729,2026-03-04,23,Malmö,Pizza,261.0,42.0,On time,New
105030,2026-05-02,12,Stockholm,Pizza,242.0,42.0,On time,Returning
112769,2026-08-14,11,Göteborg,Kebab,213.0,44.0,On time,Returning
107696,2026-06-06,13,Uppsala,Pizza,203.0,26.0,On time,Returning
105588,2026-05-09,12,Stockholm,Thai,293.0,53.0,Late,Returning
108562,2026-06-18,20,Stockholm,Indian,202.0,49.0,Late,Returning
104655,2026-04-26,12,Uppsala,Pizza,254.0,36.0,On time,Returning
105060,2026-05-02,12,Malmö,Pizza,305.0,42.0,On time,New
110054,2026-07-09,16,Stockholm,Thai,137.0,15.0,On time,Returning
112439,2026-08-09,9,Stockholm,Burgers,206.0,31.0,On time,Returning
103410,2026-04-10,9,Göteborg,Salad,291.0,49.0,Late,Returning
111421,2026-07-26,18,Unknown,Burgers,215.0,45.0,On time,New
100331,2026-02-27,18,Stockholm,Sushi,306.0,27.0,On time,Returning
103036,2026-04-05,12,Stockholm,Pizza,271.0,42.0,On time,New
104380,2026-04-22,18,Lund,Burgers,197.0,38.0,On time,New
100297,2026-02-27,22,Göteborg,Sushi,271.0,22.0,On time,New
102908,2026-04-03,13,Malmö,Sushi,256.0,39.0,On time,Returning
108752,2026-06-20,16,Uppsala,Thai,284.0,43.0,On time,New
110613,2026-07-16,17,Malmö,Burgers,192.0,26.0,On time,Returning
106334,2026-05-19,18,Stockholm,Kebab,292.0,26.0,On time,Returning
101048,2026-03-08,21,Lund,Vegan,133.0,55.0,Late,Returning
102489,2026-03-29,12,Göteborg,Pizza,233.0,31.0,On time,New
109723,2026-07-04,17,Malmö,Burgers,259.0,33.0,On time,Returning
105879,2026-05-13,12,Stockholm,Burgers,246.0,43.0,On time,Returning
106080,2026-05-16,21,Stockholm,Pizza,209.0,37.0,On time,New
102541,2026-03-29,11,Malmö,Kebab,343.0,49.0,Late,Returning
103863,2026-04-16,13,Göteborg,Pizza,251.0,27.0,On time,Returning
111273,2026-07-25,13,Stockholm,Pizza,234.0,24.0,On time,Returning
105269,2026-05-04,17,Uppsala,Salad,188.0,52.0,Late,Returning
103888,2026-04-16,18,Stockholm,Pizza,163.0,48.0,Late,Returning
102105,2026-03-23,14,Uppsala,Burgers,320.0,17.0,On time,New
107734,2026-06-07,21,Göteborg,Indian,229.0,25.0,On time,Returning
110084,2026-07-09,19,Malmö,Sushi,231.0,35.0,On time,Returning
103155,2026-04-06,20,Stockholm,Pizza,232.0,34.0,On time,Returning
101483,2026-03-15,19,Göteborg,Pizza,208.0,43.0,On time,Returning
104878,2026-04-30,10,Göteborg,Pizza,249.0,39.0,On time,Returning
103617,2026-04-12,13,Malmö,Sushi,208.0,34.0,On time,Returning
100336,2026-02-27,13,Stockholm,Pizza,317.0,34.0,On time,Returning
108117,2026-06-12,10,Malmö,Salad,183.0,34.0,On time,Returning
100580,2026-03-02,16,Malmö,Kebab,279.0,47.0,Late,Returning
100715,2026-03-04,21,Stockholm,Sushi,224.0,34.0,On time,Returning
109714,2026-07-04,12,Malmö,Indian,210.0,30.0,On time,New
108232,2026-06-14,18,Göteborg,Burgers,287.0,42.0,On time,New
110711,2026-07-18,11,Göteborg,Sushi,189.0,39.0,On time,New
113090,2026-08-18,18,Stockholm,Sushi,136.0,32.0,On time,New
110251,2026-07-12,11,Göteborg,Sushi,320.0,35.0,On time,New
103763,2026-04-14,16,Stockholm,Salad,246.0,46.0,Late,New
101125,2026-03-10,19,Göteborg,Sushi,272.0,41.0,On time,Returning
101567,2026-03-16,18,Göteborg,Salad,305.0,37.0,Unknown,New
100626,2026-03-03,22,Stockholm,Indian,211.0,36.0,On time,Returning
104266,2026-04-21,12,Stockholm,Burgers,277.0,36.0,On time,New
107428,2026-06-03,12,Stockholm,Pizza,298.0,47.0,Late,Returning
109994,2026-07-08,18,Stockholm,Thai,212.0,26.0,On time,New
105195,2026-05-03,10,Lund,Vegan,298.0,48.0,Late,Returning
107540,2026-06-04,12,Unknown,Burgers,270.0,30.0,On time,Returning
101402,2026-03-14,11,Stockholm,Pizza,265.0,45.0,On time,Returning
112148,2026-08-06,13,Göteborg,Thai,275.0,29.0,On time,Returning
103855,2026-04-15,13,Uppsala,Sushi,181.0,40.0,On time,New
100800,2026-03-05,14,Lund,Thai,184.0,39.0,On time,Returning
108212,2026-06-13,21,Malmö,Vegan,197.0,24.0,On time,New
112337,2026-08-08,18,Stockholm,Vegan,224.0,44.0,On time,Returning
110086,2026-07-09,14,Malmö,Salad,278.0,58.0,Late,Returning
109131,2026-06-26,12,Stockholm,Vegan,224.0,29.0,On time,New
110687,2026-07-17,12,Malmö,Indian,300.0,25.0,On time,Returning
110621,2026-07-16,14,Malmö,Burgers,281.0,35.0,On time,Returning
104256,2026-04-21,11,Göteborg,Kebab,281.0,24.0,On time,New
113026,2026-08-17,20,Stockholm,Sushi,304.0,40.0,On time,Returning
106087,2026-05-16,16,Stockholm,Pizza,195.0,42.0,On time,Returning
109664,2026-07-03,13,Lund,Sushi,262.0,23.0,On time,Returning
112685,2026-08-13,11,Göteborg,Pizza,255.0,29.0,On time,New
104137,2026-04-19,11,Malmö,Burgers,194.0,38.0,On time,New
111080,2026-07-22,13,Malmö,Salad,227.0,25.0,On time,New
110627,2026-07-16,13,Uppsala,Indian,183.0,50.0,Late,New
102517,2026-03-29,20,Stockholm,Pizza,228.0,22.0,On time,Returning
105660,2026-05-10,19,Göteborg,Kebab,276.0,33.0,On time,Returning
112682,2026-08-12,17,Lund,Thai,310.0,39.0,On time,Returning
102468,2026-03-28,15,Uppsala,Burgers,179.0,41.0,On time,Returning
111134,2026-07-23,13,Unknown,Burgers,243.0,45.0,On time,Returning
106296,2026-05-18,12,Uppsala,Vegan,266.0,31.0,On time,New
100243,2026-02-26,10,Stockholm,Pizza,210.0,44.0,On time,Returning
111335,2026-07-25,9,Lund,Burgers,317.0,56.0,Late,New
105005,2026-05-01,22,Lund,Burgers,207.0,45.0,On time,New
105622,2026-05-09,13,Malmö,Thai,240.0,42.0,On time,Returning
109937,2026-07-07,15,Malmö,Salad,217.0,37.0,Unknown,New
104244,2026-04-21,17,Göteborg,Thai,197.0,53.0,Late,New
107723,2026-06-07,14,Unknown,Indian,165.0,21.0,On time,Returning
100234,2026-02-26,14,Göteborg,Indian,211.0,33.0,On time,Returning
104739,2026-04-28,16,Göteborg,Burgers,352.0,51.0,Late,Returning
102228,2026-03-25,21,Stockholm,Burgers,227.0,37.0,On time,New
103847,2026-04-15,21,Malmö,Burgers,253.0,34.0,On time,Returning
100980,2026-03-08,13,Göteborg,Vegan,240.0,41.0,On time,New
103614,2026-04-12,21,Stockholm,Sushi,296.0,47.0,Late,Returning
102836,2026-04-02,20,Stockholm,Kebab,184.0,31.0,On time,New
111391,2026-07-26,12,Unknown,Pizza,234.0,39.0,On time,New
111507,2026-07-28,16,Göteborg,Sushi,246.0,47.0,Late,Returning
104998,2026-05-01,19,Uppsala,Burgers,261.0,38.0,On time,Returning
108285,2026-06-14,21,Malmö,Pizza,296.0,32.0,On time,Returning
106030,2026-05-15,14,Stockholm,Pizza,286.0,42.0,On time,Returning
100174,2026-02-25,20,Stockholm,Burgers,237.0,30.0,On time,Returning
100230,2026-02-26,17,Göteborg,Sushi,241.0,43.0,On time,Returning
106188,2026-05-17,11,Stockholm,Kebab,306.0,36.0,On time,Returning
105029,2026-05-02,19,Stockholm,Indian,233.0,52.0,Late,Returning
111199,2026-07-24,13,Stockholm,Sushi,188.0,37.0,On time,New
101025,2026-03-08,13,Malmö,Kebab,289.0,42.0,On time,New
102384,2026-03-27,11,Malmö,Salad,165.0,32.0,On time,New
106605,2026-05-23,18,Göteborg,Pizza,209.0,35.0,On time,Returning
111409,2026-07-26,10,Uppsala,Kebab,213.0,37.0,Unknown,Returning
103934,2026-04-17,10,Göteborg,Sushi,236.0,40.0,On time,Returning
111010,2026-07-21,14,Malmö,Burgers,273.0,46.0,Late,Returning
108017,2026-06-11,19,Göteborg,Indian,251.0,41.0,On time,Returning
107087,2026-05-29,10,Lund,Kebab,173.0,46.0,Late,Returning
104203,2026-04-20,12,Stockholm,Pizza,271.0,42.0,On time,New
107327,2026-06-01,10,Uppsala,Sushi,221.0,44.0,On time,Returning
108014,2026-06-11,18,Göteborg,Sushi,242.0,48.0,Late,Returning
110448,2026-07-14,17,Stockholm,Indian,211.0,34.0,On time,Returning
106712,2026-05-24,10,Stockholm,Sushi,345.0,37.0,Unknown,Returning
102289,2026-03-26,12,Stockholm,Pizza,192.0,31.0,On time,Returning
111612,2026-07-29,19,Uppsala,Pizza,195.0,46.0,Late,New
105640,2026-05-09,11,Lund,Burgers,347.0,30.0,On time,Returning
101381,2026-03-13,21,Lund,Indian,319.0,62.0,Late,New
106979,2026-05-28,17,Göteborg,Burgers,279.0,33.0,On time,New
111326,2026-07-25,11,Uppsala,Kebab,208.0,30.0,On time,Returning
102953,2026-04-04,13,Stockholm,Pizza,147.0,23.0,On time,New
104423,2026-04-23,22,Malmö,Pizza,235.0,46.0,Late,Returning
107233,2026-05-31,17,Stockholm,Indian,248.0,40.0,On time,Returning
104455,2026-04-24,19,Göteborg,Indian,292.0,32.0,On time,Returning
105617,2026-05-09,18,Malmö,Vegan,253.0,47.0,Late,New
109254,2026-06-28,18,Göteborg,Pizza,298.0,46.0,Late,Returning
102038,2026-03-22,14,Lund,Kebab,257.0,40.0,On time,Returning
102588,2026-03-30,19,Göteborg,Pizza,244.0,48.0,Late,Returning
104416,2026-04-23,12,Stockholm,Burgers,213.0,47.0,Late,Returning
112632,2026-08-12,13,Göteborg,Pizza,182.0,45.0,On time,Returning
112893,2026-08-15,12,Uppsala,Pizza,345.0,30.0,On time,Returning
106863,2026-05-26,17,Stockholm,Pizza,195.0,41.0,On time,Returning
104054,2026-04-18,17,Uppsala,Burgers,312.0,45.0,On time,Returning
100273,2026-02-26,11,Malmö,Pizza,332.0,44.0,On time,Returning
111038,2026-07-22,13,Göteborg,Kebab,272.0,43.0,On time,Returning
100688,2026-03-04,18,Göteborg,Pizza,231.0,53.0,Late,Returning
110505,2026-07-15,13,Göteborg,Kebab,222.0,53.0,Late,Returning
112216,2026-08-06,14,Lund,Pizza,246.0,42.0,On time,Returning
111764,2026-07-31,17,Lund,Indian,210.0,28.0,On time,New
112700,2026-08-13,16,Göteborg,Salad,329.0,47.0,Late,Returning
104845,2026-04-29,19,Malmö,Sushi,259.0,24.0,On time,Returning
107326,2026-06-01,15,Uppsala,Thai,225.0,43.0,On time,Returning
111941,2026-08-02,9,Lund,Kebab,307.0,26.0,On time,New
102585,2026-03-30,16,Göteborg,Sushi,258.0,31.0,On time,Returning
107995,2026-06-10,13,Lund,Pizza,256.0,34.0,On time,Returning
111998,2026-08-03,18,Uppsala,Burgers,258.0,28.0,On time,Returning
105684,2026-05-10,19,Stockholm,Sushi,231.0,40.0,On time,Returning
105730,2026-05-10,18,Lund,Pizza,235.0,40.0,On time,Returning
113412,2026-08-22,17,Malmö,Sushi,290.0,33.0,On time,New
104777,2026-04-28,14,Malmö,Kebab,176.0,52.0,Late,Returning
110169,2026-07-11,12,Göteborg,Kebab,285.0,42.0,On time,New
110557,2026-07-15,11,Uppsala,Thai,214.0,33.0,On time,Returning
113275,2026-08-20,14,Uppsala,Pizza,270.0,35.0,On time,Returning
111719,2026-07-31,12,Göteborg,Burgers,275.0,47.0,Late,New
111887,2026-08-02,14,Stockholm,Sushi,155.0,41.0,On time,New
109733,2026-07-04,12,Lund,Pizza,278.0,35.0,On time,New
113236,2026-08-20,19,Stockholm,Kebab,177.0,39.0,On time,New
111785,2026-08-01,12,Göteborg,Burgers,203.0,57.0,Late,New
102249,2026-03-25,20,Lund,Indian,221.0,40.0,On time,New
104031,2026-04-18,11,Stockholm,Sushi,219.0,27.0,On time,New
106997,2026-05-28,19,Stockholm,Kebab,226.0,42.0,On time,Returning
103792,2026-04-14,20,Lund,Sushi,257.0,39.0,On time,Returning
104895,2026-04-30,14,Stockholm,Sushi,281.0,43.0,On time,Returning
112087,2026-08-05,12,Göteborg,Pizza,207.0,32.0,On time,Returning
101760,2026-03-19,13,Unknown,Pizza,261.0,30.0,On time,Returning
107372,2026-06-02,10,Unknown,Indian,243.0,29.0,On time,New
110471,2026-07-14,11,Malmö,Kebab,203.0,31.0,On time,New
102180,2026-03-24,11,Uppsala,Burgers,290.0,47.0,Late,New
111805,2026-08-01,19,Stockholm,Pizza,223.0,26.0,On time,Returning
105565,2026-05-09,14,Göteborg,Pizza,210.0,39.0,On time,New
103221,2026-04-07,22,Stockholm,Indian,257.0,43.0,On time,Returning
109479,2026-07-01,11,Göteborg,Kebab,342.0,54.0,Late,Returning
109179,2026-06-27,16,Göteborg,Burgers,209.0,43.0,On time,Returning
110589,2026-07-16,17,Stockholm,Indian,244.0,32.0,On time,New
107318,2026-06-01,12,Malmö,Pizza,301.0,41.0,On time,Returning
112041,2026-08-04,20,Stockholm,Pizza,182.0,44.0,On time,Returning
102663,2026-03-31,18,Stockholm,Indian,295.0,39.0,On time,New
105087,2026-05-02,18,Lund,Salad,270.0,37.0,On time,Returning
112846,2026-08-15,22,Stockholm,Kebab,312.0,48.0,Late,New
107596,2026-06-05,19,Malmö,Kebab,356.0,59.0,Late,Returning
111322,2026-07-25,11,Uppsala,Pizza,158.0,34.0,On time,Returning
108236,2026-06-14,12,Göteborg,Pizza,232.0,38.0,On time,New
111396,2026-07-26,19,Unknown,Burgers,256.0,33.0,On time,New
110965,2026-07-21,20,Göteborg,Burgers,240.0,34.0,On time,New
111950,2026-08-03,18,Göteborg,Kebab,294.0,50.0,Late,Returning
103591,2026-04-12,12,Stockholm,Indian,261.0,24.0,On time,Returning
104608,2026-04-26,18,Stockholm,Pizza,222.0,27.0,On time,Returning
111758,2026-07-31,12,Malmö,Pizza,194.0,35.0,On time,Returning
103930,2026-04-17,18,Göteborg,Kebab,216.0,41.0,On time,New
109968,2026-07-08,17,Göteborg,Pizza,152.0,40.0,On time,New
108888,2026-06-22,10,Malmö,Pizza,242.0,31.0,On time,Returning
100938,2026-03-07,13,Malmö,Pizza,219.0,22.0,On time,New
102767,2026-04-01,18,Malmö,Pizza,199.0,44.0,On time,New
110717,2026-07-18,12,Göteborg,Kebab,258.0,21.0,On time,New
101788,2026-03-19,12,Stockholm,Pizza,239.0,28.0,On time,Returning
104083,2026-04-19,19,Göteborg,Indian,290.0,43.0,On time,Returning
107989,2026-06-10,19,Uppsala,Kebab,266.0,39.0,On time,Returning
101206,2026-03-11,17,Stockholm,Kebab,278.0,42.0,On time,Returning
111372,2026-07-26,12,Stockholm,Pizza,295.0,27.0,On time,Returning
111626,2026-07-30,17,Göteborg,Thai,314.0,36.0,On time,Returning
111450,2026-07-27,10,Stockholm,Pizza,165.0,55.0,Late,Returning
100185,2026-02-25,11,Stockholm,Pizza,262.0,37.0,Unknown,Returning
100175,2026-02-25,15,Stockholm,Kebab,246.0,28.0,On time,Returning
113443,2026-08-23,12,Göteborg,Pizza,232.0,52.0,Late,New
105956,2026-05-14,9,Stockholm,Pizza,248.0,17.0,On time,Returning
105602,2026-05-09,14,Stockholm,Pizza,287.0,32.0,On time,New
102040,2026-03-22,13,Lund,Indian,288.0,43.0,On time,Returning
105978,2026-05-14,13,Malmö,Pizza,319.0,34.0,On time,Returning
103676,2026-04-13,11,Stockholm,Sushi,318.0,33.0,On time,Returning
112582,2026-08-11,19,Stockholm,Pizza,240.0,43.0,On time,Returning
109318,2026-06-28,13,Lund,Sushi,317.0,46.0,Late,Returning
105977,2026-05-14,19,Malmö,Sushi,318.0,45.0,On time,Returning
112478,2026-08-09,10,Uppsala,Indian,287.0,52.0,Late,Returning
102873,2026-04-03,12,Göteborg,Vegan,257.0,32.0,On time,Returning
104499,2026-04-24,11,Malmö,Thai,260.0,32.0,On time,Returning
101940,2026-03-21,15,Uppsala,Sushi,148.0,32.0,On time,Returning
100534,2026-03-02,22,Göteborg,Sushi,236.0,53.0,Late,Returning
100984,2026-03-08,17,Göteborg,Salad,230.0,34.0,On time,Returning
109038,2026-06-25,12,Göteborg,Sushi,179.0,27.0,On time,Returning
106221,2026-05-17,11,Uppsala,Pizza,191.0,48.0,Late,Returning
111355,2026-07-26,10,Göteborg,Indian,267.0,37.0,On time,Returning
106489,2026-05-21,11,Stockholm,Sushi,208.0,46.0,Late,Returning
101943,2026-03-21,19,Uppsala,Burgers,253.0,36.0,On time,Returning
102371,2026-03-27,13,Malmö,Sushi,333.0,37.0,On time,New
106962,2026-05-27,13,Uppsala,Thai,281.0,43.0,On time,Returning
112753,2026-08-13,18,Lund,Kebab,330.0,43.0,On time,New
106560,2026-05-22,20,Stockholm,Kebab,269.0,15.0,On time,New
111222,2026-07-24,15,Malmö,Thai,177.0,51.0,Late,Returning
103897,2026-04-16,19,Stockholm,Thai,160.0,39.0,On time,Returning
101732,2026-03-18,13,Malmö,Indian,265.0,27.0,On time,Returning
109771,2026-07-05,17,Stockholm,Kebab,309.0,32.0,On time,Returning
101209,2026-03-11,16,Stockholm,Thai,286.0,42.0,On time,Returning
112739,2026-08-13,10,Malmö,Burgers,271.0,39.0,On time,Returning
102804,2026-04-02,12,Göteborg,Vegan,206.0,41.0,On time,Returning
104354,2026-04-22,21,Malmö,Pizza,202.0,28.0,On time,Returning
100434,2026-02-28,12,Uppsala,Thai,271.0,38.0,On time,New
107896,2026-06-09,18,Stockholm,Burgers,324.0,44.0,On time,New
102423,2026-03-28,14,Stockholm,Thai,102.0,44.0,On time,Returning
110119,2026-07-10,14,Göteborg,Thai,171.0,35.0,On time,Returning
105899,2026-05-13,12,Malmö,Pizza,159.0,42.0,On time,New
101691,2026-03-18,12,Göteborg,Kebab,223.0,35.0,On time,Returning
107732,2026-06-07,20,Göteborg,Indian,214.0,43.0,On time,New
100686,2026-03-04,18,Göteborg,Pizza,185.0,36.0,On time,Returning
112637,2026-08-12,11,Göteborg,Pizza,371.0,41.0,On time,Returning
100798,2026-03-05,22,Lund,Thai,179.0,40.0,On time,New
110863,2026-07-19,17,Malmö,Burgers,309.0,36.0,On time,Returning
103542,2026-04-11,11,Uppsala,Thai,230.0,51.0,Late,Returning
106189,2026-05-17,18,Stockholm,Vegan,281.0,44.0,On time,Returning
110835,2026-07-19,22,Stockholm,Sushi,233.0,38.0,On time,New
100309,2026-02-27,17,Stockholm,Salad,239.0,43.0,On time,New
110467,2026-07-14,22,Malmö,Pizza,219.0,38.0,On time,New
109521,2026-07-01,13,Uppsala,Sushi,208.0,45.0,On time,Returning
108200,2026-06-13,20,Malmö,Thai,205.0,45.0,On time,Returning
106630,2026-05-23,13,Stockholm,Pizza,279.0,42.0,On time,Returning
102480,2026-03-29,18,Göteborg,Vegan,310.0,41.0,On time,Returning
112489,2026-08-09,11,Lund,Burgers,293.0,47.0,Late,New
113337,2026-08-21,20,Uppsala,Salad,230.0,27.0,On time,Returning
109639,2026-07-03,16,Stockholm,Pizza,308.0,41.0,On time,Returning
104410,2026-04-23,20,Stockholm,Sushi,207.0,30.0,On time,Returning
112924,2026-08-16,14,Göteborg,Burgers,185.0,15.0,On time,New
100975,2026-03-08,18,Göteborg,Pizza,237.0,41.0,On time,Returning
107587,2026-06-05,22,Stockholm,Pizza,184.0,20.0,On time,Returning
105491,2026-05-08,13,Göteborg,Indian,344.0,42.0,On time,New
100659,2026-03-03,13,Malmö,Vegan,283.0,25.0,On time,New
112866,2026-08-15,12,Stockholm,Sushi,205.0,49.0,Late,Returning
105711,2026-05-10,12,Malmö,Burgers,244.0,27.0,On time,New
103549,2026-04-11,17,Lund,Pizza,313.0,42.0,On time,Returning
108417,2026-06-16,17,Göteborg,Pizza,295.0,34.0,On time,Returning
108296,2026-06-14,17,Malmö,Pizza,238.0,33.0,On time,Returning
101672,2026-03-17,18,Malmö,Kebab,301.0,19.0,On time,Returning
109633,2026-07-03,11,Stockholm,Kebab,114.0,35.0,On time,New
109879,2026-07-07,12,Göteborg,Salad,308.0,30.0,On time,Returning
113217,2026-08-20,12,Göteborg,Kebab,273.0,52.0,Late,New
106832,2026-05-26,14,Göteborg,Salad,300.0,33.0,On time,Returning
112081,2026-08-05,13,Göteborg,Burgers,248.0,34.0,On time,Returning
102186,2026-03-24,11,Lund,Burgers,226.0,54.0,Late,New
110270,2026-07-12,11,Göteborg,Vegan,323.0,38.0,On time,New
107400,2026-06-02,12,Lund,Thai,307.0,47.0,Late,Returning
110004,2026-07-08,11,Malmö,Sushi,107.0,38.0,On time,Returning
102536,2026-03-29,12,Stockholm,Burgers,255.0,45.0,On time,Returning
107401,2026-06-02,11,Lund,Burgers,208.0,48.0,Late,Returning
105250,2026-05-04,18,Stockholm,Sushi,263.0,24.0,On time,New
106109,2026-05-16,10,Malmö,Salad,244.0,48.0,Late,Returning
102317,2026-03-26,13,Uppsala,Pizza,300.0,40.0,On time,Returning
112772,2026-08-14,19,Göteborg,Pizza,164.0,43.0,On time,Returning
100726,2026-03-04,15,Malmö,Kebab,209.0,41.0,On time,Returning
106179,2026-05-17,14,Stockholm,Pizza,227.0,42.0,On time,Returning
106174,2026-05-17,13,Stockholm,Thai,197.0,31.0,On time,New
105772,2026-05-11,11,Stockholm,Burgers,278.0,32.0,On time,New
111514,2026-07-28,15,Stockholm,Burgers,283.0,43.0,On time,Returning
110304,2026-07-12,18,Stockholm,Burgers,208.0,26.0,On time,Returning
109570,2026-07-02,12,Stockholm,Burgers,189.0,40.0,On time,Returning
106768,2026-05-25,11,Göteborg,Indian,189.0,30.0,On time,Returning
108674,2026-06-19,13,Uppsala,Burgers,215.0,34.0,On time,New
112957,2026-08-16,13,Stockholm,Pizza,248.0,30.0,On time,Returning
109533,2026-07-02,21,Göteborg,Pizza,299.0,32.0,On time,Returning
109276,2026-06-28,18,Stockholm,Thai,284.0,49.0,Late,New
100068,2026-02-23,19,Uppsala,Pizza,223.0,29.0,On time,Returning
109972,2026-07-08,22,Göteborg,Indian,238.0,39.0,On time,Returning
106575,2026-05-22,13,Stockholm,Thai,159.0,44.0,On time,New
110743,2026-07-18,16,Stockholm,Kebab,275.0,45.0,On time,New
105457,2026-05-07,20,Stockholm,Pizza,271.0,36.0,On time,Returning
102193,2026-03-25,21,Göteborg,Burgers,222.0,45.0,On time,Returning
108465,2026-06-16,18,Uppsala,Salad,224.0,29.0,On time,New
102579,2026-03-30,12,Göteborg,Salad,313.0,42.0,On time,New
112333,2026-08-08,12,Stockholm,Pizza,277.0,42.0,On time,Returning
108996,2026-06-24,20,Stockholm,Burgers,209.0,250.0,Unknown,New
105605,2026-05-09,18,Stockholm,Pizza,276.0,37.0,On time,New
105458,2026-05-07,12,Malmö,Indian,89.0,34.0,On time,New
110599,2026-07-16,10,Stockholm,Sushi,239.0,46.0,Late,New
110140,2026-07-10,19,Stockholm,Pizza,319.0,37.0,On time,Returning
107242,2026-05-31,16,Malmö,Pizza,312.0,30.0,On time,Returning
102377,2026-03-27,20,Malmö,Pizza,220.0,41.0,On time,New
101772,2026-03-19,13,Stockholm,Thai,322.0,43.0,On time,Returning
102595,2026-03-30,22,Stockholm,Burgers,317.0,53.0,Late,New
102262,2026-03-26,12,Göteborg,Vegan,165.0,41.0,On time,New
104793,2026-04-28,14,Lund,Sushi,215.0,36.0,On time,Returning
101478,2026-03-15,21,Göteborg,Indian,287.0,39.0,On time,Returning
104949,2026-05-01,11,Göteborg,Sushi,274.0,44.0,On time,New
102441,2026-03-28,18,Malmö,Sushi,301.0,30.0,On time,New
103462,2026-04-10,20,Unknown,Burgers,287.0,37.0,On time,Returning
106500,2026-05-21,22,Malmö,Thai,283.0,39.0,On time,Returning
110788,2026-07-18,18,Uppsala,Pizza,232.0,40.0,On time,New
108530,2026-06-17,18,Malmö,Pizza,194.0,53.0,Late,Returning
100375,2026-02-28,20,Göteborg,Pizza,276.0,45.0,On time,Returning
103777,2026-04-14,12,Malmö,Indian,305.0,30.0,On time,Returning
108743,2026-06-20,11,Malmö,Thai,223.0,37.0,On time,Returning
103599,2026-04-12,11,Stockholm,Burgers,198.0,36.0,On time,Returning
111490,2026-07-27,15,Lund,Burgers,251.0,29.0,On time,Returning
102530,2026-03-29,16,Stockholm,Pizza,303.0,24.0,On time,Returning
109125,2026-06-26,17,Stockholm,Salad,174.0,37.0,On time,Returning
104381,2026-04-23,12,Göteborg,Sushi,244.0,38.0,On time,Returning
111799,2026-08-01,12,Stockholm,Sushi,265.0,28.0,On time,New
112075,2026-08-05,12,Göteborg,Indian,191.0,27.0,On time,Returning
104729,2026-04-27,14,Lund,Indian,284.0,39.0,On time,Returning
109080,2026-06-25,13,Uppsala,Sushi,115.0,26.0,On time,Returning
109690,2026-07-04,17,Stockholm,Pizza,261.0,27.0,On time,Returning
111635,2026-07-30,16,Göteborg,Indian,222.0,27.0,On time,Returning
104060,2026-04-18,15,Uppsala,Pizza,286.0,50.0,Late,Returning
101814,2026-03-19,16,Lund,Kebab,248.0,46.0,Late,New
107981,2026-06-10,12,Malmö,Indian,319.0,48.0,Late,Returning
111793,2026-08-01,17,Göteborg,Burgers,247.0,39.0,On time,Returning
110465,2026-07-14,12,Unknown,Kebab,199.0,34.0,On time,Returning
110955,2026-07-20,11,Lund,Vegan,308.0,22.0,On time,Returning
105575,2026-05-09,12,Göteborg,Thai,249.0,38.0,On time,Returning
102058,2026-03-23,9,Stockholm,Pizza,245.0,41.0,On time,Returning
112461,2026-08-09,16,Malmö,Pizza,283.0,37.0,On time,Returning
106971,2026-05-27,11,Lund,Kebab,207.0,29.0,On time,Returning
101856,2026-03-20,12,Malmö,Vegan,218.0,38.0,On time,New
112927,2026-08-16,19,Göteborg,Kebab,279.0,30.0,On time,New
111050,2026-07-22,14,Stockholm,Pizza,296.0,43.0,On time,Returning
110794,2026-07-18,11,Uppsala,Burgers,257.0,44.0,On time,New
101013,2026-03-08,19,Stockholm,Kebab,173.0,45.0,On time,New
109866,2026-07-06,14,Uppsala,Pizza,341.0,31.0,On time,Returning
106601,2026-05-23,11,Göteborg,Kebab,165.0,48.0,Late,Returning
102648,2026-03-31,13,Göteborg,Burgers,246.0,60.0,Late,New
105893,2026-05-13,12,Malmö,Thai,260.0,41.0,On time,New
100833,2026-03-06,17,Stockholm,Vegan,198.0,44.0,On time,Returning
103838,2026-04-15,20,Malmö,Salad,174.0,60.0,Late,Returning
113391,2026-08-22,12,Stockholm,Burgers,321.0,40.0,On time,Returning
100513,2026-03-01,18,Malmö,Kebab,252.0,32.0,On time,New
112235,2026-08-07,11,Göteborg,Pizza,208.0,38.0,On time,Returning
101633,2026-03-17,10,Stockholm,Burgers,284.0,38.0,On time,Returning
104438,2026-04-23,10,Lund,Salad,283.0,38.0,On time,Returning
107089,2026-05-29,22,Lund,Burgers,234.0,29.0,On time,Returning
110789,2026-07-18,12,Uppsala,Salad,261.0,33.0,On time,Returning
108853,2026-06-22,17,Göteborg,Burgers,246.0,39.0,On time,Returning
112390,2026-08-08,11,Uppsala,Burgers,258.0,27.0,On time,Returning
104799,2026-04-29,17,Göteborg,Pizza,268.0,31.0,On time,New
111954,2026-08-03,20,Göteborg,Pizza,210.0,34.0,On time,Returning
104090,2026-04-19,18,Göteborg,Thai,223.0,33.0,On time,Returning
111415,2026-07-26,16,Lund,Pizza,295.0,40.0,On time,Returning
103807,2026-04-15,10,Göteborg,Burgers,271.0,24.0,On time,Returning
110350,2026-07-13,21,Göteborg,Salad,249.0,25.0,On time,Returning
105357,2026-05-06,14,Göteborg,Pizza,190.0,37.0,On time,Returning
110878,2026-07-19,21,Uppsala,Pizza,326.0,43.0,On time,New
106692,2026-05-24,13,Göteborg,Thai,343.0,39.0,On time,New
108917,2026-06-23,22,Stockholm,Sushi,289.0,19.0,On time,New
111839,2026-08-01,12,Malmö,Pizza,186.0,49.0,Late,New
102123,2026-03-24,12,Göteborg,Salad,265.0,36.0,On time,Returning
109392,2026-06-29,13,Uppsala,Indian,225.0,20.0,On time,Returning
106671,2026-05-23,11,Lund,Pizza,223.0,37.0,On time,Returning
105373,2026-05-06,12,Stockholm,Pizza,197.0,44.0,On time,New
106338,2026-05-19,10,Stockholm,Kebab,179.0,40.0,On time,Returning
108616,2026-06-19,19,Göteborg,Burgers,328.0,19.0,On time,Returning
110343,2026-07-12,19,Lund,Pizza,229.0,28.0,On time,Returning
106454,2026-05-21,23,Göteborg,Sushi,208.0,36.0,On time,Returning
111498,2026-07-28,19,Göteborg,Kebab,304.0,38.0,On time,Returning
104555,2026-04-25,16,Stockholm,Sushi,240.0,33.0,On time,New
111750,2026-07-31,12,Malmö,Sushi,193.0,47.0,Late,New
103419,2026-04-10,9,Göteborg,Burgers,229.0,28.0,On time,New
106094,2026-05-16,18,Stockholm,Thai,227.0,47.0,Late,Returning
108831,2026-06-21,18,Uppsala,Thai,173.0,39.0,On time,Returning
112278,2026-08-07,18,Malmö,Burgers,213.0,30.0,On time,Returning
103515,2026-04-11,16,Stockholm,Sushi,155.0,35.0,On time,Returning
104502,2026-04-24,14,Uppsala,Burgers,237.0,40.0,On time,Returning
108412,2026-06-16,12,Göteborg,Burgers,356.0,37.0,On time,Returning
110974,2026-07-21,12,Göteborg,Thai,120.0,50.0,Late,Returning
107225,2026-05-31,20,Stockholm,Sushi,261.0,39.0,On time,Returning
103437,2026-04-10,13,Stockholm,Pizza,203.0,42.0,On time,Returning
102063,2026-03-23,19,Stockholm,Indian,215.0,46.0,Late,Returning
104978,2026-05-01,11,Stockholm,Salad,234.0,37.0,On time,Returning
103590,2026-04-12,11,Stockholm,Burgers,290.0,31.0,On time,Returning
104889,2026-04-30,14,Stockholm,Sushi,218.0,36.0,On time,Returning
109740,2026-07-05,20,Göteborg,Pizza,233.0,32.0,On time,Returning
109757,2026-07-05,11,Stockholm,Sushi,254.0,30.0,On time,Returning
100699,2026-03-04,22,Stockholm,Thai,182.0,39.0,On time,Returning
111149,2026-07-23,20,Malmö,Kebab,253.0,24.0,On time,Returning
104772,2026-04-28,15,Stockholm,Burgers,222.0,38.0,On time,New
110943,2026-07-20,21,Malmö,Pizza,197.0,36.0,On time,Returning
109865,2026-07-06,19,Uppsala,Burgers,250.0,39.0,On time,New
112232,2026-08-07,16,Göteborg,Pizza,178.0,49.0,Late,Returning
110562,2026-07-15,12,Lund,Burgers,324.0,24.0,On time,Returning
108788,2026-06-21,22,Stockholm,Indian,272.0,37.0,On time,New
106097,2026-05-16,16,Stockholm,Burgers,256.0,37.0,On time,Returning
112018,2026-08-04,18,Göteborg,Burgers,218.0,33.0,On time,Returning
111382,2026-07-26,15,Stockholm,Pizza,279.0,15.0,On time,Returning
111223,2026-07-24,12,Malmö,Indian,202.0,39.0,On time,Returning
109737,2026-07-04,17,Lund,Kebab,272.0,39.0,On time,Returning
104099,2026-04-19,18,Göteborg,Burgers,200.0,41.0,On time,Returning
103604,2026-04-12,17,Stockholm,Indian,188.0,35.0,On time,Returning
105453,2026-05-07,16,Unknown,Vegan,275.0,28.0,On time,New
107819,2026-06-08,11,Stockholm,Pizza,187.0,35.0,On time,New
108773,2026-06-21,15,Göteborg,Vegan,216.0,38.0,On time,Returning
112047,2026-08-04,17,Stockholm,Kebab,189.0,37.0,On time,New
107424,2026-06-03,14,Stockholm,Pizza,350.0,33.0,On time,Returning
112932,2026-08-16,16,Göteborg,Pizza,287.0,40.0,On time,Returning
102602,2026-03-30,20,Stockholm,Pizza,259.0,250.0,Unknown,New
106864,2026-05-26,11,Stockholm,Sushi,223.0,41.0,On time,New
102257,2026-03-26,17,Göteborg,Thai,279.0,57.0,Late,New
100125,2026-02-24,16,Malmö,Pizza,295.0,37.0,On time,Returning
108130,2026-06-12,13,Uppsala,Kebab,243.0,50.0,Late,Returning
111302,2026-07-25,18,Stockholm,Kebab,207.0,32.0,On time,Returning
107615,2026-06-05,18,Unknown,Burgers,253.0,41.0,On time,Returning
112315,2026-08-08,21,Göteborg,Salad,224.0,41.0,On time,New
109115,2026-06-26,15,Stockholm,Sushi,265.0,27.0,On time,Returning
104868,2026-04-30,12,Göteborg,Thai,277.0,35.0,On time,New
104476,2026-04-24,12,Stockholm,Burgers,350.0,36.0,On time,New
100608,2026-03-03,13,Göteborg,Pizza,239.0,40.0,On time,Returning
107033,2026-05-29,12,Göteborg,Indian,244.0,53.0,Late,Returning
107662,2026-06-06,16,Stockholm,Pizza,191.0,30.0,On time,Returning
108290,2026-06-14,11,Malmö,Vegan,158.0,35.0,On time,Returning
107354,2026-06-02,17,Stockholm,Burgers,199.0,34.0,On time,Returning
106691,2026-05-24,20,Göteborg,Burgers,284.0,15.0,On time,New
100878,2026-03-06,10,Lund,Pizza,241.0,39.0,On time,New
106491,2026-05-21,22,Stockholm,Thai,263.0,36.0,On time,New
102339,2026-03-27,20,Göteborg,Pizza,255.0,45.0,On time,Returning
105272,2026-05-04,10,Uppsala,Burgers,254.0,39.0,On time,Returning
110851,2026-07-19,13,Stockholm,Salad,340.0,45.0,On time,New
103651,2026-04-13,18,Göteborg,Sushi,335.0,36.0,On time,New
112959,2026-08-16,17,Stockholm,Kebab,303.0,44.0,On time,New
101072,2026-03-09,23,Stockholm,Burgers,284.0,40.0,On time,New
101806,2026-03-19,13,Uppsala,Salad,255.0,46.0,Late,Returning
106668,2026-05-23,20,Uppsala,Pizza,265.0,37.0,Unknown,Returning
105371,2026-05-06,17,Stockholm,Pizza,185.0,28.0,On time,Returning
103256,2026-04-08,15,Göteborg,Sushi,268.0,37.0,On time,Returning
102955,2026-04-04,18,Stockholm,Pizza,278.0,33.0,On time,Returning
110402,2026-07-13,16,Malmö,Burgers,240.0,38.0,On time,Returning
111842,2026-08-01,16,Uppsala,Pizza,208.0,39.0,On time,Returning
106022,2026-05-15,22,Stockholm,Burgers,250.0,27.0,On time,Returning
101988,2026-03-22,18,Stockholm,Burgers,335.0,35.0,On time,Returning
107056,2026-05-29,13,Stockholm,Thai,151.0,44.0,On time,Returning
112062,2026-08-04,19,Unknown,Burgers,287.0,44.0,On time,Returning
104806,2026-04-29,13,Göteborg,Sushi,154.0,53.0,Late,New
108751,2026-06-20,13,Uppsala,Sushi,228.0,27.0,On time,New
112357,2026-08-08,19,Stockholm,Indian,149.0,39.0,On time,Returning
104615,2026-04-26,18,Stockholm,Kebab,189.0,37.0,On time,Returning
111331,2026-07-25,13,Uppsala,Pizza,308.0,23.0,On time,Returning
111394,2026-07-26,14,Malmö,Kebab,314.0,41.0,On time,Returning
104619,2026-04-26,12,Stockholm,Indian,253.0,42.0,On time,Returning
101846,2026-03-20,18,Stockholm,Salad,238.0,43.0,On time,New
107568,2026-06-05,11,Stockholm,Pizza,285.0,32.0,On time,Returning
108271,2026-06-14,15,Stockholm,Pizza,233.0,26.0,On time,New
104061,2026-04-18,23,Uppsala,Salad,290.0,29.0,On time,Returning
101098,2026-03-09,19,Stockholm,Thai,281.0,16.0,On time,New
107479,2026-06-03,13,Uppsala,Kebab,284.0,38.0,On time,Returning
102422,2026-03-28,14,Stockholm,Kebab,323.0,68.0,Late,Returning
106976,2026-05-28,21,Göteborg,Sushi,165.0,37.0,On time,Returning
101664,2026-03-17,17,Malmö,Pizza,304.0,27.0,On time,Returning
106965,2026-05-27,10,Uppsala,Kebab,264.0,42.0,On time,New
113157,2026-08-19,11,Stockholm,Sushi,291.0,36.0,On time,New
109749,2026-07-05,18,Göteborg,Sushi,245.0,38.0,On time,New
109377,2026-06-29,20,Malmö,Burgers,290.0,45.0,On time,New
113004,2026-08-17,12,Göteborg,Vegan,273.0,27.0,On time,Returning
106698,2026-05-24,14,Stockholm,Sushi,222.0,34.0,On time,New
111212,2026-07-24,12,Stockholm,Sushi,298.0,35.0,On time,Returning
111581,2026-07-29,16,Stockholm,Burgers,306.0,45.0,On time,Returning
104516,2026-04-25,13,Göteborg,Burgers,291.0,29.0,On time,New
102005,2026-03-22,21,Stockholm,Burgers,360.0,46.0,Late,New
108698,2026-06-20,14,Göteborg,Burgers,273.0,36.0,On time,New
100882,2026-03-07,12,Göteborg,Thai,238.0,29.0,On time,Returning
106610,2026-05-23,12,Göteborg,Sushi,379.0,25.0,On time,Returning
111418,2026-07-26,22,Lund,Kebab,181.0,47.0,Late,Returning
104493,2026-04-24,19,Malmö,Kebab,299.0,42.0,On time,Returning
113054,2026-08-17,20,Uppsala,Vegan,184.0,36.0,On time,Returning
103850,2026-04-15,15,Uppsala,Sushi,320.0,22.0,On time,New
109855,2026-07-06,10,Malmö,Sushi,314.0,36.0,On time,Returning
108435,2026-06-16,20,Stockholm,Pizza,251.0,26.0,On time,Returning
111739,2026-07-31,19,Stockholm,Burgers,321.0,47.0,Late,New
100616,2026-03-03,12,Göteborg,Pizza,184.0,41.0,On time,New
104441,2026-04-24,12,Göteborg,Pizza,314.0,35.0,On time,Returning
103336,2026-04-09,9,Göteborg,Sushi,277.0,23.0,On time,Returning
103904,2026-04-16,12,Malmö,Indian,241.0,24.0,On time,Returning
107472,2026-06-03,21,Malmö,Sushi,301.0,47.0,Late,Returning
109515,2026-07-01,15,Malmö,Burgers,187.0,24.0,On time,Returning
102591,2026-03-30,12,Stockholm,Indian,313.0,26.0,On time,New
110477,2026-07-14,12,Malmö,Indian,217.0,23.0,On time,New
109272,2026-06-28,21,Stockholm,Burgers,224.0,40.0,On time,New
113421,2026-08-22,15,Uppsala,Pizza,315.0,42.0,On time,New
101251,2026-03-12,21,Göteborg,Sushi,127.0,31.0,On time,New
101586,2026-03-16,22,Stockholm,Indian,265.0,34.0,On time,New
106082,2026-05-16,17,Stockholm,Kebab,304.0,29.0,On time,Returning
109331,2026-06-29,16,Göteborg,Pizza,209.0,41.0,On time,Returning
110782,2026-07-18,17,Malmö,Vegan,195.0,30.0,On time,New
106514,2026-05-21,16,Uppsala,Pizza,202.0,33.0,On time,Returning
112532,2026-08-10,13,Stockholm,Kebab,221.0,42.0,On time,Returning
113342,2026-08-21,10,Lund,Indian,165.0,40.0,On time,New
105075,2026-05-02,20,Uppsala,Pizza,294.0,35.0,On time,Returning
101132,2026-03-10,18,Göteborg,Burgers,291.0,36.0,On time,Returning
110064,2026-07-09,12,Stockholm,Thai,215.0,42.0,On time,Returning
104975,2026-05-01,19,Stockholm,Kebab,284.0,29.0,On time,Returning
104971,2026-05-01,12,Stockholm,Pizza,200.0,41.0,On time,New
109853,2026-07-06,18,Malmö,Sushi,310.0,31.0,On time,Returning
107054,2026-05-29,10,Stockholm,Pizza,168.0,38.0,On time,Returning
103147,2026-04-06,20,Stockholm,Burgers,389.0,51.0,Late,Returning
109930,2026-07-07,20,Unknown,Thai,295.0,43.0,On time,Returning
110758,2026-07-18,17,Stockholm,Kebab,149.0,44.0,On time,Returning
112498,2026-08-10,10,Göteborg,Burgers,155.0,32.0,On time,Returning
112477,2026-08-09,10,Uppsala,Sushi,250.0,34.0,On time,Returning
112517,2026-08-10,11,Stockholm,Sushi,271.0,39.0,On time,Returning
107258,2026-05-31,13,Uppsala,Vegan,244.0,34.0,On time,Returning
112752,2026-08-13,19,Lund,Burgers,247.0,46.0,Late,New
104472,2026-04-24,18,Stockholm,Indian,256.0,32.0,On time,New
109238,2026-06-27,13,Uppsala,Vegan,271.0,47.0,Late,Returning
110071,2026-07-09,21,Stockholm,Pizza,262.0,33.0,On time,New
105776,2026-05-11,11,Malmö,Pizza,170.0,41.0,On time,New
108922,2026-06-23,19,Stockholm,Sushi,231.0,36.0,On time,Returning
106181,2026-05-17,18,Stockholm,Burgers,284.0,35.0,On time,New
101537,2026-03-15,21,Uppsala,Burgers,277.0,42.0,On time,New
105807,2026-05-12,12,Göteborg,Sushi,161.0,36.0,On time,Returning
108503,2026-06-17,20,Stockholm,Sushi,147.0,32.0,On time,Returning
103261,2026-04-08,18,Göteborg,Burgers,233.0,34.0,On time,Returning
112072,2026-08-04,20,Lund,Pizza,229.0,42.0,On time,New
109255,2026-06-28,17,Göteborg,Indian,321.0,50.0,Late,Returning
112354,2026-08-08,13,Stockholm,Burgers,288.0,23.0,On time,Returning
103411,2026-04-10,12,Göteborg,Salad,282.0,47.0,Late,Returning
110051,2026-07-09,13,Unknown,Pizza,326.0,41.0,On time,Returning
103024,2026-04-05,17,Göteborg,Kebab,277.0,26.0,On time,New
101255,2026-03-12,18,Göteborg,Pizza,249.0,38.0,On time,New
105618,2026-05-09,13,Malmö,Kebab,316.0,52.0,Late,New
112930,2026-08-16,12,Göteborg,Pizza,309.0,40.0,On time,Returning
112316,2026-08-08,18,Stockholm,Sushi,268.0,37.0,On time,Returning
109268,2026-06-28,17,Göteborg,Thai,211.0,30.0,On time,Returning
103179,2026-04-06,19,Lund,Sushi,289.0,34.0,On time,Returning
105409,2026-05-06,14,Lund,Pizza,276.0,39.0,On time,New
101709,2026-03-18,19,Stockholm,Pizza,411.0,44.0,On time,Returning
113509,2026-08-23,14,Malmö,Sushi,206.0,34.0,On time,Returning
112187,2026-08-06,18,Stockholm,Kebab,364.0,51.0,Late,Returning
100108,2026-02-24,19,Stockholm,Vegan,151.0,33.0,On time,New
103214,2026-04-07,11,Stockholm,Pizza,349.0,38.0,On time,New
100149,2026-02-25,19,Göteborg,Indian,288.0,46.0,Late,New
110478,2026-07-14,20,Uppsala,Indian,257.0,31.0,On time,New
102641,2026-03-30,16,Lund,Vegan,308.0,28.0,On time,Returning
111459,2026-07-27,12,Stockholm,Kebab,297.0,35.0,On time,Returning
109938,2026-07-07,13,Malmö,Salad,348.0,29.0,On time,Returning
105053,2026-05-02,13,Stockholm,Sushi,148.0,60.0,Late,Returning
112392,2026-08-08,18,Lund,Pizza,248.0,42.0,On time,Returning
108556,2026-06-18,23,Göteborg,Burgers,262.0,50.0,Late,Returning
110960,2026-07-21,16,Göteborg,Pizza,288.0,50.0,Late,New
101168,2026-03-10,17,Malmö,Kebab,222.0,36.0,On time,Returning
110362,2026-07-13,10,Stockholm,Indian,334.0,42.0,On time,New
102511,2026-03-29,20,Stockholm,Sushi,165.0,38.0,On time,Returning
106423,2026-05-20,19,Malmö,Pizza,236.0,28.0,On time,Returning
108177,2026-06-13,21,Stockholm,Thai,249.0,44.0,On time,New
106872,2026-05-26,13,Stockholm,Burgers,298.0,39.0,On time,Returning
112403,2026-08-09,22,Göteborg,Thai,363.0,46.0,Late,New
106372,2026-05-20,12,Göteborg,Thai,223.0,22.0,On time,New
105615,2026-05-09,20,Malmö,Pizza,234.0,23.0,On time,Returning
110506,2026-07-15,20,Göteborg,Vegan,282.0,58.0,Late,Returning
110075,2026-07-09,18,Stockholm,Pizza,179.0,39.0,On time,Returning
102871,2026-04-03,18,Göteborg,Sushi,195.0,34.0,On time,Returning
111188,2026-07-24,11,Stockholm,Thai,202.0,15.0,On time,Returning
101246,2026-03-11,12,Lund,Indian,302.0,42.0,On time,Returning
102246,2026-03-25,21,Unknown,Indian,176.0,60.0,Late,New
111272,2026-07-25,10,Stockholm,Kebab,282.0,31.0,On time,Returning
105292,2026-05-05,13,Göteborg,Burgers,403.0,45.0,On time,Returning
110436,2026-07-14,18,Göteborg,Kebab,295.0,29.0,On time,Returning
106297,2026-05-18,12,Uppsala,Indian,345.0,51.0,Late,Returning
101995,2026-03-22,12,Stockholm,Pizza,183.0,37.0,Unknown,Returning
106282,2026-05-18,18,Stockholm,Kebab,288.0,33.0,On time,Returning
105008,2026-05-01,10,Lund,Thai,290.0,42.0,On time,Returning
107529,2026-06-04,22,Malmö,Indian,258.0,28.0,On time,New
105690,2026-05-10,10,Stockholm,Sushi,279.0,33.0,On time,New
105036,2026-05-02,16,Stockholm,Pizza,205.0,47.0,Late,Returning
110559,2026-07-15,18,Uppsala,Sushi,250.0,18.0,On time,Returning
107935,2026-06-10,14,Göteborg,Burgers,265.0,57.0,Late,New
108977,2026-06-24,12,Göteborg,Sushi,182.0,34.0,On time,Returning
108914,2026-06-23,20,Göteborg,Burgers,326.0,23.0,On time,Returning
110288,2026-07-12,18,Stockholm,Thai,160.0,31.0,On time,Returning
107772,2026-06-07,13,Malmö,Indian,289.0,36.0,On time,Returning
100346,2026-02-27,11,Malmö,Thai,316.0,47.0,Late,Returning
105332,2026-05-05,21,Malmö,Thai,176.0,38.0,On time,Returning
110666,2026-07-17,18,Stockholm,Indian,262.0,34.0,On time,New
110364,2026-07-13,17,Stockholm,Burgers,327.0,26.0,On time,New
104507,2026-04-24,11,Uppsala,Pizza,259.0,250.0,Unknown,Returning
104178,2026-04-20,16,Göteborg,Pizza,292.0,37.0,On time,Returning
104101,2026-04-19,14,Göteborg,Pizza,249.0,24.0,On time,New
109913,2026-07-07,18,Stockholm,Sushi,342.0,47.0,Late,New
112775,2026-08-14,17,Göteborg,Sushi,362.0,35.0,On time,New
103114,2026-04-05,23,Lund,Sushi,234.0,46.0,Late,New
112338,2026-08-08,10,Stockholm,Sushi,174.0,34.0,On time,Returning
108869,2026-06-22,18,Stockholm,Salad,239.0,20.0,On time,Returning
110899,2026-07-20,10,Göteborg,Sushi,334.0,41.0,On time,Returning
103217,2026-04-07,21,Stockholm,Burgers,245.0,24.0,On time,New
110715,2026-07-18,20,Göteborg,Pizza,283.0,40.0,On time,Returning
108438,2026-06-16,23,Stockholm,Kebab,239.0,25.0,On time,Returning
112884,2026-08-15,20,Unknown,Thai,155.0,20.0,On time,Returning
106655,2026-05-23,12,Malmö,Indian,268.0,43.0,On time,New
108092,2026-06-12,11,Stockholm,Salad,278.0,29.0,On time,New
110296,2026-07-12,11,Stockholm,Burgers,262.0,28.0,On time,Returning
102333,2026-03-27,13,Göteborg,Kebab,246.0,29.0,On time,New
109089,2026-06-26,13,Göteborg,Kebab,213.0,38.0,On time,Returning
103477,2026-04-10,15,Lund,Sushi,284.0,28.0,On time,Returning
107537,2026-06-04,19,Uppsala,Burgers,261.0,29.0,On time,Returning
107394,2026-06-02,19,Uppsala,Pizza,141.0,27.0,On time,Returning
103167,2026-04-06,20,Malmö,Sushi,218.0,22.0,On time,Returning
101337,2026-03-13,16,Göteborg,Thai,312.0,34.0,On time,Returning
109328,2026-06-29,18,Göteborg,Burgers,218.0,38.0,On time,New
111397,2026-07-26,18,Malmö,Sushi,336.0,21.0,On time,New
104990,2026-05-01,13,Malmö,Pizza,310.0,51.0,Late,Returning
110755,2026-07-18,19,Stockholm,Sushi,232.0,48.0,Late,Returning
109651,2026-07-03,13,Malmö,Pizza,274.0,49.0,Late,Returning
103656,2026-04-13,17,Göteborg,Indian,235.0,43.0,On time,Returning
106963,2026-05-27,18,Uppsala,Kebab,293.0,38.0,On time,Returning
111107,2026-07-22,12,Lund,Indian,221.0,26.0,On time,Returning
109190,2026-06-27,18,Stockholm,Burgers,259.0,26.0,On time,New
110595,2026-07-16,10,Stockholm,Indian,193.0,37.0,On time,New
104983,2026-05-01,9,Stockholm,Sushi,301.0,34.0,On time,Returning
101019,2026-03-08,9,Stockholm,Pizza,270.0,35.0,On time,Returning
105398,2026-05-06,12,Malmö,Sushi,252.0,36.0,On time,Returning
105561,2026-05-09,15,Göteborg,Pizza,221.0,25.0,On time,Returning
101504,2026-03-15,18,Stockholm,Indian,316.0,45.0,On time,Returning
107115,2026-05-30,18,Stockholm,Burgers,248.0,27.0,On time,New
103276,2026-04-08,12,Stockholm,Sushi,168.0,25.0,On time,Returning
112312,2026-08-08,10,Göteborg,Pizza,212.0,42.0,On time,Returning
100548,2026-03-02,17,Göteborg,Pizza,210.0,42.0,On time,New
110740,2026-07-18,13,Stockholm,Kebab,267.0,25.0,On time,Returning
106538,2026-05-22,21,Göteborg,Salad,288.0,38.0,On time,New
107931,2026-06-10,17,Göteborg,Indian,200.0,30.0,On time,Returning
112935,2026-08-16,18,Stockholm,Pizza,277.0,36.0,On time,Returning
110630,2026-07-16,16,Uppsala,Kebab,225.0,34.0,On time,New
103412,2026-04-10,18,Göteborg,Thai,170.0,36.0,On time,Returning
111803,2026-08-01,19,Stockholm,Indian,218.0,35.0,On time,New
108380,2026-06-15,12,Malmö,Thai,283.0,39.0,On time,Returning
107604,2026-06-05,19,Malmö,Pizza,260.0,58.0,Late,Returning
112780,2026-08-14,12,Stockholm,Vegan,244.0,26.0,On time,Returning
109963,2026-07-08,19,Göteborg,Pizza,270.0,38.0,On time,Returning
101956,2026-03-21,16,Lund,Pizza,278.0,36.0,On time,Returning
112785,2026-08-14,13,Stockholm,Pizza,291.0,32.0,On time,New
112710,2026-08-13,12,Stockholm,Burgers,252.0,27.0,On time,New
111807,2026-08-01,22,Stockholm,Indian,253.0,31.0,On time,Returning
101471,2026-03-15,18,Göteborg,Kebab,327.0,52.0,Late,Returning
105078,2026-05-02,20,Uppsala,Pizza,231.0,59.0,Late,Returning
107777,2026-06-07,13,Unknown,Salad,283.0,31.0,On time,Returning
112970,2026-08-16,10,Malmö,Pizza,271.0,28.0,On time,Returning
108083,2026-06-12,18,Göteborg,Thai,274.0,28.0,On time,Returning
109096,2026-06-26,11,Göteborg,Thai,183.0,42.0,On time,Returning
108540,2026-06-17,12,Lund,Sushi,302.0,48.0,Late,Returning
104682,2026-04-27,21,Göteborg,Indian,156.0,37.0,Unknown,New
100488,2026-03-01,13,Stockholm,Sushi,235.0,29.0,On time,New
106059,2026-05-16,18,Göteborg,Pizza,151.0,30.0,On time,New
100101,2026-02-24,13,Stockholm,Thai,308.0,42.0,On time,New
102514,2026-03-29,17,Stockholm,Kebab,180.0,29.0,On time,Returning
103162,2026-04-06,18,Malmö,Pizza,152.0,18.0,On time,Returning
107938,2026-06-10,19,Göteborg,Vegan,270.0,34.0,On time,New
101680,2026-03-17,22,Uppsala,Thai,202.0,21.0,On time,Returning
105754,2026-05-11,17,Stockholm,Sushi,253.0,24.0,On time,New
104742,2026-04-28,11,Göteborg,Pizza,180.0,41.0,On time,Returning
100545,2026-03-02,18,Göteborg,Indian,192.0,50.0,Late,Returning
112470,2026-08-09,11,Malmö,Burgers,160.0,33.0,On time,New
106738,2026-05-24,18,Malmö,Indian,192.0,41.0,On time,Returning
104916,2026-04-30,20,Malmö,Sushi,335.0,25.0,On time,Returning
100866,2026-03-06,21,Uppsala,Pizza,218.0,39.0,On time,Returning
109612,2026-07-03,18,Göteborg,Indian,202.0,39.0,On time,Returning
103637,2026-04-12,13,Uppsala,Sushi,305.0,48.0,Late,New
107057,2026-05-29,17,Stockholm,Kebab,210.0,46.0,Late,New
105732,2026-05-10,12,Lund,Sushi,266.0,51.0,Late,Returning
107751,2026-06-07,10,Stockholm,Kebab,240.0,36.0,On time,Returning
102484,2026-03-29,20,Göteborg,Burgers,244.0,49.0,Late,Returning
103309,2026-04-08,12,Malmö,Pizza,229.0,45.0,On time,Returning
108342,2026-06-15,20,Stockholm,Salad,217.0,28.0,On time,Returning
113177,2026-08-19,13,Stockholm,Pizza,328.0,45.0,On time,New
103779,2026-04-14,16,Malmö,Kebab,278.0,24.0,On time,Returning
102680,2026-03-31,23,Stockholm,Thai,332.0,38.0,On time,Returning
110629,2026-07-16,16,Uppsala,Pizza,303.0,43.0,On time,Returning
101261,2026-03-12,13,Göteborg,Kebab,210.0,38.0,On time,Returning
106584,2026-05-22,13,Malmö,Sushi,270.0,33.0,On time,Returning
105175,2026-05-03,18,Malmö,Burgers,340.0,36.0,On time,Returning
109070,2026-06-25,18,Malmö,Pizza,268.0,42.0,On time,New
102769,2026-04-01,20,Malmö,Burgers,268.0,31.0,On time,New
103563,2026-04-12,17,Göteborg,Thai,204.0,40.0,On time,Returning
111995,2026-08-03,15,Uppsala,Pizza,237.0,50.0,Late,Returning
110597,2026-07-16,22,Stockholm,Burgers,210.0,35.0,On time,Returning
111249,2026-07-25,20,Göteborg,Pizza,280.0,62.0,Late,Returning
102740,2026-04-01,23,Göteborg,Sushi,217.0,33.0,On time,New
100497,2026-03-01,14,Stockholm,Thai,256.0,26.0,On time,New
101926,2026-03-21,10,Malmö,Indian,330.0,22.0,On time,Returning
113249,2026-08-20,21,Stockholm,Sushi,214.0,38.0,On time,New
107545,2026-06-04,18,Lund,Pizza,338.0,42.0,On time,New
105361,2026-05-06,17,Stockholm,Pizza,253.0,40.0,On time,Returning
102698,2026-03-31,23,Malmö,Pizza,237.0,42.0,On time,New
101841,2026-03-20,17,Stockholm,Sushi,247.0,45.0,On time,Returning
112636,2026-08-12,18,Göteborg,Pizza,118.0,35.0,On time,Returning
101155,2026-03-10,17,Stockholm,Vegan,287.0,32.0,On time,New
110639,2026-07-16,12,Lund,Salad,225.0,31.0,On time,New
112687,2026-08-13,12,Göteborg,Burgers,298.0,17.0,On time,Returning
108419,2026-06-16,9,Göteborg,Pizza,221.0,38.0,On time,Returning
105202,2026-05-04,11,Göteborg,Vegan,264.0,42.0,On time,Returning
106771,2026-05-25,19,Göteborg,Burgers,236.0,40.0,On time,Returning
101807,2026-03-19,19,Uppsala,Burgers,283.0,39.0,On time,New
100835,2026-03-06,17,Stockholm,Sushi,324.0,33.0,On time,Returning
104680,2026-04-27,19,Göteborg,Pizza,335.0,48.0,Late,Returning
100039,2026-02-23,19,Stockholm,Pizza,250.0,32.0,On time,New
103257,2026-04-08,11,Göteborg,Kebab,268.0,54.0,Late,Returning
109421,2026-06-30,10,Stockholm,Kebab,286.0,26.0,On time,Returning
100090,2026-02-24,21,Göteborg,Pizza,194.0,45.0,On time,Returning
108671,2026-06-19,12,Malmö,Vegan,254.0,29.0,On time,New
105556,2026-05-09,12,Göteborg,Pizza,323.0,24.0,On time,New
110894,2026-07-20,20,Göteborg,Indian,255.0,32.0,On time,New
105331,2026-05-05,17,Malmö,Salad,133.0,52.0,Late,Returning
111856,2026-08-01,18,Lund,Pizza,269.0,28.0,On time,New
101706,2026-03-18,14,Stockholm,Vegan,301.0,20.0,On time,New
102149,2026-03-24,22,Stockholm,Pizza,343.0,45.0,On time,Returning
106192,2026-05-17,19,Stockholm,Burgers,337.0,40.0,On time,Returning
102383,2026-03-27,16,Malmö,Thai,322.0,52.0,Late,New
108070,2026-06-11,16,Uppsala,Burgers,184.0,37.0,On time,New
111079,2026-07-22,17,Malmö,Kebab,150.0,40.0,On time,Returning
110721,2026-07-18,18,Göteborg,Vegan,314.0,44.0,On time,New
102684,2026-03-31,19,Stockholm,Sushi,241.0,28.0,On time,Returning
108015,2026-06-11,14,Göteborg,Thai,314.0,41.0,On time,New
107443,2026-06-03,18,Stockholm,Indian,255.0,47.0,Late,Returning
108238,2026-06-14,13,Göteborg,Pizza,192.0,43.0,On time,Returning
104734,2026-04-28,19,Göteborg,Sushi,128.0,45.0,On time,New
113279,2026-08-20,11,Lund,Burgers,173.0,36.0,On time,Returning
103520,2026-04-11,13,Stockholm,Indian,266.0,42.0,On time,Returning
102491,2026-03-29,20,Göteborg,Burgers,224.0,36.0,On time,Returning
110432,2026-07-14,18,Göteborg,Thai,403.0,22.0,On time,Returning
107013,2026-05-28,14,Malmö,Burgers,265.0,57.0,Late,Returning
110625,2026-07-16,12,Malmö,Kebab,155.0,28.0,On time,Returning
103070,2026-04-05,17,Stockholm,Burgers,330.0,32.0,On time,Returning
113211,2026-08-20,20,Göteborg,Burgers,161.0,40.0,On time,New
109041,2026-06-25,16,Stockholm,Burgers,215.0,39.0,On time,Returning
112562,2026-08-11,20,Göteborg,Burgers,315.0,25.0,On time,New
107135,2026-05-30,13,Stockholm,Pizza,267.0,28.0,On time,Returning
107421,2026-06-03,13,Göteborg,Pizza,236.0,32.0,On time,Returning
103469,2026-04-10,14,Uppsala,Vegan,150.0,36.0,On time,Returning
100664,2026-03-03,17,Malmö,Thai,124.0,32.0,On time,Returning
104227,2026-04-20,10,Uppsala,Burgers,285.0,34.0,On time,Returning
108595,2026-06-18,19,Uppsala,Burgers,121.0,33.0,On time,New
109858,2026-07-06,19,Malmö,Burgers,315.0,32.0,On time,New
109908,2026-07-07,11,Stockholm,Vegan,252.0,39.0,On time,Returning
100569,2026-03-02,19,Stockholm,Vegan,164.0,29.0,On time,Returning
109589,2026-07-02,20,Uppsala,Pizza,196.0,36.0,On time,New
103560,2026-04-12,12,Göteborg,Burgers,263.0,32.0,On time,New
103056,2026-04-05,14,Stockholm,Burgers,395.0,250.0,Unknown,Returning
105700,2026-05-10,14,Malmö,Thai,240.0,53.0,Late,Returning
111633,2026-07-30,13,Göteborg,Burgers,233.0,44.0,On time,Returning
105636,2026-05-09,18,Lund,Thai,415.0,43.0,On time,New
105931,2026-05-14,10,Stockholm,Thai,309.0,51.0,Late,New
110433,2026-07-14,9,Göteborg,Thai,258.0,34.0,On time,Returning
102858,2026-04-02,13,Lund,Pizza,250.0,50.0,Late,Returning
112631,2026-08-12,21,Göteborg,Kebab,259.0,26.0,On time,New
100465,2026-03-01,12,Göteborg,Sushi,243.0,45.0,On time,New
110710,2026-07-18,12,Göteborg,Thai,239.0,46.0,Late,New
112455,2026-08-09,18,Stockholm,Pizza,210.0,39.0,On time,New
111296,2026-07-25,14,Stockholm,Pizza,222.0,39.0,On time,Returning
101683,2026-03-17,21,Lund,Indian,321.0,44.0,On time,Returning
105210,2026-05-04,19,Göteborg,Pizza,275.0,21.0,On time,Returning
101081,2026-03-09,20,Stockholm,Burgers,335.0,45.0,On time,New
112322,2026-08-08,17,Stockholm,Pizza,204.0,32.0,On time,New
111189,2026-07-24,11,Stockholm,Sushi,222.0,37.0,On time,Returning
105843,2026-05-12,12,Uppsala,Burgers,290.0,53.0,Late,Returning
104277,2026-04-21,10,Stockholm,Sushi,300.0,40.0,On time,New
109420,2026-06-30,14,Stockholm,Kebab,257.0,39.0,On time,New
100874,2026-03-06,17,Lund,Burgers,143.0,30.0,On time,New
109644,2026-07-03,19,Stockholm,Sushi,288.0,28.0,On time,New
100451,2026-03-01,18,Göteborg,Vegan,264.0,37.0,On time,Returning
107779,2026-06-07,21,Malmö,Burgers,252.0,25.0,On time,New
102820,2026-04-02,18,Stockholm,Vegan,275.0,37.0,Unknown,Returning
110748,2026-07-18,19,Stockholm,Burgers,224.0,32.0,On time,Returning
108905,2026-06-23,19,Göteborg,Burgers,240.0,43.0,On time,Returning
102134,2026-03-24,23,Stockholm,Indian,192.0,20.0,On time,Returning
107629,2026-06-06,16,Göteborg,Pizza,199.0,41.0,On time,Returning
105043,2026-05-02,14,Stockholm,Salad,261.0,40.0,On time,Returning
111300,2026-07-25,21,Stockholm,Pizza,169.0,26.0,On time,Returning
111563,2026-07-29,20,Göteborg,Pizza,225.0,51.0,Late,Returning
107891,2026-06-09,19,Stockholm,Thai,197.0,46.0,Late,New
105795,2026-05-11,17,Lund,Sushi,313.0,30.0,On time,Returning
105003,2026-05-01,16,Uppsala,Indian,277.0,50.0,Late,Returning
111963,2026-08-03,13,Stockholm,Burgers,326.0,41.0,On time,Returning
103029,2026-04-05,18,Göteborg,Vegan,254.0,44.0,On time,Returning
109340,2026-06-29,16,Göteborg,Vegan,239.0,37.0,On time,Returning
112320,2026-08-08,11,Stockholm,Vegan,200.0,22.0,On time,Returning
103633,2026-04-12,10,Unknown,Burgers,198.0,43.0,On time,New
106524,2026-05-22,11,Göteborg,Pizza,273.0,38.0,On time,Returning
108107,2026-06-12,23,Stockholm,Pizza,321.0,36.0,On time,Returning
103102,2026-04-05,18,Uppsala,Vegan,254.0,43.0,On time,Returning
108488,2026-06-17,9,Göteborg,Pizza,237.0,20.0,On time,New
106591,2026-05-22,18,Uppsala,Burgers,241.0,30.0,On time,New
104108,2026-04-19,12,Stockholm,Kebab,204.0,36.0,On time,Returning
110773,2026-07-18,12,Malmö,Thai,293.0,28.0,On time,New
113145,2026-08-19,18,Göteborg,Burgers,216.0,52.0,Late,New
109265,2026-06-28,11,Göteborg,Sushi,291.0,32.0,On time,Returning
107517,2026-06-04,12,Stockholm,Kebab,244.0,48.0,Late,New
102007,2026-03-22,13,Stockholm,Indian,177.0,28.0,On time,Returning
110356,2026-07-13,20,Göteborg,Thai,198.0,42.0,On time,New
112465,2026-08-09,11,Malmö,Indian,310.0,33.0,On time,New
110910,2026-07-20,11,Stockholm,Salad,318.0,53.0,Late,New
106792,2026-05-25,9,Stockholm,Vegan,348.0,32.0,On time,New
108815,2026-06-21,19,Malmö,Kebab,252.0,37.0,On time,New
105478,2026-05-07,12,Lund,Pizza,210.0,32.0,On time,New
108032,2026-06-11,18,Stockholm,Pizza,301.0,25.0,On time,New
100775,2026-03-05,13,Malmö,Thai,313.0,38.0,On time,Returning
102230,2026-03-25,17,Stockholm,Sushi,300.0,63.0,Late,New
112541,2026-08-10,17,Malmö,Pizza,200.0,27.0,On time,New
104209,2026-04-20,17,Stockholm,Sushi,226.0,40.0,On time,New
113381,2026-08-22,20,Stockholm,Kebab,236.0,42.0,On time,Returning
112010,2026-08-04,20,Göteborg,Thai,293.0,32.0,On time,Returning
112273,2026-08-07,18,Malmö,Indian,184.0,29.0,On time,Returning
106071,2026-05-16,14,Göteborg,Pizza,265.0,19.0,On time,New
110790,2026-07-18,12,Uppsala,Indian,203.0,39.0,On time,New
108664,2026-06-19,20,Malmö,Sushi,114.0,32.0,On time,Returning
110970,2026-07-21,18,Göteborg,Pizza,307.0,33.0,On time,Returning
109383,2026-06-29,16,Malmö,Kebab,189.0,41.0,On time,Returning
101095,2026-03-09,20,Stockholm,Salad,150.0,33.0,On time,Returning
106133,2026-05-16,12,Lund,Burgers,265.0,42.0,On time,Returning
107265,2026-05-31,21,Lund,Burgers,297.0,23.0,On time,Returning
113258,2026-08-20,11,Malmö,Vegan,343.0,35.0,On time,Returning
111364,2026-07-26,16,Stockholm,Indian,239.0,34.0,On time,Returning
109204,2026-06-27,11,Stockholm,Burgers,220.0,48.0,Late,New
102678,2026-03-31,12,Stockholm,Pizza,373.0,34.0,On time,New
111961,2026-08-03,20,Stockholm,Indian,289.0,49.0,Late,Returning
101067,2026-03-09,20,Stockholm,Pizza,269.0,52.0,Late,Returning
111718,2026-07-31,13,Göteborg,Kebab,182.0,42.0,On time,Returning
101800,2026-03-19,10,Malmö,Sushi,321.0,56.0,Late,Returning
113248,2026-08-20,12,Stockholm,Vegan,329.0,39.0,On time,New
104293,2026-04-21,11,Uppsala,Burgers,172.0,37.0,On time,New
112615,2026-08-11,18,Lund,Burgers,231.0,24.0,On time,Returning
111416,2026-07-26,20,Lund,Pizza,214.0,34.0,On time,Returning
107569,2026-06-05,12,Stockholm,Indian,272.0,40.0,On time,New
112565,2026-08-11,19,Göteborg,Burgers,233.0,42.0,On time,Returning
104027,2026-04-18,10,Stockholm,Kebab,215.0,42.0,On time,New
109162,2026-06-27,11,Göteborg,Thai,426.0,39.0,On time,Returning
113494,2026-08-23,16,Malmö,Pizza,184.0,44.0,On time,New
104233,2026-04-20,12,Lund,Thai,235.0,24.0,On time,Returning
103402,2026-04-09,13,Lund,Vegan,340.0,44.0,On time,Returning
111468,2026-07-27,17,Malmö,Sushi,175.0,43.0,On time,Returning
102479,2026-03-28,12,Lund,Vegan,211.0,35.0,On time,Returning
108297,2026-06-14,11,Malmö,Pizza,276.0,46.0,Late,New
110568,2026-07-16,12,Göteborg,Thai,312.0,36.0,On time,Returning
105100,2026-05-03,17,Göteborg,Burgers,247.0,37.0,On time,Returning
102824,2026-04-02,21,Stockholm,Kebab,261.0,37.0,Unknown,Returning
107002,2026-05-28,18,Stockholm,Vegan,311.0,38.0,On time,New
108983,2026-06-24,13,Stockholm,Indian,294.0,42.0,On time,New
102596,2026-03-30,18,Stockholm,Pizza,150.0,27.0,On time,New
101332,2026-03-13,17,Göteborg,Kebab,215.0,33.0,On time,New
100542,2026-03-02,17,Göteborg,Sushi,220.0,35.0,On time,New
103991,2026-04-18,19,Göteborg,Vegan,238.0,33.0,On time,Returning
100735,2026-03-04,13,Unknown,Sushi,319.0,45.0,On time,New
102311,2026-03-26,15,Uppsala,Salad,259.0,23.0,On time,Returning
102877,2026-04-03,11,Göteborg,Sushi,221.0,29.0,On time,Returning
100521,2026-03-01,17,Uppsala,Burgers,296.0,49.0,Late,Returning
109744,2026-07-05,13,Unknown,Pizza,279.0,45.0,On time,Returning
101239,2026-03-11,15,Uppsala,Sushi,275.0,32.0,On time,Returning
101976,2026-03-22,23,Göteborg,Kebab,261.0,35.0,On time,Returning
105894,2026-05-13,20,Malmö,Kebab,364.0,41.0,On time,New
109224,2026-06-27,18,Stockholm,Sushi,176.0,30.0,On time,Returning
109549,2026-07-02,19,Stockholm,Burgers,202.0,37.0,On time,Returning
111525,2026-07-28,14,Stockholm,Kebab,301.0,39.0,On time,New
105681,2026-05-10,12,Stockholm,Indian,196.0,38.0,On time,Returning
105056,2026-05-02,11,Malmö,Indian,358.0,49.0,Late,Returning
112364,2026-08-08,20,Stockholm,Indian,205.0,37.0,Unknown,New
106265,2026-05-18,13,Stockholm,Pizza,204.0,45.0,On time,Returning
108605,2026-06-18,13,Lund,Pizza,287.0,33.0,On time,Returning
106883,2026-05-26,17,Malmö,Burgers,212.0,34.0,On time,Returning
108048,2026-06-11,13,Malmö,Pizza,269.0,40.0,On time,New
103959,2026-04-17,17,Stockholm,Burgers,275.0,40.0,On time,Returning
108086,2026-06-12,11,Göteborg,Thai,234.0,38.0,On time,Returning
104662,2026-04-26,22,Lund,Indian,336.0,24.0,On time,Returning
106172,2026-05-17,14,Stockholm,Pizza,272.0,31.0,On time,Returning
107221,2026-05-31,12,Stockholm,Kebab,242.0,30.0,On time,Returning
104024,2026-04-18,20,Stockholm,Pizza,240.0,24.0,On time,Returning
100219,2026-02-25,12,Lund,Vegan,247.0,33.0,On time,New
111294,2026-07-25,13,Stockholm,Kebab,285.0,15.0,On time,Returning
113131,2026-08-18,11,Uppsala,Pizza,243.0,25.0,On time,Returning
108022,2026-06-11,12,Stockholm,Pizza,186.0,46.0,Late,Returning
108816,2026-06-21,14,Malmö,Burgers,275.0,39.0,On time,New
102932,2026-04-04,20,Göteborg,Vegan,326.0,53.0,Late,New
111527,2026-07-28,12,Stockholm,Pizza,234.0,33.0,On time,New
109363,2026-06-29,17,Stockholm,Vegan,186.0,42.0,On time,Returning
113040,2026-08-17,13,Malmö,Thai,219.0,47.0,Late,Returning
105233,2026-05-04,12,Stockholm,Burgers,274.0,48.0,Late,Returning
102584,2026-03-30,19,Göteborg,Burgers,335.0,38.0,On time,Returning
101496,2026-03-15,12,Stockholm,Indian,274.0,34.0,On time,Returning
104074,2026-04-19,11,Göteborg,Burgers,365.0,39.0,On time,New
106138,2026-05-16,18,Lund,Thai,240.0,32.0,On time,Returning
100977,2026-03-08,11,Göteborg,Pizza,201.0,40.0,On time,Returning
101703,2026-03-18,21,Stockholm,Pizza,206.0,40.0,On time,Returning
103659,2026-04-13,11,Göteborg,Thai,212.0,38.0,On time,Returning
113293,2026-08-21,12,Göteborg,Sushi,284.0,24.0,On time,Returning
113424,2026-08-22,11,Uppsala,Sushi,265.0,27.0,On time,Returning
102745,2026-04-01,18,Stockholm,Pizza,197.0,41.0,On time,Returning
101757,2026-03-19,18,Göteborg,Pizza,234.0,48.0,Late,Returning
108961,2026-06-24,17,Göteborg,Vegan,291.0,21.0,On time,Returning
102607,2026-03-30,11,Stockholm,Burgers,283.0,38.0,On time,Returning
109445,2026-06-30,17,Malmö,Burgers,296.0,51.0,Late,New
103122,2026-04-06,13,Göteborg,Pizza,265.0,37.0,On time,Returning
102008,2026-03-22,16,Stockholm,Indian,358.0,39.0,On time,Returning
104336,2026-04-22,20,Stockholm,Salad,288.0,31.0,On time,New
104156,2026-04-19,18,Uppsala,Pizza,256.0,41.0,On time,Returning
107650,2026-06-06,19,Stockholm,Burgers,277.0,26.0,On time,New
112939,2026-08-16,12,Stockholm,Burgers,197.0,44.0,On time,New
108039,2026-06-11,15,Stockholm,Pizza,189.0,32.0,On time,Returning
110469,2026-07-14,13,Malmö,Sushi,211.0,39.0,On time,Returning
109366,2026-06-29,19,Stockholm,Burgers,198.0,39.0,On time,Returning
110189,2026-07-11,23,Unknown,Thai,369.0,31.0,On time,Returning
100810,2026-03-06,17,Göteborg,Thai,304.0,42.0,On time,New
106114,2026-05-16,11,Malmö,Kebab,273.0,33.0,On time,Returning
100996,2026-03-08,14,Stockholm,Burgers,297.0,27.0,On time,Returning
101858,2026-03-20,14,Malmö,Kebab,217.0,18.0,On time,Returning
108790,2026-06-21,18,Stockholm,Pizza,321.0,48.0,Late,New
108527,2026-06-17,19,Malmö,Burgers,217.0,27.0,On time,Returning
110275,2026-07-12,10,Göteborg,Pizza,293.0,28.0,On time,New
112040,2026-08-04,12,Stockholm,Pizza,203.0,40.0,On time,Returning
104972,2026-05-01,15,Stockholm,Burgers,224.0,40.0,On time,Returning
103374,2026-04-09,12,Stockholm,Sushi,292.0,43.0,On time,Returning
112469,2026-08-09,11,Malmö,Sushi,231.0,46.0,Late,New
105651,2026-05-10,15,Göteborg,Pizza,155.0,26.0,On time,Returning
104113,2026-04-19,14,Stockholm,Burgers,251.0,46.0,Late,Returning
104811,2026-04-29,19,Stockholm,Pizza,280.0,37.0,Unknown,New
109473,2026-07-01,19,Göteborg,Pizza,277.0,38.0,On time,Returning
102207,2026-03-25,19,Göteborg,Pizza,293.0,35.0,On time,Returning
102609,2026-03-30,11,Stockholm,Kebab,233.0,51.0,Late,New
106784,2026-05-25,18,Stockholm,Kebab,186.0,31.0,On time,New
107696,2026-06-06,13,Uppsala,Pizza,203.0,37.0,Unknown,Returning
105901,2026-05-13,10,Malmö,Kebab,336.0,31.0,On time,Returning
103422,2026-04-10,18,Göteborg,Burgers,240.0,36.0,On time,Returning
105207,2026-05-04,13,Göteborg,Sushi,202.0,43.0,On time,Returning
104249,2026-04-21,13,Göteborg,Sushi,255.0,48.0,Late,Returning
100582,2026-03-02,13,Malmö,Salad,202.0,29.0,On time,New
106702,2026-05-24,13,Stockholm,Indian,241.0,29.0,On time,New
111618,2026-07-29,18,Lund,Salad,218.0,39.0,On time,Returning
111308,2026-07-25,23,Malmö,Sushi,211.0,42.0,On time,New
107713,2026-06-07,18,Göteborg,Pizza,248.0,37.0,Unknown,Returning
109302,2026-06-28,20,Malmö,Pizza,192.0,43.0,On time,Returning
100248,2026-02-26,12,Stockholm,Burgers,280.0,46.0,Late,Returning
110338,2026-07-12,17,Uppsala,Burgers,270.0,45.0,On time,Returning
100017,2026-02-23,18,Göteborg,Pizza,277.0,45.0,On time,Returning
109480,2026-07-01,19,Göteborg,Burgers,245.0,50.0,Late,Returning
108414,2026-06-16,20,Göteborg,Sushi,300.0,29.0,On time,New
107403,2026-06-02,12,Lund,Vegan,259.0,52.0,Late,Returning
111640,2026-07-30,9,Stockholm,Kebab,340.0,50.0,Late,Returning
104332,2026-04-22,11,Stockholm,Pizza,279.0,47.0,Late,New
104884,2026-04-30,11,Stockholm,Pizza,282.0,27.0,On time,Returning
109143,2026-06-26,9,Uppsala,Burgers,242.0,45.0,On time,Returning
113168,2026-08-19,12,Stockholm,Salad,341.0,35.0,On time,Returning
101628,2026-03-17,11,Göteborg,Thai,306.0,39.0,On time,Returning
101306,2026-03-12,11,Malmö,Vegan,244.0,39.0,On time,Returning
105116,2026-05-03,19,Göteborg,Kebab,347.0,34.0,On time,Returning
104846,2026-04-29,15,Malmö,Thai,276.0,35.0,On time,Returning
101171,2026-03-10,21,Malmö,Pizza,217.0,38.0,On time,Returning
109912,2026-07-07,17,Stockholm,Burgers,169.0,25.0,On time,Returning
102020,2026-03-22,16,Malmö,Burgers,197.0,27.0,On time,Returning
107773,2026-06-07,17,Malmö,Sushi,275.0,40.0,On time,Returning
107531,2026-06-04,12,Malmö,Sushi,281.0,48.0,Late,Returning
108205,2026-06-13,14,Malmö,Burgers,238.0,42.0,On time,Returning
112949,2026-08-16,10,Stockholm,Sushi,249.0,20.0,On time,Returning
110579,2026-07-16,11,Unknown,Thai,371.0,49.0,Late,Returning
103616,2026-04-12,16,Malmö,Sushi,314.0,21.0,On time,New
102578,2026-03-30,12,Göteborg,Sushi,237.0,46.0,Late,Returning
109239,2026-06-27,20,Uppsala,Sushi,163.0,22.0,On time,New
110890,2026-07-20,11,Göteborg,Indian,241.0,47.0,Late,New
100252,2026-02-26,13,Stockholm,Indian,350.0,37.0,On time,Returning
110847,2026-07-19,13,Stockholm,Thai,185.0,36.0,On time,New
113300,2026-08-21,10,Göteborg,Kebab,200.0,29.0,On time,New
112464,2026-08-09,16,Malmö,Indian,312.0,39.0,On time,Returning
108406,2026-06-16,13,Göteborg,Burgers,262.0,33.0,On time,Returning
108142,2026-06-12,11,Lund,Burgers,188.0,38.0,On time,Returning
107155,2026-05-30,17,Malmö,Burgers,278.0,38.0,On time,Returning
104019,2026-04-18,11,Stockholm,Salad,288.0,31.0,On time,New
104043,2026-04-18,10,Malmö,Pizza,259.0,42.0,On time,Returning
103224,2026-04-07,13,Stockholm,Vegan,254.0,35.0,On time,Returning
101735,2026-03-18,11,Uppsala,Burgers,159.0,44.0,On time,Returning
106409,2026-05-20,16,Stockholm,Indian,199.0,37.0,Unknown,New
107932,2026-06-10,9,Göteborg,Sushi,195.0,18.0,On time,Returning
106836,2026-05-26,19,Göteborg,Pizza,259.0,23.0,On time,Returning
105799,2026-05-12,11,Göteborg,Pizza,221.0,26.0,On time,Returning
110147,2026-07-10,21,Malmö,Burgers,315.0,35.0,On time,Returning
104911,2026-04-30,20,Malmö,Pizza,149.0,39.0,On time,New
110887,2026-07-19,22,Lund,Salad,293.0,39.0,On time,New
100830,2026-03-06,11,Stockholm,Burgers,186.0,39.0,On time,Returning
108710,2026-06-20,12,Stockholm,Kebab,317.0,41.0,On time,New
106056,2026-05-15,16,Lund,Pizza,277.0,43.0,On time,New
103331,2026-04-09,12,Göteborg,Pizza,299.0,38.0,On time,Returning
112524,2026-08-10,16,Stockholm,Pizza,198.0,37.0,On time,New
110273,2026-07-12,17,Göteborg,Pizza,263.0,48.0,Late,Returning
103932,2026-04-17,14,Göteborg,Vegan,422.0,42.0,On time,Returning
104302,2026-04-21,19,Lund,Pizza,308.0,55.0,Late,Returning
103891,2026-04-16,21,Stockholm,Kebab,264.0,39.0,On time,New
111234,2026-07-24,10,Uppsala,Burgers,294.0,29.0,On time,Returning
104308,2026-04-22,17,Göteborg,Kebab,244.0,60.0,Late,New
112331,2026-08-08,17,Stockholm,Thai,192.0,45.0,On time,New
104232,2026-04-20,11,Lund,Thai,275.0,36.0,On time,Returning
101150,2026-03-10,13,Stockholm,Salad,255.0,39.0,On time,New
106384,2026-05-20,12,Göteborg,Sushi,352.0,31.0,On time,Returning
108957,2026-06-23,18,Lund,Thai,206.0,39.0,On time,New
109424,2026-06-30,11,Stockholm,Pizza,243.0,43.0,On time,Returning
105964,2026-05-14,18,Stockholm,Pizza,220.0,28.0,On time,Returning
107237,2026-05-31,18,Stockholm,Indian,148.0,32.0,On time,Returning
111439,2026-07-27,20,Göteborg,Burgers,290.0,35.0,On time,New
105086,2026-05-02,13,Lund,Burgers,132.0,30.0,On time,Returning
110037,2026-07-09,23,Göteborg,Burgers,345.0,38.0,On time,Returning
100260,2026-02-26,19,Stockholm,Thai,133.0,28.0,On time,New
113291,2026-08-21,14,Göteborg,Pizza,202.0,55.0,Late,New
106812,2026-05-25,12,Malmö,Pizza,258.0,33.0,On time,New
105957,2026-05-14,16,Stockholm,Pizza,219.0,61.0,Late,New
104375,2026-04-22,13,Uppsala,Thai,168.0,39.0,On time,Returning
107446,2026-06-03,19,Stockholm,Burgers,290.0,58.0,Late,Returning
100093,2026-02-24,20,Göteborg,Pizza,145.0,37.0,On time,Returning
107393,2026-06-02,13,Uppsala,Burgers,192.0,39.0,On time,Returning
105261,2026-05-04,10,Malmö,Indian,195.0,32.0,On time,New
103202,2026-04-07,13,Stockholm,Vegan,313.0,40.0,On time,New
107214,2026-05-31,10,Stockholm,Pizza,279.0,57.0,Late,Returning
110531,2026-07-15,19,Stockholm,Indian,244.0,36.0,On time,Returning
101877,2026-03-20,15,Lund,Pizza,298.0,32.0,On time,New
103400,2026-04-09,20,Lund,Thai,348.0,29.0,On time,New
103034,2026-04-05,17,Göteborg,Indian,262.0,30.0,On time,Returning
111975,2026-08-03,18,Stockholm,Sushi,290.0,32.0,On time,Returning
111412,2026-07-26,17,Uppsala,Burgers,332.0,38.0,On time,Returning
108974,2026-06-24,13,Göteborg,Pizza,152.0,32.0,On time,Returning
100537,2026-03-02,11,Göteborg,Salad,230.0,22.0,On time,Returning
108720,2026-06-20,23,Stockholm,Salad,188.0,39.0,On time,New
111200,2026-07-24,19,Stockholm,Salad,166.0,49.0,Late,Returning
106619,2026-05-23,12,Stockholm,Sushi,253.0,31.0,On time,Returning
102483,2026-03-29,19,Göteborg,Pizza,153.0,44.0,On time,Returning
101810,2026-03-19,11,Uppsala,Pizza,172.0,50.0,Late,New
113065,2026-08-18,19,Göteborg,Indian,305.0,20.0,On time,New
106547,2026-05-22,10,Stockholm,Kebab,290.0,40.0,On time,Returning
106252,2026-05-18,21,Göteborg,Burgers,284.0,33.0,On time,New
101414,2026-03-14,22,Stockholm,Pizza,326.0,40.0,On time,New
111986,2026-08-03,20,Malmö,Indian,325.0,26.0,On time,Returning
111798,2026-08-01,17,Stockholm,Burgers,270.0,49.0,Late,New
113125,2026-08-18,12,Malmö,Kebab,347.0,35.0,On time,Returning
107961,2026-06-10,12,Stockholm,Burgers,273.0,35.0,On time,New
102017,2026-03-22,12,Malmö,Indian,223.0,44.0,On time,New
102028,2026-03-22,12,Uppsala,Pizza,279.0,37.0,On time,Returning
111370,2026-07-26,22,Stockholm,Salad,190.0,52.0,Late,Returning
113274,2026-08-20,20,Uppsala,Indian,297.0,28.0,On time,Returning
105778,2026-05-11,18,Malmö,Burgers,223.0,52.0,Late,Returning
106950,2026-05-27,12,Malmö,Vegan,176.0,27.0,On time,New
112812,2026-08-14,20,Uppsala,Salad,209.0,44.0,On time,Returning
109100,2026-06-26,16,Göteborg,Indian,338.0,37.0,Unknown,Returning
107758,2026-06-07,18,Stockholm,Salad,312.0,26.0,On time,New
103052,2026-04-05,13,Stockholm,Kebab,183.0,26.0,On time,Returning
112070,2026-08-04,14,Lund,Sushi,301.0,61.0,Late,Returning
106016,2026-05-15,13,Stockholm,Pizza,272.0,43.0,On time,Returning
107488,2026-06-04,20,Göteborg,Indian,267.0,36.0,On time,New
109250,2026-06-27,19,Unknown,Vegan,417.0,34.0,On time,Returning
111562,2026-07-29,18,Göteborg,Burgers,261.0,56.0,Late,Returning
