OrderID,OrderDate,OrderHour,City,Cuisine,OrderValueSEK,DeliveryTimeMin,DeliveryStatus,CustomerType
108911,2026-06-23,20,Göteborg,Thai,248 kr,23,On time,Returning 
105327,2026-05-05,21,Malmö,Indian,168 kr,35,On time,Returning
112843,15 Aug 2026,11,Stockholm,Sushi,217.0,25,On time,Returning
104912,2026-04-30,16,Malmö,Thai ,"286,0",38,On time,Returning
110109,2026-07-10,20,Göteborg,Pizza,111.0,47,Late,New
104788,2026-04-28,17,Uppsala,Sushi,317.0,26,On time,New
108765,2026-06-21,17,göteborg,Kebab ,204.0,28,On time,returning
108343,15 Jun 2026,20,Stockholm,Pizza,256.0,36,On time,New
109945,2026-07-07,17,Uppsala,Kebab,333.0,33,On time,Returning
111435,2026-07-27,20,Göteborg,Burgers,292.0,29,On time,NEW
112873,2026-08-15,13,Stockholm,Sushi,317.0,31,On time,Returning
105885,2026-05-13,19,Stockholm,Burgers,243 SEK,39,On time,New
106871,2026-05-26,12,STOCKHOLM,sushi,111.0,42,On time,New
111060,2026-07-22,17,Stockholm,Burgers,243.0,19,on time ,NEW
104596,26 Apr 2026,12,Göteborg,Salad,SEK 309,44,On time,returning
112732,13 Aug 2026,20,malmö,Pizza,240,45,On time,Returning
103203,2026-04-07,19,Stockholm,Thai,287.0,35,On time,Returning
108441,2026-06-16,12,Stockholm,Kebab,389 SEK,35,on time,Returning
109025,2026-06-25,21,Göteborg,Salad,247.0,42,on time,New
105355,06.05.2026,16,GÖTEBORG,Burgers,295.0,28,On time,New
105999,2026-05-15,20,GÖTEBORG,Burgers,268.0,51,Late,New
110123,2026-07-10,21,Sthlm,Pizza,204.0,30,On time,Returning
109056,2026-06-25,20,Stockholm, Vegan,"420,0",37,On time,Returning
110917,2026-07-20,10,Stockholm,Sushi,199.0,35,On time,Returning
109263,28.06.2026,17,Göteborg,Pizza,398,34,On time,New
111529,2026-07-28,10,Stockholm,Burgers,"257,0",51,Late,Returning
106552,2026-05-22,18,Stockholm,Burgers,SEK 187,32,On time,Returning 
110389,2026-07-13,11,Malmö,Thai,191.0,36,On time,New
113172,19 Aug 2026,20,STOCKHOLM,Burgers,247.0,45,On Time,Returning
112495,10/08/2026,11,Göteborg,Thai,219 SEK,23,On time,Returning
104693,2026-04-27,11,Stockholm,Salad,184,29,On time,Returning
105529,2026-05-08,11,Malmö, Kebab,209.0,34,On time,New
110628,2026-07-16,11,Uppsala,Kebab,229.0,23,On time,NEW
100166,25/02/2026,19,Stockholm,Salad,"257,0",31,On time,Returning
100814,6 Mar 2026,19,Göteborg,Burgers,235,45,Ontime,Returning
111931,2026-08-02,12,Uppsala ,Pizza,181,29,On time,Returning
108220,2026-06-13,23,Uppsala,Indian,140 kr,54,Late,New
104858,2026-04-29,19,Lund,Pizza,280.0,32,On time,New
107715,2026-06-07,18, Göteborg,Pizza,236.0,58,Late ,Returning
105905,13 May 2026,11,Uppsala,THAI,300,43,On time,Returning
102722,1 Apr 2026,17,Göteborg,Pizza,275 kr,51,Late, Returning
108473,2026-06-16,11,Lund ,Thai,238.0,15,on time ,Returning
108672,19/06/2026,16,Malmö,Indian,294,33,on time ,New
103066,05/04/2026,14,Stockholm,Thai ,267.0,47,Late, new
104917,2026-04-30,17,Malmö,Indian,257.0,44,On time,New
101205,2026-03-11,13,Stockholm,Sushi,308 SEK,41,ON TIME,New
100562,02.03.2026,12,Stockholm,KEBAB,185.0,39,On time,Returning
106563,2026-05-22,9,Stockholm,Pizza,208.0,40,on time ,New
107749,07/06/2026,13, Stockholm,Burgers,"306,0",43,ON TIME,New 
108544,2026-06-18,13,Göteborg,Vegan,243.0,41,On time,New
102610,30 Mar 2026,17,Stockholm,Thai,201.0,52,late, Returning
105026,2026-05-02,9,GÖTEBORG,Vegan,"342,0",44,On time,Returning
110814,2026-07-19,18,Göteborg,Pizza,205.0,49,Late,returning
102571,30 Mar 2026,18,Göteborg,burgers,246,33,On time,Returning
106280,2026-05-18,16,STOCKHOLM,thai,270.0,50,Late,Returning
110092,2026-07-09,9,uppsala,Pizza,200.0,40,On time,New
113194,2026-08-19,15,Uppsala,Burgers,166,47,Late, new
105149,2026-05-03,11,Stockholm,Vegan,226.0,29,On time,Returning
104155,2026-04-19,11,Uppsala,sushi,263 kr,23,On time,Returning
101667,2026-03-17,20, Malmö,Pizza,368 SEK,33,Ontime,Returning
112508,2026-08-10,17,Stockholm,Vegan,228 kr,35,On time,New
109982,2026-07-08,13,Sthlm,Thai,173.0,36,On time, new
107048,2026-05-29,14,Sthlm,Indian,285.0,58,Late,Returning
103682,13.04.2026,13,Stockholm,Kebab,204 kr,33,On time,Returning
113214,2026-08-20,17,,Burgers,175.0,38,On time,Returning 
113384,22 Aug 2026,17,,Kebab,"225,0",22,On time,Returning
100447,2026-03-01,13,GÖTEBORG,Salad,236 kr,36,ON TIME,Returning
103268,2026-04-08,12,Göteborg,Salad,236.0,24,On time,New
111969,2026-08-03,17,STOCKHOLM,Pizza,202.0,40,On time,Returning
103305,2026-04-08,19,Malmö,Pizza ,287,40,Ontime,Returning
112503,2026-08-10,11,Göteborg,BURGERS,223,39,On time,New
111693,30 Jul 2026,11,Uppsala,Pizza,235.0,38,On time,Returning
102967,2026-04-04,12,Stockholm,Pizza ,223,33,On time,New
105469,2026-05-07,12,Uppsala,Burgers,"294,0",31,On time,Returning
103643,12.04.2026,11,Lund,Pizza,226.0,37,On time,Returning
111652,2026-07-30,14,Stockholm ,Burgers,237.0,24,On Time,Returning
106029,15 May 2026,16,STOCKHOLM,Thai,"318,0",38,On time,Returning
109395,2026-06-29,10,Lund,Thai,"293,0",27,On time,New
110668,2026-07-17,11,Stockholm, Pizza,221 SEK,44,On time,Returning
106880,2026-05-26,18,MALMÖ,Pizza,312.0,27,on time ,Returning
100370,2026-02-28,19,Göteborg,SUSHI,198 kr,40,ON TIME,Returning
101768,2026-03-19,18,Stockholm,Burgers,"249,0",41,On time,Returning
106363,19/05/2026,20,Uppsala,Vegan,"183,0",48,Late,Returning
113507,2026-08-23,12,Malmö,Burgers ,324.0,42,On time,New
104199,20/04/2026,18,Stockholm,Burgers,301.0,37,On time,Returning
111643,2026-07-30,18,Stockholm,Pizza,173.0,24,ON TIME,new
110575,2026-07-16,19,Göteborg,Pizza,324.0,27,On time,Returning
110576,2026-07-16,19,Göteborg,Burgers,283.0,28,On time,returning
107654,06/06/2026,16,Stockholm,SUSHI,244 SEK,30,On time,New
113149,2026-08-19,17,göteborg,Kebab,214.0,42,On time,Returning
112179,6 Aug 2026,19,Stockholm,Pizza,334 SEK,35,On time,Returning
100140,2026-02-24,13,Lund,Sushi ,246.0,47,late,Returning
103757,14.04.2026,10, Stockholm,Indian,237 kr,35,ON TIME,Returning
112926,16.08.2026,15,Gbg,Indian,306.0,23,On time,Returning
110342,12 Jul 2026,16,Lund,Burgers,254,35,On time,Returning
106231,2026-05-17,20,Lund,Indian ,292,29,ON TIME,Returning
108732,2026-06-20,15,Stockholm ,Burgers,272 SEK,40,Ontime,New
113507,23/08/2026,12,Malmö,Burgers,324.0,42,On time,New
108109,2026-06-12,12,stockholm,Sushi,230.0,31,On time,Returning
104790,2026-04-28,15,Lund,Pizza,227 SEK,37,On time,New
100495,01.03.2026,15,Stockholm ,Indian,227.0,36,on time,Returning
102742,1 Apr 2026,10,Stockholm,Pizza,292,34,ON TIME,Returning
106070,2026-05-16,11,Göteborg,Burgers,268.0,29,On Time,Returning
107486,3 Jun 2026,18,Lund,Sushi,191.0,32,On time,Returning
106378,2026-05-20,10,Göteborg,PIZZA,250,48,Late,Returning
106251,2026-05-18,19,Göteborg,Pizza,382,20,on time,Returning
104543,2026-04-25,12,Stockholm,Burgers,131,21,On time,Returning
109611,03.07.2026,13,göteborg,Indian,270.0,37,On time,Returning
111558,28 Jul 2026,12,Lund ,Burgers,"279,0",40,on time ,Returning
103712,13.04.2026,12,malmö,kebab,SEK 286,51,Late,new
105942,2026-05-14,11, Stockholm,Kebab,243.0,47,LATE,Returning
110461,14/07/2026,17,Stockholm,Salad,232.0,999,,Returning
107630,2026-06-06,12,Göteborg,Burgers,295.0,37,On time,Returning
104743,2026-04-28,20,Göteborg,Pizza,"244,0",46,Late,new
107006,28/05/2026,16,Stockholm,Indian,246.0,15,On time, Returning
100152,25 Feb 2026,9,Göteborg ,Indian,252,38,On time,New
105017,02/05/2026,10,Göteborg,Pizza,287.0,33,On time,Returning
110031,9 Jul 2026,12,Göteborg,Indian,242,44,Ontime,Returning
109210,2026-06-27,10,STOCKHOLM,Indian ,124 kr,37,On time,Returning
104229,2026-04-20,20,Uppsala,Indian,217.0,45,On time,New
108796,21.06.2026,13,Stockholm,Kebab,288.0,45,On time,Returning
109657,2026-07-03,13, Uppsala,Burgers,297.0,27,On time,Returning
110000,8 Jul 2026,11,Stockholm,Kebab,249.0,29,On time, Returning
112185,2026-08-06,17,Stockholm,Thai,151.0,15,On time,Returning
110400,2026-07-13,18,Malmö,Vegan,280 kr,35,On time,Returning
109764,05.07.2026,23,Stockholm,Burgers,223.0,39,On time,New
102366,27/03/2026,17,Stockholm,Salad,251.0,43,On time,New
113442,2026-08-23,20,Göteborg,Kebab,204.0,50,Late,Returning
101773,2026-03-19,16,Stockholm ,Indian,113.0,49,Late,Returning
106987,2026-05-28,19,Göteborg,Sushi,190 SEK,51, late,Returning
111321,2026-07-25,21,Malmö,sushi,162.0,33,On time,Returning
112479,09.08.2026,9,uppsala,Burgers,283.0,39,On time, new
101765,2026-03-19,11,Göteborg,Pizza,259.0,49,LATE,New
103872,2026-04-16,12,Göteborg,Pizza,SEK 324,44,On time,RETURNING
104138,19 Apr 2026,11,Malmö,Sushi,245 kr,50,Late,new
106164,17 May 2026,12,Stockholm,Kebab,316.0,37,On time,New
100023,2026-02-23,11,Stockholm, Pizza,194,46,Late,new
112213,06.08.2026,16,Uppsala,Pizza,"137,0",34,On time,Returning
100728,2026-03-04,21,Malmö,Kebab,"176,0",25,On time,Returning
101827,2026-03-20,17,Göteborg,Pizza,242.0,51,Late,Returning
111363,26.07.2026,14,Stockholm,Thai,"224,0",15,On time,New
100739,2026-03-04,16,Lund,sushi,339,42,On time,returning
107268,31/05/2026,16, Lund,Burgers,194.0,43,Ontime,Returning
101240,2026-03-11,19,Uppsala,Pizza,178.0,36,On time,Returning
102809,02.04.2026,20,Göteborg,Indian,276.0,35,Ontime,New
111648,2026-07-30,14,Sthlm,Burgers,205.0,36,On time,Returning
103719,2026-04-13,12,Uppsala,Kebab,258.0,40,On time,returning
109857,06.07.2026,12,Malmö,Sushi,250 kr,48,LATE,Returning
106763,25.05.2026,20,Göteborg,Sushi,224 kr,29,ON TIME,Returning
105427,07.05.2026,11,,thai,229.0,250,,Returning
108426,2026-06-16,12,,Indian,237.0,37,On Time,New
107435,2026-06-03,14,Stockholm,vegan,204,38,On time,Returning
109208,2026-06-27,13,Stockholm,Vegan,150.0,38,On time,Returning 
101888,2026-03-21,13,Göteborg,Kebab,303.0,46,Late,Returning
101295,2026-03-12,18,Stockholm,Indian,"194,0",32,On time,Returning
108637,19 Jun 2026,12,Stockholm,Pizza,157.0,28,On time,Returning
105523,2026-05-08,12,Malmö,Pizza,290.0,45,On time,New
110274,2026-07-12,17,Göteborg,Burgers,"208,0",48,Late,Returning
103045,05.04.2026,20,Stockholm,Pizza,296,33,On time,New
106595,22/05/2026,16,Lund,Burgers,210.0,43,On time,New
109566,2026-07-02,11,Stockholm,Pizza,182,36,On time,New
101750,19.03.2026,21,Göteborg,Thai,200 SEK,36,On time,Returning
108817,21.06.2026,12,,Thai,263.0,55,Late,New
112173,2026-08-06,12,Stockholm ,Burgers,182,36,On time,Returning
109200,27 Jun 2026,19,Stockholm,Sushi,206.0,57,Late,Returning
102784,01/04/2026,17,Uppsala,Burgers,388.0,50,Late,Returning
112001,3 Aug 2026,18,Lund,Thai,301.0,38,On time,New
108868,2026-06-22,19,Stockholm,Indian,238.0,47,Late,Returning
112375,2026-08-08,12, Malmö,Burgers,239.0,52,Late,Returning
107607,5 Jun 2026,18, Uppsala,Pizza,"240,0",35,On time,Returning
112115,2026-08-05,12,Stockholm,Indian,342.0,31,On time,returning
103198,2026-04-07,9,Stockholm, Vegan,269 kr,42,On time,New
106025,2026-05-15,18,Stockholm ,Thai,319.0,33,On time,RETURNING
105739,11.05.2026,15,Göteborg,Burgers ,243 kr,42,Ontime,New
104621,2026-04-26,13,Stockholm,Burgers,218.0,48,Late,returning
109102,26/06/2026,14,Stockholm,Burgers,205.0,46,Late,Returning
112485,2026-08-09,19,Lund,Vegan,"270,0",40,On time,New
112545,10.08.2026,13,Malmö,Burgers,"264,0",42,On time,Returning
112114,2026-08-05,13,Stockholm,Pizza,244.0,36,on time,New
103931,17.04.2026,11,Göteborg,Pizza,249.0,45,Ontime,Returning
104697,27.04.2026,20,Stockholm,Burgers,232,28,On time,New
100379,2026-02-28,12,Göteborg,Sushi,227,39,ON TIME,Returning
100841,2026-03-06,17,Stockholm,Thai,243.0,57,Late,Returning
110407,13.07.2026,19, Uppsala,Kebab,"280,0",38,On time,New
110358,13 Jul 2026,12,Göteborg,Thai,181.0,31,On time,New
103328,2026-04-09,13,Göteborg,Kebab,326.0,30,On time,Returning
107112,2026-05-30,16,Göteborg,Indian,151,39,On time,Returning
108873,22.06.2026,14,Stockholm,Salad,SEK 248,47,Late,Returning
104360,22 Apr 2026,19,Malmö, Pizza,276.0,20,Ontime,Returning
110892,2026-07-20,10,Göteborg,Kebab,292.0,22,On time,New
103043,2026-04-05,13,Sthlm,Pizza,304.0,18,On time,Returning
104506,2026-04-24,12,Uppsala,Sushi,212,41,On time,Returning
113288,21.08.2026,19,Göteborg,Indian,225.0,43,On time, Returning
105254,04.05.2026,12, Malmö,Kebab,173.0,46,Late,Returning
109558,2026-07-02,18,,Pizza,205.0,36,On time,New
101327,2026-03-13,19,Göteborg,pizza,251 kr,30,On time,New
107875,2026-06-09,11,Göteborg,Thai,306.0,39,Ontime,New
101803,2026-03-19,20,Malmö,Kebab,251,34,On time,New
108336,15/06/2026,18,Stockholm,Pizza,176.0,20,On time,Returning
110830,19 Jul 2026,19,Stockholm,Pizza,246.0,32,On time,Returning
100194,2026-02-25,17,malmö,Sushi,350.0,38,On time,Returning
112352,2026-08-08,20,STOCKHOLM, Pizza,278.0,39,On time,Returning
110190,2026-07-11,18,Stockholm ,SUSHI,260.0,39,On time,Returning
107064,29 May 2026,17,Stockholm,Indian,338.0,38,On time,New
106608,2026-05-23,20,Gbg,Sushi,323.0,25,On time,Returning
110935,2026-07-20,19,Malmö,Pizza,263.0,48, late,New
112379,08/08/2026,18,Malmö,Burgers,231.0,35,ON TIME,New
103319,2026-04-08,19,Uppsala,Thai,160.0,26,On time,Returning
105539,08.05.2026,10,Uppsala,Burgers,233.0,50,Late, Returning
104383,2026-04-23,13,Göteborg,pizza,222.0,41,On time,Returning
111581,2026-07-29,16,,Burgers,306,45,On time,Returning
112736,13.08.2026,14,Malmö,KEBAB,208 SEK,39,on time, new
102956,04.04.2026,21,Stockholm,Thai,288,36,On time,Returning
107227,31 May 2026,19,Stockholm,Burgers,235.0,32,On time,New
104735,2026-04-28,16,Göteborg,Vegan,SEK 301,36,On time,Returning 
105035,2026-05-02,9,Stockholm,Burgers,SEK 229,30,On time,New
109922,2026-07-07,9,Stockholm,Pizza ,271.0,33,On time,Returning
101644,2026-03-17,19,Stockholm,Salad,309.0,36,ON TIME,Returning
110657,2026-07-17,19,Göteborg,Kebab,"268,0",24,On Time,New
105437,2026-05-07,15,Stockholm ,Burgers,SEK 285,30,On time,Returning
109527,2026-07-01,13,lund,Sushi,"221,0",37,On time,New
105830,2026-05-12,17,Malmö,sushi,248,19,On time,Returning
111897,2026-08-02,20,Stockholm,THAI,258,33,Ontime,Returning
106014,2026-05-15,13,Stockholm,Indian,SEK 317,37,on time, new
102778,01.04.2026,9,Malmö,thai,203.0,43,On time,Returning
103284,08/04/2026,11,Stockholm,Pizza,211.0,34,On time,Returning
106983,2026-05-28,19,Göteborg,Pizza,230 kr,41,On time,New
106467,2026-05-21,20,Stockholm,Thai,289.0,38,On time,Returning 
106903,27.05.2026,14,Göteborg, Sushi,167.0,25,On time,Returning
102714,2026-03-31,12,Lund,Burgers ,254.0,56,Late,new
106884,26 May 2026,17,Malmö,Sushi,254.0,38,On time,Returning
105242,2026-05-04,18,Stockholm,Burgers,161.0,34,On time,Returning
110042,9 Jul 2026,10,göteborg,Burgers,275,24,On time,Returning
100573,2026-03-02,14,Stockholm,Sushi,231.0,40,On time,Returning
102477,28 Mar 2026,10,Lund,Indian,215,46,late,Returning
108401,2026-06-16,17,Göteborg,VEGAN,290.0,26,on time,Returning
110746,2026-07-18,17,Stockholm,Kebab,183 SEK,43,On time,Returning
111871,2026-08-02,11,Göteborg ,Pizza,236,45,On time,New
111623,2026-07-30,11,Göteborg,Burgers,SEK 283,51,Late,New
110712,18/07/2026,20,Gbg,Sushi,244.0,41,On time, Returning
111593,2026-07-29,19,Stockholm,Burgers,213.0,38,On time,Returning
105866,2026-05-13,12,,Indian,"249,0",39,On time,Returning
101733,2026-03-18,13,Malmö,Pizza,125 kr,36,On time,New
101980,2026-03-22,12,Stockholm,Burgers,224.0,31,ON TIME, new
108158,13.06.2026,18,GÖTEBORG,PIZZA,243,36,On time,Returning
112853,15.08.2026,21,Stockholm,Burgers,292,30,On time,Returning
112204,2026-08-06,9,Malmö,Sushi,190.0,34,On time,Returning
107757,2026-06-07,13,Stockholm,Pizza,292,30,On time,Returning
105102,3 May 2026,22,Göteborg,Burgers,330.0,48,Late ,Returning
101163,2026-03-10,20,Malmö,Vegan,269.0,28,On time,New
109949,7 Jul 2026,15,Uppsala,Pizza,189 kr,999,,Returning
105761,2026-05-11,10,Sthlm,Vegan,210.0,33,On time,Returning
103407,2026-04-10,14, Göteborg,BURGERS,"271,0",46,Late,Returning
104359,2026-04-22,20,Malmö,Sushi,"256,0",47,Late,Returning 
109961,2026-07-08,11,Göteborg,Kebab,SEK 239,45,On time,new
106553,22 May 2026,17,Stockholm,Indian,205.0,34,On time,New
108442,2026-06-16,10,stockholm,salad,172.0,29,on time,Returning
109605,3 Jul 2026,9,Göteborg,sushi,243.0,29,On time,New
101061,2026-03-09,19,Göteborg,Sushi,163,-5,,Returning
109676,4 Jul 2026,11, Göteborg,Thai,204.0,27,on time,Returning 
110738,2026-07-18,13,Stockholm,BURGERS,"133,0",51,Late,Returning 
104432,2026-04-23,19,Uppsala,Pizza,280.0,29,Ontime,returning
110153,2026-07-10,16,Malmö,Pizza,232.0,37,On time,New
110331,2026-07-12,19,Uppsala,Burgers,317 kr,47,Late,Returning
110838,2026-07-19,11,Sthlm,Thai,215 kr,36,On time,Returning 
111311,2026-07-25,13,Malmö, Indian,221.0,33,On time,returning
112124,2026-08-05,20,Malmö,Pizza,225,41,On time,Returning
107656,2026-06-06,13,Stockholm,Pizza,265.0,34,ON TIME,returning
102697,2026-03-31,19,Malmö,Thai,"286,0",36,on time ,new
105416,7 May 2026,22,Göteborg,Vegan,206.0,44,On Time,Returning
105517,08/05/2026,14,stockholm,Thai,233.0,29,On time,Returning
105384,06.05.2026,19,Stockholm,Indian ,210.0,36,On time,Returning
110837,19/07/2026,13,Stockholm,Sushi,325.0,26,On time,New
109049,25/06/2026,13, Stockholm,Vegan,"240,0",22,Ontime,Returning
102476,2026-03-28,10,lund,Pizza,187.0,42,On time,New
107959,2026-06-10,10,Sthlm,Vegan,324.0,34,On time,Returning
109649,2026-07-03,18,Sthlm,Salad,183.0,34,Ontime,New
102849,2026-04-02,21,Malmö,salad,250.0,30,On time,Returning
113488,23.08.2026,12,Stockholm,Thai,"251,0",50,Late,Returning
103846,15.04.2026,12,Malmö,Salad,277.0,51,Late ,Returning
107251,2026-05-31,18,Uppsala, Burgers,"205,0",29,On time, Returning
105788,11.05.2026,15,Malmö,BURGERS,246 kr,45,On time,New
112309,8 Aug 2026,11,Göteborg,PIZZA,259.0,44,On time,New
111285,2026-07-25,10,Stockholm,Burgers,"351,0",43,On time,Returning
105365,2026-05-06,13,Stockholm,Burgers,262.0,26,On time,Returning
101017,08/03/2026,11,STOCKHOLM, Sushi,243.0,17,ON TIME,New
107384,2 Jun 2026,15,Malmö,Kebab,234.0,51,Late,Returning
111101,2026-07-22,12,Uppsala,PIZZA,235.0,42,On time,New
105742,2026-05-11,18,göteborg,Sushi,247.0,45,On time,Returning
104000,18 Apr 2026,20,Göteborg,Kebab,269.0,41,On Time,Returning
111813,01.08.2026,18,Stockholm,Indian,243 kr,46,LATE,New
108111,2026-06-12,18,Stockholm,Vegan,288.0,28,On time,Returning
100354,27/02/2026,10,Uppsala,Burgers ,257 SEK,36,On time,Returning
105947,2026-05-14,20,STOCKHOLM,Burgers,261.0,40,On time,Returning
111692,30/07/2026,11,Uppsala,Pizza,288,31,On time,Returning
100914,7 Mar 2026,12,Stockholm,Thai,259.0,41,On time,Returning
108771,21 Jun 2026,11,Göteborg,Kebab ,295.0,38,Ontime,Returning 
102160,24.03.2026,10,Sthlm,Pizza ,225.0,42,ON TIME,New
100926,07.03.2026,14, Stockholm,Kebab,295 SEK,46,Late ,RETURNING
104561,2026-04-25,12,Stockholm,Salad,227 SEK,51,Late,Returning
101007,08.03.2026,16,Stockholm,Kebab,294.0,35,On time,Returning
109166,2026-06-27,19,GÖTEBORG,Pizza,240,19,On time,Returning
100408,2026-02-28,18,Stockholm,Sushi,259,29,On time, Returning
107254,31 May 2026,13,Uppsala,Pizza,315,250,,New
108985,2026-06-24,11,Stockholm,INDIAN,246.0,38,ON TIME,New
111855,2026-08-01,15,lund,Kebab,299,17,On Time,Returning
109596,2026-07-02,11,Lund,Burgers,"135,0",23,On time,Returning
100151,2026-02-25,15, Göteborg,burgers,259.0,57,Late,Returning
109984,2026-07-08,17,Stockholm,Sushi,239.0,34,On time,Returning
103375,9 Apr 2026,10,Stockholm,Vegan,331.0,19,On time,Returning
100324,2026-02-27,17,Stockholm,Thai,165 SEK,35,On time,Returning
112724,13 Aug 2026,19,Stockholm,Sushi ,241.0,20,On time, Returning
112061,2026-08-04,10,Uppsala,Thai,363.0,22,on time, Returning
105698,2026-05-10,11,MALMÖ,Kebab,267.0,40,On Time,Returning 
102882,2026-04-03,20,Stockholm,Salad,289 kr,47,Late,New
107152,2026-05-30,20,Malmö,Kebab,"123,0",42,On time,Returning
103216,07.04.2026,11,Stockholm,Indian,228.0,40,Ontime,Returning
105414,07/05/2026,11,Göteborg,Burgers,274.0,35,Ontime,Returning
109361,2026-06-29,17, Stockholm,Burgers,"357,0",49,Late ,RETURNING
104922,2026-04-30,12,Malmö,Burgers,219.0,42,On time,Returning
102103,2026-03-23,10, Uppsala,Kebab,215.0,37,On time,Returning
108189,2026-06-13,11,Stockholm,Indian,SEK 301,37,On time,Returning
106086,2026-05-16,19,Stockholm,Sushi,220.0,39,On time,Returning
105456,2026-05-07,20,Stockholm,Thai,160.0,26,On time,RETURNING
109288,28 Jun 2026,18,Stockholm,Kebab,208.0,42,On time,Returning
106386,2026-05-20,13,Göteborg,PIZZA,"278,0",50,Late ,Returning
102911,03.04.2026,13,malmö,BURGERS,"231,0",39,On time,Returning
111204,2026-07-24,11, Stockholm,Burgers ,323.0,26,On time,Returning
105599,2026-05-09,11,Stockholm,Kebab,204,36,on time,NEW
110929,20/07/2026,12,Stockholm,Salad,156 SEK,30,On Time,New
108682,2026-06-19,10,uppsala, Burgers,"196,0",17,On time,New
110265,2026-07-12,19,göteborg,Thai,217.0,27,On time,Returning
108402,2026-06-16,14,,Thai,203.0,32,On time,New
105514,8 May 2026,16,,Vegan,293 kr,45,On time,New
107688,2026-06-06,23,Malmö,Kebab,247.0,45,On time,Returning
108054,2026-06-11,23,Malmö ,kebab,257.0,24,On time,New
102439,2026-03-28,12, Stockholm,BURGERS,257.0,31,On time,New
113044,2026-08-17,20,Malmö ,Indian,213 kr,30,On time,Returning
101674,2026-03-17,18, Uppsala,Kebab,265.0,43,On time,New
102771,2026-04-01,13,Malmö,Salad,227.0,39,On time,New
104699,2026-04-27,12,Stockholm,Burgers,249,41,On Time,NEW
113067,2026-08-18,12,Göteborg,Pizza,205.0,50,Late,Returning
111763,31 Jul 2026,18, Uppsala,Indian,269.0,32,On time,Returning
103810,15 Apr 2026,18,Göteborg,Kebab,317.0,42,On time,New
113240,2026-08-20,19,Stockholm,Thai,288.0,37,On time,Returning
104866,2026-04-30,18,Göteborg,Sushi,SEK 354,22,on time ,Returning
102614,2026-03-30,19,Stockholm,Pizza,231.0,41,On time,New
102863,2026-04-03,13,Göteborg,Pizza,236 kr,33,On Time,New
112751,2026-08-13,13,Lund ,Vegan,122.0,48,Late,Returning
101870,20 Mar 2026,17,Uppsala,Pizza,179.0,48,Late,Returning
110434,2026-07-14,17,,Sushi,302.0,41,On time,Returning
102618,2026-03-30,13,Malmö,Pizza,168.0,37,On time,New
110120,10.07.2026,13,Göteborg,BURGERS,292.0,48,Late,Returning
105829,2026-05-12,22,Malmö,Indian,337.0,0,,Returning
113327,2026-08-21,17,Malmö,Thai,307 SEK,37,On time,Returning
104323,22.04.2026,12,Stockholm,Salad,144.0,22,On time,Returning
104774,2026-04-28,11,MALMÖ,Sushi,287 SEK,43,On time,New
102829,2026-04-02,17,Stockholm,Pizza,341.0,39,ON TIME,New
100271,2026-02-26,11, Malmö,Burgers,187.0,43,On Time,New
105229,2026-05-04,17,Stockholm,Kebab,319,41,On time,New
102081,2026-03-23,13,Stockholm,Thai,187.0,27,On time,Returning
110528,15.07.2026,23,Stockholm,Pizza,215.0,38,On time,New
100490,1 Mar 2026,11, Stockholm,THAI,350.0,41,On time,Returning
101819,2026-03-20,18,Göteborg,burgers,225.0,34,On time,Returning
100104,24 Feb 2026,15,Stockholm,BURGERS,"264,0",-5,,Returning
111277,25.07.2026,10,Stockholm,Burgers,244.0,54,Late,New 
109228,2026-06-27,18,Malmö,Kebab,SEK 266,36,On time,Returning
110816,2026-07-19,20,Göteborg,Salad,253.0,47,Late,Returning
108660,2026-06-19,19,Malmö,Sushi ,216.0,27,On time,New
107686,2026-06-06,17,Malmö,Kebab,198.0,32,on time ,New
105877,13 May 2026,21,Stockholm,Thai,269.0,31,ON TIME,Returning
112522,10 Aug 2026,20,Stockholm,Burgers,269 kr,31,On time,New
101983,22.03.2026,17,Stockholm ,Indian,284 kr,42,On time,New
112848,2026-08-15,12,Stockholm,Pizza,273.0,34,On time,Returning
104353,2026-04-22,19,Malmö,sushi,235.0,46,Late,New
106731,2026-05-24,18,Malmö,Thai,308 kr,33,on time , Returning
100770,2026-03-05,14,Stockholm,vegan,247.0,22,On time,Returning
109498,2026-07-01,19,Stockholm,Pizza,277.0,30,On time,Returning
107197,2026-05-31,20,göteborg,Kebab,354.0,41,On time,Returning
107333,2 Jun 2026,11,Göteborg ,PIZZA,265.0,57,Late,Returning
108794,2026-06-21,11,Stockholm,Pizza,298.0,35,ON TIME,Returning
106375,2026-05-20,19,Göteborg,Pizza,265.0,25,On time,Returning
109981,2026-07-08,21,Stockholm,Kebab ,193 kr,52,Late,Returning
109074,25 Jun 2026,16,Malmö,Pizza,178.0,44,On time,New
106849,2026-05-26,20,Stockholm,Indian,295 SEK,34,On Time,New 
103869,2026-04-16,21,Göteborg,Burgers,"197,0",44,On time,New
104369,2026-04-22,13,Uppsala ,Thai,224.0,40,On time,New
111548,2026-07-28,19,Malmö,Vegan,273.0,42,On time,Returning
104180,2026-04-20,12,Göteborg,Burgers,170.0,45,On time,Returning
105268,04.05.2026,19,Uppsala ,Burgers,204 kr,38,On time,Returning
112798,2026-08-14,17,Stockholm, Burgers,155.0,54,Late,Returning
105882,2026-05-13,19,Stockholm,VEGAN,283 SEK,31,On time,New
105834,2026-05-12,11,Malmö,Sushi,206,30,On time,Returning
103649,2026-04-13,13,göteborg,Burgers,370,24,On time,Returning
109130,26.06.2026,18,Stockholm,Indian,285.0,33,On time,New
110210,11 Jul 2026,20,Stockholm,Burgers,277,40,Ontime,Returning
111962,2026-08-03,15,STOCKHOLM,Salad,200,50,Late,Returning
107183,2026-05-31,11,göteborg,Burgers,183,60,Late,NEW
107417,2026-06-03,19,Göteborg,Burgers,276.0,21,On time,Returning
106213,2026-05-17,16,malmö,Sushi,287,51,Late,Returning
103858,2026-04-15,16,Lund,PIZZA,189.0,39,ON TIME,Returning
109918,07.07.2026,22,Stockholm ,Sushi,258,42,On time,New
106362,19 May 2026,13,Uppsala,Burgers,99.0,38,On time,Returning
105688,2026-05-10,13,Stockholm,Sushi,306.0,30,on time,Returning
104278,21 Apr 2026,18,Stockholm,Burgers,"242,0",50,Late,Returning
100439,2026-02-28,20,Uppsala ,Burgers,287.0,40,On time,Returning
107738,2026-06-07,11,Göteborg,salad,192,27,On time,New
102298,2026-03-26,17,Malmö,Salad,280,51,Late,Returning
110410,2026-07-13,15,Uppsala,Vegan,211,42,On time,NEW
110249,2026-07-11,23,Lund,Sushi,"274,0",52,Late,New
109409,30.06.2026,22,Göteborg,Pizza,282.0,28,On time,Returning
103320,2026-04-08,16,Lund ,Kebab,180.0,25,On time,Returning
105094,2026-05-03,12,Göteborg,Burgers,333,20,On time,Returning
103031,2026-04-05,20,GÖTEBORG,vegan,283.0,47,Late,New
112544,2026-08-10,10,MALMÖ,Burgers,247.0,33,ON TIME,RETURNING
110415,2026-07-13,20,Lund,Kebab,201.0,50,Late,New
111705,2026-07-31,18, Göteborg,KEBAB,174.0,39,On time,New
101354,2026-03-13,11,Stockholm ,Pizza,SEK 236,40,on time ,Returning
109637,2026-07-03,14,Stockholm,Kebab,196.0,39,On time,Returning
108929,2026-06-23,18,Stockholm,PIZZA,211.0,0,,New
107290,1 Jun 2026,10,Stockholm,Burgers,190 SEK,35,ON TIME,Returning
113320,21/08/2026,22,Stockholm,Pizza,SEK 280,40,On time,New
102100,2026-03-23,11,Uppsala,Burgers,206.0,32,On time,Returning
109168,27 Jun 2026,16,Göteborg,Salad,258 kr,39,On Time,Returning
108800,21 Jun 2026,14,Stockholm,Pizza,220.0,43,Ontime,Returning
110655,2026-07-17,18,Göteborg,Pizza,"185,0",47,LATE,New
110197,11 Jul 2026,13,Stockholm, Burgers,275.0,34,On time,returning
113098,2026-08-18,19,Stockholm,Salad,320.0,45,ON TIME,Returning
109141,26/06/2026,19,Malmö,Indian,240.0,25,On Time,returning
107298,2026-06-01,15,Stockholm ,Pizza,"203,0",33,On time,Returning
112803,2026-08-14,20,Malmö,Sushi,212.0,36,On time,New
101636,17 Mar 2026,20,Stockholm,Vegan,261.0,44,On time,Returning
110305,12.07.2026,19,STOCKHOLM,Sushi,152,250,,Returning
100306,2026-02-27,11,Stockholm,Kebab,230.0,37,on time,Returning
103754,14/04/2026,14,Stockholm,Kebab,250 kr,38,Ontime,Returning
101275,12 Mar 2026,21,Stockholm,thai,273.0,50,Late,Returning
111145,23 Jul 2026,12,Malmö,Sushi ,123.0,28,On time,Returning
113094,18.08.2026,12,Stockholm,Thai,246.0,42,Ontime,RETURNING
107396,2 Jun 2026,11,Uppsala,Thai,187.0,22,On time,Returning
110221,2026-07-11,11,Stockholm,Vegan,271.0,47,Late,returning
104651,26 Apr 2026,12,,Burgers,188.0,35,On time,New
104257,2026-04-21,11,Stockholm,Sushi,241,25,Ontime,Returning
108061,11/06/2026,15,Malmö,Kebab,249.0,25,on time ,New
107314,01.06.2026,13,Malmö,Pizza,340.0,42,On time,returning
108797,21 Jun 2026,19,Sthlm,Thai,"285,0",30,On time,New
110032,2026-07-09,20,Göteborg,Kebab,188.0,47,Late,New
101060,2026-03-09,13,Göteborg,Sushi,197,32,On time,Returning
101937,2026-03-21,23,Malmö,Burgers,338 kr,43,On time,Returning
109997,2026-07-08,18,Stockholm,Indian,279.0,45,On time,Returning
106581,22 May 2026,19,Malmö,Burgers,322,35,On time,New 
105002,01.05.2026,19,Uppsala,Indian,338 SEK,58,Late,New
112989,16 Aug 2026,19,Uppsala,Kebab,263.0,53,Late,Returning 
103580,2026-04-12,19, Stockholm,Pizza,SEK 174,36,On time,New
102788,01/04/2026,15, Lund, Kebab,307.0,35,On time,Returning
109528,01.07.2026,21,Lund,Sushi,130,20,ON TIME,New
105311,5 May 2026,13,Stockholm,KEBAB,284.0,40,Ontime,Returning
101264,2026-03-12,11,Göteborg,Pizza,302.0,42,On time,New
102773,1 Apr 2026,19,Malmö,Sushi,SEK 208,30,On time,Returning
111780,2026-08-01,20,Göteborg,Sushi,292.0,29,On time,New
107830,2026-06-08,18,Stockholm, Pizza,SEK 159,43,on time,New
100075,2026-02-23,11, Lund,Sushi,227,34,On time,New
110984,21 Jul 2026,19,Stockholm,Thai,276 SEK,36,On time,Returning
106733,2026-05-24,11,Malmö,Pizza,SEK 274,36,On time,New
106237,18/05/2026,19,Göteborg,Pizza,297,36,On time,Returning
110276,12.07.2026,17,Stockholm,Pizza,SEK 236,35,On time,Returning
111700,2026-07-31,10,Göteborg,sushi,"251,0",54,Late ,New
100206,2026-02-25,11,Uppsala ,Burgers,247.0,48,Late,New
101384,2026-03-14,20,Göteborg,Salad,241,44,On time,Returning
100167,25 Feb 2026,21,Stockholm,SALAD,195.0,24,On time,Returning
112770,14.08.2026,17, Göteborg, Burgers,233.0,38,On time, Returning
101268,2026-03-12,18,Göteborg,SUSHI,250.0,42,On time,Returning
104368,2026-04-22,19,Uppsala,Pizza,272.0,29,On time,returning
106583,2026-05-22,19,Malmö,Pizza,254.0,32,On time,New
106543,2026-05-22,22,Göteborg,Pizza,181.0,32,On Time,New 
107641,6 Jun 2026,11,Stockholm,Sushi,244,22,On time,Returning
109451,2026-06-30,12,Uppsala,Kebab,266,37,On time,Returning
109419,2026-06-30,16,Stockholm,Kebab,157 kr,45,Ontime,Returning
112667,2026-08-12,14,malmö,Salad,SEK 303,34,On time,returning
111138,23.07.2026,12,Stockholm,Indian,207 kr,34,ON TIME,Returning
102303,2026-03-26,23,Malmö,Indian,256,23,On time,Returning
109060,2026-06-25,19,Stockholm,Kebab,212.0,32,On time,RETURNING
109761,2026-07-05,13,STOCKHOLM,pizza,171 SEK,25,Ontime,Returning
108695,20/06/2026,17,GÖTEBORG,Thai ,167.0,35,On time,Returning
104093,2026-04-19,18,Göteborg,Pizza,315.0,22,On Time,Returning
105304,2026-05-05,14,Stockholm,Vegan,241.0,35,On time,New
103772,2026-04-14,18,Malmö,Pizza ,223,54,Late,Returning
105226,2026-05-04,12,Stockholm, Pizza,324,43,On time,New
103406,10.04.2026,15,Göteborg,PIZZA,249.0,24,On time, Returning
102367,27 Mar 2026,14,Stockholm,Pizza,"219,0",54,Late,Returning
104803,2026-04-29,12,Göteborg,Sushi,314.0,48,Late ,Returning
101654,17.03.2026,12,stockholm,kebab,178.0,40,On time,returning
105125,3 May 2026,20,Stockholm, Salad,279.0,32,On time,Returning
105917,2026-05-13,12,Lund,Salad,271.0,30,On time,Returning
112844,2026-08-15,9,Stockholm,Pizza,"265,0",36,On time,New
108209,13 Jun 2026,11,Malmö,Burgers,247.0,46,Late,Returning
100062,23.02.2026,13,Malmö ,Sushi,261.0,32,On time,Returning
105139,2026-05-03,15,Stockholm,Pizza,281.0,29,Ontime,Returning 
112953,2026-08-16,13,STOCKHOLM,Vegan,"241,0",33,on time,Returning
102860,02/04/2026,17,Lund ,Sushi,SEK 394,44,On time,Returning
103431,2026-04-10,17,Stockholm,SUSHI,237,30,On time,RETURNING
100956,2026-03-07,17,Lund,Kebab ,287,40,On time,New
110549,2026-07-15,17,Malmö,Burgers,197 SEK,50,Late,Returning
100024,23 Feb 2026,18,Stockholm,Burgers,254.0,47,Late,Returning
106135,16 May 2026,12,Lund ,Indian,273.0,53,Late,New
100237,2026-02-26,17,Gbg,Kebab,299.0,48,Late,New
105790,2026-05-11,19,Uppsala,Pizza,268.0,45,on time ,New
110195,2026-07-11,20,Stockholm,Thai,331.0,39,On time,Returning
112120,5 Aug 2026,19,stockholm, Sushi,208.0,37,Ontime,New
102855,2026-04-02,9,Lund,Salad ,123.0,36,On time,Returning
103680,2026-04-13,20,Stockholm,Kebab,168.0,21,On time,RETURNING
107016,2026-05-28,13,MALMÖ,Burgers,276.0,54,Late,Returning
107726,2026-06-07,20,,Pizza,269.0,39,on time,New
101407,2026-03-14,14,Stockholm,Kebab,234 kr,37,On time,Returning
106901,27.05.2026,12,Göteborg,pizza,"189,0",34,on time,New
111036,22.07.2026,14,Göteborg,Pizza,245.0,48,Late,New
108148,2026-06-13,11,Göteborg, Salad,247.0,32,On time,returning
102939,04.04.2026,11,Göteborg,Thai,324.0,28,on time,new
100010,23 Feb 2026,20,Göteborg,Vegan,312.0,42,On time,New
101076,09/03/2026,16,Stockholm,Sushi,193.0,57,LATE,Returning
100974,08/03/2026,11,Göteborg,Kebab,315.0,34,on time,Returning
110449,2026-07-14,11,Stockholm,Pizza,192 kr,56,Late,Returning
110719,2026-07-18,19,Göteborg,Kebab,205 kr,30,On time,Returning
113294,2026-08-21,15,Göteborg,Pizza,"203,0",49,Late,Returning
109883,2026-07-07,19,Göteborg,Vegan,285,40,On time, Returning
100073,2026-02-23,13,Lund,Pizza,"257,0",28,On time,New
103980,17 Apr 2026,19,Uppsala ,kebab,"218,0",31,On time,New
100591,2026-03-02,13,Malmö, Pizza,233 kr,46,Late,New
105402,06.05.2026,11,Uppsala,Salad ,"184,0",36,on time,Returning
101430,14/03/2026,11,Malmö,Pizza,"200,0",28,On time,New
106165,2026-05-17,14,Stockholm, Sushi,"317,0",28,Ontime,Returning
106456,21 May 2026,10,Göteborg,Sushi,294,38,On time,New
109833,06.07.2026,23,Göteborg,Indian,243.0,42,On time,Returning
103592,2026-04-12,9,Stockholm,Pizza,231.0,38,On time,New
108504,17/06/2026,20, Stockholm, Kebab,151.0,37,On time,Returning
111276,2026-07-25,10,Stockholm,BURGERS,254.0,38,On time,Returning
113267,2026-08-20,20,Malmö,Thai,237.0,40,On time,RETURNING
111639,2026-07-30,14,Stockholm,Burgers,275.0,41,On time,returning
105133,2026-05-03,20,Stockholm,Indian,189.0,57,LATE,New
105483,2026-05-08,17,göteborg,Kebab,SEK 228,43,On time,New
104468,24 Apr 2026,12,Stockholm,Vegan,201.0,49,Late,Returning
103236,2026-04-07,12,Malmö ,Indian ,258.0,31,On time,New
107514,2026-06-04,20,Stockholm,Salad,265.0,63,Late,returning
107965,2026-06-10,18,STOCKHOLM,Pizza,211.0,47,Late,New
110165,2026-07-10,12,Lund,Kebab,378,53, late,New
105769,2026-05-11,20,Stockholm,Thai,102,34,ON TIME,New
108146,2026-06-13,9,Göteborg,Burgers,165.0,29,On Time,Returning
103213,2026-04-07,19,stockholm,Vegan,297.0,34,On time,returning
106444,20.05.2026,11,Lund,Pizza,262.0,39,On time,Returning
112865,15/08/2026,12,Stockholm,Kebab,195,40,ON TIME,Returning
107072,2026-05-29,12,Malmö,Pizza ,245 SEK,42,ON TIME,RETURNING
111209,24 Jul 2026,13,Stockholm,Sushi,153 SEK,37,Ontime,Returning
101961,22/03/2026,18,Göteborg,Kebab,351.0,39,On time,New
109601,2026-07-03,12,göteborg,Sushi,"244,0",39,On time,New 
106800,2026-05-25,21,Stockholm,Pizza,"280,0",27,On time,New
104891,2026-04-30,22, Stockholm,Pizza,196 kr,37,On time,Returning
109295,2026-06-28,17,Malmö,Pizza,210.0,45,On time,RETURNING
111445,2026-07-27,17,Göteborg,Burgers,194.0,40,ON TIME,Returning
105246,2026-05-04,18,Stockholm ,Salad,195.0,30,Ontime,New
100655,2026-03-03,17,Malmö,Burgers,242.0,27,On time,New
102937,2026-04-04,11,Göteborg,Kebab,255,31,On time,Returning
107682,2026-06-06,20,Malmö,Sushi,266.0,32,on time,Returning
100459,2026-03-01,18,Göteborg, Salad,209.0,30,On Time,Returning
110904,2026-07-20,22,Stockholm ,Indian,312 kr,44,On time,Returning
107843,2026-06-08,14,Malmö,Kebab,216.0,39,On time,New
110913,2026-07-20,14,Stockholm,Pizza,SEK 286,26,On time,Returning 
100790,2026-03-05,17,Uppsala,Thai,"279,0",40,On time,Returning
108971,24 Jun 2026,21,Göteborg,Burgers,216 kr,26,On time,New
101731,2026-03-18,19,Malmö,Pizza,"203,0",25,On time,Returning
105488,8 May 2026,10,Göteborg,Thai,208.0,38,on time,New
111211,24.07.2026,17,STOCKHOLM,Sushi ,281.0,32,On time,new
104161,2026-04-19,13,Uppsala ,Pizza,316 SEK,41,on time ,NEW
113079,2026-08-18,18,Göteborg ,Kebab,154.0,41,On time,Returning
110834,2026-07-19,11,Stockholm,Kebab,304.0,39,On time,New
104988,2026-05-01,17,MALMÖ,Pizza,159,30,On time,Returning
109954,07.07.2026,11,Lund,Thai,164.0,37,On time,New
112374,8 Aug 2026,12,Malmö,Indian,286.0,40,On time,Returning
109178,2026-06-27,10,Göteborg,Pizza,288.0,34,On time,Returning
109652,2026-07-03,12,Malmö,Salad,300.0,45,On time,Returning
108967,24 Jun 2026,19,Göteborg,Kebab,259,38,On Time,Returning 
104071,2026-04-19,13,GÖTEBORG,Burgers,188.0,33,On time,Returning
110518,2026-07-15,11,Stockholm, Vegan,291.0,50,Late ,Returning
101763,19 Mar 2026,20,Göteborg,Salad,134.0,15,On time,Returning
110247,2026-07-11,14,Lund,Kebab,245,37,On time,New 
103464,10.04.2026,19,Uppsala , Thai,227.0,47,Late,New
102761,01.04.2026,22,Stockholm,Pizza,244.0,39,On time, Returning
106277,2026-05-18,11, Stockholm,sushi,"172,0",43,On time,Returning
110676,2026-07-17,13,Stockholm,Sushi,250.0,29,On time,RETURNING
106780,2026-05-25,12,Stockholm,BURGERS,"216,0",32,On time,Returning
105545,08.05.2026,18,Lund,Burgers,179.0,32,On time,Returning
104392,2026-04-23,13,Göteborg,Pizza,243.0,28,On time,Returning
111707,2026-07-31,19,Göteborg,Burgers,331.0,40,On time,Returning
110601,16 Jul 2026,13,Stockholm,Burgers ,221 kr,35,On time,Returning
109821,2026-07-05,19,Lund,Burgers,213.0,40,On time,Returning
113149,2026-08-19,17,Göteborg,Kebab,214.0,42,On time,Returning
110424,14 Jul 2026,22,Göteborg,Burgers,295.0,41,On time,returning
104331,2026-04-22,13, Stockholm, Pizza,260.0,28,On time,New
112496,2026-08-10,12, Göteborg,Kebab,"248,0",43,On time,Returning
112073,2026-08-04,12,,Pizza,SEK 285,28,On time,Returning
103206,2026-04-07,19,Stockholm,Pizza,117.0,17,On Time,Returning
107104,2026-05-30,12,Göteborg,salad,231.0,54,LATE,New
100531,2026-03-01,22,Lund,Sushi,255.0,40,On time,Returning
113180,19/08/2026,12,Malmö,Sushi,SEK 264,32,On Time,Returning 
103778,2026-04-14,17,malmö,Sushi,292.0,31,On time,New
104620,2026-04-26,20,Stockholm , Pizza,219.0,23,on time, Returning
103821,15.04.2026,17,Stockholm,Pizza,SEK 140,42,On time,Returning
100328,2026-02-27,15,Sthlm,Kebab,SEK 196,36,ON TIME,New
100674,03/03/2026,13,Uppsala,Sushi,211.0,48, late,New
107739,2026-06-07,13,Göteborg,Sushi,281.0,30,On time,Returning
102851,2026-04-02,19,Malmö ,BURGERS,238,33,On time,New
106404,2026-05-20,19,Stockholm,Burgers,166 kr,25,On time,Returning
101078,2026-03-09,14,Stockholm,Thai ,201.0,43,ON TIME,New
112259,07.08.2026,15,Stockholm,Sushi,321.0,20,on time ,New
100301,27/02/2026,16,Göteborg,Indian,255.0,39,On time,New
106027,2026-05-15,12, Stockholm,Thai,278.0,31,On time,Returning 
112175,2026-08-06,12,Stockholm, Vegan,291.0,35,On time,RETURNING
105692,2026-05-10,19,Stockholm ,Burgers,"207,0",27,On time,New
105952,2026-05-14,16,stockholm,Thai,262.0,36,On time,Returning 
102923,2026-04-03,20,Uppsala,Salad,293.0,31,On time,returning
107802,2026-06-07,9,Lund,Burgers,317 kr,51,Late,New
101214,2026-03-11,12,stockholm,Pizza,216.0,35,on time,Returning
102458,2026-03-28,14,Malmö ,Burgers,311.0,38,On time,Returning
111860,2 Aug 2026,18,Göteborg,Pizza,223 SEK,48,Late,New
104040,2026-04-18,21,Malmö,Thai,223.0,49,Late, new
102509,2026-03-29,11,Stockholm,Burgers,193 kr,37,On time,Returning
107300,2026-06-01,13,Stockholm,Indian ,265.0,33,On time,NEW
100528,1 Mar 2026,19,lund, Sushi,228.0,36,On time,New
109894,7 Jul 2026,14,Göteborg,Kebab,204,51,Late,Returning
110823,2026-07-19,17,Stockholm,Vegan,173.0,32,On time,Returning
105740,11.05.2026,14,Göteborg,Burgers ,106.0,30,On time,Returning
105707,10 May 2026,10,malmö,Burgers,272.0,41,On time,Returning
104032,2026-04-18,20,Stockholm,pizza,295,38,On time,New
104498,2026-04-24,17,Malmö,Indian,252.0,55,Late,Returning 
101183,10/03/2026,12,Lund,Kebab,"292,0",37,On time,Returning
101916,2026-03-21,22,Stockholm,Pizza,157,44,On time,Returning
105326,2026-05-05,18, Malmö,Pizza,195.0,24,On time, new
102022,2026-03-22,11,Malmö,Kebab,329.0,51, late,Returning
111649,2026-07-30,12,Stockholm,Sushi,189.0,20,On time,Returning
100432,28 Feb 2026,10,Uppsala ,Thai,291,34,On time,Returning
112677,12 Aug 2026,13,uppsala,Thai,205.0,38,On time,Returning
101645,17.03.2026,17,Stockholm,Kebab,253,37,On time,Returning
111274,2026-07-25,17, Stockholm,Burgers,201.0,37,On time,Returning
107455,3 Jun 2026,15,Sthlm,Vegan,237.0,21,On time,New
105013,2026-05-02,10, Göteborg,Indian,"330,0",50,Late,Returning
108863,22.06.2026,11,Sthlm,Sushi,239.0,26,On time,Returning
113144,2026-08-19,11,Göteborg,Sushi,260.0,41,On time,Returning
108832,2026-06-21,22,Uppsala,sushi,297,46,Late,New
108370,15/06/2026,12,stockholm,Thai,"179,0",40,On time,New
113298,21/08/2026,22,Göteborg,Kebab,255.0,36,Ontime,RETURNING
110530,2026-07-15,13,STOCKHOLM,Burgers,242.0,56,Late,Returning
113319,2026-08-21,10,Stockholm,Pizza,257.0,20,Ontime,New
110153,2026-07-10,16,Malmö,PIZZA,232,37,On time,New
107062,29 May 2026,16,Stockholm, Burgers,282.0,31,On time,New
106435,2026-05-20,21,Uppsala,Pizza,232,44,On time,New
102907,2026-04-03,13,MALMÖ,Kebab,"213,0",35,Ontime,returning
100508,2026-03-01,16,malmö,Sushi,259 SEK,42,On time,Returning
100930,07.03.2026,11,Malmö,THAI,273.0,46,LATE,Returning
109412,30/06/2026,11,Göteborg,Pizza ,195.0,37,on time ,Returning 
112711,13/08/2026,18,Sthlm,Kebab,232.0,37,On time,Returning
109388,29 Jun 2026,15,Uppsala,Pizza,223.0,37,On time,Returning
107283,2026-06-01,12,Gbg,Burgers,315.0,37,On time,Returning
102255,2026-03-26,11,Göteborg,salad,401 kr,27,On time,New
108125,2026-06-12,11,Malmö,Thai,276.0,35,On time,Returning
104119,2026-04-19,11,Stockholm,Indian,308.0,39,On time,New
109766,5 Jul 2026,19,Stockholm,Salad,171.0,31,On time,NEW
111832,2026-08-01,19,Malmö,Vegan,SEK 258,37,On time,New
107430,03.06.2026,17,Stockholm ,Pizza,304.0,53,late,New
101378,2026-03-13,18,Lund,Sushi,"250,0",29,on time ,new
106401,2026-05-20,9,Stockholm, Indian,260 kr,45,On time,New
102108,23 Mar 2026,14,Lund,Sushi,358.0,36,On time,RETURNING
101781,2026-03-19,22,Stockholm,Kebab,236,32,On time,New
107712,2026-06-07,21,Göteborg,Burgers,242.0,40,On time,New
103395,9 Apr 2026,12,Uppsala,Salad,272.0,23,On time,New
105040,2026-05-02,11,Stockholm,Thai,275.0,30,On time,returning
109332,2026-06-29,21,göteborg,Indian,234.0,36,On time,New
102735,2026-04-01,11,GÖTEBORG,Vegan,"239,0",34,Ontime,Returning
104809,29.04.2026,19,Göteborg, Burgers,266 kr,44,On time,Returning
109551,2026-07-02,17,Stockholm,Pizza,144.0,15,On time, new
100055,2026-02-23,19, Malmö,Pizza,347,36,on time ,New
110137,2026-07-10,20,Stockholm ,Salad,303.0,36,On time,Returning
110958,2026-07-21,23,Göteborg,Salad,238.0,36,On time,new
106159,17/05/2026,12,Göteborg,Sushi,256,35,On time,Returning
110285,2026-07-12,11,stockholm,Pizza,268.0,41,On time,Returning
109360,29.06.2026,10,stockholm,Salad,"280,0",15,On time,New
112376,08.08.2026,10,Malmö,Indian,317.0,41,On time,Returning
107224,2026-05-31,12,Stockholm,Pizza,"278,0",48,late,Returning
109580,2 Jul 2026,10,Malmö,Burgers,226.0,22,On time,Returning
102004,22/03/2026,16,Stockholm,kebab,255.0,29,On time,returning
112937,16/08/2026,12, Stockholm,Pizza,"150,0",999,,Returning 
101492,2026-03-15,18,Stockholm,Pizza,253.0,23,On time,NEW
104719,2026-04-27,16,Uppsala,burgers,132.0,39,On time,New
100648,2026-03-03,19,Malmö,Kebab,174 kr,37,On time,Returning 
102466,2026-03-28,19,Uppsala,Burgers,337.0,52,Late,Returning
111883,2026-08-02,17,Stockholm,Thai,315.0,41,Ontime,Returning
113176,2026-08-19,11,Stockholm,Burgers,181.0,43,On time,Returning
102302,26 Mar 2026,12,Malmö,THAI,289,32,On time,Returning
108069,11 Jun 2026,11,Uppsala,Burgers,170,41,On time,Returning
112062,2026-08-04,19, Uppsala,Burgers,287 kr,44,On time,Returning
100254,26.02.2026,19,Stockholm,Sushi,262.0,26,On time,New
104882,2026-04-30,12,Stockholm,Sushi,297.0,45,on time ,New 
106309,2026-05-18,20, Lund,Burgers,240.0,27,on time,Returning
102433,28.03.2026,21,,Indian,235.0,21,On time,New
100599,2026-03-02,17,Uppsala,Burgers,"345,0",50,Late,Returning
105576,2026-05-09,11,Göteborg,Burgers,89.0,39,ON TIME,Returning
101559,16/03/2026,10,GÖTEBORG,kebab,283,43,On time,Returning
100824,06.03.2026,10,Stockholm,Kebab,143,23,On time, new
100118,24.02.2026,18, Stockholm,Burgers,"199,0",44,Ontime,New
101455,2026-03-14,20,Lund,Salad,210.0,40,On time,Returning
111840,2026-08-01,11,Malmö,Thai,340.0,38,On time,New
109674,2026-07-04,12,Göteborg,Indian,265 SEK,32,On time, Returning
112693,2026-08-13,18,Göteborg,Burgers,274,31,On time,Returning
113265,20/08/2026,13,,Burgers,302.0,41,On time,New 
105148,2026-05-03,18,Stockholm,Thai,"189,0",37,On time,New
107534,4 Jun 2026,9, Uppsala,Burgers,210 SEK,45,On time,Returning
102781,2026-04-01,16,Uppsala,Sushi,242.0,21,On time,Returning
100627,2026-03-03,12,Stockholm, Kebab,236 SEK,25,On time,Returning
102336,2026-03-27,12,Göteborg,Thai,308.0,40,On time, Returning
110986,2026-07-21,14,Stockholm,Burgers,SEK 171,37,On time,Returning
110486,2026-07-14,19,Uppsala ,burgers,255.0,34,On time,Returning
103127,06/04/2026,17,Göteborg,Salad,286.0,25,On time,Returning
113512,23 Aug 2026,10,Malmö,Pizza,315.0,33,On Time,Returning
109805,5 Jul 2026,14,Uppsala,Pizza,"154,0",48, late,New
105707,2026-05-10,10,Malmö,Burgers,SEK 272,41,ON TIME,Returning
107129,30 May 2026,12,Stockholm,Pizza,253.0,63,Late,Returning
102647,31 Mar 2026,18,Göteborg,Pizza,304.0,19,On time, Returning
105925,2026-05-14,19,Göteborg,Kebab,228.0,50,Late,New
111429,27 Jul 2026,11,Göteborg,Sushi,278.0,28,On time,Returning
104613,26.04.2026,10,STOCKHOLM,Indian,"274,0",22,On time,Returning
102140,24/03/2026,22,Sthlm,Pizza ,331.0,36,On time,New
113407,22/08/2026,17,Malmö,Burgers,SEK 220,46,Late,Returning
106951,2026-05-27,17,Malmö,Indian,256 SEK,38,On time,Returning
111918,2026-08-02,12,Malmö,KEBAB,218.0,32,On time,RETURNING
100195,2026-02-25,22,Malmö, Indian,311.0,36,On time, new
109694,2026-07-04,9,Stockholm, Kebab,SEK 239,24,On time,new
108462,2026-06-16,18, Malmö,Salad,365 kr,43,on time ,Returning
101647,2026-03-17,11,Stockholm,Kebab,"258,0",56,Late,Returning
111232,24 Jul 2026,13, Uppsala,Indian,305.0,41,On time, Returning
107985,2026-06-10,12, Malmö,Burgers,248.0,36,On time,New
110321,12 Jul 2026,19,Malmö,Kebab,"409,0",49,Late,Returning
107928,09/06/2026,17,Lund,Pizza,254.0,42,On time,Returning
109673,2026-07-04,19,Göteborg,Sushi,271,28,on time,New
106640,2026-05-23,12,Sthlm,Burgers,"206,0",38,ON TIME,Returning
107888,9 Jun 2026,9,Stockholm,Sushi,209.0,52,Late, Returning
112499,2026-08-10,13,Göteborg,Sushi,298.0,26,On time,Returning
100198,2026-02-25,13,Malmö,Pizza,228.0,40,On time,New
109958,08.07.2026,20,Göteborg,Kebab,286 kr,53,Late,Returning
113450,2026-08-23,12,Göteborg,Indian,238.0,40,on time ,Returning
111717,2026-07-31,12, Göteborg,kebab,294.0,30,On time,New
113510,23/08/2026,20,Malmö,Vegan,247 SEK,26,On time,Returning
107310,2026-06-01,19,Stockholm,Salad,163,49,Late,New
109869,2026-07-06,12,Uppsala ,Vegan,277.0,46, late,Returning
100373,2026-02-28,12,Göteborg,Sushi,366 kr,21,On time,Returning
101233,2026-03-11,19,Malmö,Pizza,313.0,36,On time,New
111964,2026-08-03,16,Sthlm,Sushi,SEK 258,18,On time,New
105096,2026-05-03,22,Göteborg ,Kebab,260 kr,30,On time, Returning
111810,2026-08-01,17,Stockholm,Thai,339.0,46,Late,New
101248,11/03/2026,19,Lund,BURGERS,224.0,22,On time,New
106716,24 May 2026,19,Sthlm,Salad,216.0,42,On time,Returning
112104,2026-08-05,17, Stockholm,Indian,201,51,Late,Returning
103146,06.04.2026,13,Stockholm,Vegan,277,40,On time,Returning
110487,2026-07-14,13,,Sushi,256.0,33,On Time,New
108430,16 Jun 2026,12, Stockholm,Burgers,SEK 304,34,ON TIME,Returning
104299,2026-04-21,14, Uppsala,Pizza ,288.0,36,On time,New
104096,19 Apr 2026,17,Göteborg,Thai,"201,0",37,On time,Returning
110564,15/07/2026,12,Lund,Sushi,214,50,Late,returning
103895,2026-04-16,18,Stockholm,sushi,250.0,47,Late,New
107748,2026-06-07,12,Stockholm,Pizza,279.0,33,On time,New
107997,2026-06-11,19,Göteborg,Thai,270,41,On time,New
111822,2026-08-01,13,Sthlm,Sushi,280,23,ON TIME,Returning
107844,2026-06-08,12,Malmö,SUSHI,263.0,57,Late,New
108338,15 Jun 2026,19,Stockholm,Burgers,"285,0",36,on time ,NEW
108432,2026-06-16,19,Stockholm,Thai,219.0,38,On time,Returning
107493,2026-06-04,13,Göteborg,Kebab,273.0,38,on time ,Returning
108164,13 Jun 2026,11,Stockholm,Indian,218 kr,43,On time,returning
109721,4 Jul 2026,22,Malmö,salad,203.0,28,On time, Returning
108976,2026-06-24,21,Göteborg,Burgers,232,42,On time,Returning
108915,23/06/2026,11,Göteborg,Kebab,219,22,On time,Returning
104976,01.05.2026,15,Stockholm,Pizza,301.0,28,On time,New
104068,18/04/2026,19,Lund,Vegan,246.0,36,On time, Returning
101517,2026-03-15,11,STOCKHOLM,Kebab,187.0,29,On time,Returning
100731,2026-03-04,12,Uppsala,Indian,216.0,39,on time ,RETURNING
106730,2026-05-24,20,Malmö,Sushi,185,45,On time,Returning 
111879,02/08/2026,13,Stockholm,Thai,301.0,28,On time,Returning
102629,30.03.2026,17,Malmö,Indian,SEK 266,44,On time,Returning
109414,30 Jun 2026,19,GÖTEBORG,Pizza,379.0,38,On time,Returning 
100793,2026-03-05,14,Uppsala,burgers,263.0,29,On time,New
101475,2026-03-15,14,Göteborg,Vegan,266 SEK,35,On time,New
101065,9 Mar 2026,14,GÖTEBORG,Pizza,321.0,36,On time,Returning
111174,2026-07-24,17,Göteborg ,Pizza,276,35,On time,Returning
100962,2026-03-07,11,lund,Thai,263,30,on time , Returning
113280,20 Aug 2026,21,Lund ,Burgers,317 kr,41,On time,New
106926,27 May 2026,11,Stockholm ,Thai,380.0,23,On time,Returning
112760,2026-08-14,20, Göteborg,Burgers,192.0,35,On time,Returning
105827,12 May 2026,12,Stockholm,Burgers,SEK 189,32,On Time,Returning
107398,2026-06-02,15,Lund ,Burgers,236.0,55,Late,Returning
105204,2026-05-04,12,Göteborg,thai,"263,0",41,On time,New
100416,2026-02-28,13,Malmö,Kebab,259,71,Late,RETURNING
111301,2026-07-25,9,Stockholm,Pizza,202,31,On time,Returning
111632,2026-07-30,20,Göteborg,Pizza,"222,0",41,On time,New
108362,2026-06-15,13,Stockholm,Thai,SEK 180,41,On time,New
103558,2026-04-12,11,göteborg,Vegan,298.0,15,on time ,New
100781,2026-03-05,18,Malmö,Vegan,202,50, late,Returning
102831,2026-04-02,20,stockholm,Burgers,"314,0",21,On time,Returning
100421,28 Feb 2026,17,Malmö,Sushi,245.0,25,On time,New
100147,2026-02-25,21,Göteborg,Salad,290 kr,22,On time, Returning
110422,2026-07-14,11,Göteborg ,Thai,336.0,19,on time ,New
113251,2026-08-20,12,Stockholm ,Pizza,240.0,37,On time,Returning
110987,2026-07-21,13,STOCKHOLM,Sushi,355 kr,32,On time,New
111658,2026-07-30,12,Stockholm,Salad,206 SEK,23,On time,returning
112014,04.08.2026,20,Göteborg,Indian,273.0,38,On Time,Returning
104784,2026-04-28,19,uppsala,Pizza,"228,0",29,On time,Returning
107873,2026-06-09,22,,Pizza,312.0,43,ON TIME,Returning
100498,2026-03-01,22,Stockholm,Indian,231.0,36,On time,Returning
111903,2026-08-02,17, Stockholm,Sushi,239.0,28,On time,Returning
111470,27.07.2026,17,Malmö,Thai,241 kr,46,late,Returning
105073,2026-05-02,14,Malmö,Thai,112.0,42,On time,Returning
112308,8 Aug 2026,19,Göteborg ,Pizza,275.0,43,On Time,Returning
100618,03.03.2026,17,Göteborg,Pizza,"260,0",31,On time,New
101751,2026-03-19,19,Göteborg,Kebab,192.0,43,On time,New
110294,2026-07-12,17,Stockholm ,Indian,329.0,24,On Time,Returning
102364,27 Mar 2026,20,Stockholm,Pizza,244.0,40,On time,Returning
100178,25 Feb 2026,23,Stockholm, Sushi,"264,0",37,On time,Returning
110651,2026-07-17,10,GÖTEBORG,Indian,317,27,On time,Returning
105115,2026-05-03,18,Göteborg,SUSHI,"356,0",32,On time,New
105631,2026-05-09,18, Uppsala,Sushi,267.0,33,On time,Returning
103413,2026-04-10,17,Gbg,Burgers,184.0,39,On time,Returning 
106427,20 May 2026,12,malmö,Kebab,"201,0",39,On time,New 
101668,2026-03-17,17,Malmö,Sushi,265.0,43,On time,Returning 
103715,2026-04-13,13,Uppsala,Burgers ,233.0,33,On time,Returning
111298,2026-07-25,12,Stockholm,Pizza,194.0,42,On time,New
109486,2026-07-01,14,Stockholm,Burgers,292.0,31,On time,Returning
104206,20.04.2026,21,Stockholm,Burgers,147.0,42,On time,RETURNING
108618,2026-06-19,12,Göteborg,Indian,166 SEK,43,On time,New 
104355,22 Apr 2026,19,Malmö,Thai ,333.0,54,Late,New
111849,2026-08-01,20,Uppsala,Pizza,218,41,On time,New
113292,2026-08-21,20,Göteborg,Burgers ,290.0,43,On time,Returning
102520,2026-03-29,18,STOCKHOLM,Salad,157,25,On time,Returning
100637,2026-03-03,16,Stockholm,Pizza,255,57,Late,Returning
113364,22 Aug 2026,12,Göteborg,Indian,350 SEK,43,On time,Returning
110481,2026-07-14,18,,Salad,116.0,23,On time, Returning
103629,12.04.2026,18,Malmö,Sushi,"210,0",38,Ontime,Returning
106924,2026-05-27,18,Stockholm , Sushi,236.0,25,On time,Returning
109305,28 Jun 2026,13,Malmö,burgers,239,49,Late,New
110366,2026-07-13,21,Stockholm,Sushi,283 SEK,34,On time,Returning
113064,18 Aug 2026,18,Göteborg,Pizza,263,42,On time,Returning
110813,2026-07-19,18,,Salad,"340,0",40,On time,New
100300,2026-02-27,12,Göteborg,Burgers,157 kr,43,On time,New
100948,07/03/2026,12,Uppsala,Salad,229 SEK,51,Late,Returning
113091,18 Aug 2026,21,Stockholm,Kebab,259.0,27,on time,Returning 
105715,2026-05-10,12,Uppsala,Burgers,323.0,26,On time,New
110060,9 Jul 2026,19,Stockholm,Vegan,235,38,On time,Returning
110869,2026-07-19,12,Malmö,Indian,SEK 311,36,on time,New
102547,29 Mar 2026,11,Malmö,Burgers,200.0,39,On time,Returning
112007,2026-08-04,18,Gbg,Burgers,217.0,51,Late,Returning
112709,13.08.2026,12,Stockholm,Pizza,323.0,40,On time,New
111837,2026-08-01,13, Malmö, Sushi,291.0,29,On time,Returning
105465,7 May 2026,10,Malmö,Pizza,231.0,35,On time,Returning
107144,30.05.2026,14,Malmö,BURGERS,254.0,33,On time,New
102270,26/03/2026,12,Stockholm,Indian,246.0,52,Late,Returning
101655,17 Mar 2026,20,Stockholm,Burgers,"115,0",42,On time,Returning
100270,26 Feb 2026,14,Malmö,Kebab,225.0,20,On time,New
106241,2026-05-18,22,Göteborg,Indian,266.0,36,On time,Returning
107453,2026-06-03,23,Stockholm,Burgers,201.0,34,On time,New
109892,2026-07-07,13,Göteborg,Pizza,285.0,40,On time,Returning
105289,2026-05-05,21,GÖTEBORG,Sushi,226.0,44,On time,Returning
101550,2026-03-15,22, Lund,Kebab,185.0,27,On time, new
111654,30 Jul 2026,10,Stockholm,pizza,286.0,16,On time,New
102592,2026-03-30,15,Stockholm,Pizza ,229,38,On time,Returning
104672,2026-04-27,16,Göteborg,Vegan,250.0,33,on time,New
107559,2026-06-05,17,Göteborg,pizza,287.0,33,On time,New
113239,20.08.2026,19,Sthlm,Kebab ,384.0,50,late,NEW
107555,2026-06-05,12,Göteborg,Pizza,265.0,47,Late,NEW
107678,2026-06-06,12,Malmö,Indian,210.0,31,on time ,New
101073,2026-03-09,11,Stockholm,Burgers,313.0,39,On time,Returning
112334,2026-08-08,10,Stockholm,Indian,350.0,55,Late,Returning
101564,2026-03-16,20,Göteborg,Burgers,180.0,50,late,Returning
110752,2026-07-18,19,Stockholm,Salad,254 kr,51,Late,Returning
101231,11.03.2026,17,malmö,Vegan,206.0,19,On time,Returning
102926,3 Apr 2026,16,Lund,Burgers,260.0,40,On time,Returning
106110,2026-05-16,13,Malmö,Pizza,301.0,31,On time,Returning 
107392,2026-06-02,13,uppsala,Kebab,257.0,49,Late,Returning
109767,2026-07-05,13,Stockholm,Vegan,"243,0",44,On time,Returning 
105395,6 May 2026,13,Malmö,BURGERS,250.0,52,Late,New
106266,18/05/2026,11,Stockholm,Pizza,194.0,34,On time,Returning
100485,2026-03-01,12,Stockholm,Sushi,144 SEK,23,On time,Returning
110822,2026-07-19,11,Stockholm,Burgers,247.0,38,On time,Returning
102819,02/04/2026,16,Stockholm,Vegan,174.0,25,ON TIME,New
111888,2026-08-02,14,Stockholm,KEBAB,193,34,On time,Returning
112368,08/08/2026,20,Malmö,Vegan,SEK 269,38,On time,returning
109323,2026-06-28,13,Lund,Pizza,179.0,36,On time,Returning
112369,8 Aug 2026,14,Malmö,Pizza,176,46,Late,Returning
104649,2026-04-26,17,Malmö,Thai,249.0,36,On time,Returning
107952,10.06.2026,11,Stockholm,Sushi,270,43,On time,New
110523,15.07.2026,20,Stockholm,Vegan,315.0,32,Ontime,Returning
100086,2026-02-24,17,Göteborg, Pizza,264,42,On time,New
100564,2 Mar 2026,12,Stockholm,Pizza,176.0,28,On time,New
104447,2026-04-24,17,Göteborg,Sushi,247.0,38,On time,Returning
111071,2026-07-22,20,STOCKHOLM,sushi,182.0,34,On time,Returning
104568,2026-04-25,20,Malmö ,Burgers,216,31,ON TIME,Returning
103762,2026-04-14,12,Stockholm,Burgers,"245,0",34,On Time,New
106063,2026-05-16,16,Göteborg,Burgers,243 kr,38,On time,Returning
102722,2026-04-01,17,Göteborg,Pizza,SEK 275,51,Late,Returning
108119,2026-06-12,14,Malmö,Vegan,354.0,33,On time,Returning
111517,2026-07-28,21,Stockholm,Kebab,212,43,On Time,Returning
111471,2026-07-27,11,Malmö,BURGERS,178.0,33,On Time,New
110033,2026-07-09,18,Göteborg,Pizza,136 SEK,40,On time,New
111358,26.07.2026,12,Göteborg,Burgers,331,20,On time,new
105279,2026-05-04,20,Lund,Vegan ,116.0,24,On time,returning
106798,25.05.2026,20,Stockholm,Thai,287.0,26,On time,Returning
111760,2026-07-31,17,,Sushi,"222,0",26,On time,Returning
112673,2026-08-12,17,Malmö,Sushi,258 kr,41,On time,Returning
113505,2026-08-23,17,Malmö,pizza,"181,0",25,On time,New
107165,2026-05-30,20,Uppsala,Vegan,246.0,44,On time,Returning
111476,27 Jul 2026,11, Malmö,Thai,317.0,37,On time,Returning
106859,2026-05-26,18,Stockholm,Thai,402 SEK,29,On time,Returning
108230,2026-06-14,18,Göteborg,Burgers,310,35,Ontime,Returning 
113151,2026-08-19,20,Stockholm,Vegan,293.0,33,On time,Returning
107969,10 Jun 2026,13,STOCKHOLM,Kebab,193,32,On time,RETURNING
100310,2026-02-27,13,Sthlm,Indian,209,61,Late,Returning
104303,2026-04-21,19,Lund,Indian,"198,0",34,On time,New
102581,2026-03-30,18,Göteborg,Pizza,279,42,On time,Returning
113326,2026-08-21,13,Malmö,Pizza,297 kr,29,On time,Returning
101263,12/03/2026,22,Göteborg,Sushi,269 kr,32,On time,Returning
101839,2026-03-20,12, Stockholm,Burgers,221.0,36,on time ,Returning
111383,2026-07-26,11,Stockholm,Burgers,179.0,29,On time,Returning
109507,2026-07-01,10,STOCKHOLM,Salad,216,39,On time,new
111145,23/07/2026,12, Malmö,Sushi,123,28,On Time,Returning 
112821,2026-08-15,12,Göteborg,Salad,202.0,43,On time,NEW
101318,12 Mar 2026,22,Uppsala,Thai,197 kr,41,On time,returning
113526,23 Aug 2026,13,Lund,Thai ,232.0,30,On time,New
102209,2026-03-25,13,Stockholm,Thai,241.0,42,on time ,Returning
110399,13 Jul 2026,13,Malmö,Vegan,281 kr,39,On time,New
102946,2026-04-04,21,Stockholm,Vegan,321 SEK,31,On time,Returning
101657,2026-03-17,11,Stockholm,Pizza,191.0,42,On time,Returning
102411,2026-03-28,10,Göteborg,Burgers ,202.0,47, late,New
106203,2026-05-17,16,Malmö,Pizza,197.0,38,On time,Returning
113018,2026-08-17,18,Stockholm,Indian,282.0,24,On time,Returning
103245,7 Apr 2026,12,Lund, Sushi,314.0,32,On time,New
105217,4 May 2026,12,göteborg,Burgers,256.0,49,late,New
109066,25.06.2026,18,Malmö,Pizza,199.0,19,On time,New
101154,2026-03-10,11,Sthlm,Sushi,202,20,On time,returning
105318,2026-05-05,12,stockholm,Sushi,339,40,On time,Returning
108717,2026-06-20,15,Stockholm,Burgers,292,37,On time,Returning
109907,7 Jul 2026,19,Stockholm,Pizza,240.0,39,On time,Returning
103944,2026-04-17,12,Göteborg,Kebab,204.0,31,On time,RETURNING
107563,2026-06-05,18,Göteborg ,Sushi,205.0,36,On time, Returning
101867,20 Mar 2026,14,Uppsala,Pizza,275 SEK,52,Late,Returning
101482,15 Mar 2026,11, Göteborg,Pizza,326.0,54,Late ,Returning
106243,2026-05-18,19,Göteborg,Thai,238,34,On time,Returning
109746,2026-07-05,21,Göteborg,Sushi,205.0,51,LATE,returning
101869,2026-03-20,12,Uppsala,thai,242 kr,40,On time,Returning
102535,29 Mar 2026,19, Stockholm,Kebab,304.0,33,On time,Returning
112121,5 Aug 2026,19, Stockholm,Burgers,322.0,23,On time,returning
111299,25 Jul 2026,17,Stockholm,Pizza,324 kr,41,On time,Returning
112330,2026-08-08,17,Stockholm,kebab,248.0,57,Late,Returning
106437,2026-05-20,23,Uppsala,Pizza,291,34,On time, Returning
105472,2026-05-07,12,Uppsala,Vegan,173.0,32,On time,Returning
101310,2026-03-12,18,Malmö,Burgers ,SEK 172,41,ON TIME,Returning
104192,20/04/2026,19,Stockholm,KEBAB,"329,0",21,On time,New
108131,2026-06-12,19,uppsala,Thai,364.0,38,on time,New
100427,2026-02-28,12,Malmö,Indian,239 kr,32,on time ,Returning
105749,2026-05-11,12,Göteborg,Kebab,"254,0",32,On time,New
109861,2026-07-06,11,Malmö,Pizza,329,44,On Time,Returning
103125,2026-04-06,16,Göteborg,Indian ,197.0,36,on time ,Returning
111768,2026-07-31,10,Lund ,kebab,190.0,47,Late,Returning 
111431,27 Jul 2026,19,Göteborg,Thai,181,42,On time, Returning
100428,28/02/2026,20,malmö, Sushi,232.0,30,On time,Returning
109688,04.07.2026,13,Göteborg,Sushi,246 kr,45,On time,Returning
107668,06/06/2026,17,Stockholm,pizza,148.0,36,On time,new
104049,2026-04-18,11,Malmö,Indian,203,42,ON TIME,Returning 
112161,06/08/2026,18,Göteborg, Vegan,256.0,33,On time,New
113204,2026-08-19,18,Lund ,Salad,228,60,Late,New
106488,2026-05-21,19,Stockholm,Kebab,216.0,37,On time,new
109405,2026-06-30,17,Göteborg,Pizza ,231.0,33,On time,Returning
102842,2026-04-02,16,Malmö,Kebab ,303.0,36,On time,Returning
105903,13 May 2026,16,Malmö,Salad,292,31,On time,Returning
107303,2026-06-01,23,Stockholm,Sushi ,227.0,33,On time,New
110426,2026-07-14,10, Göteborg,Kebab,"344,0",46,Late,Returning
103711,2026-04-13,19,Malmö,Vegan,283.0,52,Late,Returning
102109,2026-03-23,19,Lund,Burgers,310,29,On time,NEW
100611,03.03.2026,15,Göteborg,Salad,250,36,On time,New
105858,2026-05-13,22,Göteborg,Sushi,346.0,26,On time,Returning
104789,2026-04-28,15,Uppsala,Sushi,239.0,34,On time,Returning
106729,24 May 2026,21,Malmö,Kebab,257.0,37,On time,Returning
112482,09.08.2026,13,Lund,Kebab,383,28,on time ,new
111291,2026-07-25,12,Stockholm,Thai,SEK 179,43,On time,New
102185,2026-03-24,13,Lund,Salad,193.0,36,On time,Returning
101436,14/03/2026,12,MALMÖ, Sushi,"282,0",37,On time,NEW
102694,2026-03-31,10,Stockholm,Sushi,259,27,on time,Returning
103812,2026-04-15,21,Stockholm,Pizza ,173,40,On time,New
110287,2026-07-12,20,Stockholm,Sushi,284.0,48,Late,RETURNING
103673,2026-04-13,11,göteborg,Sushi,SEK 199,37,On time, new
107102,30/05/2026,15,Göteborg,Pizza,187.0,48,LATE, new
102120,24/03/2026,19,Göteborg,Indian,211 kr,36,On time,New
112057,2026-08-04,20,Malmö, Pizza,234.0,20,On time,New
107398,2 Jun 2026,15,Lund,Burgers,"236,0",55,Late,Returning
105388,06.05.2026,12,Malmö,Pizza,SEK 240,43,On time,Returning
101330,2026-03-13,20,Göteborg ,Pizza,240 SEK,32,On time,New 
110043,9 Jul 2026,18,GÖTEBORG,Kebab,339.0,37,On time,New
100967,08/03/2026,17,Göteborg,salad,315 kr,33,On time,New
110774,2026-07-18,21,Malmö,Burgers,262.0,36,On time,New
101041,2026-03-08,19,Uppsala,Pizza,311,40,On time,Returning
104421,23 Apr 2026,13,Malmö ,Pizza,288.0,29,On time,New
108191,13 Jun 2026,12,Sthlm,Thai,325,34,On time,Returning
108767,2026-06-21,21,Göteborg,Vegan,235.0,25,On time,Returning
108884,2026-06-22,12,Malmö,SUSHI,269.0,47,Late,Returning
106249,18 May 2026,11,Göteborg,Sushi,213.0,43,On time,New
100113,2026-02-24,18,Stockholm,Kebab,288.0,41,On time,New
112721,13.08.2026,14,Stockholm,Kebab,224.0,31,On Time,New
100836,06.03.2026,18,Stockholm,Thai,204 kr,30,ON TIME,returning
107388,2026-06-02,12,Malmö,VEGAN,"259,0",28,On time,Returning
101744,18 Mar 2026,18,Lund,Indian,"301,0",41,on time,Returning
100117,24 Feb 2026,15,Stockholm,Pizza,"203,0",41,On time,Returning
106720,2026-05-24,13,Stockholm,Pizza,284.0,23,On time,Returning
107947,2026-06-10,9,Göteborg,Pizza,278.0,31,Ontime,Returning
100036,2026-02-23,14,stockholm,Burgers,333.0,32,On time,Returning
112199,06.08.2026,12,Malmö,Indian,264.0,34,On time,New
106006,15.05.2026,19,GÖTEBORG, Pizza,228,38,on time ,New
109668,2026-07-04,14,Göteborg,Pizza,"274,0",29,On time,Returning
109693,04.07.2026,19, Stockholm,Indian,324,33,on time,Returning
108929,2026-06-23,18,Stockholm,Pizza,"211,0",39,On time,New
104905,2026-04-30,22,Stockholm,Pizza,177.0,35,On time,NEW
100064,2026-02-23,19,Uppsala,PIZZA,"123,0",40,Ontime,Returning
108018,11.06.2026,17,Stockholm,BURGERS,274.0,31,On time,Returning
100417,2026-02-28,9, Malmö,Pizza,171 kr,44,On time,New
106044,15 May 2026,10,Uppsala ,Burgers,317.0,34,On time,Returning
113266,2026-08-20,10,Malmö,Burgers,231.0,42,On time,Returning 
104146,2026-04-19,13,Malmö,Burgers,231.0,29,On time,Returning
101978,2026-03-22,20,Göteborg, Kebab,217.0,47,Late,New
102101,2026-03-23,16,Uppsala,Burgers,336.0,36,On time,New
111594,29.07.2026,17,,SALAD,241.0,43,On time,Returning
104046,2026-04-18,18,Malmö,Burgers,230,29,On time,Returning
110472,2026-07-14,15,Malmö,Thai,287 SEK,31,On time, new
100348,2026-02-27,19,Malmö,KEBAB,235.0,52,Late,Returning
112245,7 Aug 2026,20,Stockholm,Thai,276.0,50,Late,Returning
105064,2026-05-02,12,Malmö,Thai ,313 kr,33,On time,Returning
107377,2 Jun 2026,12,Stockholm,Pizza,242.0,23,On time,New
112426,2026-08-09,12,Stockholm,Indian,244 kr,40,On time,New
105304,2026-05-05,14,Stockholm,Vegan,241.0,35,On time,New
100801,06.03.2026,14,Göteborg,Thai,262.0,41,On time,Returning
105501,2026-05-08,16,Stockholm,Indian,228.0,-5,,Returning
103479,10 Apr 2026,14,Lund,Kebab,363.0,19,On time,Returning
105898,13 May 2026,15,Malmö,Kebab,260,25,On time,New
111155,23 Jul 2026,19,Uppsala,BURGERS,298 kr,39,On time,Returning
103463,2026-04-10,10,,Burgers,217.0,44,On time,Returning
102481,29 Mar 2026,16,Göteborg ,Salad,243 SEK,45,On time,Returning
111826,2026-08-01,13,Malmö,KEBAB,192.0,34,Ontime,Returning
110391,2026-07-13,10,MALMÖ,Kebab,222.0,47,Late ,New
102490,2026-03-29,19, Göteborg,Burgers,235 kr,33,On time,Returning
101002,2026-03-08,12,Stockholm,Salad ,203 kr,44,Ontime,New
112659,2026-08-12,12,Stockholm,Vegan ,179.0,26,On time,New
103131,6 Apr 2026,20, Göteborg,Kebab,370.0,41,On time,NEW
107787,2026-06-07,19,Malmö , Indian,221.0,42,On time,New
101287,2026-03-12,22,Stockholm,Pizza,303.0,38,On time,returning
108763,2026-06-21,17,Göteborg,Burgers,"242,0",37,On time,New
106183,2026-05-17,12,Stockholm,THAI,286.0,38,On time,New
112879,2026-08-15,16,Malmö,Pizza,272,51,Late,New
105645,10 May 2026,12,GÖTEBORG,Salad,211.0,38,On time,Returning
109505,2026-07-01,19,Stockholm,Pizza,187.0,34,On time,returning
109665,03.07.2026,19,Lund,Kebab,305.0,45,On time,Returning
109577,2026-07-02,13,Malmö,Thai,221.0,31,On time,Returning
102225,2026-03-25,12,Stockholm ,Burgers,251,32,On time,Returning
111191,2026-07-24,14,Stockholm ,Kebab,SEK 224,26,On time,New
108620,2026-06-19,10,Göteborg,Pizza,111 kr,23,Ontime,Returning
107276,01/06/2026,19,Göteborg ,Burgers,274,27,On Time,New
102658,31.03.2026,12,Göteborg,Thai,333.0,31,On time,Returning
113290,2026-08-21,11,Göteborg,Vegan ,280 SEK,36,On time,New
111904,2026-08-02,11, Stockholm,Burgers,206 kr,43,On time,New
113362,22.08.2026,13,Göteborg,Thai,220 kr,22,On time,New
104997,2026-05-01,18,Malmö,Pizza,349.0,39,On time,Returning
109051,25/06/2026,12,Stockholm,Pizza,259.0,47,Late,Returning
111485,2026-07-27,16,Uppsala,Thai,"230,0",41,On time, Returning
109617,2026-07-03,12,Stockholm,Thai ,223.0,29,On time,Returning
109520,2026-07-01,9,Uppsala,Thai,333.0,34,On time,Returning
104347,2026-04-22,14,Stockholm,Pizza,292.0,53,late,New
108251,2026-06-14,12,stockholm,Salad,169,48,LATE,New
104362,2026-04-22,10,Malmö,Pizza,380.0,39,On time, Returning
103974,17.04.2026,20,Malmö,Burgers,366,50,Late,new
100669,2026-03-03,19,Uppsala,Pizza,266,34,On time,New
111816,1 Aug 2026,19,Stockholm,Indian,295.0,46,Late,New
102888,2026-04-03,20,Stockholm,kebab,212.0,25,On time,New
101462,2026-03-15,17,Göteborg,Vegan,325 SEK,47,Late,Returning 
103199,2026-04-07,15,Stockholm,Burgers,255.0,39,On time,Returning
100785,5 Mar 2026,18,Malmö,Pizza,260.0,40,Ontime,new
109885,7 Jul 2026,14,Göteborg,Thai,221.0,44,On time,Returning
105455,07.05.2026,12,Stockholm,Burgers,302.0,37,ON TIME,Returning
100455,01.03.2026,13,Göteborg,Sushi ,177,61,Late,returning
107204,2026-05-31,14,Stockholm,Pizza,203.0,28,On time,Returning
113020,2026-08-17,12,Stockholm,Burgers,194 kr,35,On time,Returning
105142,2026-05-03,15,Stockholm,Kebab,220.0,38,On time,New
104173,20 Apr 2026,12,Göteborg,Burgers,SEK 281,34,On time,Returning
106256,2026-05-18,12,Sthlm,Kebab,128,36,On time,Returning
105092,02.05.2026,13,Lund,Vegan,265.0,55,Late,Returning
103688,13/04/2026,9,Stockholm,Salad,310,50,Late,Returning
105972,2026-05-14,18,Malmö,Pizza,233.0,31,On time,New
106003,2026-05-15,19,Göteborg ,Sushi,235 SEK,34,On time,New
106754,2026-05-24,19,Lund,Burgers,"348,0",34,On time,Returning
106999,2026-05-28,12,Stockholm,thai,248.0,35,On time,Returning
103799,2026-04-15,9,Göteborg,Sushi,156.0,54,LATE,Returning
112684,2026-08-12,17,,Thai,SEK 292,55,Late ,New
100885,07.03.2026,13,Göteborg,Vegan ,223,41,on time ,New
102252,26 Mar 2026,20, Göteborg,Thai,275.0,27,On time,Returning
106197,2026-05-17,12,Malmö,Burgers,151.0,40,On time,Returning
111020,2026-07-21,19,Malmö,Salad,297.0,20,On time,Returning
108383,15 Jun 2026,13,Malmö,Pizza,"221,0",39,on time,Returning
101528,2026-03-15,13,Malmö,Pizza,179,45,On time,New
110535,15.07.2026,22,Stockholm,Burgers,267 kr,25,on time ,New
109024,2026-06-24,16,Lund,Burgers,238,27,On time,New 
100555,02/03/2026,12,Stockholm,Thai,274,30,On time,Returning
111866,2 Aug 2026,17,Göteborg,Pizza,288.0,36,On time,Returning
102077,23.03.2026,11,Sthlm,Sushi,"200,0",39,On time,Returning
101986,22 Mar 2026,17,Stockholm,Pizza,291.0,30,On Time,Returning
101062,2026-03-09,17,Göteborg,Sushi,326 kr,51,Late,Returning
107651,2026-06-06,15,Stockholm,Pizza,274.0,34,On time,Returning
106742,24 May 2026,19,Uppsala ,Burgers,229,17,on time ,RETURNING
106222,2026-05-17,13,Uppsala,Pizza,250 kr,34,on time,Returning
103093,2026-04-05,18,Malmö,Thai,"96,0",45,On time,Returning
112152,2026-08-06,20,Göteborg,Pizza,320.0,37,Ontime,Returning
110635,2026-07-16,12,Lund,Sushi,"224,0",34,On time,Returning
103960,2026-04-17,13,Stockholm ,Pizza,215.0,36,On time,Returning
108156,2026-06-13,11,Göteborg, Pizza,249.0,47,Late,Returning
110046,2026-07-09,21,Göteborg ,Burgers,"218,0",32,On time,Returning
103047,2026-04-05,22,Stockholm,Indian,"243,0",33,On time,Returning
106403,20.05.2026,11,Stockholm,Sushi,317.0,34,On time,RETURNING
111555,2026-07-28,18,Uppsala,VEGAN,228 SEK,24,On time,Returning
107156,30.05.2026,15,Malmö,Sushi,194.0,37,On time,Returning
110828,19/07/2026,11,Stockholm,Pizza,290 SEK,32,On time,Returning
113179,2026-08-19,17,Malmö,Pizza,"214,0",43,On time,New
103399,2026-04-09,21,Lund,Salad,274 SEK,50,Late,Returning
108711,2026-06-20,16,Stockholm, Pizza,225 kr,42,On time, new
108724,20.06.2026,13,Stockholm,Burgers ,SEK 292,34,Ontime,Returning
110778,2026-07-18,20,Malmö,sushi,309,40,On time,Returning
103481,2026-04-11,13,Göteborg,Pizza,283.0,18,On time,New
101068,2026-03-09,14,stockholm,Kebab,275.0,52,Late,Returning
107100,30 May 2026,11,Göteborg,Kebab,"320,0",34,On time,Returning
100267,2026-02-26,18,Malmö ,Thai,263.0,38,On time,returning
109848,2026-07-06,13,, Burgers,294 SEK,35,On Time,New
110318,12.07.2026,13,Malmö,Sushi,191.0,36,On time,New
102208,2026-03-25,21,Stockholm,Indian,252 kr,31,ON TIME,Returning
110500,15 Jul 2026,11,Göteborg,kebab,179.0,40,On time,New
104258,21 Apr 2026,18,Stockholm,Sushi,276 kr,50,Late ,New
100240,2026-02-26,17,Sthlm,Kebab,200 SEK,47,Late,Returning
113425,2026-08-22,13,Uppsala,Vegan,233.0,47,Late,Returning
112029,2026-08-04,11,Sthlm,Vegan,169,54,Late,Returning
110215,11/07/2026,12,Stockholm,Burgers,261.0,47,Late,Returning
112118,5 Aug 2026,16,stockholm,Thai,"246,0",36,On Time,New
108439,2026-06-16,20,Stockholm, Vegan,"257,0",46,Late,New
111955,03.08.2026,20,GÖTEBORG,Sushi ,188.0,30,on time ,returning
111070,2026-07-22,18,Stockholm,Indian,214.0,37,On time,Returning 
105840,2026-05-12,15, Malmö,Vegan,241.0,31,On time,New
111356,2026-07-26,14,Göteborg ,Burgers,227.0,40,On time,New
104245,21 Apr 2026,14,Göteborg,Burgers,"326,0",50, late,returning
106753,2026-05-24,12,Lund ,Pizza,217.0,21,On time,Returning
105248,4 May 2026,16,stockholm,Thai ,222 SEK,42,On time,Returning
101423,2026-03-14,22,Stockholm,Salad,SEK 297,37,On time,Returning
107994,10 Jun 2026,12,Lund,Thai,275 SEK,38,On time,Returning
101953,21.03.2026,13,Lund,Indian,253,37,On Time,New
112600,2026-08-11,10, Malmö,Pizza,228.0,15,Ontime,Returning
102057,2026-03-23,22,STOCKHOLM,burgers,"261,0",35,On time,new
103378,9 Apr 2026,18,Malmö ,Thai,"199,0",38,On time,New
103880,2026-04-16,11,Stockholm,Vegan,SEK 248,47,Late,Returning
110749,2026-07-18,11, Stockholm,Pizza,240.0,46,Late,Returning
100131,2026-02-24,12,Malmö ,Salad,166.0,33,On time,Returning
108635,2026-06-19,14,Stockholm,Pizza,SEK 220,51,Late,New
111271,25 Jul 2026,19, Stockholm,Vegan,348 kr,31,on time,New
103769,2026-04-14,20,Malmö,sushi,169.0,39,On time,Returning
111483,2026-07-27,11,Uppsala,Sushi,"178,0",33,On Time,New
101102,9 Mar 2026,20,Malmö,SALAD,255.0,42,On time,New
108770,21 Jun 2026,11,Göteborg,Kebab,295,45,On time,New
105620,2026-05-09,18,Malmö,Kebab,257.0,31,On time,Returning
100752,2026-03-05,13, Göteborg,Salad,294.0,35,on time,Returning
110998,2026-07-21,15,Stockholm,Indian,169.0,39,On time,Returning
111182,2026-07-24,18,Göteborg,Pizza,302.0,36,On time,Returning
111304,25/07/2026,18,Stockholm,Vegan,295.0,31,On time,New
107954,2026-06-10,12,Stockholm,Burgers,236.0,52,Late,New
105012,2026-05-02,11,Göteborg,Burgers,224.0,55,Late,Returning
109774,2026-07-05,16,Stockholm,Pizza,288,35,On Time,Returning
111701,2026-07-31,12,Göteborg,Indian,"277,0",34,On time,Returning
113385,22 Aug 2026,21,Stockholm,PIZZA,142,49,Late,New
107818,2026-06-08,18,Stockholm,PIZZA,316.0,36,On time,Returning
108203,2026-06-13,20,Malmö,Kebab,290.0,34,on time,Returning
105773,2026-05-11,16,Stockholm,Burgers,339 kr,33,On time,Returning
108322,2026-06-15,13,Göteborg,Burgers,259 kr,30,On time,Returning
105108,2026-05-03,11,GÖTEBORG,Sushi,SEK 300,30,On time,Returning
109046,25 Jun 2026,19, Stockholm,Pizza,299 SEK,48,LATE,Returning
110383,2026-07-13,14,Stockholm,PIZZA,217,19,Ontime,Returning
109334,2026-06-29,19,Göteborg,Salad,359 kr,24,On time,New
101242,2026-03-11,16, Uppsala,Pizza,347.0,29,On time,Returning
107728,07.06.2026,20,Göteborg,Thai ,"233,0",43,On time,Returning
106892,2026-05-26,17,Uppsala,Kebab,221 SEK,25,On time, Returning
108000,2026-06-11,11,Göteborg ,Kebab,"299,0",45,On time,Returning
112262,2026-08-07,20,Sthlm,Burgers,263.0,25,On time,returning
110931,2026-07-20,20,Malmö,sushi,280.0,33,On time,Returning 
102713,2026-03-31,10,Uppsala,Salad,278.0,30,On time,Returning
111601,29 Jul 2026,19,Malmö,Thai,247.0,40,On time,New
111046,2026-07-22,19,Göteborg,Vegan,266 kr,46,Late,Returning
107571,05/06/2026,18,Stockholm ,Pizza,"278,0",51,Late,Returning
105166,2026-05-03,17,Malmö,Sushi,157.0,33,On time,Returning
107745,07.06.2026,17,Stockholm,Pizza,"311,0",43,On time,Returning
111930,2026-08-02,18,Uppsala ,Burgers,182.0,36,Ontime,Returning
100414,2026-02-28,21,Malmö, Sushi,302,30,On time,New
110637,16 Jul 2026,11,Lund,Sushi,248.0,46,late,New
100202,2026-02-25,21,Malmö,Thai,264.0,43,On time,Returning
106900,2026-05-27,11,Göteborg,Vegan,"225,0",30,On time,Returning
107123,30.05.2026,17,Stockholm,Indian,"325,0",42,On time,Returning
105382,6 May 2026,15,Sthlm,Burgers,"251,0",44,on time,New
109791,05.07.2026,14,MALMÖ,Salad,276.0,31,on time ,Returning
107768,2026-06-07,12,stockholm,Burgers,202,34,On time, new
103636,2026-04-12,9,Uppsala,Kebab,323.0,40,On time,Returning
112689,2026-08-13,11,Göteborg,Sushi,186.0,39,ON TIME, new
109062,2026-06-25,13,Stockholm,Salad,204,36,On time,Returning
108100,2026-06-12,12,Stockholm ,Indian,203,38,On time,New
101167,10 Mar 2026,19,Malmö,Burgers,205 SEK,41,on time ,Returning
103510,11.04.2026,11,Sthlm,Sushi,153.0,43,On time,Returning
109016,2026-06-24,11,Uppsala,Pizza,232 kr,43,On time,Returning
100372,2026-02-28,13,Göteborg,Pizza,312.0,55,Late,Returning
105764,2026-05-11,20,Stockholm ,Vegan,256,19,On time, Returning
103835,2026-04-15,19, Malmö,Pizza,220 kr,34,On time,returning
110088,9 Jul 2026,11,Malmö,Thai,"210,0",36,On time,Returning
107799,2026-06-07,13,Lund,Kebab,330 kr,53,Late,New 
110849,2026-07-19,9,Stockholm,Salad,"259,0",24,on time ,Returning
109235,27.06.2026,12,Malmö, Pizza,286.0,26,On Time,Returning
110722,18.07.2026,19,Göteborg ,Kebab,SEK 305,29,On time,Returning
112226,2026-08-07,11,Göteborg ,Sushi,175 SEK,30,On time,Returning
113343,2026-08-21,15,lund,Pizza,317.0,43,on time, Returning
107902,2026-06-09,17,Stockholm,Burgers,277.0,39,On time,Returning
103506,2026-04-11,20,Stockholm,Burgers,257.0,49,Late,Returning
108428,2026-06-16,10, Stockholm,Indian,271 kr,38,On time,Returning
111090,2026-07-22,16,Malmö,Sushi,207 SEK,33,On time,Returning
106909,27 May 2026,14,Göteborg,Kebab,218 kr,43,on time,New
110670,2026-07-17,18,Stockholm,Sushi,312.0,50,Late,New
107622,2026-06-06,18,Göteborg,Pizza,171.0,43,On time,Returning
113328,21 Aug 2026,23,Malmö,Salad,186.0,23,On time,New
100543,2026-03-02,12, Göteborg,Kebab,223.0,46,Late,Returning
112139,2026-08-05,13,lund,Sushi,246.0,48,Late,Returning
102351,2026-03-27,19,,Burgers,319.0,50,Late,Returning
107074,2026-05-29,20,Malmö, Pizza,269.0,45,On time,Returning
109410,2026-06-30,21,Göteborg,pizza,160.0,45,On time,Returning
109548,2026-07-02,16,Stockholm,Indian,"291,0",35,On time,Returning
107190,2026-05-31,10,Göteborg,Sushi,281.0,36,on time ,New
113475,23.08.2026,11,Stockholm,Indian,264.0,47,Late,New
107619,06.06.2026,20,Göteborg,Kebab,193,39,On time,Returning
104241,2026-04-21,9,Göteborg,Burgers,SEK 247,39,On time,NEW
100132,24.02.2026,21,Malmö,Vegan,"344,0",44,On time,returning
108935,2026-06-23,14,Stockholm,Vegan,275,54,Late,New
100358,2026-02-27,20,Uppsala,Thai,"353,0",21,On time,Returning
113128,2026-08-18,11,Uppsala,Kebab,"228,0",42,On time,New
106146,2026-05-17,18,Gbg,Indian,268,38,On time,Returning
111778,2026-08-01,13,Göteborg,Burgers,278.0,40,On time,Returning
110406,13/07/2026,13,Uppsala,Pizza,186,52,Late,Returning
108176,2026-06-13,19,Stockholm,Burgers,289.0,23,On time,Returning
108010,2026-06-11,12,Göteborg,burgers,158.0,31,On time,Returning
104294,2026-04-21,16,uppsala,Pizza,260.0,41,On time,New
109965,08.07.2026,13, Göteborg,Thai,346.0,42,On time,NEW
102217,2026-03-25,17,Stockholm,Pizza,262.0,42,On time,New
100005,23.02.2026,13,Göteborg,Kebab,281,48,Late,Returning
113121,2026-08-18,11,Malmö,Vegan,204.0,39,On time,Returning
108956,23 Jun 2026,17, Lund,Thai,140.0,52,Late,New
111095,2026-07-22,10,uppsala,Pizza,211.0,31,On time,Returning
108631,2026-06-19,10,Stockholm ,Sushi,241.0,27,On time,New 
104508,2026-04-24,13,Uppsala,Thai,"297,0",44,On time,Returning
112171,2026-08-06,21,Stockholm,Indian,258.0,33,On time,New
108446,2026-06-16,19,STOCKHOLM,KEBAB,205.0,44,On time,New
104560,2026-04-25,19,Stockholm,Sushi,204.0,36,On time,Returning
109832,2026-07-06,12, Göteborg,Sushi,176.0,33,On time,New
100168,2026-02-25,10,Stockholm,Pizza,194.0,50,Late,Returning
110443,2026-07-14,23,STOCKHOLM,Thai ,257.0,39,on time ,New
113148,19 Aug 2026,21,Göteborg,SALAD,286,42,On time,Returning
105969,14 May 2026,19,Malmö,Sushi,163 SEK,47,Late,Returning
108508,17/06/2026,18,Stockholm,Pizza,227,25,Ontime,Returning
110370,2026-07-13,13,Stockholm,Thai,292.0,37,on time ,Returning
101755,2026-03-19,20,Göteborg,burgers,285.0,42,On time,Returning
104343,22/04/2026,19,Stockholm,Kebab ,"271,0",45,On time,Returning
107638,06/06/2026,20,GÖTEBORG,Kebab,277.0,32,On time,Returning
113371,22/08/2026,19,Sthlm,Kebab,192 SEK,29,On time,Returning
104751,2026-04-28,19,Stockholm,Burgers,257.0,40,On time,Returning
101174,2026-03-10,18,Uppsala,Sushi,251.0,-5,,Returning
106410,20/05/2026,20,Stockholm ,Vegan,325.0,30,On time,Returning
106627,2026-05-23,18,Stockholm,Thai,191 SEK,31,On time,Returning
101748,2026-03-19,14,Göteborg,Pizza,SEK 146,38,On time,New
101179,10/03/2026,12,Uppsala,Pizza,275 kr,30,On time,Returning
110104,10.07.2026,18,Göteborg,Indian,308.0,34,On Time,Returning
111426,2026-07-27,19,Göteborg,Pizza,"193,0",57,late,New
101790,2026-03-19,12,Stockholm,Thai,320.0,35,On time,Returning
106055,15.05.2026,12,Lund,Pizza,172.0,36,On Time,New
112441,2026-08-09,19,stockholm,Burgers,194,0,,New
102081,23 Mar 2026,13,stockholm,Thai,SEK 187,27,On time,Returning
101262,2026-03-12,13,Göteborg,Indian,217.0,43,On time,Returning
104446,2026-04-24,13,Gbg,Salad,249.0,32,On time,Returning
106786,25 May 2026,11,Stockholm,Kebab,275.0,34,On time,New
109872,06/07/2026,19,Lund,Burgers,177.0,29,On time,Returning
102037,2026-03-22,19,Lund,Pizza,337.0,42,On time,New
109540,2026-07-02,18,Göteborg,Pizza,297 kr,49,Late ,returning
107138,2026-05-30,11,Stockholm,Salad,317.0,32,On time,Returning
100606,2026-03-02,10,lund,Kebab,276,20,On time,Returning
112317,08/08/2026,21,Stockholm,Indian,330.0,29,On time,Returning 
111201,2026-07-24,20,Stockholm,Indian,358.0,39,ON TIME,New
104634,26/04/2026,19,Stockholm, Kebab,156.0,32,On time,New
106729,24.05.2026,21,Malmö,Kebab,257.0,37,On time,Returning
106598,2026-05-22,20,Lund,Sushi,296.0,32,On time,New
103683,2026-04-13,9,Stockholm,Thai,260,33,On time,Returning
100322,27/02/2026,12,Stockholm,Vegan,256 SEK,43,On time,Returning
103680,2026-04-13,20,Stockholm,kebab,168.0,21,On time,Returning
101424,14.03.2026,13,Stockholm,Kebab,327,38,On time,Returning
106108,2026-05-16,18,Malmö,Pizza,258 SEK,38,On time,Returning
113226,2026-08-20,15,Stockholm,Pizza,159.0,-5,,RETURNING
102822,2026-04-02,17,stockholm,Thai,269 kr,36,On time, new
102259,2026-03-26,14, Göteborg,Pizza,212 SEK,40,on time ,Returning
103537,11 Apr 2026,11, Malmö,Pizza,193 kr,49, late,Returning
108213,2026-06-13,16,Uppsala,Kebab,225,31,On time,New 
104689,2026-04-27,11, Stockholm,Kebab,"283,0",42,On time,Returning
111008,2026-07-21,19,Malmö,Pizza,154.0,48,Late,Returning
101595,2026-03-16,19,Malmö,Vegan,226,44,on time,Returning
101551,16/03/2026,12,Göteborg,Pizza,SEK 264,50,late,Returning
105385,06.05.2026,19,STOCKHOLM,Sushi ,253.0,27,On time,New
106654,2026-05-23,11, Malmö,Burgers,"314,0",29,On time,Returning 
110777,18/07/2026,18,malmö,PIZZA,283.0,60,Late,New
104861,2026-04-30,16,Göteborg,Kebab,124.0,24,On time,New
110858,2026-07-19,15,stockholm,Salad,410,35,On time,Returning
101270,2026-03-12,12,GÖTEBORG,Pizza,"204,0",48,Late, Returning
104829,29.04.2026,19,Stockholm ,Indian,380,35,ON TIME,Returning
107939,2026-06-10,19,Göteborg ,Kebab,176 kr,34,On time,Returning
113400,22.08.2026,13,Malmö, Thai,221.0,23,On time,New
102920,2026-04-03,12,Uppsala,BURGERS,237 SEK,55, late,Returning
100510,2026-03-01,14,MALMÖ,Burgers,215,45,On time,Returning
105995,2026-05-15,21,Göteborg,Pizza,"201,0",36,On time,RETURNING
104280,2026-04-21,12,Stockholm,Pizza,284.0,35,On time,Returning
113426,2026-08-22,9,Uppsala,Kebab,274.0,46,Late,Returning
111541,28.07.2026,13,Malmö,thai,387 SEK,35,On time,Returning
105438,7 May 2026,19,Stockholm,Thai,338.0,31,On time,New
112761,2026-08-14,19, Göteborg,Sushi ,218.0,31,On time,New
107046,29 May 2026,17,GÖTEBORG,Salad,"288,0",36,ON TIME,returning
110816,2026-07-19,20,Göteborg,Salad,"253,0",47,Late,RETURNING
106330,19.05.2026,18,Stockholm,Kebab,269 kr,36,On time,Returning
106195,2026-05-17,12,Stockholm ,Burgers,"229,0",30,On time,New
106102,16 May 2026,12,Stockholm ,Pizza,240 SEK,33,On time,Returning
112514,2026-08-10,20,Stockholm,Burgers,291.0,37,On time,Returning
106493,2026-05-21,11,Stockholm,Thai,170,43,On time,Returning
100061,23 Feb 2026,13,Malmö, Pizza,210 kr,36,on time,Returning
100122,2026-02-24,14,Stockholm,burgers,"261,0",36,on time,Returning
108629,19 Jun 2026,19,Stockholm,Sushi,294.0,38,on time,Returning
106316,2026-05-19,9,Göteborg, Indian,193.0,38,On time,Returning
102043,2026-03-23,20,Göteborg,Salad,278,45,On time,Returning
109594,2026-07-02,13,Uppsala,Pizza,"242,0",49,Late ,Returning
111264,25 Jul 2026,11,Stockholm,Sushi,226.0,32,On time,new
113192,2026-08-19,12, Uppsala,Salad,"244,0",27,On time,Returning
109149,2026-06-26,21,Uppsala,Kebab,303 kr,45,On time,Returning
110803,2026-07-18,22,Lund ,Pizza,315.0,33,On time,New
112221,2026-08-06,19,Lund,Burgers,216,51,Late,New
103099,5 Apr 2026,18,Uppsala,Burgers,240,48, late,Returning
102178,24.03.2026,14, Uppsala, Pizza,237.0,42,Ontime,Returning
108233,2026-06-14,18,Göteborg,Pizza ,330.0,39,On time,Returning
106810,2026-05-25,11,malmö,Indian,172.0,22,On time,New
106744,2026-05-24,12,uppsala,Sushi,"315,0",44,On time,Returning
113383,22 Aug 2026,21,Stockholm ,Pizza,327.0,45,On time,RETURNING
100491,1 Mar 2026,14,Stockholm ,Thai,174.0,31,On time,New
106033,2026-05-15,21, Malmö,Sushi,254.0,27,on time,Returning 
110553,15 Jul 2026,14,Uppsala,Thai,165 kr,36,On time, Returning
101829,2026-03-20,11,Göteborg,Burgers,206,26,On time,Returning
112198,2026-08-06,20,Malmö,Vegan,205.0,43,On time,New
105487,2026-05-08,11,Göteborg,Pizza,212 SEK,33,On time,New
109819,2026-07-05,11,Lund,burgers,240.0,45,Ontime,Returning
100643,2026-03-03,15,STOCKHOLM,Pizza,375.0,51,Late,New
105683,2026-05-10,12,Stockholm ,Indian,131.0,32,On time,Returning
110675,2026-07-17,12,Stockholm,Kebab,"200,0",31,On time,Returning
109213,2026-06-27,15, Stockholm,Salad,270 kr,38,On time, Returning
106797,2026-05-25,15,Stockholm,Sushi,286.0,37,On time,Returning
111237,2026-07-24,13,Lund,Pizza,"299,0",36,On time,RETURNING
104785,28.04.2026,12,uppsala,Sushi,"260,0",45,On time,New
107826,2026-06-08,15,Stockholm,Kebab,224 kr,24,on time ,Returning
107573,2026-06-05,17,Stockholm ,Sushi,175 SEK,41,On time,Returning
109110,2026-06-26,17,Stockholm,Pizza,"187,0",51,Late,Returning
112830,2026-08-15,16,GÖTEBORG,Kebab,268.0,21,On time,Returning 
102949,2026-04-04,13, Stockholm,Pizza,174.0,34,Ontime, new
111433,2026-07-27,16,Göteborg,Burgers ,167 SEK,59,Late,Returning
109581,2026-07-02,21,Malmö ,Indian,221,43,On time,Returning
107324,2026-06-01,19,Uppsala, Pizza,240.0,44,On time,Returning 
102895,3 Apr 2026,16,Stockholm,Pizza,159 SEK,29,On time,Returning
108707,2026-06-20,22,Göteborg,Pizza,241 kr,46,Late,Returning
113473,2026-08-23,17,,Indian,"193,0",39,On time,Returning
107878,2026-06-09,19,Göteborg,Vegan,353 kr,36,On time,Returning
108372,15.06.2026,10,stockholm,Thai,291.0,35,On time,Returning
112881,15 Aug 2026,14,Malmö,Indian,"199,0",38,On time,New
105504,8 May 2026,13, Stockholm,Sushi,SEK 308,24,on time ,Returning 
106710,24.05.2026,12,Stockholm,Thai,213.0,41,On time,New
105878,2026-05-13,18,Sthlm,Kebab,251.0,25,On time,Returning
110352,2026-07-13,11,Göteborg,Kebab,"278,0",31,On time,New
104710,27 Apr 2026,19,Malmö,Pizza,386.0,30,On time,Returning
111616,2026-07-29,13,Uppsala,Pizza,240.0,21,Ontime,Returning
107096,30 May 2026,20,Göteborg,Thai,180.0,29,On time,Returning
102888,2026-04-03,20,STOCKHOLM,Kebab,212.0,25,on time,New
105515,2026-05-08,20,Stockholm,Burgers,260.0,48,Late,New
111424,2026-07-27,11,Göteborg,Sushi,166 kr,38,Ontime,New
104140,2026-04-19,20,Malmö,Pizza,313,36,On time,Returning
111329,2026-07-25,19,Uppsala,pizza,"262,0",40,On time,Returning
100391,2026-02-28,13,STOCKHOLM,Salad ,241.0,23,on time ,Returning
110648,2026-07-17,12,Göteborg,Salad,218.0,36,On time,NEW
100633,2026-03-03,15, Stockholm,Kebab,203.0,36,On time,New
108305,14.06.2026,9,Uppsala,Pizza,240 kr,34,On time,Returning
100041,23 Feb 2026,18,stockholm,Kebab,334 SEK,43,On time,New
108798,21 Jun 2026,20,Stockholm,Pizza,370.0,31,On time,New
107811,2026-06-08,9,Göteborg,Thai,SEK 103,52,Late,Returning
100165,2026-02-25,10,STOCKHOLM,Sushi,184.0,49,Late, Returning
100614,2026-03-03,13,Göteborg,Indian,348.0,34,On time,Returning
107860,2026-06-08,12,Lund,Thai ,"217,0",35,On time,New
111345,2026-07-26,18,GÖTEBORG,Burgers,302.0,999,,New
107694,06.06.2026,13,Uppsala, Pizza,218 SEK,35,On time,Returning
108638,2026-06-19,11,Stockholm,Pizza,302.0,41,On time,New
112664,2026-08-12,18,Malmö ,Salad,"282,0",19,On time,Returning
106530,2026-05-22,18,Göteborg,Indian,154.0,44,On time,Returning 
105214,2026-05-04,13,Göteborg,thai,225.0,38,On time,New 
106273,2026-05-18,11,Stockholm,Kebab,300.0,32,On time,New
106053,15 May 2026,19,Lund,Burgers,202 SEK,26,On time,New
106617,23.05.2026,12,Göteborg,Kebab,257,49,Late,New
100289,27 Feb 2026,13,Göteborg,Thai,258,42,On time,New
100085,24.02.2026,12,Göteborg,Indian,221.0,24,On time,Returning
112417,2026-08-09,23,Stockholm ,Burgers,245.0,38,On time,Returning
104933,30 Apr 2026,13,Lund,Burgers,209.0,43,on time,New
103449,10.04.2026,12,Malmö,Burgers,"303,0",30,On time,New
104501,2026-04-24,12,Uppsala,Indian,236.0,31,On time,New
102431,28 Mar 2026,16,STOCKHOLM,Vegan,200.0,51,late,New
104947,01/05/2026,21,Göteborg,Burgers ,211,47,Late,Returning
102724,1 Apr 2026,13,göteborg,KEBAB,261,43,On time,Returning
107459,2026-06-03,22,STOCKHOLM,Vegan,200.0,35,On time,Returning
107302,2026-06-01,14,Stockholm,Salad,198.0,29,On Time,Returning
105062,2 May 2026,13,Malmö,Burgers,190.0,41,On time,Returning
112172,06.08.2026,12,Stockholm,Pizza,"212,0",26,On time,Returning
102748,2026-04-01,13,Stockholm,Sushi,194.0,24,On time,Returning
108621,2026-06-19,19,Göteborg,Kebab,"227,0",25,On time, new
104250,2026-04-21,17,Göteborg,Burgers,294.0,28,On time, new
113370,2026-08-22,12,STOCKHOLM,Pizza,112 SEK,40,On time,Returning
102644,31 Mar 2026,15,Göteborg,Burgers,204 SEK,46,Late,New
108659,2026-06-19,19,Malmö,burgers,398.0,23,on time ,Returning
110063,2026-07-09,12,Stockholm,Pizza,103.0,30,On time,Returning
107086,2026-05-29,13,Lund,Sushi ,280.0,38,On time,New
106752,2026-05-24,11,Lund ,Burgers,253 kr,52,Late,Returning
113246,20 Aug 2026,21,STOCKHOLM,Kebab,268.0,38,On time,Returning
103652,2026-04-13,10,Göteborg,Burgers,283,51,Late,Returning
104694,2026-04-27,17,Stockholm,Pizza,252.0,32,On time,new
104462,24.04.2026,19,Stockholm,Burgers,190.0,32,on time,Returning
113441,2026-08-23,20,Göteborg,sushi,257,53,Late,Returning
104103,2026-04-19,11,Sthlm,Salad,252,58,Late,Returning
101871,2026-03-20,20,Uppsala,Sushi,242 kr,51,Late,New
101778,19 Mar 2026,19,Stockholm ,Kebab,258 kr,27,On time,New 
109126,2026-06-26,10,Stockholm,Kebab,221,31,On time,Returning
101066,2026-03-09,12,Göteborg,Pizza,216.0,36,On time,New
112937,2026-08-16,12,Stockholm,Pizza ,150 SEK,51,Late,Returning
109431,30.06.2026,20,Stockholm,Pizza,"290,0",42,On time,New
105888,2026-05-13,9,Stockholm,Pizza,183 kr,41,On time,Returning
110463,14.07.2026,15,Sthlm, Kebab,SEK 229,38,On time,Returning
109011,24 Jun 2026,11, Malmö,Burgers,324.0,32,On time,Returning
100857,06.03.2026,20,Malmö,Burgers,"321,0",35,On time,New
113518,2026-08-23,18,Uppsala,Burgers,251,24,on time,New
102420,2026-03-28,20,Sthlm,Pizza ,282.0,39,On time,Returning
107407,03.06.2026,17,Göteborg,Vegan,251,49,Late,Returning
111031,21.07.2026,16,Lund,Thai,237.0,29,ON TIME,Returning
108363,15.06.2026,18,Stockholm,Indian,261.0,45,On time,New 
104291,21/04/2026,17,Uppsala,Pizza,290.0,38,On time,Returning
105927,2026-05-14,11,Göteborg,Pizza,"328,0",32,On time,Returning
103749,2026-04-14,18,Stockholm,Thai,311,39,On time,Returning
111246,25 Jul 2026,20,Göteborg,Pizza,292.0,32,On time,Returning
107823,2026-06-08,10,Stockholm,Indian,270.0,33,On time,Returning
107263,31 May 2026,18, Lund,Indian,299,36,On time,Returning
103923,16.04.2026,11,Lund,Sushi,188.0,32,On time,Returning
107958,2026-06-10,21,Stockholm,Pizza,273.0,40,On Time,Returning
113008,2026-08-17,13,Göteborg ,Pizza,238.0,35,ON TIME,New
111180,24 Jul 2026,13,Göteborg,Thai,277 kr,38,On time,Returning
103625,12.04.2026,18,Malmö,Salad,253.0,32,On time,New
112962,2026-08-16,10,Stockholm,Burgers ,212,44,On time,Returning
100639,2026-03-03,19,Stockholm,Burgers,330 kr,-5,,Returning
109813,5 Jul 2026,19,Uppsala,Sushi,292.0,32,On time,New
110567,16.07.2026,21, Göteborg,Vegan,198 kr,44,On time,New
106270,18 May 2026,21,Stockholm,Salad,246.0,25,On time,RETURNING
107044,2026-05-29,19,Göteborg,Sushi,209.0,47,LATE,Returning 
109467,2026-07-01,18,Gbg,Thai,268.0,28,On time,Returning
111221,2026-07-24,19,Malmö,PIZZA,284,39,Ontime,New
101676,17.03.2026,11,uppsala,Sushi,230 SEK,45,On time,Returning
106232,2026-05-17,17,Lund, Burgers,177,32,On time,New
110389,2026-07-13,11, Malmö,Thai ,191,36,On time,New
106891,2026-05-26,15,Uppsala ,Sushi,236.0,33,On time,Returning
106919,2026-05-27,20,Göteborg,Indian,323 SEK,42,On time,Returning
101450,2026-03-14,9,uppsala,Burgers,258.0,33,On time,New
100889,7 Mar 2026,18,Göteborg,kebab,302.0,42,On time,Returning
110394,2026-07-13,16,Malmö,Pizza,SEK 256,31,On time,New 
103272,2026-04-08,18,Stockholm,Kebab,224.0,43,On time,Returning
111295,2026-07-25,13,Stockholm, Pizza,275.0,39,On time,Returning
109296,28.06.2026,12,Malmö,Sushi,167.0,23,On time,Returning
110939,2026-07-20,13, Malmö,Sushi,181.0,35,On time,Returning
101160,2026-03-10,17,Malmö,Salad,"252,0",29,On time,Returning
104736,2026-04-28,21,Göteborg ,Thai,263.0,33,On time,Returning 
104238,21/04/2026,14,Göteborg,Pizza,198 SEK,31,on time,Returning
109008,24 Jun 2026,17,Malmö ,Kebab,217.0,34,On time,new
108065,2026-06-11,16,Uppsala ,Sushi,200,25,on time ,Returning
100525,2026-03-01,10,lund,Pizza,"340,0",45,On time,returning
111575,2026-07-29,19,Stockholm,Kebab,160,42,On time,Returning
108918,23/06/2026,16,Stockholm,Burgers,316.0,24,ON TIME,Returning
103240,2026-04-07,13,Uppsala,Sushi,199,30,On time,Returning
105359,6 May 2026,18,stockholm,SALAD,226,24,On time,Returning
101442,14.03.2026,12,Malmö, Salad,283 kr,25,On time,Returning
106264,18 May 2026,11,Stockholm,Sushi,330.0,35,On time, new
109362,2026-06-29,11,Sthlm,Pizza,180.0,20,On time,Returning
104541,2026-04-25,13,STOCKHOLM,Pizza,345,25,On time,New 
107116,2026-05-30,10, Stockholm,Thai,216.0,38,on time ,Returning
101603,16/03/2026,19,Malmö,SUSHI,181.0,40,On time,New
103152,06.04.2026,13,Stockholm,Sushi,SEK 219,44,ON TIME,New
101486,2026-03-15,11,Gbg,Kebab,197.0,45,On time,New
103815,15.04.2026,16,Stockholm,Burgers,253.0,15,On time, new
111108,2026-07-22,17,lund,Vegan ,228,49,Late ,New
111339,2026-07-25,12,Lund,Kebab,303.0,46,late,Returning
110840,2026-07-19,20,Stockholm,Pizza,192.0,43,On time,New
109807,05.07.2026,18,Uppsala ,Pizza,190.0,23,On time,Returning
104095,2026-04-19,9,Göteborg,Indian,214.0,36,On time,Returning
101360,2026-03-13,21, Malmö,Burgers,258.0,35,On time, Returning
109930,2026-07-07,20,Malmö,Thai,295 kr,43,On time,Returning
110337,2026-07-12,14,Uppsala,Pizza,269.0,32,On time,Returning
112546,2026-08-10,16,Malmö,Thai,152.0,39,On time,Returning
103646,2026-04-12,19,,Thai,212,27,On time,Returning
112960,16.08.2026,18,Stockholm,Pizza ,258.0,31,On time,Returning
112440,09/08/2026,14,Stockholm,Salad,275.0,24,On time,Returning 
112891,2026-08-15,13,Malmö,Pizza,202.0,53,Late,New
106271,18/05/2026,11,Stockholm,Burgers,246.0,40,on time ,Returning
105785,11.05.2026,21,Malmö,SUSHI,209.0,39,On time,New
100077,23.02.2026,18,lund,Kebab,333.0,38,On time,New 
102990,2026-04-04,19,Malmö,Sushi,188 kr,34,On time,New 
109653,03.07.2026,12, Malmö,SUSHI,SEK 377,44,On time,Returning
100978,2026-03-08,18,Göteborg,Vegan,251 kr,38,On time,returning
102334,2026-03-27,9,Göteborg,PIZZA,248.0,37,On time,New
105932,14 May 2026,12,Sthlm,Kebab,"286,0",40,On time,Returning
110656,2026-07-17,12,Göteborg,Pizza ,188,31,On time,Returning
100316,27 Feb 2026,11,Stockholm,Kebab,196.0,52,Late,New
113254,20 Aug 2026,20,Stockholm ,Burgers,281 SEK,28,On time,Returning
112947,2026-08-16,16,Stockholm,Pizza,"323,0",32,On time,Returning
113283,2026-08-20,19,Lund,Pizza,267.0,56,Late,New
110533,15.07.2026,19,Stockholm,Sushi,SEK 272,40,On time, Returning
105222,2026-05-04,12,Stockholm,Burgers,261.0,46,Late,Returning
109793,05.07.2026,16,MALMÖ,Burgers,248.0,22,On time,Returning 
104371,22 Apr 2026,13,uppsala,Pizza,221.0,31,on time ,Returning
111908,2026-08-02,10,Stockholm,Thai,201.0,29,On time,Returning
108226,2026-06-13,16,Lund,Salad,SEK 346,43,On time,New
111947,03/08/2026,16,Göteborg ,Kebab,214,40,On time,New
106733,24/05/2026,11,Malmö,Pizza,274.0,36,On time,New
103543,2026-04-11,16,Uppsala,Vegan ,"294,0",36,ON TIME,Returning
111124,2026-07-23,19, Stockholm,Pizza,154 kr,30,On time,Returning 
100390,2026-02-28,18,STOCKHOLM,Kebab ,211 SEK,29,On time,Returning
111846,1 Aug 2026,9,Uppsala,Pizza,238 SEK,42,On time,Returning
106964,2026-05-27,18,Uppsala,Kebab,265 SEK,26,On time,New
108900,2026-06-22,17,Lund, Pizza,308,42,On time,New 
104559,2026-04-25,18,Stockholm,Pizza,271.0,18,On time,Returning
110785,18/07/2026,11,uppsala,KEBAB,185 SEK,35,On time,new
112096,2026-08-05,18,stockholm,Vegan,423.0,59,Late,New
105890,13 May 2026,12,Malmö,Thai,210.0,35,On time,Returning
105616,2026-05-09,20,malmö,Salad ,288.0,35,on time ,Returning
107036,29 May 2026,12,Göteborg,Burgers,224.0,39,On time,Returning
107461,2026-06-03,19,Malmö,Indian ,244,39,Ontime, Returning
101662,17.03.2026,17,Malmö,Sushi,244 SEK,23,On time,Returning
106196,17 May 2026,10,Stockholm, Burgers,192.0,28,ON TIME,Returning
110968,2026-07-21,23,Göteborg,Sushi,221,37,On time,Returning
113268,2026-08-20,13,Uppsala,Vegan,282.0,26,On time,Returning
107001,2026-05-28,19,Stockholm,Vegan,"173,0",31,On time,Returning
111932,2026-08-02,18,Uppsala,Burgers,202.0,49,Late,Returning
110642,17/07/2026,19,Göteborg,Burgers,332.0,32,On time,Returning
109026,2026-06-25,10,GÖTEBORG,Burgers,276,40,On time,New
110388,13.07.2026,20,Stockholm,Kebab,316.0,39,On time,Returning
110515,2026-07-15,10,Stockholm,KEBAB,212.0,43,On time,New 
103156,06.04.2026,12,Stockholm,Burgers,180.0,38,On time,Returning
109493,01.07.2026,23,Stockholm,Pizza,223.0,44,On time,New
112516,10 Aug 2026,10,Stockholm,THAI,289,46, late,New
108259,2026-06-14,17,Stockholm,Kebab,200.0,29,On time,new
103265,08.04.2026,10,Gbg,Burgers,182.0,43,On time,Returning
105569,09.05.2026,19,Göteborg,THAI,283 kr,25,On time,Returning
109267,2026-06-28,11,Göteborg ,Pizza,"195,0",40,on time,Returning
100530,01/03/2026,17,Lund,Pizza,246.0,31,On time,New
102772,01.04.2026,18,Malmö,Burgers ,243,17,On Time,Returning
111152,2026-07-23,13,Malmö,pizza,228.0,48,Late,New
104794,2026-04-28,20,Lund,Pizza ,283.0,39,On time,Returning
103101,2026-04-05,13,Uppsala,Kebab,"203,0",21,On time, Returning
103856,2026-04-15,11,Uppsala,Pizza,261.0,43,On time,New
104084,19.04.2026,22,Göteborg,Sushi,247.0,43,On time,Returning
104588,25.04.2026,18,lund,Pizza,149 kr,56,LATE,Returning 
102459,2026-03-28,13,Malmö,Kebab,"265,0",47,Late,Returning
102176,2026-03-24,13,Uppsala,Thai,214 SEK,40,On time,Returning
112370,2026-08-08,12,Malmö,pizza,246 kr,28,On time,New
100464,2026-03-01,12,Gbg,Kebab,172.0,30,On time,Returning 
107546,5 Jun 2026,10,Göteborg ,Pizza,207,41,on time ,new
110650,17 Jul 2026,13,Göteborg,Burgers,115.0,37,On time,Returning
101165,2026-03-10,15,Malmö,Sushi,265,28,On time,new
101135,2026-03-10,9,Göteborg,PIZZA,272.0,44,On time,new
106051,15.05.2026,17,Lund,Kebab,197.0,29,ON TIME,Returning
109264,2026-06-28,12,Göteborg,Salad,277.0,32,On time,Returning
101228,2026-03-11,12,malmö,Kebab,"186,0",42,On time, Returning
104344,22/04/2026,16, Stockholm,Burgers,187.0,30,on time,New
105118,03.05.2026,16,Stockholm,pizza,329,27,On time,New
107743,7 Jun 2026,18,Stockholm,Sushi,213 kr,44,On time,New
112402,2026-08-09,10,Göteborg,Salad,"240,0",41,On time,New
112012,4 Aug 2026,11,Göteborg,Pizza,308.0,33,On time,Returning
104374,22 Apr 2026,11,Uppsala,Pizza,316.0,29,On time,New
101335,2026-03-13,11,Göteborg,Pizza,226 SEK,38,On time,New
113433,2026-08-22,21,Lund ,Thai,301,33,On time, Returning
106166,2026-05-17,10,Stockholm,Burgers,296.0,27,On time,Returning
102295,2026-03-26,11,stockholm,Burgers,202 SEK,56,Late,RETURNING
111027,21/07/2026,16,uppsala,Thai,351.0,38,on time ,Returning
111362,26 Jul 2026,13,Stockholm,Thai,329.0,39,On time,Returning
112307,2026-08-08,19, Göteborg,Kebab,266.0,28,On time,New
109129,2026-06-26,20,Stockholm,Thai,238.0,40,On time,New
103699,2026-04-13,19,Stockholm,Vegan,184.0,55,Late,Returning
110694,2026-07-17,19,Uppsala,Sushi,252,51,Late,New
106477,2026-05-21,21,Stockholm,Pizza,301.0,50,Late, new
111613,29/07/2026,20,,Kebab,157,49,Late,Returning
111934,02.08.2026,19,Uppsala,Kebab,"200,0",45,On time,Returning
101987,22/03/2026,17,Stockholm,Kebab,381 kr,35,On time,New
109291,2026-06-28,16,Stockholm,Sushi,302.0,41,Ontime,New
105669,10.05.2026,11,Stockholm,Kebab,"164,0",33,On time,NEW
113285,20 Aug 2026,13,Lund,Sushi,111.0,40,On time,Returning
102301,2026-03-26,20,MALMÖ,Kebab,238,27,On time,NEW
105489,2026-05-08,14,Göteborg,Burgers,206.0,34,On time,Returning
103460,2026-04-10,17,Malmö,Thai ,"223,0",50,Late,Returning 
109770,2026-07-05,21,Sthlm,Pizza,225.0,29,On time,New
105137,03.05.2026,14,Stockholm,Burgers,225,33,On time,Returning
113107,18 Aug 2026,11,Stockholm,Sushi,237.0,34,On time,Returning 
106186,17/05/2026,22,Sthlm,Salad,226.0,29,On time, Returning
109888,2026-07-07,20,Göteborg,Sushi ,239,47,Late,Returning
104066,2026-04-18,13,,Thai,222.0,42,On time,New
106567,2026-05-22,13,Stockholm,Burgers,"240,0",38,On time,Returning
110780,2026-07-18,18, Malmö,Kebab,305,50,late,Returning
108854,22.06.2026,17,Göteborg,Thai,274,40,On time,Returning
103830,2026-04-15,12,Stockholm ,Salad,"221,0",31,ON TIME,Returning
108195,2026-06-13,18,Stockholm ,Thai,"285,0",40,On time, Returning
100716,2026-03-04,17,Stockholm,Pizza,235 SEK,32,ON TIME,Returning
100349,27.02.2026,19,Malmö,Vegan,199.0,33,On time,NEW
105980,2026-05-14,17,Uppsala,Sushi,327,35,On time,Returning
109702,2026-07-04,13,Stockholm,Pizza,"270,0",65,Late,Returning
113436,23 Aug 2026,11,Göteborg ,Pizza,314.0,40,On time,Returning
111069,2026-07-22,10,Stockholm, Thai,231.0,30,On time,New
109788,2026-07-05,17, Stockholm, Thai,193.0,52,Late,New
107476,2026-06-03,22,Uppsala,Thai,299,44,On time,Returning
102995,2026-04-04,17,Malmö ,Pizza,268.0,44,On time,returning
106298,2026-05-18,19,Uppsala,Burgers,363,47,Late,RETURNING
104696,2026-04-27,13,Stockholm,Pizza,322,52,Late,Returning
104259,2026-04-21,19, Stockholm,Burgers,221,37,On time,New
107420,2026-06-03,10,Göteborg,Kebab,201.0,44,Ontime,New
103700,2026-04-13,9, Malmö, Thai,"239,0",36,On time,Returning
102619,2026-03-30,19,Malmö,Sushi,191,33,On time,Returning
107454,3 Jun 2026,19,Stockholm,pizza,250.0,41,On time,Returning
100963,7 Mar 2026,17,lund,Sushi,217.0,43,On time,New
102600,30.03.2026,9,Stockholm,Pizza,206.0,28,On time,New
109181,27.06.2026,19,Göteborg,Burgers,138 SEK,33,On time,RETURNING
109459,2026-06-30,15,Lund ,Burgers,210.0,42,On time,New
109803,2026-07-05,9,Uppsala,Pizza,258.0,16,On Time,Returning
104937,2026-04-30,12, Lund,Indian,267.0,41,On Time,Returning
101637,17 Mar 2026,11,Stockholm,Pizza,295.0,23,On time,Returning
103867,2026-04-16,17,Göteborg,Pizza,245.0,57,Late,Returning
100028,23/02/2026,14, Stockholm,Kebab,"156,0",34,On time,Returning
107735,7 Jun 2026,14,Göteborg,Pizza,235.0,46,Late,Returning
104247,2026-04-21,11,Göteborg,Pizza,146 kr,34,On time,Returning
112487,9 Aug 2026,17,Lund,Indian,252.0,36,on time ,New
103019,2026-04-05,9,göteborg,Sushi ,208.0,42,On time,New
102927,03/04/2026,11,Lund,Pizza,"296,0",46,Late,Returning
108493,2026-06-17,13,Stockholm,Indian,258,42,On time,Returning
107610,5 Jun 2026,13,Uppsala,Thai,172 kr,31,on time ,New
104722,27 Apr 2026,17,Uppsala,Kebab,263.0,34,Ontime,New
102976,2026-04-04,19,Stockholm,Kebab,296.0,39,On time,Returning
112964,16 Aug 2026,17,Sthlm,Salad,257,28,On time,New
110315,2026-07-12,12,Stockholm,Pizza,252.0,54,Late,Returning
110745,2026-07-18,11,, Salad,"284,0",33,ON TIME,New
100622,2026-03-03,12,Stockholm ,burgers,248.0,44,On time,New
107408,03.06.2026,13,GÖTEBORG,Burgers,250.0,25,On time,New
111583,29.07.2026,12,Stockholm,Burgers,"206,0",28,On time,Returning
113261,2026-08-20,18,Malmö,Salad,"322,0",37,On time,NEW
112077,05.08.2026,11,Göteborg,Indian,153 kr,47,Late,RETURNING
106054,15.05.2026,19,Lund,Pizza,211 kr,47,Late,Returning
107786,2026-06-07,21, Malmö,Sushi,257.0,49,Late ,New
108257,14/06/2026,10,Stockholm,Pizza ,219,48,LATE,New
109772,2026-07-05,13,Sthlm,Sushi,SEK 174,39,On time,Returning
100631,03.03.2026,18,Stockholm ,Kebab,268.0,40,on time,Returning
111179,2026-07-24,18,Göteborg,Salad,360.0,0,,New
112135,05/08/2026,10,Uppsala,Kebab,223 SEK,25,On time,New
110973,2026-07-21,9,Göteborg,Sushi,236.0,49,Late,New
111044,2026-07-22,11,Göteborg, Kebab,291 SEK,43,ON TIME,Returning
102241,25.03.2026,16,Uppsala,Sushi,329.0,44,On time,Returning
100515,1 Mar 2026,13,Malmö ,THAI,282 kr,39,On time,New
103385,2026-04-09,20,Malmö,pizza,162,35,On time,Returning
101452,14 Mar 2026,14,Uppsala, Pizza,228,45,On time,New
104128,19 Apr 2026,13, Stockholm,Salad,"266,0",41,On time,Returning
104855,2026-04-29,11,Uppsala,Salad,238.0,54,Late,New
102710,2026-03-31,10,Uppsala,Sushi,297,37,On Time,returning
109484,2026-07-01,11, Stockholm,Sushi,313 SEK,37,On time,Returning
105193,2026-05-03,22,Lund,Kebab,250 SEK,29,On time,Returning
109512,01.07.2026,12,Malmö,Pizza,SEK 236,27,On time, Returning
105856,2026-05-13,17,GÖTEBORG,Thai,143,39,On time,Returning
104088,2026-04-19,20,göteborg,Sushi,233,29,On time,New
108464,2026-06-16,17,malmö,Pizza,232,40,On time,Returning
111959,03.08.2026,20,Göteborg,Pizza,234,33,On time,New
108803,2026-06-21,18,Stockholm,Pizza,371,35,On time,New
112681,2026-08-12,10,Lund,Pizza ,221.0,41,On time,New
101046,08.03.2026,22,Lund,KEBAB,268.0,23,On time, Returning
112889,2026-08-15,17,malmö,Vegan,249,33,ON TIME,New
101390,14 Mar 2026,19,Göteborg,Vegan,258.0,41,On time,NEW
112645,2026-08-12,11,Stockholm,BURGERS,396.0,47,Late,New
110781,18 Jul 2026,11,Malmö,Sushi,204.0,33,On time,Returning
111306,2026-07-25,13,STOCKHOLM,Burgers,"293,0",51,Late,Returning
106208,2026-05-17,18,Malmö,Thai ,SEK 254,41,On time,Returning 
101354,2026-03-13,11,Stockholm,Pizza,236,40,On Time,Returning
109278,28 Jun 2026,19,Stockholm,Pizza,188 SEK,36,On time,Returning
105889,13.05.2026,17,Stockholm,BURGERS,285 kr,43,On time,Returning
105106,2026-05-03,14,Göteborg,Sushi,224.0,32,On time,new
109065,25 Jun 2026,21,Malmö,VEGAN,172.0,43,On time,Returning
108950,2026-06-23,11,Uppsala ,Vegan,148.0,52,late,Returning
113181,19 Aug 2026,21,Malmö,Pizza,250.0,38,On time,New
100740,04/03/2026,11, Lund,Pizza,370,35,On time,Returning
105678,2026-05-10,18, Stockholm,Thai,364.0,27,On time,New
105886,2026-05-13,19,Stockholm,thai,217 SEK,56,Late,Returning
105335,5 May 2026,12,Uppsala , Thai,252,42,On time,Returning
107576,05.06.2026,21,Sthlm,burgers,204.0,36,On time,Returning
107422,3 Jun 2026,12,Göteborg,Salad,SEK 291,28,On time,New
113132,2026-08-18,12, Uppsala,Kebab,249 SEK,30,On time,Returning
106207,17 May 2026,12,Malmö,Sushi,"326,0",47,Late,returning
113009,2026-08-17,12,Göteborg,Indian,"150,0",33,on time,New
101573,16/03/2026,16,Stockholm,Thai,SEK 309,23,On time,New
104831,29.04.2026,16,Stockholm,Pizza ,280,30,On time,Returning
108138,12.06.2026,10,Lund ,Salad,296 kr,42,On time,Returning
100403,28.02.2026,20,Stockholm,Indian,253.0,44,On time, Returning
112076,05/08/2026,13,Gbg, Indian,260,40,On time,Returning
105212,2026-05-04,18,Göteborg,Indian,227.0,44,On time,New
108826,21.06.2026,18,Malmö,Burgers,277.0,43,On time,Returning
112599,2026-08-11,22,MALMÖ,Kebab,240.0,36,On time,Returning
109645,2026-07-03,14,stockholm,Pizza,326.0,45,On time, new
108351,2026-06-15,20,Stockholm,Pizza,283.0,40,Ontime,New
107689,2026-06-06,12,Malmö,Thai,226.0,999,,Returning
110695,2026-07-17,17,Uppsala,Indian,241.0,26,On time,Returning
107934,2026-06-10,21,Göteborg,Thai,"229,0",60, late,Returning 
112633,2026-08-12,10,Göteborg,Pizza,260,35,On time,Returning
111454,2026-07-27,16,Stockholm,pizza,322,31,on time ,Returning
108632,2026-06-19,11,,Indian,277.0,25,Ontime,Returning 
105862,13 May 2026,12,Göteborg,Thai,331 kr,33,On time,RETURNING
103620,2026-04-12,12,Malmö,Sushi,246.0,52,Late,Returning
104594,26 Apr 2026,18,Göteborg,Burgers,206.0,28,On time,Returning
109726,4 Jul 2026,18,Uppsala,Vegan,268.0,23,On time,RETURNING
105259,4 May 2026,22,Malmö,Thai,289 SEK,34,On time,New
108276,2026-06-14,22,stockholm,Vegan,SEK 234,15,On time,New
110112,2026-07-10,20, Göteborg,Burgers,"235,0",38,On time,New
102461,2026-03-28,18, Uppsala,Pizza,"326,0",36,Ontime,Returning
100994,2026-03-08,22, Stockholm,Pizza,299.0,31,On time,New
103610,12.04.2026,13,Stockholm,indian,253,44,On time,Returning
101372,2026-03-13,11,Uppsala,Pizza,218.0,27,On time,Returning
104850,29/04/2026,17,uppsala,pizza,266.0,38,on time,Returning
112933,2026-08-16,11,GÖTEBORG,Salad,SEK 294,44,On time,Returning
110254,12 Jul 2026,13,Göteborg,Burgers,SEK 214,34,On time,New 
100294,2026-02-27,14,göteborg,Sushi,345.0,25,On time,New
111912,02.08.2026,10,Stockholm,Vegan ,241.0,33,On time,Returning
107511,04.06.2026,20,Stockholm, Pizza,100.0,36,On time,Returning
108317,2026-06-15,11,Göteborg,Pizza,277.0,49,late,New
101607,2026-03-16,13,Uppsala,Burgers,323.0,20,On time,New
113257,2026-08-20,20,Stockholm,Indian,216,30,On time,Returning
100565,2026-03-02,15,Stockholm,kebab,289.0,46,Late,Returning
113147,2026-08-19,12,GÖTEBORG,Pizza ,212.0,26,On time,New
108925,23/06/2026,12,Stockholm,Sushi,335.0,39,On time,New
105119,3 May 2026,14,STOCKHOLM,Kebab,"181,0",40,On time,Returning
111353,2026-07-26,16,Göteborg,Burgers,174.0,49,Late,Returning
103935,2026-04-17,18,Göteborg,Pizza,379.0,47,Late,New
104413,2026-04-23,10,, Thai,246,39,On time,Returning
103941,17.04.2026,17,Göteborg,thai,"322,0",38,On time,New
112127,2026-08-05,11,Malmö,Indian,149.0,29,on time,Returning
108604,2026-06-18,22,Lund ,Sushi,"247,0",24,On time,Returning
109462,2026-06-30,18,Lund,Kebab,191.0,21,On time,Returning
111703,31/07/2026,17,Göteborg,Burgers,196,33,On time,Returning
100327,2026-02-27,10,Stockholm ,Pizza,210.0,47,Late,Returning
111646,30 Jul 2026,20,Stockholm,Kebab ,192 SEK,27,On time,Returning
106300,2026-05-18,11,Uppsala,Burgers,SEK 160,33,On time,Returning
105532,08.05.2026,16, Malmö,Sushi,"319,0",41,On time,New
101689,2026-03-18,20,Göteborg,Salad ,118 SEK,35,ON TIME,Returning
104908,30.04.2026,18,Stockholm,Burgers,305.0,44,on time ,Returning
104393,23/04/2026,13,Göteborg,Burgers,331,42,On time,Returning
109084,2026-06-25,11,Lund,Burgers,297.0,36,Ontime,New
112311,2026-08-08,12,Göteborg,Vegan,245.0,33,On time,New
112038,04/08/2026,20,Stockholm,Pizza,160.0,27,On time,New
112556,2026-08-10,11,Lund,Salad,"263,0",42,On time,Returning
100205,25.02.2026,17,Malmö,Burgers,"199,0",34,On time,New
103247,07.04.2026,13, Lund,Sushi,246 kr,54,Late,Returning
110079,2026-07-09,11,STOCKHOLM,Kebab,299,46,Late,new
108127,2026-06-12,21,MALMÖ,Burgers,228 SEK,35,On Time,new
110101,2026-07-09,18,Lund,Burgers ,292 kr,44,On time,RETURNING
104901,2026-04-30,14,Stockholm, Sushi,225 kr,40,On time,Returning
107572,2026-06-05,9,stockholm,Sushi,277.0,28,On time,Returning
112763,14 Aug 2026,20,Göteborg,THAI,284.0,47,Late,Returning
104094,2026-04-19,20,Göteborg,Burgers,"198,0",35,on time ,New
108892,22.06.2026,18,Uppsala,Salad,SEK 237,48,Late,Returning
112839,2026-08-15,9,Göteborg,Pizza,322.0,39,On time,Returning
106874,2026-05-26,18,Stockholm,Kebab,248.0,36,On time,Returning
104236,2026-04-20,19,Lund,Burgers,292.0,45,On Time,New
111614,2026-07-29,18,Uppsala,Sushi,281.0,40,On Time,New
107575,2026-06-05,16,Sthlm,Indian,"222,0",61,LATE,new
107107,30.05.2026,16,Göteborg, Kebab,297.0,22,On time,Returning
100043,2026-02-23,18,STOCKHOLM,Kebab,262.0,25,On time,New
106077,2026-05-16,19,Stockholm,Kebab,"279,0",57,Late, Returning
105641,10 May 2026,16,Göteborg, Pizza,200.0,36,On time,New
110176,11 Jul 2026,13,GÖTEBORG,Pizza,405.0,27,On time,Returning
106326,2026-05-19,20,Stockholm,Pizza,126,40,On time,Returning
103631,2026-04-12,19,Uppsala,Kebab,342.0,35,On time,Returning
105313,2026-05-05,11,Stockholm,Sushi,SEK 201,31,On time,Returning
110886,2026-07-19,18,Lund,Kebab,"350,0",43,On time,NEW
107361,2026-06-02,11,Stockholm,SUSHI,SEK 179,41,ON TIME,Returning
100058,2026-02-23,20,Malmö,Sushi,232.0,53,Late,Returning
100214,25 Feb 2026,12,Uppsala,Burgers,"160,0",34,Ontime,New
104970,01.05.2026,19,Stockholm, Burgers,302,39,ON TIME,Returning
107496,2026-06-04,15,Göteborg,Kebab,"248,0",44,ON TIME,New
104034,2026-04-18,15,Stockholm,Burgers,246.0,30,On time,Returning
109596,02.07.2026,11,Lund ,Burgers,135.0,23,On time,Returning 
111255,2026-07-25,11,Göteborg,Burgers,318.0,30,On time,Returning
105777,11 May 2026,10,MALMÖ,Sushi,204 kr,30,On time,New
110330,12.07.2026,23,Uppsala,Vegan ,"358,0",45,On time,Returning
105635,9 May 2026,23,lund,PIZZA,296.0,29,ON TIME,Returning
108463,16 Jun 2026,16,Malmö,burgers,204,39,ON TIME,Returning
110302,2026-07-12,18,Stockholm,Sushi,"275,0",33,On time,Returning
107730,07/06/2026,11,Göteborg,Thai,270,43,On time,Returning
105533,8 May 2026,19,Uppsala ,Sushi,217.0,23,On time,RETURNING
101280,2026-03-12,13,Stockholm,KEBAB,233 kr,34,Ontime,returning
101548,2026-03-15,12,Lund ,Sushi,138,58,Late,Returning
102594,2026-03-30,18,Stockholm ,Burgers,"250,0",44,On time,new
102653,2026-03-31,18,göteborg,kebab,260,36,On time,Returning
107526,2026-06-04,17,Malmö,Pizza,"254,0",30,On time,Returning
103979,17 Apr 2026,21,Uppsala,Pizza,302.0,41,on time ,Returning
102843,2026-04-02,21,Malmö,Pizza ,253 SEK,28,On time,New
100012,2026-02-23,12,Göteborg,Indian,332.0,43,on time,Returning
104004,18 Apr 2026,14,Stockholm,SUSHI,319 kr,36,On time,New
101741,2026-03-18,13,Lund ,Salad,292 kr,16,On time,returning
105989,2026-05-14,19,Lund,Pizza,265,35,On time,New
103842,2026-04-15,17,Malmö,Burgers,372,30,On time, Returning
105284,2026-05-05,18,Göteborg,Kebab ,267.0,29,On time,Returning
110638,16/07/2026,18,Lund,Sushi,266.0,48,Late ,New
102704,2026-03-31,13,Malmö,Burgers,266,33,On time,Returning
103837,2026-04-15,18,MALMÖ,Pizza,305.0,35,On time,RETURNING
102844,02/04/2026,18,Malmö,Kebab,220.0,40,On time,Returning
112716,13 Aug 2026,20,Stockholm ,Pizza,SEK 209,54,Late,RETURNING
111154,2026-07-23,10,Malmö,Pizza,192.0,44,On time,Returning
105705,2026-05-10,19,Malmö,Pizza,239.0,56,Late,returning
109604,03.07.2026,16,Göteborg,Salad,346.0,34,On time,New
109977,2026-07-08,12,STOCKHOLM,Thai,257,38,On time,New
106381,2026-05-20,19,Göteborg,Thai,301.0,36,On time,New
103126,2026-04-06,11,Göteborg,BURGERS,"265,0",42,On time,New
110884,2026-07-19,14,lund,Indian,235.0,41,On time,Returning
102675,2026-03-31,14,Stockholm,Sushi ,167.0,28,On time,Returning
101601,16/03/2026,13,MALMÖ,Pizza,298.0,16,On time,Returning
111622,29/07/2026,11,Lund,Kebab,250.0,34,on time ,New
113095,2026-08-18,11,Stockholm,Indian,184 kr,21,ON TIME,Returning
102806,02.04.2026,13,Göteborg,Burgers,207.0,35,On time,Returning
109571,02.07.2026,20,Stockholm,Thai,294.0,38,Ontime,Returning
111430,27/07/2026,19,göteborg,Burgers,252.0,44,On time,New
107418,03.06.2026,19, Göteborg,Pizza ,347.0,30,On time,Returning
112944,16.08.2026,13,Stockholm,BURGERS,184.0,30,On time,Returning 
108328,2026-06-15,15,,Indian,336.0,36,On time,New
100905,2026-03-07,20,Stockholm, Pizza,264 SEK,41,on time ,New
103854,2026-04-15,13,Uppsala,Burgers,251.0,38,On time,New
109223,27 Jun 2026,16,Stockholm ,Sushi,201,40,On time,RETURNING
108059,11/06/2026,18,Malmö,Sushi,"223,0",35,On time,New
111330,25/07/2026,12,Uppsala,Sushi,257.0,46,Late,New 
107636,06.06.2026,12,göteborg, Thai,265,40,On time,New
108003,11.06.2026,11,Göteborg,Salad,290 kr,26,On time,Returning
103953,2026-04-17,21,Stockholm,Burgers,"276,0",52,Late,Returning 
100473,2026-03-01,16,Stockholm,Thai,206 SEK,45,On Time,Returning
109326,29 Jun 2026,19,Göteborg ,BURGERS,"176,0",29,On Time,Returning
112969,2026-08-16,19,Malmö,Kebab,319.0,43,On time,Returning
112048,4 Aug 2026,18,Malmö,Pizza,313 SEK,21,On time, Returning
105174,3 May 2026,13,Malmö,Thai,316.0,45,On time,Returning
102315,2026-03-26,17,Uppsala,Kebab,374,37,On time,new
104115,19 Apr 2026,10,Stockholm,Pizza,"191,0",39,ON TIME,new
102097,2026-03-23,20,Uppsala,Burgers,281 kr,37,on time,Returning
104938,30 Apr 2026,16,Lund ,Indian,275 SEK,32,On time,returning
112820,15.08.2026,19,Gbg,Pizza,302.0,43,On time,Returning
111791,2026-08-01,20,göteborg,Burgers,"199,0",52,Late,New
102125,24.03.2026,10,Göteborg,Pizza,243.0,17,On time,returning
105432,2026-05-07,11,Stockholm,Kebab,"288,0",41,On time,Returning
110206,2026-07-11,19,Stockholm,Salad,"174,0",34,On time,New
104207,2026-04-20,17,Stockholm,Pizza,277.0,45,on time,Returning
109374,29.06.2026,9,Sthlm,Kebab,232 kr,48, late,Returning
100339,27.02.2026,13,Malmö,BURGERS,290.0,27,On time,Returning
109150,2026-06-26,22,Uppsala,Burgers,221.0,19,On time,Returning
109568,2 Jul 2026,20,STOCKHOLM,Burgers,SEK 281,46,late,Returning
106127,16.05.2026,11,Uppsala,Kebab,156,29,On time,New
103881,16/04/2026,18,STOCKHOLM,Pizza,238,35,On time,New
112281,2026-08-07,12,Malmö ,Pizza,218.0,32,On time,New
101899,2026-03-21,12,STOCKHOLM,Burgers,194.0,51,Late,Returning
102969,2026-04-04,21,Stockholm,Indian,182.0,42,On Time,New
104389,23.04.2026,16, Göteborg,Pizza,254.0,36,On time,Returning
103068,2026-04-05,10,STOCKHOLM,Burgers,309.0,40,On time,Returning 
103940,2026-04-17,13,Göteborg,Sushi,212.0,36,On time,New
110543,15/07/2026,12,MALMÖ,Burgers,191,37,On time,New 
100026,2026-02-23,20,Stockholm,Sushi,380.0,30,On time,New
104669,27 Apr 2026,20,Göteborg,Pizza,297,38,On time,New
108181,13/06/2026,13,Stockholm,Pizza,303 SEK,42,On time,Returning
110766,2026-07-18,22,Malmö,Pizza,220.0,30,On time,New
109370,2026-06-29,14,Stockholm,Thai,356,49,Late,New
104144,2026-04-19,9,Malmö,Kebab,217.0,39,ON TIME,New
101024,2026-03-08,10,Malmö ,BURGERS,150.0,30,On Time,Returning
102121,2026-03-24,21,Göteborg,Pizza,"240,0",43,On time,Returning
100940,2026-03-07,11,MALMÖ,Vegan,191.0,36,On time,Returning
110995,2026-07-21,11,STOCKHOLM,Burgers,288.0,56,Late,RETURNING
105358,2026-05-06,12,Göteborg ,Burgers,383 kr,26,On time,New
106182,17.05.2026,10,Stockholm,Sushi,127.0,31,On time,New 
111325,2026-07-25,12, Uppsala,Vegan,"217,0",34,On Time,Returning
104089,19 Apr 2026,11,Gbg,Kebab,367,36,on time,New
108602,18/06/2026,12,Lund,Kebab,238.0,43,On time,New
108485,17 Jun 2026,19,Göteborg,Vegan,"178,0",36,ON TIME,New
104552,25 Apr 2026,20,Stockholm,Pizza ,196.0,29,On time, Returning
104015,2026-04-18,14,Stockholm,Pizza,279.0,21,On time,Returning
105578,2026-05-09,17,Stockholm,Indian,211 SEK,31,On time,Returning
100903,2026-03-07,22,Stockholm,Burgers,249.0,35,On time,Returning
106047,2026-05-15,20,Uppsala,Sushi ,"234,0",42,On time,Returning
102838,02/04/2026,18,Stockholm,Pizza,262.0,35,ON TIME,New
110277,2026-07-12,12,Stockholm,Burgers,204.0,42,On time,Returning
110937,2026-07-20,13,Malmö,Pizza,"272,0",31,On time,Returning
105814,12.05.2026,21,Stockholm,Sushi,158,28,On time,returning
109495,01/07/2026,11,Stockholm,Sushi,332.0,32,On time,Returning
102997,4 Apr 2026,20,Malmö,Kebab,"203,0",33,On time,New
107201,2026-05-31,12,Göteborg,Pizza,420.0,24,On time,Returning
111007,2026-07-21,19,Stockholm ,Burgers,215.0,56,Late,Returning
104204,2026-04-20,18,STOCKHOLM,PIZZA,"267,0",35,On time,Returning
107673,6 Jun 2026,19,Sthlm,Burgers,254,40,On time,New
103364,9 Apr 2026,11, Stockholm,Sushi,313.0,48,Late,New
102627,30.03.2026,17,Malmö,kebab,"244,0",37,on time,Returning
105152,2026-05-03,18,,Thai,190.0,47,Late,New
109485,01/07/2026,21,Stockholm,Pizza,220 SEK,26,On time,Returning
100463,2026-03-01,11,GÖTEBORG,SUSHI,"250,0",41,on time,Returning
111620,2026-07-29,13,Lund,Salad ,335.0,51,Late,Returning
107761,07.06.2026,12,Stockholm,Salad,262.0,29,On time,Returning
112361,2026-08-08,15,Stockholm ,Sushi,211 SEK,48,Late,New
103397,2026-04-09,21,Uppsala ,Sushi,307 kr,36,On time,New
104023,2026-04-18,12,Stockholm,Pizza,208.0,41,On time,Returning
112283,2026-08-07,16,uppsala, Pizza,261.0,20,On time,Returning 
107776,2026-06-07,19,Malmö,Vegan,273.0,22,On time,Returning
109301,28 Jun 2026,12,Malmö ,Indian,240 kr,20,on time ,Returning
109034,2026-06-25,11,Göteborg,THAI,182 SEK,32,On time,Returning
100995,08/03/2026,20,Stockholm,Burgers,"313,0",34,On time,returning
106315,19 May 2026,16,göteborg,Sushi,103.0,28,On time,Returning
111178,24.07.2026,11,Göteborg, Salad,288 kr,28,On time,Returning
110150,10.07.2026,17,Malmö,Pizza,337.0,15,On time,Returning
102625,30 Mar 2026,13,Malmö,Vegan,214.0,50,Late,Returning
100692,2026-03-04,17,,Thai,200.0,26,On time,Returning
103018,05.04.2026,12,Göteborg,Thai,195.0,29,On time,New
109710,2026-07-04,16,STOCKHOLM,Sushi,222,53,Late,Returning
106969,2026-05-27,20,Uppsala,Pizza,198.0,40,On time,New
106496,2026-05-21,12,Malmö,Sushi,212.0,43,On time,New
110626,2026-07-16,20,Malmö ,Thai,"250,0",42,On time,Returning
104941,1 May 2026,11,Göteborg,salad,244.0,40,On time,New 
105255,04/05/2026,12,MALMÖ,Salad,307.0,35,On time,New 
105213,4 May 2026,18,Göteborg,Burgers,258.0,48,Late,New
100128,2026-02-24,14,Malmö ,Indian,173.0,39,On time, Returning
107832,2026-06-08,16, Stockholm,Vegan,224.0,41,On time,Returning
107467,2026-06-03,11,Malmö,Salad,"152,0",35,On time,Returning 
109947,2026-07-07,16,uppsala,Pizza,194.0,40,ON TIME,new
104182,2026-04-20,13,göteborg,Vegan ,280.0,53, late,New
111280,25 Jul 2026,12,Stockholm,Burgers,263 kr,35,On time,Returning
103326,9 Apr 2026,20,Göteborg,Indian,292.0,29,Ontime,New
111399,2026-07-26,13,Malmö,pizza,"317,0",36,On time,returning
104349,2026-04-22,20,Stockholm, Thai,237.0,38,On time,returning
106129,2026-05-16,16,Uppsala,Salad,236 SEK,29,On time,New
107078,29 May 2026,18,Malmö,Pizza,285.0,41,On time,New
105249,2026-05-04,11,Stockholm,Burgers,229,37,On time,New
111008,2026-07-21,19,Malmö,Pizza,154,48,LATE,RETURNING
106103,16 May 2026,14,Stockholm,Burgers,197,35,On time,Returning
105696,2026-05-10,12,Malmö,Kebab,"196,0",41,On time,Returning
113042,2026-08-17,13,Malmö, Salad,246.0,23,On time,Returning
110298,2026-07-12,20,Stockholm ,Thai,131.0,29,ON TIME, Returning
110927,2026-07-20,14,Sthlm,Thai,274 kr,45,On Time,Returning
101283,12 Mar 2026,13,Stockholm,Pizza,293 kr,21,ON TIME,Returning
109743,2026-07-05,19,Göteborg,Burgers,210.0,32,On time,New
103886,16.04.2026,13,STOCKHOLM,Thai,158,33,On time,Returning
108077,2026-06-12,17,göteborg,Thai,"254,0",45,On time,RETURNING
113222,2026-08-20,17, Göteborg,Pizza,"256,0",35,On time,Returning
113087,2026-08-18,9,Stockholm,Kebab,251 kr,45,On time,Returning
111716,31/07/2026,14,Göteborg,Burgers,203 kr,20,on time,New
104020,2026-04-18,17,Stockholm,Thai,275.0,28,on time ,Returning
107371,2 Jun 2026,17,Stockholm,Pizza,298,31,On time,Returning
106956,27.05.2026,11,Malmö ,Kebab,89.0,-5,,New
110849,2026-07-19,9,Stockholm,Salad,259.0,24,On time,RETURNING
108470,2026-06-16,12,Uppsala,Vegan,293 kr,27,On time,New
109367,29 Jun 2026,16,Stockholm,Pizza,261,39,On time,Returning
112898,15.08.2026,12,uppsala,Salad,222.0,44,On time,Returning
109980,2026-07-08,19,Stockholm,Burgers,314,34,Ontime,returning
110283,12/07/2026,16,Stockholm ,Pizza,232.0,31,On time,New
101134,2026-03-10,12,Göteborg,Kebab,363.0,36,On time, Returning
110087,09.07.2026,18,Malmö,Indian,218,34,On time,New
105381,2026-05-06,10, Stockholm,indian,"201,0",35,On time,new
112606,2026-08-11,12,,Burgers,285.0,27,On time,Returning
109899,2026-07-07,18,Stockholm,Indian,279.0,44,On time,Returning
104338,22.04.2026,12,stockholm,Thai,194,40,On time,new
104712,2026-04-27,19,Malmö ,Pizza,89.0,53,Late, Returning
105712,10 May 2026,19,malmö,Indian,276 SEK,33,on time ,New
111675,2026-07-30,18,Malmö,Thai ,265.0,31,On time,Returning
103977,2026-04-17,15,Uppsala,Thai,198 kr,27,On time,Returning
104658,2026-04-26,18,Lund, Kebab,195.0,35,On time,New
104925,30 Apr 2026,22,Uppsala,Pizza,270.0,46,Late ,Returning
108152,2026-06-13,12,Göteborg,Pizza,217.0,46,Late,Returning
103552,11.04.2026,20,Lund,Burgers ,"166,0",30,On time,New
109672,4 Jul 2026,17,Göteborg,Burgers ,137 SEK,37,on time,Returning
108715,20/06/2026,19, Stockholm,Pizza,347.0,50,Late,Returning
101850,20 Mar 2026,12,,Pizza,339.0,18,On time,New
105509,8 May 2026,10,Stockholm,Pizza,306.0,27,On time,Returning
103368,2026-04-09,22,Stockholm,Pizza,303,46,LATE,New
105586,2026-05-09,13, Stockholm,Sushi,321.0,44,ON TIME,Returning
106697,2026-05-24,16,Stockholm ,pizza,323 SEK,41,On time,Returning
112580,11.08.2026,19,Stockholm ,Vegan,328.0,46,Late,New
107160,2026-05-30,13,Malmö,Kebab,"172,0",53,Late,New
111988,2026-08-03,12,Malmö,Indian,128 kr,45,On time,Returning
105016,2026-05-02,18,GÖTEBORG,Indian,118.0,35,On time,Returning
113224,20.08.2026,15,Stockholm,Indian,241.0,29,On time,Returning
110439,2026-07-14,20,Stockholm,Sushi,335 kr,24,On time,Returning
104744,28.04.2026,11,Göteborg,Sushi,173.0,50,Late,Returning
101921,2026-03-21,16,Stockholm,Kebab,369,19,On time, Returning
101998,2026-03-22,10,Stockholm,Pizza,201 kr,41,On time,Returning
113521,23/08/2026,20,Lund ,Thai,343.0,32,On time,New
104750,2026-04-28,20,Stockholm,Pizza,275 kr,57, late,New
106301,2026-05-18,17,Uppsala,Indian,327.0,48,Late,Returning
105949,14/05/2026,19,Stockholm,Pizza,254,41,On time,Returning
113378,2026-08-22,20,Stockholm,Thai,278.0,20,On time,Returning
110938,2026-07-20,15,Malmö,Pizza,303.0,36,On time,New
109216,27/06/2026,16,stockholm,Kebab,152.0,40,on time,Returning
106823,2026-05-25,13,Uppsala,Kebab,180.0,49, late,New
108920,23/06/2026,17,Stockholm,Indian,244.0,43,On time,Returning
102389,27.03.2026,11, Uppsala,Sushi,274.0,39,On time,New
101989,2026-03-22,19,Stockholm ,Kebab,271,42,On time,Returning 
109797,2026-07-05,12,Malmö,Pizza,233.0,31,on time ,Returning
109925,2026-07-07,11,Stockholm,kebab,291.0,33,On time,New
107838,2026-06-08,19,Malmö,kebab,235.0,21,on time ,Returning
104106,2026-04-19,18,Stockholm,Salad,167.0,38,on time,Returning 
109252,28.06.2026,20,Göteborg,Kebab,309.0,24,On time,Returning
107721,07/06/2026,12,Göteborg,Pizza,162.0,21,Ontime,Returning
107822,08/06/2026,14,Stockholm,Sushi,231,42,On time,New
100366,28/02/2026,17,,Vegan,"199,0",33,On time,Returning
104974,2026-05-01,14,Stockholm,Vegan,303,49,Late,NEW
105368,2026-05-06,19, Stockholm,Burgers,211.0,30,on time ,Returning
110179,2026-07-11,17,,Thai,306 kr,44,On Time,NEW
104026,2026-04-18,17,Stockholm,Sushi,291,39,on time,New
104931,30/04/2026,18, Uppsala,Vegan,259,27,On time,New
108568,18.06.2026,19,STOCKHOLM,Sushi,245.0,36,Ontime,Returning
109681,04.07.2026,16,Göteborg,Sushi,266.0,31,On time,New
113047,2026-08-17,22,Malmö,Burgers,290.0,50, late,New
110736,2026-07-18,12, Stockholm,Salad,229.0,46,Late ,New
105351,2026-05-06,10,Göteborg,Kebab,231,37,On time,Returning
102867,2026-04-03,19,Göteborg,Salad,150.0,24,On time,Returning
101315,2026-03-12,20,Uppsala,Burgers,210.0,30,ON TIME,Returning
112931,16.08.2026,12,GÖTEBORG,Pizza,273.0,23,On time,New
103266,2026-04-08,16,GÖTEBORG,Kebab,168.0,38,On time,Returning
113184,19 Aug 2026,11,Malmö,Burgers,131.0,49,late,Returning
113454,23.08.2026,13,Göteborg ,Kebab,239.0,51,Late,Returning 
100138,2026-02-24,23,Uppsala,Pizza,239.0,44,On time,New
100602,2 Mar 2026,20,Lund,kebab,294.0,44,On Time,Returning
101959,22.03.2026,18,Göteborg,INDIAN,314,38,On time,Returning
108489,17/06/2026,13,Göteborg,Indian,203 SEK,24,On time,Returning
107570,2026-06-05,20,STOCKHOLM,Burgers ,240 kr,32,On time, new
110623,16 Jul 2026,16,Malmö,Burgers,273,43,Ontime,New
106831,2026-05-26,14,göteborg, Pizza,206.0,35,On time,Returning
104033,2026-04-18,17,Stockholm,Vegan,263,24,on time,Returning
101746,2026-03-18,18,Lund,Burgers,195 SEK,42,on time,Returning
103069,2026-04-05,20, Stockholm,Pizza,288.0,30,On time,New
105816,2026-05-12,18,Stockholm,Burgers ,192.0,37,On time,New
105114,3 May 2026,14,Göteborg, Burgers,"211,0",32,On time,Returning
108516,2026-06-17,22,,Salad,233.0,39,On time,New
108857,2026-06-22,14,GÖTEBORG,Thai ,"254,0",24,On time,Returning
109391,29 Jun 2026,12,Uppsala,Sushi,140.0,35,On time,Returning
102793,2026-04-02,14,göteborg,Thai,255.0,34,On time,returning
113408,2026-08-22,10,Malmö ,Sushi,"222,0",44,ON TIME,returning
101056,2026-03-09,23,Göteborg,Sushi,250,23,On time,Returning
101401,2026-03-14,10,STOCKHOLM, Salad,270,50,Late, Returning
104271,2026-04-21,11,Stockholm,VEGAN,200 kr,24,On time,Returning
108474,16.06.2026,16,Lund,Pizza ,182 kr,41,on time,Returning
108878,22 Jun 2026,13,Stockholm,Vegan,221.0,25,On time,Returning 
105290,2026-05-05,18,GÖTEBORG,Vegan,SEK 209,25,On time,New
107849,2026-06-08,18,uppsala,Salad,192.0,36,On time,Returning
108358,15.06.2026,19,Stockholm,Thai,206.0,40,On time,Returning
101865,2026-03-20,14,Uppsala,Salad,312 kr,250,,Returning
106990,2026-05-28,13,Göteborg,Burgers ,258.0,58,Late,RETURNING
106579,2026-05-22,19,Malmö,Thai,325 kr,43,On time,New
108064,11 Jun 2026,17,uppsala,Thai,314.0,41,On time,New
112250,7 Aug 2026,11,Stockholm,Kebab,280.0,45,On time,Returning
100471,2026-03-01,17,Gbg,Thai ,209.0,27,On time,Returning
111609,2026-07-29,10,Malmö,Salad,263,47,Late,New
105471,7 May 2026,11,Uppsala,Burgers,259 kr,37,On time,New
110335,2026-07-12,21,Uppsala,SALAD,230.0,42,On time,Returning
110909,2026-07-20,15,Stockholm,Burgers,172.0,41,On time,Returning
104500,24.04.2026,13,uppsala,Burgers,245.0,34,On time,Returning
110891,2026-07-20,17,Göteborg,Pizza,243.0,47,Late,Returning
111422,2026-07-26,14,Lund,Burgers,215,30,on time ,New
111540,28 Jul 2026,16,Malmö,Indian ,180,29,On time,Returning
113388,22 Aug 2026,18,Stockholm,pizza,238.0,44,On time,Returning
104731,2026-04-28,11,Gbg,Indian,259.0,44,On time,Returning
105918,2026-05-14,17,Göteborg ,Thai,269,21,On time,New
109194,2026-06-27,10,Stockholm,Kebab,274.0,21,On time,New
112304,2026-08-08,14,Göteborg,Indian ,217.0,48,Late,New
109576,2026-07-02,11,Stockholm,Sushi,237,44,On time,Returning
109893,2026-07-07,17,Göteborg,Pizza,272.0,38,On time,Returning
106150,2026-05-17,18,göteborg,Indian,279.0,25,On time,New
104730,2026-04-27,16,Lund,Pizza,225.0,39,On time,Returning
108885,2026-06-22,15,Malmö ,Thai,"175,0",42,On time,New
113322,2026-08-21,9,Malmö,Thai,276.0,35,On time,New
103089,5 Apr 2026,19,Malmö ,Thai,"288,0",47,Late,New
110501,15/07/2026,17,Göteborg,Burgers,290.0,44,On time,Returning
103555,2026-04-11,16,Lund,Pizza,304.0,40,On time,Returning
112900,15 Aug 2026,13, Uppsala,Sushi,"146,0",33,On time,Returning
108781,2026-06-21,14,Göteborg,Salad,214.0,34,On time,Returning
111464,27 Jul 2026,12,Stockholm,Indian,269.0,30,On time,New
104133,2026-04-19,17,Malmö,Burgers ,226.0,27,On time, new
107173,30.05.2026,21,Uppsala ,Sushi ,215,32,Ontime,Returning 
109776,05/07/2026,18,STOCKHOLM,Pizza,208.0,56,Late,Returning
101797,2026-03-19,18,Malmö,Sushi,"277,0",26,On time,Returning
101363,13/03/2026,17,Malmö,Sushi,243.0,37,on time ,New
111122,23 Jul 2026,19, Stockholm,Salad,303.0,19,On time,New
102386,27 Mar 2026,12,uppsala,PIZZA,221.0,33,On time,NEW
100172,2026-02-25,11,Stockholm,Burgers,276.0,32,On time, Returning
110519,2026-07-15,17, Stockholm,Burgers,260 kr,36,On time,Returning
109450,30.06.2026,13,Uppsala,SUSHI,242.0,32,On time,New
101367,2026-03-13,17,Malmö,Burgers,331 SEK,28,On time,New
106882,2026-05-26,21,Malmö,Burgers ,186.0,23,On time, new
100026,2026-02-23,20,Stockholm ,Sushi,380.0,30,on time,New
112540,2026-08-10,13,Malmö,Pizza ,237.0,38,on time,Returning
101609,16 Mar 2026,17,Uppsala,Thai,"233,0",35,on time ,Returning
108736,20 Jun 2026,18,malmö,Vegan,245.0,47,late,New
105312,05.05.2026,16,Stockholm,Burgers,175,41,On time,Returning
103073,5 Apr 2026,13,Stockholm,Burgers,202 SEK,19,On time,New
102447,28 Mar 2026,19,Malmö,Burgers,202,36,On time,New
111024,21/07/2026,12,Uppsala,Salad,313.0,23,On time, Returning
111595,2026-07-29,17,Stockholm,Sushi ,"276,0",15,On time, Returning
104387,23 Apr 2026,12,göteborg,pizza,290.0,24,on time,Returning
101365,13.03.2026,17,,Pizza,298.0,20,On time,Returning
112212,6 Aug 2026,19,Uppsala ,Sushi,348.0,39,On time,NEW
110747,18 Jul 2026,13,Stockholm,Burgers,"269,0",35,On time,Returning 
101796,2026-03-19,10,Malmö,Kebab,252.0,40,On time,Returning
110398,2026-07-13,13,Malmö,Pizza,"120,0",50,Late,New
105585,9 May 2026,17,Stockholm,Pizza,"173,0",32,On time,Returning
100840,6 Mar 2026,16,Stockholm,Salad,227.0,27,On time,Returning
106936,2026-05-27,11,Stockholm,Kebab,312.0,39,On time,New
107800,2026-06-07,12,Lund,Burgers,"229,0",34,On time,New 
112128,2026-08-05,18,Malmö,Pizza,260.0,15,Ontime,Returning
106947,2026-05-27,16,Malmö,Vegan,216.0,32,on time,New
110430,2026-07-14,11,Gbg,Salad ,157.0,39,On time,New
102688,2026-03-31,13,Stockholm,Vegan,259 kr,26,On time,Returning
105192,2026-05-03,19,Uppsala, Sushi,198.0,40,On time,Returning
108676,2026-06-19,12,Uppsala,Burgers,342.0,38,On time,Returning
109312,28.06.2026,19,uppsala,Burgers,302.0,44,On time,New
104171,2026-04-20,18, Göteborg,Burgers,238.0,39,On time,Returning
111735,31 Jul 2026,17,Stockholm, Indian,SEK 266,37,On time,Returning
107065,2026-05-29,16,Stockholm,Indian,184.0,24,On time,Returning
102543,2026-03-29,10,Malmö,Pizza,"124,0",39,On time,Returning
110160,2026-07-10,20,Uppsala,Sushi,"272,0",29,On time,New
112176,2026-08-06,14,Stockholm,pizza,273.0,27,On time,Returning
100612,2026-03-03,15,Göteborg,Pizza,"226,0",24,On time,Returning
102080,2026-03-23,11, Stockholm,THAI,SEK 293,36,On Time,returning
105662,2026-05-10,17,Gbg,Burgers,"228,0",33,On time,Returning
101398,14 Mar 2026,20,STOCKHOLM,Sushi,"340,0",37,On time,Returning
101353,2026-03-13,13,Stockholm,Pizza,240.0,37,on time,New
111670,2026-07-30,14,Malmö, Pizza,270 kr,26,On time,RETURNING
111496,28.07.2026,21,Göteborg,Salad,319.0,57,Late,New
105577,2026-05-09,17,Stockholm,Burgers,"261,0",24,On time,New
112834,2026-08-15,16,Gbg,Burgers,280.0,35,On time,New
104196,2026-04-20,23,Stockholm,Indian,349,35,On time,Returning
109364,29 Jun 2026,13,Stockholm,BURGERS,366 kr,47,Late,Returning
107093,2026-05-30,21,Göteborg,Kebab,350,47,Late,Returning
101130,10/03/2026,20,Göteborg,Sushi,141.0,46,Late ,New
104964,2026-05-01,14,Stockholm ,Pizza,"206,0",43,On time,Returning
106714,2026-05-24,13,STOCKHOLM, Kebab,220 SEK,-5,,Returning
111039,22.07.2026,18,Göteborg,Sushi,244,37,On time,New
105085,2 May 2026,20,Lund,Pizza,296 kr,41,On time,New
109931,07/07/2026,16,Malmö,Burgers,112 kr,31,On time,Returning
110925,20 Jul 2026,16,Stockholm,Kebab ,286 kr,40,On time,Returning
103016,2026-04-05,17,göteborg,Burgers,264.0,39,On time,New
110320,12 Jul 2026,12,Malmö ,PIZZA,236.0,35,On time,New
101894,2026-03-21,12, Göteborg,Thai,307 kr,45,Ontime,New
100264,2026-02-26,13, Malmö,Burgers,169 SEK,21,On time,Returning 
105049,2026-05-02,18,Stockholm,Salad,241.0,49,Late,Returning
107870,2026-06-09,20,GÖTEBORG,pizza,306.0,54,Late,Returning
107444,3 Jun 2026,13,Stockholm,Pizza,310.0,40,On time,New
112391,8 Aug 2026,18,Uppsala,Thai,"293,0",48,Late,Returning
100329,27/02/2026,18,Stockholm,Sushi,285 kr,15,On time,New
112698,2026-08-13,21,Göteborg,SUSHI,179,39,On time,Returning
106187,2026-05-17,16, Stockholm,Kebab ,325.0,53, late,Returning
101839,2026-03-20,12,Stockholm,Burgers,221.0,36,On time,Returning
103311,2026-04-08,20,MALMÖ,Burgers,309 kr,34,On time,Returning
107765,2026-06-07,21,STOCKHOLM,Sushi,258.0,43,On time,New
112071,2026-08-04,13,Lund ,Sushi,181.0,15,On time,new
110916,20 Jul 2026,19,Stockholm,PIZZA,275.0,31,On time,New
113056,2026-08-17,18,Uppsala,Sushi,"179,0",27,On time,Returning
107504,4 Jun 2026,21,Stockholm,Pizza,233.0,50,Late,Returning
106400,2026-05-20,12,Stockholm,Sushi,217.0,48,Late,New
108536,2026-06-17,17, Uppsala,Salad ,182.0,23,On time,Returning 
108031,11.06.2026,13,Stockholm,Thai,211 SEK,17,On time,RETURNING
113467,2026-08-23,19,Stockholm,Sushi,235.0,34,On time,Returning
107260,2026-05-31,18,Uppsala,Thai,138.0,34,On time,New
106478,21/05/2026,22,Stockholm ,Salad,299.0,22,on time,New
112261,2026-08-07,22, Stockholm,Burgers,256.0,30,On time,Returning
105727,2026-05-10,12,Lund,THAI,"305,0",34,On time,New
103010,2026-04-04,23,Lund,Pizza,"268,0",33,On time, Returning
111171,24 Jul 2026,20,GÖTEBORG,Pizza,189.0,31,On time,Returning
100720,2026-03-04,17,MALMÖ,Pizza,281 kr,21,On Time,Returning
101673,17 Mar 2026,19,Uppsala,Burgers,191.0,47,late,Returning
113115,18/08/2026,17,Malmö,Pizza,309 kr,31,On time,Returning
109844,2026-07-06,21,stockholm, Salad,273.0,49,Late,Returning
106686,2026-05-24,12,Göteborg,Indian,310.0,33,On time,Returning
106748,24/05/2026,14,Uppsala ,Burgers,271 kr,46,Late,New
104879,2026-04-30,11,Göteborg,Kebab,299 SEK,53,Late,New
107068,29/05/2026,11,STOCKHOLM, Thai,"342,0",47,Late,New
101563,16/03/2026,20,Göteborg,Salad,233,35,On time,New
110114,10/07/2026,21, Göteborg,Thai ,"270,0",61,Late,Returning
105450,2026-05-07,15,Stockholm,VEGAN,"233,0",56,Late,New 
105821,2026-05-12,20,Stockholm,PIZZA,239.0,32,On time,Returning
106211,17.05.2026,19,Malmö,Burgers,120.0,32,On time,Returning
104885,2026-04-30,23,Sthlm,Burgers,319,25,On time,New
106943,2026-05-27,13,,Burgers,289,39,On time,Returning
101711,2026-03-18,11,Stockholm, Kebab,178 kr,58,Late,New
111033,2026-07-21,17, Lund,Burgers,353.0,27,On time,New
105281,04.05.2026,21,Lund,Indian,240.0,31,On time,Returning
111808,01/08/2026,13, Stockholm,Kebab,141.0,-5,,Returning
112537,2026-08-10,20,Malmö ,Burgers,249 kr,47,Late,Returning
102796,2026-04-02,11,Göteborg,Sushi,267.0,51,Late,NEW
102725,2026-04-01,18,Göteborg,BURGERS,287 kr,36,on time ,Returning
112433,2026-08-09,22,Sthlm,Sushi,225.0,34,On time, Returning
102185,24 Mar 2026,13,Lund ,Salad,193.0,36,On time,Returning
111905,2 Aug 2026,12,Stockholm,Kebab,"247,0",999,,Returning
109708,2026-07-04,18,Stockholm,Vegan,215.0,26,On time,Returning
107464,3 Jun 2026,11,Malmö,Kebab,222 kr,46,Late,New
101436,2026-03-14,12,Malmö,Sushi,282.0,37,On time,New
107880,2026-06-09,17,Stockholm,Burgers,236.0,34,On time,Returning
113238,20.08.2026,22,Stockholm,Pizza,255,48,Late,New
103059,2026-04-05,19,Stockholm,Pizza ,299 kr,23,on time,Returning
106646,2026-05-23,18,Malmö,Burgers,115.0,38,On time,Returning
107144,30 May 2026,14,MALMÖ,burgers,254.0,33,on time, new
107066,2026-05-29,20,Stockholm,Pizza,281,57,Late,Returning
105325,2026-05-05,13,Malmö, Thai,SEK 160,42,on time,Returning
105362,06.05.2026,18,Stockholm,Vegan,288 kr,34,On time,Returning
110219,2026-07-11,20,Stockholm ,Sushi,310 kr,15,Ontime,New
105035,2026-05-02,9,Stockholm,Burgers,229.0,30,ON TIME,New
101443,2026-03-14,23,Malmö,Salad,336,44,On time,Returning
106394,20 May 2026,14,Sthlm,Pizza,164 kr,31,On time,Returning
106834,2026-05-26,19,Göteborg,Thai ,241 kr,-5,,Returning
112144,05.08.2026,10,Lund,Burgers,"267,0",32,Ontime,Returning
101468,2026-03-15,18,Göteborg,Burgers,"149,0",28,On time,Returning
110525,15 Jul 2026,14,Stockholm,Pizza,284 kr,36,On time,New
101305,12.03.2026,13,Malmö,Burgers,252.0,27,On time,Returning
111605,29 Jul 2026,18,Malmö,Pizza,228.0,43,On time,RETURNING
105876,13 May 2026,19,Stockholm,Sushi ,SEK 227,33,On time,New
104148,2026-04-19,21, Malmö,Pizza,216.0,28,On time, Returning
113225,2026-08-20,12,Stockholm,Pizza,226.0,32,On Time,Returning
103578,2026-04-12,12,göteborg,Thai,258.0,50,Late,New
103149,2026-04-06,12,Stockholm,pizza,324,34,ON TIME,Returning
101812,2026-03-19,17,Uppsala,Burgers ,247 kr,38,On Time,new
106607,23 May 2026,17, Göteborg,Pizza,"174,0",50,Late, Returning
103702,2026-04-13,20,Malmö,Pizza,310.0,39,ON TIME,New
103761,14/04/2026,20, Stockholm,Pizza,345.0,41,On time, Returning
107351,2 Jun 2026,18,Stockholm,Burgers,178.0,50,Late,New 
109732,2026-07-04,17,lund,Pizza,374 kr,28,On time,Returning
103072,2026-04-05,13,stockholm,Sushi,213.0,40,On time,Returning
113458,2026-08-23,11,Stockholm,Sushi,235,40,On time,Returning
105151,2026-05-03,17,Stockholm,Sushi,240,17,On time,New
106846,2026-05-26,11,GÖTEBORG,Burgers,278,26,On time,Returning
101303,2026-03-12,12,Malmö,Pizza,152,36,on time,Returning
103017,5 Apr 2026,10,Göteborg,Pizza,"211,0",36,On time,New
109534,2026-07-02,12,Göteborg,Pizza,226,38,On time,Returning
101117,2026-03-09,16,uppsala,Indian,222.0,54,Late,Returning
112919,2026-08-16,12,Göteborg,Thai,282.0,35,On time,Returning
105944,2026-05-14,19,Stockholm,sushi,190.0,40,on time ,Returning
107525,2026-06-04,18, Malmö,Kebab,237.0,40,On time,New
108656,19 Jun 2026,12,STOCKHOLM,Indian ,"308,0",29,On time,New
104598,26 Apr 2026,20,GÖTEBORG,Pizza,222.0,33,on time ,Returning
111730,2026-07-31,11,Stockholm,BURGERS,188 kr,47,Late,RETURNING
104924,30/04/2026,19,uppsala,Kebab,252.0,18,On time,New
104282,21 Apr 2026,13,Malmö,Salad,"262,0",44,On time,New
109826,2026-07-06,18,Göteborg,Salad,400.0,43,On time,Returning
106793,25.05.2026,13,Stockholm,Kebab ,292.0,45,ON TIME,Returning
103544,11 Apr 2026,14,Uppsala,Pizza,233.0,50,Late,Returning
112754,2026-08-13,17,Lund,Thai,268,39,On time,New
113377,2026-08-22,12, Stockholm,Sushi,173.0,40,On time,Returning
102234,25.03.2026,20,Malmö,Burgers,"242,0",40,On time,New
108845,2026-06-22,13,Göteborg,Sushi,264,42,On time,Returning
109628,2026-07-03,10,Stockholm, Thai,300 SEK,37,Ontime,Returning
101028,08.03.2026,11,Malmö,Burgers,"131,0",41,On time,New
108427,16.06.2026,17,Stockholm,Salad,338,36,On time,Returning
112649,12 Aug 2026,14,STOCKHOLM,Burgers,270 kr,35,On time,Returning
112755,2026-08-13,12,Lund,burgers,213.0,52,Late,Returning
101713,2026-03-18,14,Stockholm,Vegan,165,45,On time,Returning
110667,17.07.2026,19,Stockholm,Indian,284.0,42,On time,New
110776,18 Jul 2026,11,malmö,Salad,"341,0",26,on time,Returning 
111713,31.07.2026,12,Göteborg,Kebab,176.0,31,On time,New
103716,2026-04-13,12,Uppsala,Kebab,273.0,53,late,Returning
102620,30/03/2026,21,Malmö,Vegan,254,42,On time,Returning
111898,2026-08-02,19,Stockholm, Sushi,277.0,35,On time,Returning
113203,2026-08-19,10,Lund ,Pizza,271.0,45,On time,New
108524,17.06.2026,19,Malmö,Pizza,261.0,55,Late,returning
105572,2026-05-09,10,Göteborg,Sushi,245 kr,28,On time,Returning
104637,26 Apr 2026,10,Stockholm,vegan,260.0,47,Late,New
110600,2026-07-16,17,Stockholm,Sushi,199.0,25,On time,Returning
106644,23.05.2026,19,Stockholm,Burgers,SEK 206,35,On time,Returning 
106141,2026-05-17,19,Göteborg, Sushi,360 SEK,45,On time,New
100997,2026-03-08,19,Stockholm,Burgers,261.0,20,On Time,Returning
106699,24 May 2026,18,Stockholm,Thai,299.0,23,On time,Returning
109225,27.06.2026,19,Stockholm,Thai,207.0,35,On time,Returning
109413,30/06/2026,19,Göteborg,Thai,182 SEK,30,On time,Returning
113138,2026-08-18,10, Lund,Thai,306.0,45,On time,Returning
103401,9 Apr 2026,20,lund,INDIAN,207.0,23,On time,New
109958,2026-07-08,20,GÖTEBORG,Kebab,286.0,53,Late,Returning
102084,2026-03-23,14,stockholm,BURGERS,220,40,On time,New
107506,2026-06-04,9,Stockholm,Thai,270.0,39,On time,Returning
113420,2026-08-22,13, Uppsala,Burgers,"241,0",40,On time,New
109489,2026-07-01,10,Stockholm,Salad,228.0,37,On time,Returning
112609,2026-08-11,10,Uppsala,Pizza,263,35,On time,Returning
106292,2026-05-18,12,Malmö,Pizza,268 kr,17,On time,Returning
103804,15.04.2026,13,Göteborg,Pizza,243.0,44,On time,New
101218,2026-03-11,10,Stockholm,Pizza,220.0,38,ON TIME, Returning
113225,20.08.2026,12,Stockholm,Pizza,226.0,32,on time,Returning
104720,27.04.2026,12,Uppsala,Pizza,"345,0",31,On time,Returning
100871,2026-03-06,13,Uppsala,Pizza,335.0,30,On time,New
105831,12 May 2026,20,malmö,Kebab,"331,0",42,on time,Returning
104470,2026-04-24,18,Stockholm,Pizza,194.0,33,On time,Returning
100751,2026-03-05,12,Göteborg,Pizza,209,67,Late,RETURNING
108082,12 Jun 2026,18,Göteborg,Kebab,323,42,On Time,Returning
111921,2026-08-02,13,Malmö,Burgers,246.0,24,On time,New
112043,2026-08-04,12,Stockholm,Pizza,171.0,46,LATE,Returning
109763,05.07.2026,15,stockholm,Thai,"322,0",41,Ontime,New
101951,21 Mar 2026,11,Lund,Sushi ,214.0,38,On time,New
104230,2026-04-20,11,Uppsala,Thai,262,49,Late,Returning
102282,2026-03-26,20,Stockholm,Thai,269 SEK,24,On time,Returning
102538,29.03.2026,19,Stockholm,Sushi,297.0,45,On time,New
101489,15/03/2026,13,Stockholm,Sushi,231.0,29,On time,New
100629,3 Mar 2026,12, Stockholm,Salad,270.0,28,On time,RETURNING
109680,4 Jul 2026,22,Göteborg,Burgers,291.0,41,on time ,New
112899,2026-08-15,18,Uppsala,Indian,224 SEK,38,Ontime,Returning
107456,2026-06-03,11,STOCKHOLM,Salad,SEK 241,38,On time,New
112274,07.08.2026,12, Malmö,vegan,271.0,41,On time,Returning
108053,11 Jun 2026,22,MALMÖ,Indian,228 SEK,29,On time,NEW
108947,2026-06-23,19,Uppsala,Thai,223.0,30,On time,New
102165,24 Mar 2026,17,Malmö,Indian,SEK 267,37,On time,RETURNING
111290,2026-07-25,14,Stockholm,Kebab,221 kr,38,on time ,New
104726,2026-04-27,20,Lund,vegan,220.0,32,On time,Returning 
102651,31 Mar 2026,13,Göteborg,Pizza,355,45,On time, Returning
110379,2026-07-13,18,Stockholm,Indian,"398,0",37,On time,Returning
108944,2026-06-23,13,Malmö,Kebab,336.0,29,On time,Returning
108572,2026-06-18,15,Stockholm,Thai,327.0,54,Late ,New
106647,2026-05-23,13,Malmö,Sushi,301,43,On time,New
102554,29.03.2026,12,Uppsala,Pizza,248.0,27,On time,Returning 
104009,2026-04-18,12,Stockholm,Kebab,330.0,24,On time,Returning
103713,2026-04-13,17,Malmö ,Burgers,318.0,39,Ontime,Returning
108483,17 Jun 2026,11,Göteborg,Pizza,"202,0",35,On time,Returning
102075,23.03.2026,14,Stockholm,kebab,274.0,35,On time,Returning
112731,13 Aug 2026,13,Malmö,Vegan,188.0,31,On time,Returning
102606,30/03/2026,21,stockholm,Kebab,266.0,24,on time,Returning
105610,9 May 2026,13,Sthlm,Kebab,277.0,46,late,new
103623,12 Apr 2026,11,Malmö,Pizza,248,36,On time,Returning
107445,2026-06-03,10, Stockholm,Salad,177.0,39,On time,returning
105101,2026-05-03,18,Gbg,Pizza,129,45,On time,New
111962,2026-08-03,15,Stockholm,Salad,200.0,50,late,returning
100150,25 Feb 2026,11,Göteborg,Indian,413,34,On time,New 
110902,20 Jul 2026,10,Stockholm ,Indian,272.0,24,on time,Returning
111263,25 Jul 2026,17,Stockholm,Pizza,321 kr,41,On time,Returning
112774,14 Aug 2026,17,Göteborg,Pizza,179.0,26,On time,Returning
110940,20 Jul 2026,11,Malmö,Thai,252 kr,34,On time,New
103325,2026-04-09,12,göteborg,Burgers,274.0,46,Late,Returning
100342,2026-02-27,20,Malmö ,Kebab,254.0,38,ON TIME,Returning
107182,2026-05-31,21,Göteborg,BURGERS,195,36,On time,Returning
113329,2026-08-21,19,Malmö,Vegan,245.0,39,On time,Returning
108754,20.06.2026,17,Uppsala,Salad,260.0,45,On time,Returning
105920,2026-05-14,18,Göteborg,Sushi,"216,0",33,On time,New
111689,2026-07-30,14, Uppsala,PIZZA,"310,0",27,On time,New
102181,24 Mar 2026,13,Uppsala ,Kebab,199,51, late,RETURNING
107664,2026-06-06,20,stockholm,Indian,SEK 225,39,On time,Returning
102243,2026-03-25,17,uppsala,Indian,271.0,38,On time,Returning
101901,2026-03-21,12,Stockholm,Pizza,306.0,30,On time,New
106284,2026-05-18,18,Stockholm,Thai,"237,0",42,On time, Returning
104399,23 Apr 2026,19,Stockholm,Sushi,324.0,52,Late,New
109071,2026-06-25,23, Malmö,Salad,218.0,41,On time, Returning
102730,2026-04-01,17,Gbg,Kebab,236.0,31,On time,Returning
108883,2026-06-22,12,Malmö,Salad,241.0,44,ON TIME,Returning 
112800,2026-08-14,19,Malmö,Pizza,246.0,47,Late,Returning 
112098,2026-08-05,9,Stockholm,Sushi,278.0,18,On time,Returning 
111389,2026-07-26,13,stockholm,Pizza,205,41,On time, Returning
105567,9 May 2026,20,GÖTEBORG,sushi,"210,0",27,On Time,Returning
108392,2026-06-15,9,Uppsala,INDIAN,274 SEK,34,on time,Returning
103138,06/04/2026,17,Stockholm,Kebab,247.0,28,ON TIME,New
106379,20.05.2026,11,Göteborg,Pizza,303.0,42,On Time,Returning
105954,2026-05-14,13,STOCKHOLM,Burgers,298,36,On time,returning
107246,2026-05-31,20,Malmö,Pizza,272.0,36,On time,New
106354,19 May 2026,16,MALMÖ,Indian,287.0,15,On time,New
111147,2026-07-23,19,Malmö ,Pizza,172,38,On time,Returning
103843,15.04.2026,18,Malmö,Thai ,"335,0",26,On time,Returning
104563,2026-04-25,21,stockholm,Pizza,285.0,24,On time,Returning
110445,2026-07-14,9,Stockholm,Burgers,222,26,On time,Returning
103848,15.04.2026,14,Uppsala ,Pizza,288,57,Late,Returning
104478,24 Apr 2026,12, Stockholm, Pizza,315 kr,34,On time,Returning
107348,2026-06-02,21,Gbg,THAI,290.0,40,On time,Returning 
106028,15 May 2026,12, Stockholm,SUSHI,"286,0",40,On time,Returning
112620,2026-08-11,18,Lund,Pizza,"356,0",38,On time,New
107352,2026-06-02,12,Stockholm,Indian,213.0,32,On time,Returning
101895,21.03.2026,9,Göteborg,Pizza,173,42,on time ,Returning
108514,2026-06-17,12,Stockholm,Thai,241,36,on time,New
103307,2026-04-08,14,malmö,Kebab,248.0,59,Late,Returning
103307,2026-04-08,14,Malmö,Kebab,248.0,59,Late,Returning
106819,25.05.2026,13, Uppsala,Indian,243.0,26,On time,New
110638,2026-07-16,18,Lund,Sushi ,"266,0",48,Late,New
106876,26 May 2026,15,STOCKHOLM,Sushi,232.0,39,Ontime,Returning
100985,8 Mar 2026,21,Stockholm,Indian,217.0,51,Late,returning
101420,14.03.2026,21, Stockholm,Pizza,308.0,44,On time,Returning
109671,2026-07-04,11,Göteborg,Kebab,272,27,On time,New
111169,2026-07-24,11,Göteborg,pizza,335,41,On time,Returning
108244,14/06/2026,19,Göteborg,Salad,248.0,51,Late,Returning
105076,2026-05-02,12,Uppsala ,Thai,330.0,22,Ontime,Returning
107047,2026-05-29,11,Göteborg ,Vegan,256.0,43,On time,Returning
107797,2026-06-07,11,Uppsala,Vegan,243.0,20,On time,NEW
100595,02.03.2026,14,Uppsala,Burgers,"279,0",33,On time,New
103332,09.04.2026,21,Göteborg,Burgers,224.0,40,ON TIME,New
105492,2026-05-08,12,Göteborg,Pizza,"89,0",27,Ontime,Returning
103489,2026-04-11,12,Göteborg,Burgers,190,41,On time, Returning
109683,4 Jul 2026,20,Göteborg,THAI,214 kr,40,On time,RETURNING
105804,2026-05-12,11,göteborg,Burgers,164.0,24,On time,New
102660,31.03.2026,22,Göteborg,Pizza,280.0,20,On time,returning
107343,2026-06-02,18,Gbg,Thai,327.0,33,On time,New
112032,2026-08-04,18,Stockholm,Kebab,293 SEK,30,On time,New 
112175,2026-08-06,12,Stockholm,Vegan,291,35,On time,Returning
107846,2026-06-08,9,Malmö,Thai,250,30,Ontime, new
113500,2026-08-23,20, Malmö,Pizza,"248,0",41,Ontime,Returning
102168,24 Mar 2026,18,Malmö,INDIAN,222.0,31,On time,Returning
106095,2026-05-16,17,Stockholm,indian,89,43,On time,Returning
102831,2 Apr 2026,20,STOCKHOLM,Burgers,"314,0",21,ON TIME,Returning
110058,2026-07-09,18,Stockholm,Vegan,363.0,30,On time,New
108810,2026-06-21,18,Stockholm,Burgers,178 SEK,-5,,Returning
108982,2026-06-24,15,stockholm,Sushi ,295 kr,32,On time,Returning
100597,2026-03-02,17,Uppsala,Sushi,SEK 235,30,On time,New
110361,2026-07-13,10,Stockholm ,Burgers,"270,0",38,On time,Returning
104170,20.04.2026,20,Göteborg,Sushi,192.0,30,On time,Returning
106044,2026-05-15,10,uppsala,Burgers,317,34,on time ,Returning
104627,2026-04-26,12,Stockholm,Indian,269.0,23,On Time, Returning
102777,2026-04-01,13,Malmö,Kebab,"276,0",34,On time,New
104171,20 Apr 2026,18,Göteborg,Burgers ,238.0,39,On time,Returning
103794,2026-04-14,13,Lund ,Thai,351 kr,33,On time,RETURNING
100619,2026-03-03,18,Gbg,Kebab ,247.0,47,Late,Returning
109396,2026-06-29,18,Lund,kebab,160.0,53,Late,Returning
112034,2026-08-04,11,Stockholm, Thai,264.0,36,On time,New
107618,2026-06-06,18,Göteborg,Burgers,"186,0",40,On time,new
102848,2 Apr 2026,11,Malmö,BURGERS,284.0,36,On time,Returning
102074,23 Mar 2026,18,Stockholm,Vegan,305.0,38,On time,Returning
100622,2026-03-03,12,Stockholm,Burgers,248.0,44,ON TIME,new
108019,2026-06-11,12,Stockholm,SUSHI,296.0,43,On time,Returning
109729,2026-07-04,20, Uppsala,Vegan,243 SEK,41,On time,Returning
106938,27/05/2026,17,Stockholm,Indian,377.0,28,On time,Returning
112164,6 Aug 2026,14,Göteborg,Kebab,220.0,29,Ontime,Returning
104080,2026-04-19,14,Göteborg,Sushi,291.0,15,On time,New
110855,19/07/2026,14,Stockholm,Pizza,249.0,22,ON TIME,New
112683,2026-08-12,17,Lund,Kebab,304.0,39,On time,returning
104325,2026-04-22,21,Stockholm ,Pizza,201.0,37,On time,New
105921,14/05/2026,18,Göteborg,indian,321.0,29,On time,Returning
106828,25 May 2026,20,Lund,Indian,224.0,39,On time,Returning
112697,2026-08-13,19,Göteborg ,Pizza,242.0,39,On time,Returning
108475,2026-06-16,9,Lund,Indian,"236,0",39,On time,Returning
102355,27/03/2026,18,Stockholm,Pizza,231.0,33,On time,New
108385,2026-06-15,10, Malmö,Pizza,191,41,On time,New
106243,2026-05-18,19,göteborg,Thai,238,34,ON TIME,Returning
112824,2026-08-15,11,Göteborg,Indian,291 kr,33,On time,New
102319,26/03/2026,16,Lund,Indian ,251.0,35,On time,Returning
112771,2026-08-14,13,Göteborg,Sushi,"224,0",31,On time,New
107595,2026-06-05,14,malmö,Burgers,209 kr,36,on time ,New
103964,2026-04-17,13,Stockholm,Vegan,SEK 200,37,On time,New
108355,2026-06-15,14,Stockholm,Pizza,"255,0",51,Late,Returning
101421,14 Mar 2026,14,Stockholm,Thai,186.0,31,On time,New
103690,2026-04-13,19,Stockholm,Indian,309 SEK,34,On time,New
103376,09.04.2026,21,Malmö,Sushi,"264,0",25,ON TIME,New
108330,15 Jun 2026,19,Göteborg ,Indian,309.0,23,On time,new
101844,2026-03-20,15,stockholm,Salad,179.0,22,On time,Returning
108332,15.06.2026,11,Göteborg,Burgers ,244 SEK,20,On time,Returning
104550,2026-04-25,12,Stockholm,Burgers,208.0,24,On time,Returning
105122,2026-05-03,18,Stockholm,Thai ,"165,0",35,On time,Returning
102178,2026-03-24,14,Uppsala,pizza,237.0,42,on time,Returning
111488,2026-07-27,13,Lund,Pizza,"276,0",39,On time,Returning
111073,2026-07-22,13,Stockholm ,Burgers ,303.0,0,,Returning 
104993,2026-05-01,12,malmö,Burgers,"282,0",36,Ontime,Returning
103541,2026-04-11,12,Uppsala ,Burgers,312.0,38,on time,RETURNING
100074,23 Feb 2026,17,Lund,Indian,290 SEK,31,On time,Returning
107031,2026-05-29,14,Göteborg,Sushi,261.0,32,Ontime,returning
110883,2026-07-19,12,lund,Indian,280.0,46, late,Returning
104221,20/04/2026,10, Malmö,Indian,323.0,39,ON TIME,Returning
103216,2026-04-07,11,Stockholm,Indian,228.0,40,Ontime,Returning
102987,04/04/2026,19,Malmö, Indian,SEK 250,29,On time,Returning
103471,10 Apr 2026,22,Uppsala ,Burgers,293.0,45,On time,Returning
108912,23 Jun 2026,17,Göteborg ,Salad,226.0,18,On time,New 
113395,2026-08-22,17,Stockholm, Pizza,"241,0",39,On time,RETURNING
104378,22.04.2026,19,Lund,Pizza,368.0,999,,New
102534,29.03.2026,12,Stockholm,PIZZA,252.0,47,Late,New
101300,12 Mar 2026,19,Malmö,Burgers,308,40,On time,New
106703,24 May 2026,13,Stockholm,Vegan,213.0,34,On time,Returning
112953,2026-08-16,13,stockholm,Vegan,241 kr,33,On time,Returning
104304,2026-04-21,17,Lund,thai,296,23,on time,Returning
105466,07/05/2026,20,Malmö,Burgers,245.0,35,On time,New
101219,2026-03-11,17,Stockholm ,Sushi ,302,34,On time,Returning
102883,2026-04-03,12,Stockholm,Pizza,275 kr,46,Late,Returning
108529,2026-06-17,13,Malmö,Burgers,262.0,35,On time,New
102348,27 Mar 2026,13,Stockholm,Vegan,"300,0",20,On time,New
109716,4 Jul 2026,17, Malmö,SALAD,332.0,47,Late,Returning
109215,27 Jun 2026,12,Stockholm,Salad,253.0,27,On time,New
108666,2026-06-19,11,Malmö,Kebab,"196,0",34,On time,Returning
107750,2026-06-07,16,Stockholm,Vegan,271.0,41,ON TIME,Returning
100419,2026-02-28,22,Malmö ,Burgers,310.0,42,On time,Returning
104224,20/04/2026,12,Uppsala,Sushi,272.0,26,On time,New
103050,2026-04-05,21,Stockholm,Pizza,"271,0",40,On time,New
105961,14/05/2026,19,,Burgers,218,27,On time,New
111704,2026-07-31,18,Göteborg,Burgers,146.0,39,On time,New 
110631,16.07.2026,16,Uppsala,Indian,270.0,56,Late,Returning 
108300,2026-06-14,18,Uppsala,Thai,372 SEK,39,On time,Returning
106440,20.05.2026,19,Lund, Salad,183.0,37,On time,Returning
109677,4 Jul 2026,20, Göteborg,Kebab,252.0,36,On time,Returning
105461,7 May 2026,19,Malmö ,Pizza,305.0,33,On time,Returning
105722,10 May 2026,12,Uppsala,Kebab,361,38,On time, Returning
111128,2026-07-23,18,Stockholm,Kebab,283.0,40,On time,Returning
108758,20/06/2026,17,Lund,Indian,292 kr,32,Ontime,Returning
104176,20 Apr 2026,19,Göteborg,Sushi,250,38,On time,New
106173,2026-05-17,13,Stockholm,Pizza,252.0,53,Late,Returning
102866,2026-04-03,14,Göteborg,Pizza,225,35,On time,New
107285,2026-06-01,18,Stockholm,Pizza,304.0,49,Late,Returning
105595,09.05.2026,12,Stockholm,Kebab,254.0,32,On time,New
105573,9 May 2026,17,Göteborg, Indian,208,45,On time,returning
105800,2026-05-12,18,Göteborg,Kebab,264.0,56,Late,Returning
104186,20 Apr 2026,19,Göteborg ,Pizza,166 kr,53,LATE, Returning
100227,2026-02-26,18,Göteborg,Burgers,308,30,On time,New
107672,2026-06-06,14,Stockholm,Kebab,255.0,29,On time,New
100388,28.02.2026,14,Stockholm,SALAD,SEK 199,40,On time,Returning
103194,2026-04-07,19,Göteborg, Pizza,247.0,39,On time,New
103584,2026-04-12,19, Stockholm,Sushi,306.0,35,On time,Returning
103797,2026-04-14,12,Lund,Sushi,244.0,24,On time,Returning
110038,2026-07-09,18,Göteborg,Kebab,343 SEK,40,On time,Returning
103665,2026-04-13,20,Göteborg, Vegan,89.0,51,Late,Returning
103366,2026-04-09,9,Stockholm,Burgers,285.0,41,On time,Returning
101358,2026-03-13,14,Stockholm,PIZZA,288.0,28,On time,Returning
103493,11.04.2026,18,Göteborg ,Kebab,290.0,41,On time,Returning
110961,2026-07-21,20,Göteborg,Burgers,284.0,55,Late,New
108281,14.06.2026,21,Sthlm, Burgers,264,31,On time,NEW
104174,20 Apr 2026,11,Göteborg,Pizza,334 kr,44,On time,Returning
109539,2026-07-02,19,Göteborg,Indian,"282,0",43,On time,Returning
107169,2026-05-30,11,Uppsala,Salad,270.0,36,On time,Returning
104760,2026-04-28,20,Stockholm,Sushi,225.0,50,Late,Returning
106453,21 May 2026,22,Göteborg,pizza,314.0,44,On time,Returning
104631,26 Apr 2026,21,Stockholm, Salad,299.0,29,On time,new
103092,2026-04-05,11,Malmö,Pizza,228,36,On time,New
110875,2026-07-19,20,Uppsala ,Thai,179.0,42,On time,New
112547,2026-08-10,20,Malmö,Pizza,217 kr,38,on time ,New
104240,21 Apr 2026,12,Göteborg,Sushi,295.0,50,Late,Returning
112342,2026-08-08,18,Sthlm,Salad,252,55, late,Returning
103300,2026-04-08,19,Stockholm,Kebab,243 kr,39,On Time,New
111864,2026-08-02,18,Göteborg,Kebab,207,28,on time,New
107500,4 Jun 2026,11,Göteborg ,Thai,221 kr,37,On time,Returning
101399,2026-03-14,19,Sthlm,Thai,"235,0",45,Ontime,New
113137,2026-08-18,14,Lund,Burgers,269,35,on time ,New
106954,2026-05-27,13,Malmö ,Sushi,235.0,29,On time,New
109367,29.06.2026,16,Stockholm,Pizza,261.0,39,ON TIME,Returning
111141,2026-07-23,19,Stockholm,Thai,194 kr,46,Late,New
106504,2026-05-21,21,Malmö,Burgers,255.0,21,On time,Returning
108038,2026-06-11,12,Stockholm,Pizza,308 SEK,36,on time , new
100014,23 Feb 2026,11,Göteborg, Thai,211.0,37,On time,Returning
112003,2026-08-03,13,Lund ,Sushi,"270,0",47,Late,New
108016,11 Jun 2026,14,GÖTEBORG,Sushi,262.0,38,Ontime,Returning
109373,29 Jun 2026,11,Stockholm,Pizza,294 SEK,47,Late,Returning
111407,26.07.2026,17,Uppsala,Vegan,254.0,28,ON TIME,Returning
102573,30.03.2026,12,göteborg,Thai,218.0,37,On time,Returning 
111960,2026-08-03,18,Göteborg,Pizza,261 kr,40,On time,returning
102082,2026-03-23,12,Stockholm,Thai,261.0,30,On Time,Returning
102779,01/04/2026,17,Uppsala,Sushi,302.0,40,On time,Returning
105746,11 May 2026,10,Göteborg,Pizza,257 kr,27,On time,Returning 
112350,08/08/2026,13,stockholm,PIZZA,343 kr,34,On Time,New
103722,2026-04-13,21,Lund,Salad,239.0,29,On Time,Returning
110413,13/07/2026,11,lund,Burgers,219,22,On time,New
108197,2026-06-13,20,Malmö,Burgers,251.0,32,On time,RETURNING
105974,2026-05-14,10,Malmö, Salad,272.0,33,on time,New
109249,2026-06-27,14,Lund,Thai,282,40,On time,Returning
110039,2026-07-09,16,Göteborg,Kebab,271.0,29,On time,Returning
111857,2026-08-02,20,Göteborg,Thai,287.0,31,On time,Returning 
100831,2026-03-06,19,Stockholm ,Sushi,203.0,45,On time,New
112356,2026-08-08,9,Stockholm,Burgers,238 kr,40,On time,Returning
110949,20/07/2026,12,Uppsala ,Kebab,344,28,ON TIME,Returning
105354,06/05/2026,18, Göteborg,Burgers,300.0,28,On time,Returning
110097,09.07.2026,13,Uppsala ,Kebab,152 SEK,43,ON TIME, Returning
100245,26/02/2026,11,Sthlm,THAI,289 kr,28,Ontime,Returning
112712,13.08.2026,17,Stockholm,Sushi,280.0,33,On time,Returning
108050,11/06/2026,18,Malmö,Pizza,SEK 164,49,Late,Returning
113028,2026-08-17,19,Stockholm,Pizza,163.0,39,On time,Returning
110882,2026-07-19,17,Lund,Pizza,221.0,24,On time,Returning
113250,20.08.2026,15,stockholm,Pizza,294.0,38,On time,Returning
104797,2026-04-28,13,Lund,Thai,240.0,39,On time,Returning
104528,25 Apr 2026,13,Gbg,Pizza,336,52,Late,Returning
109209,2026-06-27,13,Stockholm,Pizza ,233,34,On time,Returning
105968,2026-05-14,11,MALMÖ,Sushi,178 kr,38,On time,New
108559,2026-06-18,10,Stockholm,Sushi,204.0,43,On time,Returning
112707,13 Aug 2026,21,stockholm,Kebab,256.0,30,On time,RETURNING
110841,2026-07-19,17,Stockholm,SALAD,251.0,28,ON TIME,New
106758,2026-05-25,19,Göteborg,Kebab,159.0,33,On time,Returning
100854,2026-03-06,13,Malmö,Salad,234 SEK,28,On time,Returning
105347,2026-05-06,11,Göteborg,Kebab,"194,0",28,On time, Returning
110290,2026-07-12,21,STOCKHOLM,pizza,"204,0",31,On time,Returning
110698,17 Jul 2026,12,Uppsala,thai,"263,0",22,On time,Returning
110728,2026-07-18,11,Stockholm,Burgers,291.0,30,On time,Returning
102416,28/03/2026,20,Göteborg,Pizza,267.0,45,On time,New
104552,2026-04-25,20,Stockholm,PIZZA,196.0,29,On time,Returning
109275,28/06/2026,19,Stockholm,pizza,169 kr,38,On time,Returning
105706,10.05.2026,12,Malmö,Pizza,274.0,44,On time,Returning
102157,24.03.2026,12,Stockholm,Burgers,223.0,37,On time,New
111207,24 Jul 2026,11,STOCKHOLM,Pizza,260,47,Late,Returning
104494,2026-04-24,10,Malmö ,vegan,199.0,28,On time,New
113134,2026-08-18,15,Lund,Sushi,255.0,45,Ontime,Returning
101831,2026-03-20,17,Göteborg,Thai,262.0,37,On time,New
106527,2026-05-22,11,Göteborg,Sushi,247.0,33,On time,Returning
100137,2026-02-24,19,Uppsala,Pizza,319.0,43,On time,Returning
103992,2026-04-18,17,Göteborg,Salad,256 kr,42,On time,Returning
108145,13 Jun 2026,9,Göteborg,Kebab ,"261,0",38,On time,returning
111560,2026-07-28,13,Lund ,Burgers,276.0,41,On time,Returning
107903,2026-06-09,12,Sthlm,Indian,"281,0",43,On time,Returning
105019,2026-05-02,12,Göteborg,PIZZA,"254,0",45,On time,Returning
100167,2026-02-25,21,Stockholm,SALAD,195,24,On time,Returning
109493,2026-07-01,23,Sthlm,Pizza,223 SEK,44,On time,New 
100229,26.02.2026,10,Göteborg,Pizza,"257,0",32,On time,New 
112113,2026-08-05,18,Stockholm,Pizza,256.0,54,Late,Returning
103409,10.04.2026,20,Göteborg,PIZZA,237.0,42,On time,RETURNING
100936,2026-03-07,12,Malmö,PIZZA,208.0,37,On time,Returning
111292,2026-07-25,20,Stockholm,Pizza,309.0,22,On time,New
100826,2026-03-06,22,Stockholm,Pizza,249 SEK,40,On time,Returning
104692,2026-04-27,12,Stockholm,Indian,286,43,on time,Returning
108844,2026-06-21,13,Lund,Pizza,348.0,37,On time,Returning
101189,2026-03-11,12,Göteborg,Burgers ,265 SEK,26,on time ,New
101600,16 Mar 2026,13,Malmö,Pizza,"200,0",47, late,Returning
101271,12 Mar 2026,17, Stockholm,Vegan,370.0,25,on time ,New
103379,2026-04-09,18,Malmö,Burgers,235 SEK,15,On time,Returning
101201,11.03.2026,9,Stockholm,Burgers,303.0,47,Late,New
101955,21 Mar 2026,9,Lund,Burgers,274.0,52,late,Returning
104361,2026-04-22,11,Malmö,Salad,281.0,15,On time,Returning
110427,2026-07-14,14,Göteborg,Thai,234 SEK,45,Ontime,Returning
113190,2026-08-19,19, Malmö,Vegan,307.0,43,On time,Returning
110779,18.07.2026,12,Malmö,Thai,280.0,25,on time,Returning
112269,2026-08-07,11,Malmö,Indian,310,30,On time,New
111403,2026-07-26,11,Malmö,Pizza,287 kr,23,On time,NEW
112194,2026-08-06,20,Stockholm,Thai,152.0,46,late,Returning
112190,2026-08-06,13,Stockholm,Burgers,201.0,27,On time,Returning
105375,2026-05-06,19,Stockholm,Kebab,325 SEK,28,Ontime,Returning
105141,2026-05-03,18, Stockholm,Sushi,"269,0",30,On time,Returning
106633,23/05/2026,17,Stockholm,Vegan,302.0,39,On time,Returning
109779,2026-07-05,13,Stockholm,Pizza,313.0,53,Late,Returning
100502,2026-03-01,9, Stockholm, Burgers,321.0,24,ON TIME,Returning
105872,2026-05-13,13,Stockholm,Kebab,209,27,On time,Returning
108026,2026-06-11,12,Stockholm,Vegan,171,35,On time,New
112521,10 Aug 2026,11,,Thai,"215,0",39,On time,Returning
100475,01/03/2026,12,Sthlm,Vegan ,321.0,32,on time ,Returning 
108444,16 Jun 2026,12,Stockholm,Indian,"291,0",29,On time,Returning
106785,2026-05-25,14,Stockholm,Sushi,228.0,43,On time,Returning
104702,27.04.2026,18, Stockholm,Pizza,278 kr,42,On time,Returning
111268,25.07.2026,20,Stockholm,Sushi ,303.0,42,On time,Returning
106503,2026-05-21,20,Malmö,PIZZA,198.0,39,On time,Returning
108598,18/06/2026,11,Uppsala,Sushi,301.0,38,On time,NEW
107024,28 May 2026,17,Uppsala,Pizza,172.0,23,On time, Returning
102659,31 Mar 2026,17,GÖTEBORG,Indian,280.0,40,On time,Returning
106349,2026-05-19,14,Malmö,Salad,271,42,On time,New
102802,2026-04-02,16,Göteborg,Sushi,269 kr,35,On time,Returning
101012,8 Mar 2026,15,Stockholm,Pizza,319.0,25,On time,Returning
101914,2026-03-21,20,Stockholm,Burgers ,226.0,54,Late,New
104480,24/04/2026,20,Stockholm,Pizza,309.0,36,On time,Returning
105983,2026-05-14,15,Uppsala,Sushi,"187,0",38,On time,Returning
103281,2026-04-08,18,Stockholm,Pizza,256.0,31,On time,New 
103038,5 Apr 2026,12,Stockholm, Pizza,211.0,37,On time,New
101427,2026-03-14,12,Stockholm,Indian,306.0,48,Late,New
108123,2026-06-12,17,Malmö,Sushi,305.0,45,On time,New
107881,9 Jun 2026,17,,Pizza,345,38,on time ,New
111544,28 Jul 2026,18,Malmö ,Burgers,227.0,37,On time,Returning
109057,2026-06-25,20,Stockholm ,SALAD,291.0,39,On time,Returning
105144,2026-05-03,11,Stockholm,Burgers,285 kr,27,on time ,New
107636,2026-06-06,12,Göteborg,Thai,265.0,40,On time,New
101207,2026-03-11,11,Sthlm,Thai,248,30,On time,RETURNING
100904,7 Mar 2026,19,Stockholm,Burgers,317.0,40,On time,New
109786,5 Jul 2026,12,Stockholm,Pizza,279 kr,25,On time,Returning
100554,2026-03-02,20, Göteborg,Pizza,"237,0",22,On time,Returning
101876,2026-03-20,15,Lund,kebab,190.0,32,Ontime,New
101189,2026-03-11,12,Göteborg,Burgers,265 kr,-5,,NEW
103575,2026-04-12,16,Gbg,Thai,273.0,42,On time,RETURNING
100689,2026-03-04,17,Gbg,Burgers,257.0,26,On time,New
108612,19 Jun 2026,12,Göteborg,thai,281,39,on time ,Returning
102047,23/03/2026,19,Göteborg,Pizza,"245,0",54,Late,New
109620,2026-07-03,22,Stockholm,Indian,155.0,20,On time,Returning
104791,28 Apr 2026,12,Lund ,Pizza,222.0,28,On time,RETURNING
102018,22 Mar 2026,15,Malmö,Kebab,333.0,39,On time,Returning
102521,2026-03-29,16, Stockholm,Salad,308,38,On time,New
110580,2026-07-16,13,Stockholm,SALAD,167 SEK,31,On time,Returning
102044,2026-03-23,17,Göteborg,Thai,310.0,43,On time,New
103497,2026-04-11,12,Stockholm,Salad,SEK 224,250,, Returning
108182,13.06.2026,14,Stockholm,PIZZA,325.0,32,On time,Returning
100014,2026-02-23,11,Göteborg ,Thai,"211,0",37,Ontime,Returning
107147,2026-05-30,11,Malmö,Burgers,262 SEK,54,late, Returning
100467,2026-03-01,19,GÖTEBORG,Thai,227,41,On time,Returning
112563,11/08/2026,11,Göteborg,Thai ,242.0,46,Late,New
112668,2026-08-12,13, Malmö,Burgers,313.0,37,On time,Returning
104779,28/04/2026,17,Malmö,Pizza,150.0,37,On time,Returning 
104406,23/04/2026,20,Stockholm,Burgers,306,40,on time ,Returning
112576,2026-08-11,10,Göteborg,Burgers,SEK 231,36,On time,Returning
102125,2026-03-24,10,Göteborg,PIZZA,243.0,17,On time,Returning
108951,2026-06-23,21, Uppsala,Sushi,186.0,999,,Returning
104665,2026-04-27,13,Göteborg,Pizza,222.0,51,Late,Returning
104520,2026-04-25,18,Gbg,Thai,250,33,On time,New 
113311,21 Aug 2026,19,Sthlm,Sushi,274,41,Ontime,New
113363,22/08/2026,12,,Burgers,227.0,59,Late,New 
105649,2026-05-10,18,Göteborg,Sushi,"177,0",30,On time,Returning 
101650,2026-03-17,10,Stockholm,Vegan,353.0,15,On time,New
103774,2026-04-14,13,MALMÖ,Thai,341,41,On time,New
105387,2026-05-06,14,Malmö,Kebab,252.0,39,On time, new
108260,2026-06-14,11,Stockholm,Burgers,313.0,44,On time,Returning
105452,07/05/2026,13,Stockholm,Burgers,236,24,On time,New
109221,2026-06-27,17,Stockholm,Kebab,261,44,ON TIME,Returning
102598,2026-03-30,17,Stockholm,Thai,332.0,43,On time,New
105627,9 May 2026,18,Malmö,Pizza,"208,0",32,On time,New 
108045,2026-06-11,13,Stockholm ,Vegan,271.0,44,On time,Returning
104551,25/04/2026,13,Stockholm,Pizza,190.0,31,On time,Returning
102214,25/03/2026,12,Stockholm,Indian,289 SEK,42,On time,New
100547,2026-03-02,18,Göteborg,Burgers,272 SEK,35,On time,RETURNING
108436,2026-06-16,19,Stockholm,Indian,225.0,44,On time,Returning
100756,5 Mar 2026,12,Stockholm,Indian,337 SEK,55,Late,Returning
103962,2026-04-17,15,Stockholm,Sushi,"288,0",27,On Time,Returning
107967,2026-06-10,16,Stockholm,Sushi,278.0,41,On time,Returning
100870,06/03/2026,16,Uppsala, Vegan,273.0,20,On time,Returning 
101698,2026-03-18,12,Göteborg,Kebab,307.0,29,On time,Returning
109175,2026-06-27,21,Göteborg,SALAD,329,37,On time,New
107780,2026-06-07,19, Malmö,Thai,203 SEK,31,On time,New
107099,2026-05-30,12,Göteborg,Pizza ,354.0,36,On time,Returning
100617,03.03.2026,12,Göteborg,Pizza,226.0,31,On time,Returning
104191,20 Apr 2026,15,stockholm,Sushi,307.0,24,On time,Returning
110653,2026-07-17,19,Göteborg,Thai,228.0,45,on time ,Returning
111665,2026-07-30,10,Stockholm, Indian,"186,0",45,on time ,Returning 
113434,22.08.2026,10,lund,Burgers,306.0,44,On time,Returning
105390,2026-05-06,20,Malmö ,Burgers,401,35,On time,Returning
104342,2026-04-22,18,Stockholm,Burgers,217.0,28,On time,Returning
102215,2026-03-25,11,Stockholm,Salad,"180,0",37,On time,Returning
105763,2026-05-11,20,stockholm,Pizza,"180,0",59,Late,Returning
111893,2026-08-02,16,Stockholm,thai,258,44,on time ,Returning
106546,2026-05-22,13,Stockholm,Kebab,221.0,39,On Time,New
107316,2026-06-01,12,Malmö ,Salad,263,56,Late,New
109942,2026-07-07,19,MALMÖ,Pizza,231,34,On time,Returning
103445,10 Apr 2026,10,Stockholm,Burgers,200,41,On time, new
101864,2026-03-20,13,Uppsala,Burgers,180,31,Ontime,Returning
108906,23.06.2026,12,Göteborg,Burgers,195 kr,30,On time,Returning
108453,2026-06-16,21,Stockholm,Thai,266.0,47,Late,Returning
109338,2026-06-29,18,Göteborg,Sushi,217.0,37,On time,Returning
108683,2026-06-19,15,Lund,Indian,SEK 270,50,Late,Returning
100496,2026-03-01,13,Stockholm, Pizza,194.0,36,on time,Returning
102749,2026-04-01,11,Sthlm,Kebab,168 SEK,44,on time,Returning
101064,2026-03-09,17,Göteborg,Sushi,169,37,On time,Returning
100767,2026-03-05,11,stockholm,Burgers,245 SEK,44,On time,Returning
111508,2026-07-28,13,Göteborg,Pizza,275,42,ON TIME,Returning
105190,2026-05-03,21,Uppsala ,Indian,314 kr,47,Late,Returning
110376,13 Jul 2026,9,Stockholm,Kebab,"260,0",36,On time,New
102758,2026-04-01,16,stockholm,burgers,230.0,51,Late,Returning
112083,05/08/2026,20,,Kebab,155.0,52,Late,New
103105,2026-04-05,15,Uppsala,Burgers,273.0,31,On time,New
110346,2026-07-13,12,göteborg,Burgers,242.0,19,On time,Returning
113502,2026-08-23,17,Malmö,Sushi,249 SEK,40,On time,New
103900,16.04.2026,14,Stockholm,Pizza,227.0,46,Late,Returning
112228,2026-08-07,18,Göteborg,Sushi,"240,0",47,late,New
107207,31/05/2026,19,Stockholm,Salad,148.0,34,On time, Returning
104430,23 Apr 2026,17,Uppsala,Salad,285.0,57,LATE,Returning
104441,2026-04-24,12,,Pizza,SEK 314,35,On time,Returning 
103672,2026-04-13,11,Göteborg, Pizza,221.0,37,ON TIME,Returning
104310,2026-04-22,18,GÖTEBORG,Pizza,154,45,On time,New
104008,2026-04-18,13,Stockholm,Pizza,362.0,37,On time,Returning
105295,05.05.2026,18,, Pizza,321.0,32,On time,Returning
113430,22 Aug 2026,18,Lund,Burgers,142.0,59,Late,New
103677,2026-04-13,19,Stockholm,Pizza,159,43,On time,New
105216,2026-05-04,17,Göteborg,Pizza,211.0,36,On time,new
102640,2026-03-30,18,Lund,Indian,"224,0",46,LATE,Returning
100520,1 Mar 2026,18,Uppsala, Burgers,225,30,On time,Returning
105418,2026-05-07,13, Göteborg,Vegan,234.0,24,On time,Returning
103071,5 Apr 2026,12,Stockholm,Indian,125.0,48,Late,New
105467,2026-05-07,11,Malmö,Pizza,344.0,19,on time,Returning 
111064,22/07/2026,11, Stockholm,Indian,"336,0",33,On time,New
110332,2026-07-12,13,Uppsala,Sushi,277.0,35,On time,Returning
110817,2026-07-19,13,Göteborg,Pizza,326.0,33,On time,new
106707,24/05/2026,20,Stockholm,Kebab,158.0,42,On time,Returning
104025,18 Apr 2026,17,Stockholm,Pizza,246.0,41,On time,Returning
102406,2026-03-28,16,Göteborg ,Pizza,278,42,On time,Returning
103144,06.04.2026,16,Stockholm,Pizza,213.0,33,ON TIME,Returning
111608,2026-07-29,18,Malmö,Pizza,291.0,26,On time,RETURNING
112401,2026-08-09,18,Göteborg,Kebab,284.0,0,,Returning
101493,2026-03-15,12,Stockholm,Indian,307,33,On time,Returning 
105583,2026-05-09,13,stockholm,Thai,257,23,on time,new
106967,27 May 2026,12,Uppsala,Burgers,251.0,29,On time,Returning
103567,2026-04-12,13,Göteborg, Pizza,324.0,999,,New
102667,2026-03-31,13,Sthlm,Sushi,284,39,ON TIME,Returning 
100176,25 Feb 2026,13,Sthlm,Pizza,289.0,39,On time,New 
100572,2026-03-02,17,Stockholm,Sushi,316,34,on time ,New
101776,2026-03-19,12, Stockholm,Vegan,183.0,53,Late,Returning
111561,2026-07-29,12,Göteborg,Burgers ,293.0,32,On time, Returning
111956,3 Aug 2026,15,Göteborg,Vegan,310.0,41,On time,Returning
112818,2026-08-14,18,Lund,Pizza,313.0,37,On time,Returning
104812,29/04/2026,13,Stockholm,Pizza,127,40,On time,New
112225,07.08.2026,11,Gbg,Vegan,211.0,32,On Time,NEW
109316,28 Jun 2026,19,Uppsala,Pizza,203.0,49,Late,New
112272,7 Aug 2026,13,Malmö,Burgers,303.0,34,ON TIME,Returning
105797,2026-05-11,12,Lund,Indian,211.0,21,on time ,Returning
101874,20.03.2026,20,Lund,Burgers,232,45,On time,New
107211,2026-05-31,12,Stockholm, Pizza,"204,0",41,On time,Returning
105589,2026-05-09,12, Stockholm,Burgers,179 SEK,38,On time,Returning
101413,2026-03-14,12,Stockholm,Burgers ,235.0,36,On time,New
106069,16.05.2026,18,göteborg,Sushi,323.0,39,On time,New
108108,2026-06-12,19,Stockholm,Salad,277.0,42,Ontime,NEW
109320,28 Jun 2026,12,lund,Pizza,281 kr,35,On time,Returning
108588,18/06/2026,13,Malmö,Burgers,192.0,34,On time,returning
103433,2026-04-10,11,Stockholm,Pizza,223.0,48,Late,Returning
110587,2026-07-16,19,Stockholm,PIZZA,"306,0",39,On time,Returning
112587,2026-08-11,11,Stockholm,Indian,237.0,28,on time,New
105369,2026-05-06,15,Stockholm,vegan,184.0,44,on time,NEW
107720,7 Jun 2026,13,Göteborg,Pizza,114.0,35,On time,Returning
104428,2026-04-23,11,Uppsala,Sushi ,257,28,On time,NEW
110496,2026-07-15,13,GÖTEBORG, Pizza,"141,0",45,Ontime,Returning
109820,2026-07-05,11,Lund,Indian,287.0,58,Late,Returning
102605,2026-03-30,23,STOCKHOLM,Kebab,254,34,Ontime,New
102010,2026-03-22,12, Stockholm,Burgers,225.0,52,Late,New
109720,2026-07-04,12,Malmö,Kebab,215.0,43,On time,New
106176,17.05.2026,12,Stockholm,Pizza,278 kr,43,On time,Returning
107851,2026-06-08,20,Uppsala,Pizza,"204,0",58,Late,New
110329,2026-07-12,12,Uppsala,Pizza,291 SEK,46,Late,Returning
107347,2026-06-02,17,Göteborg,Kebab,"281,0",31,Ontime,New
112474,9 Aug 2026,19,Malmö,Pizza,198.0,37,on time,RETURNING
110120,10 Jul 2026,13,Göteborg,Burgers,292.0,48,Late,Returning
101511,2026-03-15,14,Stockholm,pizza,180.0,27,On Time,New
113108,2026-08-18,11,Stockholm,Vegan,256.0,35,On time,New
112157,6 Aug 2026,20,,Indian,227.0,39,Ontime,New
104079,19.04.2026,19,Göteborg,Pizza,267.0,21,on time ,New
104307,22 Apr 2026,12,Göteborg,Thai ,187.0,48,Late,New
101962,22 Mar 2026,17,Göteborg,Thai,263 kr,35,On time,Returning
109058,2026-06-25,13,Stockholm, Burgers,216.0,50,Late,Returning
103587,2026-04-12,12,Stockholm,Sushi,243.0,37,On time,NEW
102435,28.03.2026,11,Stockholm,Burgers,"198,0",21,On time,returning
106749,2026-05-24,13,Uppsala,burgers,363,28,On time,New
102703,2026-03-31,10,Malmö,Kebab,315.0,28,On time,Returning
104959,1 May 2026,18,Stockholm,Sushi ,259,33,On time,Returning
101855,20.03.2026,12,Malmö,Kebab,"158,0",42,on time ,New
105748,2026-05-11,13,Göteborg,Sushi,227 kr,36,On time,Returning
112658,12.08.2026,12,Stockholm,Burgers,243.0,25,On time,New
107808,2026-06-08,20,Göteborg,Thai,290.0,37,On time,New
102562,29.03.2026,10,Uppsala ,Burgers,247,54,Late, new
100184,25.02.2026,20,Stockholm,Thai,204.0,28,On Time,Returning
104394,23 Apr 2026,16,Göteborg,Thai,"219,0",26,On time,New 
103922,16/04/2026,12,Lund,Pizza,164,27,On time,New 
100216,25/02/2026,10,Lund,Thai,"286,0",44,ON TIME,New
104989,01/05/2026,11,Malmö,Salad,SEK 227,26,On time,New
100284,2026-02-26,21,lund,Pizza,217,29,On time,Returning
106149,2026-05-17,18,Göteborg,Vegan,157 SEK,43,On time,New
105676,2026-05-10,19,Sthlm,Pizza,270,26,On time,Returning
103306,2026-04-08,20,Malmö,Kebab,310.0,29,On time,Returning
113375,22 Aug 2026,21,Stockholm,Pizza,"229,0",35,On time,returning
110408,2026-07-13,21,Uppsala,Indian,267,26,On time,Returning
100134,24/02/2026,23,Uppsala ,Sushi,SEK 257,35,On time,Returning
109689,2026-07-04,11,Stockholm,KEBAB,238.0,41,on time,New
105434,2026-05-07,17,Stockholm,Kebab,249.0,31,On time,Returning
112626,2026-08-12,13,göteborg,Burgers,224 kr,45,On time,Returning
104458,2026-04-24,19,Stockholm,Thai,227.0,25,ON TIME,New
105682,2026-05-10,12,Stockholm,Thai,233,32,On time,Returning
106057,2026-05-16,21,Göteborg ,PIZZA,417.0,43,Ontime,Returning
105584,2026-05-09,10,Stockholm,Sushi,277.0,34,On time,New
106996,28.05.2026,12,STOCKHOLM,Vegan,307.0,32,On time,Returning
112424,2026-08-09,17,Stockholm,Pizza,"379,0",39,On time,Returning
113242,20 Aug 2026,14,Stockholm,SUSHI,313.0,30,Ontime,returning
108160,13 Jun 2026,13,Göteborg,Thai,"172,0",22,on time,Returning
112447,2026-08-09,14,Stockholm,Sushi,"192,0",45,On time,New
112670,2026-08-12,19,Malmö,Thai,259,42,On Time,Returning
106912,27.05.2026,19,Göteborg,Burgers,164.0,51,late,returning
107460,3 Jun 2026,21,Malmö,Sushi,257.0,49,Late,New 
106659,2026-05-23,18,Malmö,Indian,"183,0",47,Late,Returning
101491,15 Mar 2026,20,Stockholm,Burgers,333.0,37,On time,Returning
112351,2026-08-08,23,Stockholm,Sushi,147.0,52,Late,New
111966,2026-08-03,12,Sthlm,Indian,271 SEK,20,On time,Returning
112178,2026-08-06,20,Stockholm, Vegan,215.0,47,Late,Returning
112381,8 Aug 2026,14,Malmö,Burgers,177.0,29,On time,Returning
104297,2026-04-21,14,Uppsala,Thai ,SEK 150,38,on time,Returning
104900,2026-04-30,13, Stockholm,Salad,264.0,18,On time,Returning
111547,2026-07-28,20,Malmö,Thai,237.0,34,ON TIME, new
110760,2026-07-18,19,Stockholm,Pizza,250.0,51,Late ,Returning
112059,2026-08-04,18,Malmö,Vegan ,"302,0",39,On time,Returning
112548,2026-08-10,13,malmö,Vegan,310 kr,34,On time,Returning
112578,11.08.2026,11,Stockholm,Sushi,"295,0",31,On time,New 
111047,22 Jul 2026,16,Göteborg,Kebab,SEK 240,43,On time,Returning
111534,2026-07-28,17,Stockholm,pizza,193.0,33,on time,RETURNING
105124,2026-05-03,17,stockholm,Indian ,242,33,on time ,Returning
111139,2026-07-23,19,stockholm,Kebab,262.0,56,Late,Returning
108268,14.06.2026,20,Stockholm, Sushi,287 SEK,31,On time,Returning
104135,2026-04-19,12,Malmö,Kebab,263 SEK,29,On time,Returning
112829,15.08.2026,19,Göteborg,sushi,276.0,28,On time,Returning
104533,2026-04-25,12,Göteborg,Pizza,268 kr,42,On time,Returning
109593,2026-07-02,23,Uppsala, Burgers,212,43,On time,Returning
112328,2026-08-08,20,Stockholm,Thai,225.0,42,On time,Returning
112892,15 Aug 2026,19,Uppsala ,Burgers,301,31,On time,NEW
104121,2026-04-19,9,stockholm,Burgers,SEK 217,26,On time,Returning
103316,2026-04-08,20,uppsala,Pizza,307.0,38,On time,New
100901,2026-03-07,14,Stockholm,Vegan,214.0,44,On time,Returning
100559,02/03/2026,12,Stockholm,Pizza,SEK 272,23,On time,Returning 
104385,2026-04-23,17,Gbg,Kebab,208.0,42,on time , Returning
103190,7 Apr 2026,20,Göteborg,Burgers,272.0,42,Ontime,New
108673,19/06/2026,12,Malmö,Kebab,"227,0",42,On time,New
107052,2026-05-29,11,Stockholm,Kebab,304,49,Late, Returning
107249,2026-05-31,13,Uppsala,Sushi,260.0,27,On time,Returning
107580,2026-06-05,16,Stockholm,Kebab,225.0,37,On time,Returning
106124,16 May 2026,13, Uppsala,Burgers,255 kr,41,On time,Returning
112561,10.08.2026,14,Lund, Sushi,290.0,31,On time,Returning
106079,16/05/2026,12,Stockholm,Pizza,214,29,On time, new
105167,2026-05-03,15,Malmö,PIZZA,374 kr,34,Ontime,New
111499,28/07/2026,10,Göteborg,Burgers ,311.0,43,On time,New
106235,2026-05-18,20,Göteborg,PIZZA,218 kr,42,On time,Returning
103928,2026-04-17,16,Göteborg,Kebab,"180,0",27,ON TIME,Returning
109509,2026-07-01,19,Malmö,Pizza,116 SEK,43,On time,New
104408,2026-04-23,13,Stockholm,Sushi,138.0,29,On time,Returning 
102498,2026-03-29,17,Göteborg,Vegan,236.0,33,On time,New
102344,2026-03-27,13, Stockholm,Thai,312,42,On time,New
108693,20/06/2026,19,Göteborg,Thai,196 SEK,44,On time,Returning
103392,2026-04-09,16,Uppsala,Salad,SEK 192,42,On time,Returning 
105051,02.05.2026,19, Stockholm,Sushi ,281.0,50,Late,Returning
105701,2026-05-10,19,Malmö,Pizza,164.0,40,On time,Returning
107379,2026-06-02,19,Stockholm ,Burgers,326.0,24,On time,Returning
112299,2026-08-08,9,Göteborg,Indian ,313,34,On time,Returning 
100954,7 Mar 2026,11,Lund,Thai,238 kr,38,Ontime,returning
108089,12.06.2026,14,Göteborg,Kebab,"220,0",38,Ontime,New
110767,2026-07-18,16,Malmö,Sushi,281.0,37,On time,New
101426,2026-03-14,13,Stockholm,salad,SEK 297,34,On time,Returning
111215,2026-07-24,13,STOCKHOLM,Pizza,226.0,33,On Time,Returning
101767,2026-03-19,11,stockholm,Pizza,196.0,15,On time,RETURNING
107884,9 Jun 2026,11,Stockholm,Kebab,313,36,Ontime,Returning
106773,25.05.2026,12, Göteborg,Kebab ,319.0,25,On time,Returning
101091,2026-03-09,10,Stockholm,PIZZA,"242,0",36,On time,Returning
104327,2026-04-22,14,Stockholm,Thai,183,37,On time,Returning
112089,2026-08-05,13,Göteborg,Thai ,309.0,42,on time ,Returning
100645,03/03/2026,21,STOCKHOLM,salad,247.0,42,On time,Returning
102638,2026-03-30,10,Lund,Pizza,280.0,44,On time,New
109584,2026-07-02,18,malmö,Salad,295,37,On time,New
105321,5 May 2026,16,Sthlm,Pizza,271.0,47,Late,New
108858,2026-06-22,12,Göteborg,Pizza,192.0,49,Late,Returning
104451,2026-04-24,10, Göteborg,Sushi,212.0,44,On time,Returning
102833,2026-04-02,12,Stockholm,kebab,"216,0",40,On time, Returning
107298,1 Jun 2026,15,Stockholm, Pizza,203.0,33,ON TIME,Returning
112267,7 Aug 2026,17,Malmö,Pizza,208.0,21,ON TIME,Returning
109387,2026-06-29,12,Uppsala,SUSHI,344.0,26,on time,Returning
107586,2026-06-05,12,Stockholm,INDIAN,260.0,37,On time,Returning
105672,2026-05-10,12,Stockholm,Thai,218.0,22,ON TIME,Returning
102519,29 Mar 2026,12,Stockholm,Pizza,212.0,31,On time,NEW
100304,2026-02-27,14,Göteborg,Pizza,"217,0",43,On time,New
110289,2026-07-12,11,Stockholm,pizza,243.0,27,On time,Returning
109834,2026-07-06,11,Stockholm,Pizza,173.0,62,Late,Returning
109785,05/07/2026,12,Stockholm,Burgers,SEK 290,44,on time ,New
106978,2026-05-28,12,Göteborg,burgers,357.0,48,Late,Returning
112910,2026-08-15,12,Lund,Salad,158.0,52,Late,New
100864,2026-03-06,9,Uppsala,KEBAB,255.0,34,On time,New
107404,3 Jun 2026,13,Göteborg,indian,171.0,52,Late ,New
106889,26.05.2026,14,Malmö,Vegan,346.0,34,On time,NEW
104639,26/04/2026,19,Stockholm,Vegan,293 kr,29,on time,New
104330,2026-04-22,19,Stockholm,Sushi,246.0,39,On time, Returning
106620,2026-05-23,22,Stockholm,Salad,"265,0",32,On time,Returning
109004,2026-06-24,11,Stockholm,Sushi,153 SEK,43,Ontime,New
102196,25 Mar 2026,11,Göteborg,Burgers,327.0,32,On Time, Returning
109039,25 Jun 2026,12,Stockholm, Indian,248,53,Late,New
108134,2026-06-12,11,Uppsala,Burgers,383.0,29,On time,Returning
113295,2026-08-21,18,Göteborg,Burgers,239.0,35,On time,Returning
104367,2026-04-22,18,Uppsala,Indian,232 kr,37,On time,Returning
106442,20 May 2026,13,Lund,Burgers,297.0,35,On time,Returning
105677,2026-05-10,19,Stockholm,Thai,SEK 170,29,On time,Returning
101499,2026-03-15,11,Stockholm,INDIAN,277,30,On time,Returning
105887,2026-05-13,11,Stockholm,Pizza,188.0,48, late,Returning
105633,2026-05-09,18,uppsala,Pizza,259.0,56, late,Returning 
108902,2026-06-22,21,Lund,burgers,284,40,On time,RETURNING
105117,3 May 2026,16,Göteborg ,Burgers,223.0,27,On time,Returning
104450,24 Apr 2026,11,Göteborg,Pizza,269.0,42,On time,Returning
109605,2026-07-03,9,Göteborg, Sushi,243.0,29,On time,New
106125,2026-05-16,19,Uppsala,Kebab,217.0,43,On time,Returning
109345,29.06.2026,12,Göteborg,Indian,SEK 329,44,on time ,New
102751,01.04.2026,21,Stockholm,Burgers,320.0,31,On time,Returning
111636,2026-07-30,10,Göteborg,Pizza,296.0,48,Late,Returning
107315,1 Jun 2026,12,Malmö,Burgers,"210,0",0,,New
113351,22 Aug 2026,12,Göteborg,Burgers,"242,0",39,on time ,Returning
111614,29 Jul 2026,18,Uppsala,Sushi,281 kr,40,On time,New
106967,2026-05-27,12,Uppsala ,Burgers,251 SEK,29,On time,Returning
112328,2026-08-08,20,Stockholm,Thai,225.0,42,On time, Returning
109185,2026-06-27,15,Stockholm,Sushi,190.0,38,On time,RETURNING
106452,21.05.2026,11,Göteborg,Burgers,260,37,On time,Returning
102078,23 Mar 2026,10,Stockholm,Sushi,210.0,54,Late, Returning
110371,13/07/2026,11,Stockholm,Sushi,"248,0",30,On time,Returning
110962,2026-07-21,11, Göteborg,Sushi,89.0,25,On time,Returning
104732,2026-04-28,21,Gbg,Vegan,168 SEK,44,ON TIME,Returning
104716,27 Apr 2026,19,Malmö,Burgers,"274,0",54,Late,New
110380,13.07.2026,14,Stockholm,Sushi,366,38,on time,Returning
106068,16.05.2026,18,Göteborg,Thai,169.0,17,On time,Returning
100641,2026-03-03,21,Stockholm,Pizza,SEK 313,30,On time,Returning
108907,23/06/2026,19,Göteborg,Sushi,"292,0",29,On time,New
106688,24/05/2026,19,Göteborg ,Burgers,"174,0",37,On time,new
101026,08/03/2026,20,Malmö,Burgers,312 kr,21,On time,RETURNING
110922,2026-07-20,10,Stockholm,Pizza,251.0,39,On time, Returning
101286,12.03.2026,14,Stockholm,Thai,383.0,32,On time,New
103588,2026-04-12,11,Stockholm,Pizza,174.0,26,On time,Returning
111438,2026-07-27,12,,Kebab,191,-5,,Returning
108023,2026-06-11,15,Stockholm,Burgers,224,35,On time,Returning
108245,2026-06-14,23,Göteborg,Pizza,173.0,35,On time,Returning
105595,09/05/2026,12,Stockholm,KEBAB,SEK 254,32,On time,New
111915,2 Aug 2026,13,Malmö,Kebab,310.0,29,On time,Returning
105012,2026-05-02,11,Göteborg,Burgers,"224,0",55,Late ,Returning
102347,27 Mar 2026,15,Stockholm,Burgers,224.0,41,On time,Returning
108254,2026-06-14,15,Stockholm,Pizza,189.0,28,Ontime,Returning
102016,2026-03-22,17,malmö,Kebab,230.0,39,On time,New
102897,3 Apr 2026,11,Stockholm,Burgers,"289,0",36,On time,Returning
111559,2026-07-28,18,Lund,PIZZA,"280,0",46,Late, Returning
101802,19 Mar 2026,19,Malmö ,Burgers,285.0,34,On time,Returning
111192,24.07.2026,13,Stockholm,Kebab,338.0,23,On time,Returning
104149,2026-04-19,19,Malmö,Indian,315,43,On time,New
112044,2026-08-04,16,stockholm,Pizza,193.0,48,Late,New
113030,2026-08-17,12,Stockholm,Burgers,288,28,On time,New
105619,09.05.2026,12,Malmö,Pizza ,277.0,0,,RETURNING
102973,2026-04-04,18,Stockholm,Pizza ,233 kr,29,On time,Returning
108761,20.06.2026,19,Lund ,thai,"230,0",38,On time,New
108583,2026-06-18,18,Malmö,Kebab,263.0,30,On time,New
110460,2026-07-14,15,stockholm,Thai ,"89,0",31,On time,Returning
103084,2026-04-05,21,Malmö,Burgers,321.0,23,On Time,Returning
104853,2026-04-29,11,Uppsala,Kebab,157 SEK,50,Late,Returning
101954,2026-03-21,15,Lund,Indian,212,33,on time,Returning
101490,2026-03-15,11,Stockholm,SUSHI,225.0,29,On time,New 
111286,25 Jul 2026,11,Stockholm,Kebab,"125,0",34,On time,Returning
104562,25 Apr 2026,11,Stockholm ,PIZZA,204.0,27,On time,Returning
100940,2026-03-07,11,Malmö,Vegan,191 kr,36,On time,Returning
106835,2026-05-26,14,Göteborg,Thai,256 SEK,28,on time ,returning
105987,2026-05-14,10,Uppsala,Indian,232,31,On time,Returning
108821,21.06.2026,19,MALMÖ,Indian,237.0,35,On time,Returning
107674,06/06/2026,18,Stockholm, Burgers,300,23,On time,RETURNING
108384,15 Jun 2026,13,Malmö,Salad,210.0,37,On time,New
103726,2026-04-13,17,Lund ,Thai,362.0,35,On Time,returning
109428,30.06.2026,19,Stockholm,Pizza,256 SEK,30,On time,New
109518,01.07.2026,19,Malmö,Salad,308.0,29,On time,New
102275,2026-03-26,21,Stockholm,Salad,286.0,41,On time,New
105860,2026-05-13,18,Göteborg,Pizza,191.0,43,On Time,Returning
104141,2026-04-19,17,Malmö ,Burgers,SEK 236,37,On time,New
105910,13 May 2026,18,uppsala,Kebab,284 SEK,30,On time,Returning
101670,2026-03-17,11,Malmö,BURGERS,252.0,39,On time,New
110102,2026-07-09,16,Lund ,Vegan,192.0,41,On time,New
106841,2026-05-26,11,Göteborg,Salad,"271,0",45,On time,Returning
109492,2026-07-01,12,Stockholm,Pizza,212.0,38,On time,Returning
111783,1 Aug 2026,15,Göteborg,Pizza,SEK 329,32,On time,Returning
103925,2026-04-16,17,Lund,Sushi,277 SEK,43,On time,New
100697,2026-03-04,14,Stockholm,Vegan,"251,0",35,On time,Returning
103185,2026-04-07,22,Göteborg,Burgers,245.0,41,On time, new
107449,03/06/2026,11,stockholm,Thai,"265,0",0,,Returning
110345,2026-07-12,17,Lund,pizza,SEK 245,45,on time,returning
106566,2026-05-22,20,Stockholm,Indian,207.0,31,On time,New
108486,2026-06-17,9,Göteborg,Kebab,259 kr,45,on time ,Returning
108225,2026-06-13,19,lund,Burgers,311.0,35,On time,Returning
104531,25.04.2026,13,Göteborg,Kebab,SEK 215,999,,New
101185,10/03/2026,9,Lund,Kebab,198,44,On time,Returning
102265,2026-03-26,12,Göteborg,kebab,312.0,43,On time,Returning
110316,2026-07-12,16,Malmö,Salad,285.0,31,On time,Returning
104265,2026-04-21,18,Stockholm,Pizza,171.0,36,On time,Returning
102419,2026-03-28,19,Göteborg,Burgers,197.0,38,On time,Returning
105554,2026-05-09,22,Göteborg,Kebab,187 SEK,30,On time,Returning
110750,2026-07-18,17,Stockholm,Sushi,300.0,39,On time,Returning
101965,2026-03-22,13,Göteborg,BURGERS,183 SEK,37,On time,Returning
103148,6 Apr 2026,12,STOCKHOLM,Salad,373.0,30,On time,New
103589,12/04/2026,20,Stockholm,Pizza,326,38,On time,Returning
101522,2026-03-15,9,Malmö,Burgers,SEK 187,43,On time,Returning
102546,29 Mar 2026,20,Malmö,Burgers,269,35,On time,New
111724,31.07.2026,11,Stockholm, Thai,216 kr,41,On time,Returning
107879,2026-06-09,19,Stockholm,Burgers,SEK 330,31,On time,returning
102155,24/03/2026,12,Stockholm,Kebab,225,35,On time,New
100976,8 Mar 2026,19,Göteborg,sushi,"355,0",41,On time,Returning
104272,2026-04-21,22,Stockholm,Salad,288.0,48,Late,New
101516,15 Mar 2026,12,Stockholm, Pizza,220.0,40,On time,Returning
102918,2026-04-03,20,Uppsala,Sushi,243.0,29,On time, new
101340,2026-03-13,11,Stockholm,Indian,272 kr,27,Ontime,New
104940,2026-05-01,18,Gbg,THAI,214,42,On time,Returning 
108114,12 Jun 2026,19,Stockholm,Burgers,267,38,On time,Returning
100337,27.02.2026,23,Malmö,Burgers,243 SEK,47,LATE,Returning
108875,2026-06-22,19,Stockholm,PIZZA,250.0,48,Late,Returning
101049,2026-03-09,18,Göteborg,Burgers,256 SEK,29,on time ,Returning
112870,2026-08-15,14,Stockholm,Burgers,282.0,34,On time,Returning
104595,26/04/2026,19,Göteborg,Pizza,202.0,46,Late,returning
108713,2026-06-20,17,Stockholm,Thai,233,23,On time,Returning
107783,07.06.2026,18,Malmö,Pizza,229.0,44,On time,RETURNING
103836,2026-04-15,11,Malmö,THAI,246,32,On time,New
112779,2026-08-14,11,Stockholm,Pizza,"263,0",50,Late,New
112539,2026-08-10,20, Malmö,Indian,326 kr,18,On time,New
110192,2026-07-11,22,Stockholm,Burgers,227.0,31,On time,New
112906,2026-08-15,12,Lund, Salad,275.0,52,Late,Returning
100827,06.03.2026,13,Stockholm,Vegan,260.0,24,On time, Returning
113139,2026-08-19,12,Göteborg,SUSHI,260.0,41,On time,Returning
113253,2026-08-20,12,Stockholm,Burgers,208.0,42,On time,New
105200,4 May 2026,12,Göteborg,Burgers,253.0,50,Late,Returning
102691,2026-03-31,10,Stockholm,Pizza,264 kr,46,Late,New
100471,1 Mar 2026,17,Göteborg,Thai,209 SEK,27,On time,Returning 
101783,19 Mar 2026,12,Stockholm,Indian ,226 kr,38,on time,Returning
113259,20/08/2026,14,malmö, Indian,283.0,44,on time, Returning
100923,2026-03-07,16,Stockholm,VEGAN,287,42,Ontime, new
102716,2026-03-31,12,lund,Pizza,359.0,42,On time,Returning
111679,2026-07-30,11,Malmö,Kebab,238.0,50,Late,NEW
100593,2026-03-02,18,Uppsala,Burgers,366.0,48,Late,RETURNING
109943,2026-07-07,20,Malmö,Burgers,279 SEK,48,Late,Returning
111889,2026-08-02,17, Stockholm,Vegan,259,35,On time,New
103568,2026-04-12,19,Göteborg,Kebab,320.0,26,On time,Returning
103909,16/04/2026,20,Malmö,Kebab,265,36,On time,Returning
103393,09/04/2026,20,Uppsala,Pizza,219 SEK,56,Late,Returning
111522,2026-07-28,13,Stockholm,Burgers,297.0,44,On time,Returning
103738,14/04/2026,18,Göteborg,Salad,"173,0",23,On time,Returning 
104605,26 Apr 2026,13,GÖTEBORG,Indian,315.0,31,On time,New
110664,2026-07-17,20,Stockholm,Sushi,368.0,35,On time,RETURNING
109692,04.07.2026,19,Stockholm ,Indian,209 kr,17,On time,Returning
107329,01/06/2026,19,Lund,Thai,260.0,28,On time,New
107050,29 May 2026,13,Stockholm,Burgers,"145,0",25,On Time,Returning
111159,23 Jul 2026,18,Uppsala,Sushi,275.0,0,,returning
104029,2026-04-18,11,Stockholm,Kebab,342,29,On time,Returning
110244,2026-07-11,13,Lund,Pizza,183,29,On time,Returning 
105506,8 May 2026,13,Stockholm,Pizza,299 kr,46,Late,Returning
102952,2026-04-04,13,STOCKHOLM,Kebab,235 kr,34,On time,Returning
108716,2026-06-20,19,Stockholm,Burgers,270,31,On time,Returning
100725,4 Mar 2026,17,Malmö,Pizza,307.0,16,On time,New
109602,03.07.2026,15,Göteborg,Burgers,239.0,20,Ontime,New
104539,25.04.2026,11,Stockholm,THAI,223,28,On time,Returning
101418,2026-03-14,16,Stockholm,Pizza,297.0,33,On time,Returning
112086,2026-08-05,11,Göteborg,Vegan,233.0,24,On time,Returning
111078,2026-07-22,20,Malmö,pizza,187 SEK,56,LATE, Returning
101342,13 Mar 2026,12,Stockholm,Burgers,260.0,47,Late,New
105147,2026-05-03,20,Stockholm,Kebab,179.0,49,Late,New
112672,12/08/2026,12,Malmö,Kebab,328 SEK,0,,Returning
112598,2026-08-11,23,Stockholm,Burgers,311,38,On time,Returning
100385,2026-02-28,11,Stockholm,PIZZA,"297,0",53,Late,Returning
105460,7 May 2026,19,Malmö,Thai,286.0,33,On time,Returning
107828,2026-06-08,9,Stockholm,Pizza,249.0,27,ON TIME, Returning
103288,2026-04-08,21,Stockholm,Pizza,378,32,On time,new
104086,2026-04-19,12,göteborg,Thai,249.0,55,Late,RETURNING
112009,2026-08-04,13,Göteborg,Indian,"230,0",26,On time,RETURNING
108336,15.06.2026,18,Stockholm,Pizza,176.0,20,On time,returning
102840,2026-04-02,21,Stockholm,Burgers,225.0,999,,New
102537,29 Mar 2026,19,stockholm,Pizza,262.0,28,On time,New
111309,2026-07-25,11,Malmö,Thai,310.0,53,late,New
103420,2026-04-10,18,Göteborg,Kebab,254.0,44,On time,Returning
108725,20 Jun 2026,23,Stockholm ,Vegan,"264,0",32,on time ,New
109562,02.07.2026,15,Stockholm, Indian,241,43,On time,Returning
101707,18/03/2026,21,STOCKHOLM,Burgers,275.0,25,On time,New
111092,22 Jul 2026,19,Malmö,Burgers,217,37,On time,Returning
107220,2026-05-31,18,Stockholm,Burgers,205.0,35,On time, new
106084,2026-05-16,13,Stockholm,Thai,196.0,25,On time,Returning
107304,2026-06-01,14,Stockholm,Burgers,186 kr,47,Late ,New
100809,06/03/2026,17,göteborg,SUSHI,"240,0",31,On time,Returning
107043,2026-05-29,20,Göteborg,Pizza,217,41,On time,Returning
102799,2026-04-02,16,Gbg,Sushi,242.0,45,On time,New
113059,2026-08-17,20,Lund,Burgers,257.0,33,On time,RETURNING
108881,2026-06-22,20,Malmö,sushi,"193,0",41,On time,New
106040,15 May 2026,11,Malmö,Sushi,263,34,Ontime,Returning
110360,2026-07-13,15,Göteborg,Pizza,365,27,On time,Returning
101416,14/03/2026,18,Stockholm,burgers,SEK 258,27,On time,Returning
112680,2026-08-12,12,uppsala,Kebab,394.0,38,On time,Returning
102401,28.03.2026,20,Göteborg,Burgers,"221,0",31,On time,returning
112380,2026-08-08,13,Malmö,Kebab,347,33,On time,Returning
110744,2026-07-18,12,Sthlm,Thai,341.0,34,On time,New
110319,2026-07-12,12,Malmö,kebab,313.0,40,On Time,Returning
109578,2026-07-02,13,Malmö,Indian,183,49,Late,Returning 
105080,02/05/2026,18,Uppsala,Pizza,264.0,37,On time,new
104150,19.04.2026,16,Uppsala,Pizza,211,26,on time ,Returning
112518,2026-08-10,20,Stockholm,BURGERS,"298,0",48,Late,returning
104002,2026-04-18,14,Stockholm,Pizza,211.0,37,On time,New
102941,2026-04-04,18,Göteborg ,Sushi,254.0,40,On time,RETURNING
101589,2026-03-16,13,Stockholm,Burgers,151,29,Ontime,New
106679,2026-05-24,20,Göteborg,Kebab,273.0,38,on time ,Returning
111515,2026-07-28,17,Sthlm,pizza,267 kr,42,On time,Returning
108235,2026-06-14,16,Göteborg,Pizza,144.0,45,On time, Returning
104018,18.04.2026,21,Stockholm,Burgers,SEK 317,31,on time,Returning
106247,2026-05-18,17,Göteborg,Pizza,218.0,38,On time,New
108570,18 Jun 2026,13,Sthlm,KEBAB,362.0,53,Late,Returning
108198,13/06/2026,19,Malmö,Thai,"292,0",24,On time,Returning
104530,2026-04-25,17, Göteborg,Pizza,264.0,58,Late, Returning
113332,2026-08-21,22,Malmö,Pizza ,220.0,47,Late,Returning
100203,2026-02-25,10, Malmö,Pizza,252.0,31,On time,Returning
105123,3 May 2026,20,Stockholm,Sushi,"192,0",24,On Time,New
102621,2026-03-30,20,MALMÖ,Kebab,206,50,Late,RETURNING
105500,2026-05-08,9,Stockholm,Pizza,261.0,40,On time,Returning
107498,2026-06-04,22,Göteborg,Kebab,232.0,36,On time,Returning
101456,14 Mar 2026,13,Lund ,Sushi,157.0,30,On time,New
102064,23 Mar 2026,12,Stockholm,Kebab,SEK 274,42,On Time,New
106602,2026-05-23,10,Göteborg,pizza,202.0,42,ON TIME,returning
104701,27 Apr 2026,11,Stockholm,Kebab,285,41,On time,New
108547,2026-06-18,19,Göteborg ,Thai,225.0,48,Late,new
112557,2026-08-10,20,Lund,Pizza,273,37,On time,Returning
101873,2026-03-20,14,Lund,Burgers,229 SEK,17,Ontime,New
105161,3 May 2026,18,Stockholm,Sushi,271.0,34,on time,New
100129,24 Feb 2026,17,Malmö,Burgers,"280,0",0,,returning
107701,2026-06-06,20,Uppsala, Burgers,250.0,37,Ontime,New
110950,2026-07-20,21,Uppsala,Sushi ,298,43,On time,Returning
113340,2026-08-21,15,uppsala,VEGAN,276.0,41,On time,New
101278,2026-03-12,17,Stockholm,Indian,207.0,39,On time,Returning
106980,2026-05-28,14,,Thai,301.0,43,On time,New
109375,2026-06-29,9,MALMÖ,THAI,251.0,20,On time,New
105661,2026-05-10,13,Göteborg,pizza,258 SEK,53,Late,Returning
109103,2026-06-26,11,Stockholm,Vegan ,"225,0",33,On time,Returning
113169,2026-08-19,11,,Salad,225.0,16,On time,Returning
110108,2026-07-10,20,Göteborg,Pizza,253.0,22,On time,New
112759,2026-08-14,18,Göteborg,Kebab,"207,0",43,On time,New
109022,2026-06-24,13,Lund,Sushi,254.0,34,On time,Returning
111315,25 Jul 2026,18,Malmö,Pizza,248.0,51,Late,New
106314,2026-05-19,19,göteborg,Sushi,"294,0",46,Late, new
112460,2026-08-09,12,Malmö,salad,297.0,35,On time,Returning 
102814,2026-04-02,13,Stockholm,Indian,253.0,50,Late,Returning
111057,2026-07-22,18,Stockholm,Kebab,219.0,23,On time,Returning
107179,30 May 2026,17,Lund ,BURGERS,285.0,46,Late,Returning
105052,2026-05-02,19,stockholm,Pizza,282,49,Late,Returning
103298,2026-04-08,19,Sthlm,SUSHI,"238,0",29,On time,New
110026,2026-07-08,23,lund,Salad,SEK 238,21,Ontime,New
102166,2026-03-24,17,Malmö,Sushi,212.0,36,On time,New
106120,16.05.2026,19,Uppsala ,Thai,"161,0",26,On time,New
105165,03/05/2026,18, Malmö,Pizza,225 SEK,23,On time,New
107598,2026-06-05,12,Malmö,Burgers,227,28,On Time,New
107437,2026-06-03,13,Stockholm,Salad,SEK 277,34,On time,Returning
107243,2026-05-31,18,Malmö,Pizza,SEK 300,45,On time,Returning
111197,2026-07-24,15,Stockholm, Kebab,"292,0",26,On time,Returning
111967,2026-08-03,18,Stockholm,Sushi,SEK 133,48,late,New
107149,2026-05-30,14,Malmö,Pizza,239,37,On time,Returning
108560,2026-06-18,13,Stockholm,kebab,155.0,34,On time,Returning
107816,2026-06-08,19,Göteborg,Pizza,266 SEK,38,On time,Returning
110068,2026-07-09,19,Stockholm,Burgers,330 kr,31,On time,Returning
109735,2026-07-04,19,Lund,BURGERS,277.0,36,On time,Returning
102290,26.03.2026,13,Stockholm,Indian,322.0,34,On time,New
102616,2026-03-30,13, Stockholm,Pizza,231.0,28,On time,Returning
112314,8 Aug 2026,19,Göteborg,Kebab,226 kr,24,On time,New
102800,2026-04-02,13,Göteborg,Pizza,322.0,44,On Time,New
103484,2026-04-11,16,Göteborg,Indian,182.0,39,On time,Returning
102917,3 Apr 2026,18,Uppsala,Pizza,357.0,23,On time,Returning
100837,2026-03-06,10,STOCKHOLM,Burgers,388.0,38,On time,Returning
111753,31.07.2026,12,MALMÖ,Kebab,SEK 237,20,On time,NEW
111332,25/07/2026,19,Uppsala,Indian,218.0,29,On time,New
103878,2026-04-16,17,Göteborg,Kebab,115.0,250,,New
112373,2026-08-08,11,Malmö, Indian,272.0,49,Late ,Returning
102438,2026-03-28,11,Stockholm,PIZZA,"357,0",43,On time,Returning
110707,17.07.2026,13,Lund,Burgers,161,29,On time,Returning
102980,2026-04-04,17,Stockholm,SUSHI,240.0,38,on time,Returning
110385,13 Jul 2026,18,Stockholm,Sushi ,228.0,32,On time,Returning
110200,2026-07-11,15,Stockholm,pizza,265 SEK,43,On time,Returning 
107841,2026-06-08,18,Malmö,Indian,"247,0",51,late,New
101304,2026-03-12,13,Malmö,Salad,"238,0",50,LATE,Returning 
104511,24.04.2026,17,Lund ,Burgers,268.0,20,On time,Returning
107865,9 Jun 2026,18,Göteborg,Salad,SEK 307,42,On time,Returning
103889,2026-04-16,16,Stockholm,Kebab,"260,0",37,On time,Returning
103377,2026-04-09,19,Malmö,Indian,164.0,15,on time,New
103229,2026-04-07,16,Malmö ,Burgers,SEK 196,40,on time ,New
112368,2026-08-08,20,MALMÖ,Vegan,269 kr,38,On time,returning
103773,14.04.2026,22,Malmö,Salad,"297,0",41,On time,Returning
113347,2026-08-21,9,Lund,Salad,"218,0",23,On time,Returning
105300,05/05/2026,17,GÖTEBORG,Vegan,146.0,29,On time,Returning
101938,2026-03-21,11, Malmö,Pizza,120.0,43,Ontime,new
102940,04.04.2026,12,göteborg,Burgers,220.0,30,On time,New
109709,04.07.2026,13,STOCKHOLM,PIZZA,364,52,Late,New 
108201,13 Jun 2026,13,Malmö ,Pizza,242.0,34,On time,NEW
101599,16/03/2026,13,Malmö,Indian,264.0,42,On time,New
103860,2026-04-15,17,Lund,Kebab,325 SEK,35,ON TIME,Returning
102302,26 Mar 2026,12,malmö,Thai,289.0,32,On time,Returning
103035,2026-04-05,13,Stockholm,Pizza ,157 kr,43,On time,New
106486,2026-05-21,9,Stockholm,Burgers,306.0,40,On time,New
112611,2026-08-11,12,Uppsala,Pizza,164.0,41,on time ,Returning
112638,12.08.2026,12,,Kebab,166.0,39,On time,NEW
110808,19/07/2026,20,Göteborg,sushi,292.0,28,On time,New
109001,2026-06-24,19,Stockholm ,Salad,292.0,44,On time,returning
111698,30.07.2026,20,Lund,Burgers,206.0,42,on time ,Returning
105624,9 May 2026,11,Malmö,Pizza,168,28,On time,Returning
112706,13 Aug 2026,21, Stockholm,Pizza,252.0,28,On time,New
102575,2026-03-30,14,GÖTEBORG,Pizza,244.0,51,Late,New
111502,2026-07-28,13,Göteborg,Burgers,231.0,32,On time,Returning
104435,2026-04-23,11,Lund,Salad,216.0,15,On time,Returning
113297,21 Aug 2026,20,Göteborg,Sushi,184.0,35,On time,returning
104819,2026-04-29,19,Stockholm,Kebab,292.0,28,On time,Returning
112690,13.08.2026,18,Göteborg,Kebab,"246,0",38,On time,New
100888,07/03/2026,19,Göteborg,Kebab,312,40,On time,Returning
109510,2026-07-01,16, Malmö,Burgers,269 kr,35,On time,Returning
112091,5 Aug 2026,13,Göteborg,Vegan,"231,0",27,On time,Returning
108280,2026-06-14,21,Stockholm, Kebab,223.0,-5,,New
103832,15 Apr 2026,12,Stockholm,Thai,225.0,27,On time,Returning
102251,2026-03-26,18,Göteborg,Indian,230.0,36,On Time,RETURNING
112920,16/08/2026,19,Göteborg,Kebab,253,43,on time,Returning
101159,10.03.2026,20,Sthlm, Indian,236.0,34,On time,RETURNING
101215,11 Mar 2026,21,STOCKHOLM,Kebab,251.0,31,on time ,Returning
112848,2026-08-15,12,Stockholm,PIZZA,SEK 273,34,On time,Returning
109261,2026-06-28,17,Göteborg,Sushi,205.0,54,Late,Returning
100748,05.03.2026,14,Göteborg,Burgers,254.0,35,On time,Returning
104765,28/04/2026,11,Stockholm,Pizza,287 SEK,28,On time,New
100242,26/02/2026,13,Stockholm,Thai,191.0,56,LATE,returning
104044,18 Apr 2026,13,Malmö,Vegan,201.0,25,on time,Returning 
104609,26 Apr 2026,10,Stockholm,Kebab,247.0,49,Late,New
103734,2026-04-14,11,Göteborg ,Sushi ,285.0,30,On time,New
101621,17 Mar 2026,17,GÖTEBORG,Thai,SEK 222,31,On time,New
103277,2026-04-08,14,Stockholm,Thai,268,42,On time,Returning
104800,29.04.2026,11,Göteborg,Pizza,319.0,40,On time,returning
106359,2026-05-19,19, Uppsala,Kebab,221.0,25,On time,Returning
103639,12/04/2026,18,Lund,Sushi,266.0,28,On time,returning
104786,2026-04-28,11,Uppsala,Sushi,222,41,ON TIME,Returning
109837,2026-07-06,12,Stockholm,Pizza,212.0,47,Late,Returning
103751,2026-04-14,12,Stockholm,Pizza,225.0,28,On time,New
101653,17 Mar 2026,20,Stockholm,pizza,219,43,On time,New
112591,11 Aug 2026,10,Stockholm,Vegan,251 kr,25,On time,Returning
100022,23 Feb 2026,12,Stockholm,Thai,235 SEK,16,On time,Returning
108945,2026-06-23,13,Malmö,Kebab,298 kr,35,On time,Returning
101857,2026-03-20,12,malmö,Pizza,216.0,47,Late,Returning
102733,01.04.2026,15,göteborg,Burgers,"134,0",33,On time,Returning
102397,27/03/2026,10,Lund,Pizza,296 SEK,48,Late,New
105428,7 May 2026,16,Göteborg,Sushi,216.0,26,on time, Returning
109118,2026-06-26,22,Stockholm,THAI,254.0,43,On time,New
112642,12 Aug 2026,18,Stockholm,Kebab ,236.0,34,On time,Returning
107228,2026-05-31,9,Stockholm ,Kebab,SEK 267,39,On time,New
100088,24/02/2026,15,Gbg,pizza,280 SEK,43,On time,Returning
107527,2026-06-04,17, Malmö,Burgers,"311,0",37,on time,Returning
111530,2026-07-28,12,STOCKHOLM,Indian,250.0,48,Late,Returning
100096,2026-02-24,18,Göteborg ,Sushi,264 SEK,21,On time,Returning
109739,5 Jul 2026,9,göteborg,Sushi,283.0,33,On time,Returning
104700,27 Apr 2026,11,Stockholm ,Vegan,252.0,27,on time ,Returning
109211,27 Jun 2026,13,Stockholm,burgers,239,33,on time ,Returning
110056,2026-07-09,12,Stockholm,Kebab,"371,0",36,On time,Returning
112913,16.08.2026,14,GÖTEBORG,Indian,282 kr,47,late,Returning
108327,2026-06-15,13,Gbg,Sushi,253.0,27,On time,Returning
100894,2026-03-07,20,Göteborg, Vegan,241.0,52,Late,New
110490,14 Jul 2026,13,Lund,vegan,215.0,26,on time ,New
103686,2026-04-13,15,Stockholm,Vegan,231.0,22,On time,Returning
112017,2026-08-04,21, Göteborg,Sushi,294 kr,23,On time,Returning
103362,2026-04-09,15,Stockholm,burgers,208.0,47,late,New
101172,10 Mar 2026,9,Uppsala,Salad,321.0,999,,Returning
107778,2026-06-07,20,Malmö,Pizza,235.0,34,On time,RETURNING
105197,2026-05-03,15,,Burgers,"302,0",46,Late,Returning
103498,2026-04-11,11, Stockholm,Kebab,230 kr,51,Late,New 
107058,29 May 2026,19,Stockholm,Pizza,289.0,38,On time,Returning
105826,2026-05-12,12,Stockholm,Burgers,202.0,37,On time,New
112166,2026-08-06,20,,Indian,221 SEK,55,Late,Returning
107025,2026-05-28,12,Uppsala,Sushi,212,31,On time,RETURNING
103997,2026-04-18,19,Göteborg,Thai,236.0,38,Ontime,New
106709,2026-05-24,19,Stockholm,Sushi,277.0,49,LATE,Returning
112831,15 Aug 2026,11,göteborg,Kebab,SEK 278,50,Late ,Returning
110812,2026-07-19,19,Göteborg,indian,"200,0",34,ON TIME,Returning
111663,2026-07-30,11, Stockholm,Vegan ,206.0,30,On time,New
111843,2026-08-01,13,Uppsala,Kebab,189.0,28,Ontime,NEW
106899,2026-05-26,14,Lund,Pizza,104.0,30,On time,New
113100,18 Aug 2026,12, Stockholm,Burgers,262.0,28,On time, Returning
107900,9 Jun 2026,11,Stockholm,Kebab,236.0,42,On time,Returning
110919,20 Jul 2026,17,Stockholm,Sushi,172.0,49,Late,New
112984,2026-08-16,19,Malmö,Pizza,254.0,41,On time,Returning
107856,2026-06-08,20,Lund,Pizza,274.0,38,On time, new
108926,2026-06-23,15,Stockholm ,Vegan,148.0,39,On time,Returning
111943,2026-08-03,12,Göteborg,Indian,213.0,37,On time,New
102031,22.03.2026,17, Uppsala,burgers,322 kr,52,Late,Returning
107556,2026-06-05,10,göteborg,Burgers,302.0,999,,Returning
113099,2026-08-18,12,Stockholm,Kebab,339 kr,37,On time,New
102341,27 Mar 2026,20,Göteborg,Pizza,257 SEK,30,On time,Returning 
108811,2026-06-21,20,Stockholm,Indian,284 SEK,37,On time,New
101658,17.03.2026,11,Stockholm,Pizza,202.0,31,On time,Returning
111281,2026-07-25,13,Stockholm,Thai,297.0,45,On time,New
111463,27.07.2026,20,Stockholm,Burgers,280,39,On time,New
111015,21 Jul 2026,15,MALMÖ,Pizza,179.0,29,On time,RETURNING
101112,9 Mar 2026,20,Malmö,Sushi,250.0,44,On time,RETURNING
104926,2026-04-30,14,Uppsala,KEBAB,312.0,32,On time,New
106008,2026-05-15,13,Göteborg, Burgers,302,34,On time,Returning
105130,2026-05-03,12,Stockholm, Thai,"286,0",59,Late,Returning
103564,12 Apr 2026,13,Göteborg,Pizza,231.0,49,late,Returning
111900,2026-08-02,10,Stockholm,Pizza,325 SEK,25,on time,New
101200,2026-03-11,21,Stockholm,Burgers,"253,0",45,On time,New
112037,2026-08-04,18,Stockholm, Salad,335.0,42,On Time,Returning
109559,02.07.2026,23,Sthlm,Salad,325.0,37,On time,Returning
101418,2026-03-14,16,Stockholm,Pizza,297.0,33,Ontime,Returning
106531,2026-05-22,17,Göteborg,SALAD,239 SEK,41,Ontime,Returning
101659,17 Mar 2026,12,STOCKHOLM,Burgers,"289,0",61,Late,Returning 
111848,01.08.2026,12,Uppsala,Sushi,154,53,Late,Returning
105294,5 May 2026,18,Göteborg,Indian,295,58,Late,returning
106332,2026-05-19,13,Stockholm,Pizza,240.0,33,On time,New
110435,2026-07-14,16,Göteborg,Salad,217 SEK,54,Late,Returning
104483,2026-04-24,21,Stockholm ,Kebab,294 SEK,42,On time,Returning
105084,2026-05-02,16,Uppsala,Burgers,"233,0",39,On time,Returning
108204,2026-06-13,12,Malmö,Burgers,146.0,43,On time,Returning
107592,2026-06-05,13,Stockholm,Sushi,227.0,39,On time,Returning
101576,2026-03-16,11,Stockholm,Salad,253.0,31,On time,New
107481,2026-06-03,12,Lund,Burgers ,314.0,44,On time,Returning 
102388,27 Mar 2026,20,Uppsala,Burgers,189,38,On time,Returning
100002,2026-02-23,20,göteborg,Pizza,"264,0",45,On time,New 
105997,15/05/2026,13,Göteborg,Sushi,205 SEK,45,On time,Returning
103132,06.04.2026,13,Stockholm,Pizza,274.0,40,On time,Returning
100719,2026-03-04,18,Stockholm, Indian,252.0,34,On time,New
103780,2026-04-14,19,MALMÖ,Pizza,223.0,57,Late ,New
106778,25/05/2026,12, Stockholm,Burgers,SEK 245,26,On time,Returning
107685,06/06/2026,20,Malmö,Sushi,"302,0",48,Late,Returning
107021,2026-05-28,18,Uppsala,Salad,241.0,42,On time,Returning
102472,2026-03-28,15,uppsala,Vegan,329,37,On time,Returning
107557,05/06/2026,18,Göteborg,Burgers,338,35,on time ,returning
104378,22 Apr 2026,19,Lund,PIZZA,368.0,26,On time,New
107051,29 May 2026,19,Sthlm,Pizza,205.0,19,On time,Returning 
100755,2026-03-05,13,Stockholm,Sushi,201.0,37,On time, Returning
111489,27.07.2026,13, Lund,Pizza,195.0,26,On time,Returning
106428,2026-05-20,14,Malmö,BURGERS,319,40,On time, new
100001,2026-02-23,19,Göteborg,Pizza,199.0,35,On Time,RETURNING
112675,12 Aug 2026,21,Uppsala,Sushi,"146,0",26,On time,returning
104828,2026-04-29,18,Stockholm ,Indian,250,32,On Time,New
100107,2026-02-24,17, Stockholm,Sushi,307.0,15,On time,Returning
100355,27 Feb 2026,14,Uppsala ,Kebab,252 SEK,15,on time ,Returning
109562,2 Jul 2026,15,Stockholm,Indian,241.0,43,On Time,Returning
103814,15/04/2026,11,Stockholm,Kebab,226,41,on time,returning
111270,2026-07-25,10,Stockholm,Pizza,266.0,28,On time,returning
104737,2026-04-28,16,Göteborg,Sushi,"325,0",41,On time,Returning
103189,2026-04-07,14,Göteborg,Kebab,292.0,38,On time,Returning
109146,2026-06-26,20,Uppsala,Indian,255.0,44,On time,New
101020,2026-03-08,20,Malmö,Burgers,210.0,45,ON TIME,Returning
113111,2026-08-18,12,Stockholm,Pizza,"120,0",22,On time,New
108421,2026-06-16,10,STOCKHOLM,Vegan,278,41,On time,Returning 
102818,2026-04-02,12,Stockholm ,Salad,202,44,on time,Returning
101317,2026-03-12,22,Uppsala,Pizza,214.0,54,Late,New
107139,2026-05-30,17,STOCKHOLM,Burgers,213,0,,New 
106261,2026-05-18,11,Stockholm,Pizza,291,31,On time,New
103557,2026-04-12,13,Göteborg,Indian,222.0,41,On time,returning
105988,2026-05-14,23,Lund,Indian,231.0,31,On time,New
110514,15.07.2026,17,STOCKHOLM,Burgers,169.0,51,Late,New
112492,2026-08-10,13, Göteborg,pizza,221 kr,40,On time,New
111106,22 Jul 2026,13,Lund,Kebab,245.0,41,On time,Returning
112448,09.08.2026,17,Sthlm,Burgers,293.0,52, late, Returning
110700,17.07.2026,17,Uppsala,Indian,SEK 294,51,Late,New
103887,16.04.2026,22,Stockholm ,Pizza,331 kr,36,On time,NEW
111058,2026-07-22,21,Stockholm,BURGERS,221.0,34,on time ,Returning
106222,2026-05-17,13,Uppsala,Pizza,250 SEK,34,On time,RETURNING
104490,24 Apr 2026,20,Malmö,Kebab,210.0,38,On time,Returning
101290,2026-03-12,19,Stockholm,Thai,254 kr,34,On time,Returning
105758,2026-05-11,11,Stockholm,Burgers,341.0,38,On time,new
111971,3 Aug 2026,19,Stockholm,Sushi,300.0,53,Late,Returning
106297,2026-05-18,12,,Indian,SEK 345,51,Late,Returning
104260,2026-04-21,12,Sthlm,Kebab,191.0,36,On time,New
103989,17 Apr 2026,19,Lund,Vegan,220 kr,23,On time,New
102604,30 Mar 2026,14,Stockholm,Thai,194.0,25,On time,New
102293,26.03.2026,19,Stockholm ,Pizza,230.0,42,On time,Returning
108250,14 Jun 2026,13,Stockholm,Salad,246 SEK,39,On time,Returning
106865,2026-05-26,21,Stockholm,Burgers,298.0,35,On time,Returning
111647,2026-07-30,12,Stockholm,Kebab,293 kr,44,On time,Returning
112676,2026-08-12,21,Uppsala,Indian,163 kr,45,On time,Returning
103135,2026-04-06,15,Stockholm ,Sushi,237.0,55,Late,New
109460,30 Jun 2026,12,Lund,SUSHI,253.0,47,Late,New
107157,30 May 2026,21,Malmö,Burgers,209.0,43,On time,Returning
112882,15.08.2026,19,Malmö,Pizza,207.0,43,On time,New
103025,2026-04-05,15,Göteborg,Salad,172.0,42,ON TIME,Returning
101086,2026-03-09,20,stockholm,Pizza,224.0,28,On time,Returning
106693,2026-05-24,19,Göteborg,Pizza,"292,0",33,On time, new
105293,2026-05-05,11,,Burgers,182.0,32,on time,Returning 
106075,2026-05-16,16,Stockholm,Kebab,"242,0",35,On time,Returning
105913,2026-05-13,18,Lund,SUSHI,282.0,48,Late,New
106929,2026-05-27,11,Stockholm,Kebab ,210.0,250,,RETURNING
107271,2026-06-01,11,Göteborg,Salad,254.0,54,Late,New
103915,16 Apr 2026,19,Uppsala,Pizza,128.0,26,On time,Returning
108351,15 Jun 2026,20,Stockholm,Pizza,283,40,on time,New
102966,2026-04-04,12,Stockholm,Pizza,233.0,999,,Returning
100355,27 Feb 2026,14,Uppsala,KEBAB,252 kr,15,on time ,Returning
101571,2026-03-16,21,Stockholm,Burgers,"230,0",36,On time,Returning
111236,2026-07-24,18,Uppsala,Kebab,250.0,36,On time,New
106762,25 May 2026,13,göteborg,Kebab,229 kr,38,On Time, Returning
102686,2026-03-31,17,Stockholm,Sushi,199 SEK,33,On time,New
101042,8 Mar 2026,10,Lund,Burgers,254.0,43,On time,Returning
112554,2026-08-10,19,Uppsala,Burgers,264 SEK,44,On time,Returning
109719,2026-07-04,19,Malmö,Burgers,248.0,37,On time,Returning
101805,2026-03-19,11,Uppsala,Sushi,317,44,On time,Returning
110161,2026-07-10,22,Uppsala ,Pizza,315.0,35,On time,New
103854,2026-04-15,13,Uppsala,Burgers ,"251,0",38,On time,New
107302,2026-06-01,14,Stockholm,salad,198 kr,29,On time,Returning
106283,2026-05-18,19,Stockholm,Burgers,SEK 276,36,On time,NEW
104390,2026-04-23,11,Göteborg,Burgers,SEK 295,38,On time,New
105435,2026-05-07,19,Stockholm,Pizza,319.0,36,On time,New
112854,15 Aug 2026,10,stockholm,Thai,231,37,On time,Returning
111075,22.07.2026,21,Stockholm ,Indian,239.0,44,On time,Returning
100656,3 Mar 2026,17, Malmö,Kebab,339.0,28,On time,New
113232,20.08.2026,20,Stockholm,Thai,213.0,48,Late,RETURNING
100939,2026-03-07,14,Malmö ,Burgers,271 SEK,45,On time,Returning
104421,23 Apr 2026,13,Malmö,Pizza,288,29,On time,New
106796,25 May 2026,17,Stockholm,Pizza,321.0,46, late,New
109929,07.07.2026,12,Malmö,Pizza,SEK 179,33,On time,Returning
108095,12 Jun 2026,12,Stockholm,Pizza,"176,0",27,On time,New
106949,27.05.2026,15,Malmö,Kebab,308.0,39,On time,New
106377,2026-05-20,18,göteborg,kebab,303.0,43,On time, new
100883,07/03/2026,19,Göteborg,PIZZA,"265,0",46,Late,Returning
106289,2026-05-18,23,Malmö,Thai,218,39,On time,Returning
102925,2026-04-03,16,Uppsala,burgers,170.0,22,On time,New
103219,2026-04-07,11,Stockholm,Vegan,242.0,15,on time ,Returning
104055,2026-04-18,22,Uppsala,Vegan,232.0,34,on time ,Returning
106086,2026-05-16,19,Stockholm,Sushi,220.0,39,On time,Returning
105000,2026-05-01,15,Uppsala,Vegan,256.0,40,On time,Returning
108749,2026-06-20,13,Uppsala,Indian,321.0,34,On time,New
104370,22 Apr 2026,14,,Sushi,329.0,55,Late,Returning
102731,2026-04-01,15,Göteborg,Burgers,309,47,Late,Returning
106948,2026-05-27,18,Malmö,Thai,256.0,30,On time,Returning
107892,9 Jun 2026,16,Stockholm,Vegan,292.0,52,Late,New
103730,14 Apr 2026,17,Göteborg,Indian,330.0,30,On time,New
102229,25 Mar 2026,17,STOCKHOLM,Sushi ,SEK 343,39,On time,Returning
106361,2026-05-19,22, Uppsala,Indian,170.0,50,Late,New
108846,22/06/2026,20,Göteborg,Pizza,145.0,43,On time,Returning
108148,13.06.2026,11,Göteborg,salad,247.0,32,ON TIME,Returning
110510,2026-07-15,11,Göteborg,Sushi,"176,0",40,ON TIME,Returning
104536,2026-04-25,19,Stockholm,Burgers,274.0,43,On time, Returning
108549,2026-06-18,20,Göteborg,Burgers,247.0,40,on time ,New
108299,14.06.2026,18,Uppsala,Sushi,360 kr,41,On time,Returning
109018,24.06.2026,10,Uppsala,Sushi,"248,0",42,On time,New
109782,05.07.2026,17,stockholm,Pizza,313.0,39,On time,New
106096,16/05/2026,23,Stockholm,Thai,220.0,38,On time,Returning
103285,8 Apr 2026,12,Stockholm ,Pizza ,183 SEK,34,On time,Returning
112801,2026-08-14,10,Malmö,Pizza,173 SEK,39,On time, Returning
107311,2026-06-01,11,Malmö,Sushi,"291,0",52,Late,Returning
110953,2026-07-20,20,Lund,burgers,"268,0",49, late,Returning
105658,2026-05-10,16,Göteborg,Pizza,267 kr,46,Late,Returning
106678,2026-05-24,11,Göteborg,Burgers,SEK 227,37,On time,New 
101786,2026-03-19,19,Sthlm,Vegan,177.0,45,On Time,Returning 
106681,24 May 2026,12,Göteborg,Pizza,SEK 352,37,On Time,Returning
109603,2026-07-03,20,Göteborg,Salad,"143,0",33,On time,Returning
110121,10.07.2026,13,Gbg,Kebab,272,33,On time,Returning
113348,21/08/2026,19, Lund,Pizza,291.0,48,Late ,Returning
113427,2026-08-22,21,Uppsala,Sushi,260.0,39,On Time,Returning
105579,2026-05-09,14,,Kebab,"268,0",42,On time,Returning
104316,2026-04-22,11,Göteborg,Sushi,226,31,On time,Returning
106171,17.05.2026,18,Stockholm,thai,213.0,40,On time,New
105683,10 May 2026,12,stockholm,Indian,131,32,on time ,Returning
105733,2026-05-10,19,lund,Pizza ,184.0,43,On Time,Returning
107387,2 Jun 2026,11, Malmö,Salad,214.0,54,Late,New
107076,29.05.2026,12,Malmö,Thai ,172,59,Late,Returning
112793,2026-08-14,11,Sthlm,Pizza,230,34,ON TIME,Returning
104212,20 Apr 2026,11,,Pizza,207.0,46,Late,RETURNING
106927,2026-05-27,13,Stockholm,Kebab,207.0,33,On time,NEW
102013,2026-03-22,10,Malmö,Sushi,209.0,33,On time,Returning
101450,14.03.2026,9, Uppsala,Burgers,258,33,On time,New
105530,2026-05-08,20,Malmö,Vegan,199 SEK,51,Late ,New
111657,30.07.2026,23,Stockholm,Thai,"348,0",31,On time,Returning
104657,26 Apr 2026,18,Lund ,Kebab,"191,0",26,On time,RETURNING
107395,2026-06-02,15,Uppsala,Indian,89.0,39,on time ,New
103021,5 Apr 2026,19, Göteborg,Thai,279.0,23,On time, new
100177,2026-02-25,14,Stockholm,burgers,197 kr,59,Late,New
101972,2026-03-22,18,Göteborg,Sushi,282.0,43,On time,Returning
103415,2026-04-10,14,göteborg,Burgers,216.0,28,on time ,Returning
107199,31.05.2026,17,Göteborg,Burgers,278.0,34,on time ,New
113393,22.08.2026,22,Stockholm,Pizza,278,41,On time,Returning
113479,2026-08-23,20,stockholm,Burgers,370.0,31,On time,Returning
103118,2026-04-06,13,GÖTEBORG,Thai,313.0,33,On time,New
100535,02/03/2026,19,Göteborg,Burgers,180,46,Late,New
110566,16 Jul 2026,16,Göteborg,Salad,257.0,41,On time,New 
102709,2026-03-31,14,Uppsala,Salad,197.0,40,On time,New
102107,2026-03-23,12,Lund,Burgers,285 kr,39,on time ,Returning
113188,2026-08-19,18,Malmö,Vegan,SEK 254,30,On Time,Returning
109615,2026-07-03,12, Göteborg,Pizza,292.0,36,On time,Returning
110314,2026-07-12,11, Stockholm,Burgers,157.0,38,On time,Returning
109117,26 Jun 2026,18,Stockholm,Pizza,249.0,46,Late,New
102197,25 Mar 2026,13,Göteborg,Thai,221.0,37,On time,Returning
108190,2026-06-13,17,Stockholm,Indian,303 kr,25,On time,New
108776,21 Jun 2026,18,Göteborg,Pizza,"222,0",40,Ontime,New
110224,2026-07-11,19,Malmö,Salad,282.0,52,late,New
108416,16 Jun 2026,21,Göteborg,Indian,"154,0",38,On time,New
110793,2026-07-18,20,Uppsala ,Sushi,200.0,39,On time,Returning
112956,2026-08-16,11,Stockholm,Sushi,252.0,40,On time,Returning
100179,2026-02-25,17,Stockholm,Salad,277 SEK,41,On time,New
111458,2026-07-27,14,Stockholm,Sushi,219.0,46,Late,New
100044,23 Feb 2026,13,STOCKHOLM,Pizza,309.0,50,Late,Returning
110502,2026-07-15,9,Göteborg,Pizza,209 kr,26,On Time,New
109616,2026-07-03,22,Stockholm,Burgers,212.0,37,on time ,Returning
106190,2026-05-17,17,stockholm,Pizza,219.0,24,On time,Returning
106394,20 May 2026,14,Stockholm,Pizza,164.0,31,On time,Returning 
102589,30 Mar 2026,10,GÖTEBORG,Salad ,130.0,250,,Returning 
103453,10 Apr 2026,20,malmö,Burgers,243.0,37,On time,New
101037,08.03.2026,18,Uppsala,Burgers,309.0,28,On time,Returning
103664,13 Apr 2026,19,Göteborg,Burgers,207.0,42,On time,New
100459,2026-03-01,18,Göteborg,Salad,209.0,30,On time,Returning
108886,22.06.2026,19,Malmö,Burgers,267,49,Late, Returning
109232,2026-06-27,14,Malmö,Burgers,259 kr,40,On time,Returning
111053,22 Jul 2026,13,Stockholm,Kebab,194,42,On time,Returning 
104623,26/04/2026,17, Stockholm,KEBAB,296,33,On time,New
110572,2026-07-16,10,Göteborg,vegan,"250,0",38,On time,Returning
105750,2026-05-11,22,Stockholm,Salad,275.0,30,On time,Returning
100257,2026-02-26,19,Stockholm ,Indian ,274.0,54,Late,Returning
108388,15/06/2026,11,Malmö,Pizza,230.0,35,On time,Returning
105404,2026-05-06,12,uppsala,Sushi,220.0,40,On time,Returning
112550,10 Aug 2026,12, Uppsala,PIZZA,SEK 188,35,On time,New
101344,2026-03-13,12, Stockholm,Salad,239.0,44,On time, new
107187,2026-05-31,13,Göteborg,Sushi,184 kr,29,On time,Returning
111674,2026-07-30,13,Malmö,Thai,178.0,34,On time,Returning
101049,09.03.2026,18, Göteborg,Burgers,256.0,29,On time,Returning
109358,2026-06-29,14,Stockholm,Burgers,233.0,26,On time,Returning 
104286,21/04/2026,11,Malmö,Salad,318.0,34,On time,returning
101133,10 Mar 2026,15,Göteborg,Burgers,310.0,25,On time,Returning
103442,10.04.2026,11,STOCKHOLM,Kebab,266,45,On time,Returning
104839,2026-04-29,23,Malmö,Pizza,212.0,42,on time ,Returning
100135,2026-02-24,18,Uppsala ,Burgers,266 kr,25,On time,Returning 
109622,2026-07-03,11,stockholm,Pizza,240 SEK,49,Late,New
109259,2026-06-28,11,Göteborg,Burgers,193.0,44,On time,Returning
109271,2026-06-28,12,Stockholm,Indian,SEK 218,42,On time,Returning 
103487,2026-04-11,15,Göteborg,Kebab,316.0,49,Late,new
104564,25/04/2026,13,Stockholm,Vegan,216.0,42,On time,Returning
104155,2026-04-19,11,, Sushi,263.0,23,On time,returning
113519,2026-08-23,12,Uppsala,Vegan,302,37,On time,Returning
105869,2026-05-13,10,Göteborg,Salad ,282.0,21,on time ,returning
111624,2026-07-30,9,,Vegan,230,26,On time,Returning
108600,2026-06-18,18,Uppsala, Kebab,248 kr,36,On time,New
105813,12/05/2026,13, Stockholm,BURGERS,158.0,24,On time,Returning
112383,2026-08-08,17,Uppsala ,Salad,"240,0",41,On time,Returning
113032,2026-08-17,9,Stockholm,Pizza,206,38,On time,New
102163,2026-03-24,14,malmö,Thai,260.0,41,on time ,New
100987,2026-03-08,19,STOCKHOLM,Salad,333.0,40,on time,Returning
107381,2026-06-02,13,Malmö,Thai,198.0,35,on time,Returning
110936,20.07.2026,14,Malmö,Pizza,238.0,43,On time,Returning
100832,2026-03-06,20,Stockholm,Sushi,"348,0",62,Late ,Returning
109623,2026-07-03,16,Stockholm,Pizza ,245.0,24,On time,New
101378,2026-03-13,18,Lund,Sushi ,250.0,29,Ontime,New
100850,06/03/2026,17,Malmö,Burgers,"202,0",50, late,Returning
100121,2026-02-24,17, Stockholm,Salad,319,41,on time ,New
108058,2026-06-11,20,Malmö,Vegan,124 SEK,25,On time,Returning
109691,2026-07-04,18,Stockholm,burgers,235.0,47,Late,Returning
105704,2026-05-10,19,Malmö,THAI,232,45,On time,Returning
102965,2026-04-04,12,Stockholm,Pizza ,367.0,36,On time,Returning
100239,2026-02-26,16,Göteborg,Pizza,226,24,On time,New 
102959,2026-04-04,14,Stockholm,Vegan,179.0,32,On time,Returning 
100506,2026-03-01,16,malmö,Indian,333.0,30,On time,Returning
111457,27.07.2026,18,Stockholm,pizza,SEK 317,42,On time,Returning
100155,2026-02-25,11,Göteborg,Sushi,"249,0",17,On time,Returning
100368,2026-02-28,20,göteborg,Kebab,258,38,On time,New
109864,2026-07-06,17,Uppsala,Pizza,262.0,50,Late,New
109933,2026-07-07,19,Malmö,Burgers,"259,0",30,On time,RETURNING
104041,2026-04-18,10,Malmö,Kebab,276.0,41,On time,Returning
104274,2026-04-21,17,Stockholm,Burgers ,251.0,23,on time ,Returning
100714,2026-03-04,13,Stockholm,pizza,202.0,42,On Time,Returning
111629,2026-07-30,10,Göteborg,Thai,371.0,52,Late,Returning
101661,2026-03-17,17, Malmö,Sushi,172.0,28,On time,Returning
106278,2026-05-18,19,stockholm,Pizza,"345,0",51,Late,Returning
104741,2026-04-28,18,Gbg,thai,220.0,33,On time,Returning
112862,2026-08-15,12,Stockholm,Kebab,128 kr,45,On time, Returning
112977,2026-08-16,23,Malmö,Burgers,208 SEK,40,On time,Returning
111579,2026-07-29,12,Stockholm,Indian,251.0,30,On time,returning
111217,2026-07-24,12,Malmö,Sushi,"102,0",40,On time,Returning
101686,17/03/2026,11,Lund ,BURGERS,291.0,46,Late,RETURNING
109836,2026-07-06,11,Stockholm,Sushi,234 SEK,34,On time,Returning
108103,2026-06-12,21,Stockholm, Pizza,311.0,41,On time,New
112389,08.08.2026,21,Uppsala,THAI,204.0,0,,Returning
111052,2026-07-22,13,Stockholm,Thai,223.0,29,on time ,Returning
107229,2026-05-31,17,Stockholm, Pizza,295 SEK,40,On time,Returning
112819,15.08.2026,15,Göteborg,Pizza,181.0,36,On Time,New
103195,2026-04-07,12,Gbg,Sushi,258 kr,18,On Time,Returning
103871,2026-04-16,12,Göteborg ,Burgers,220.0,51,Late,Returning
104521,2026-04-25,11,Göteborg,Pizza,294,29,On Time,Returning
110462,2026-07-14,17,Stockholm,Sushi ,294.0,29,ON TIME,New
113282,2026-08-20,21,Lund,Kebab,311.0,40,On time, Returning
106682,24 May 2026,13,Göteborg,Kebab,290.0,44,on time ,Returning
101495,2026-03-15,18, Stockholm,Sushi,286.0,42,On time,New
104816,2026-04-29,13,Stockholm,SUSHI,"188,0",36,On time,New
107357,02/06/2026,23,Stockholm,Sushi ,"203,0",35,On time,New
103607,12/04/2026,18,Stockholm,Thai,172.0,34,on time ,Returning
103921,2026-04-16,14,Lund,Kebab,203.0,37,On time,New
102487,2026-03-29,10,Göteborg,Burgers,315.0,44,On time,New
104547,25 Apr 2026,21,,Thai,"224,0",23,On time,Returning
110854,19 Jul 2026,18,Stockholm,Sushi,"272,0",43,On time,New
104419,23/04/2026,19,Malmö,Kebab,257 kr,37,On time,Returning
105805,12 May 2026,13,Göteborg,Thai,226 kr,43,On time,New
109415,30 Jun 2026,20,Göteborg,Vegan,219.0,33,On Time,Returning
112382,2026-08-08,21,Uppsala,Pizza,223.0,41,On time,New
101974,2026-03-22,18, Göteborg,Pizza,284 kr,31,On time,New
103087,2026-04-05,17,malmö,Vegan,268.0,42,On time,Returning
104848,29 Apr 2026,13,MALMÖ,Kebab,285.0,999,,NEW
109917,2026-07-07,13,Stockholm,Pizza,184.0,40,On time,Returning
101084,2026-03-09,12,Stockholm,Pizza,"283,0",39,On time,Returning
109464,2026-07-01,12,Göteborg,Kebab,165,32,Ontime, new
105943,14/05/2026,11,,Burgers,SEK 240,34,On time,Returning
108139,2026-06-12,11, Lund,Pizza,218.0,29,On time,Returning
109063,25 Jun 2026,11,Malmö,Sushi,122.0,31,ON TIME,Returning
108639,2026-06-19,16,Stockholm,Burgers,263.0,41,On time,Returning
110187,2026-07-11,23,Göteborg,indian,"263,0",32,On time,Returning
113420,2026-08-22,13,Uppsala,Burgers,241.0,40,On Time, new
105691,2026-05-10,18,Stockholm,Burgers,246 SEK,18,On time,NEW
104632,26 Apr 2026,21,stockholm,Pizza,136.0,34,On time,Returning
112292,2026-08-07,12,Lund,Thai,"216,0",42,On Time,Returning
102354,27.03.2026,18,Stockholm,thai,271 kr,43,On time,Returning
104843,29 Apr 2026,18,Malmö,THAI,189.0,48, late,NEW
103425,2026-04-10,18,STOCKHOLM,Indian,"164,0",39,On time,New
104268,2026-04-21,10,Stockholm,Burgers,270.0,25,On time,Returning
109874,2026-07-06,19,Lund, Burgers,"268,0",21,On time,Returning
108326,2026-06-15,18,Göteborg,Kebab,127 kr,60, late, Returning
104952,2026-05-01,19,göteborg,Salad,270,51,Late,Returning
109376,2026-06-29,12,Malmö,Kebab,221.0,18,On time, Returning
106961,27/05/2026,11,Malmö,Burgers,SEK 290,27,On time,New
101531,15 Mar 2026,18,Malmö,Indian,299 SEK,35,on time,Returning
113092,18.08.2026,9,Stockholm,Sushi,107,45,On time,Returning
112325,2026-08-08,14,Stockholm, Sushi,SEK 195,42,On time,Returning
101726,2026-03-18,11,Malmö,Thai,198.0,50,Late,Returning
108304,14.06.2026,20,Uppsala,Sushi,254.0,38,On time,Returning 
105926,2026-05-14,14,Göteborg,Salad,153.0,34,On time,RETURNING
106589,22 May 2026,10,Uppsala,burgers,211.0,38,On time,Returning
102561,29.03.2026,10,Uppsala ,Indian ,294.0,52,Late,Returning
109669,04/07/2026,18,Göteborg,Burgers,267,39,On time,Returning
110188,2026-07-11,19,Göteborg,Burgers ,277.0,37,On time,New
101180,10.03.2026,19,lund,vegan,295.0,30,On time,Returning
101262,2026-03-12,13,göteborg,Indian,"217,0",43,on time ,Returning
113519,2026-08-23,12,Uppsala,VEGAN,"302,0",37,On time,Returning
107998,2026-06-11,20,Göteborg, Burgers,SEK 267,37,on time ,Returning
109172,2026-06-27,21,Göteborg,SALAD,298.0,23,On time,Returning
110752,2026-07-18,19,stockholm,Salad,254 kr,51,Late,Returning
102948,2026-04-04,12,Stockholm,Kebab,248.0,250,,New 
102029,2026-03-22,18,Uppsala,Sushi,219.0,30,On Time,Returning
103483,11.04.2026,11,Göteborg,Pizza,"303,0",36,on time ,Returning
106959,27.05.2026,22,MALMÖ,Pizza,180.0,38,On time,Returning
112694,13.08.2026,18,Göteborg,Kebab,"265,0",49,Late,Returning
105480,2026-05-07,12,Lund,Kebab,216.0,25,on time,Returning
108866,22/06/2026,19,Sthlm,Pizza,288.0,46,Late,Returning
103875,2026-04-16,10,Göteborg,Kebab,329.0,31,On time,New
110450,2026-07-14,12,Stockholm,Pizza,246.0,33,On time,Returning
110511,2026-07-15,14,Göteborg,Sushi ,235.0,27,on time ,New
110571,2026-07-16,20,Göteborg,Salad,307.0,51,Late,New
110997,2026-07-21,20, Stockholm,Vegan,193.0,30,On time,RETURNING
106379,2026-05-20,11,göteborg,PIZZA,"303,0",42,Ontime,RETURNING
103704,13/04/2026,17,Malmö,SUSHI,264.0,40,On time,New
106180,2026-05-17,14,Stockholm,Indian,328,37,On time,Returning 
101194,2026-03-11,12,Stockholm,Pizza,305,37,On time,New
100823,2026-03-06,13,Stockholm,Pizza,140.0,22,ON TIME,Returning
109124,2026-06-26,12,Stockholm,Burgers,310.0,50, late,New
103802,15/04/2026,18,Göteborg,Sushi,287,38,ON TIME,New
108151,2026-06-13,11,Göteborg,Thai,165 kr,47,Late,new
105104,2026-05-03,12,Göteborg, Vegan,280.0,36,On time,Returning
110293,12 Jul 2026,15,Stockholm,Burgers,"188,0",26,Ontime,Returning
109991,2026-07-08,9,Stockholm,Indian,159.0,36,On time,new
112782,2026-08-14,19,Stockholm,Burgers,324.0,41,On time,Returning
105745,2026-05-11,12,Göteborg,Burgers,282.0,26,On time,New
113336,2026-08-21,19,Uppsala,Burgers ,224.0,33,ON TIME,New
103678,13 Apr 2026,20,Stockholm,Kebab,250.0,41,On time, Returning
103759,14.04.2026,20,Stockholm, Pizza,340.0,41,On time,Returning
112217,2026-08-06,10,Lund,pizza,259.0,49,late,New
103136,6 Apr 2026,14,Stockholm,Kebab,204,37,on time,Returning 
102443,28 Mar 2026,13,Malmö,Thai,280.0,25,On time,New 
105822,2026-05-12,16,Stockholm,Sushi,"348,0",34,Ontime,Returning
104064,2026-04-18,11,Lund,Burgers,309 kr,36,On time,New
107710,2026-06-07,20,göteborg,Vegan,321.0,47,Late,New
103853,2026-04-15,19,Uppsala,Sushi,218.0,29,On time,Returning
111240,2026-07-24,20,Lund,kebab,254.0,30,on time ,Returning
109346,2026-06-29,10,STOCKHOLM,Pizza ,154 kr,31,On Time,New
107837,2026-06-08,15,Stockholm,Thai,283.0,44,On time,New
110052,9 Jul 2026,18,Stockholm, Kebab,291.0,33,On time,Returning
102104,2026-03-23,9,Uppsala,Salad,SEK 197,38,On Time,RETURNING
107495,04/06/2026,12,Göteborg,Vegan,183.0,34,On time,Returning
104345,2026-04-22,11,,Kebab,251.0,43,On Time,New
108011,2026-06-11,19,Göteborg,Kebab ,347 kr,44,On time,New
108306,2026-06-14,16,Uppsala,Burgers,241 SEK,30,On time,Returning
109547,2026-07-02,19,Göteborg, Pizza,173.0,51,Late,New
102580,30/03/2026,23,Göteborg,Vegan,387.0,38,On time,Returning
100588,2026-03-02,16,Malmö,Pizza,214.0,28,on time ,New
109575,2026-07-02,13,Stockholm,Burgers,178.0,38,On time,Returning
105352,2026-05-06,14,Göteborg,Thai,387.0,43,On time,Returning
106276,2026-05-18,12,Stockholm,Burgers,319.0,42,On time,New
100747,5 Mar 2026,18,Göteborg,Kebab,273,37,Ontime,Returning 
113286,20 Aug 2026,19,Lund,Vegan ,"301,0",53,Late,New
100089,2026-02-24,12,Göteborg,Burgers,SEK 278,36,On time,New
105383,6 May 2026,20,Stockholm,Indian,234 kr,32,On time,RETURNING
107172,30 May 2026,12,Uppsala,Vegan,223.0,35,On time,Returning
100712,2026-03-04,13,Stockholm,Vegan,282.0,33,On time,New
107588,2026-06-05,18,STOCKHOLM,Pizza,201.0,37,Ontime,New
107871,09.06.2026,19,Göteborg,Indian,298.0,37,On time,Returning
105475,7 May 2026,22,Uppsala,Sushi,341.0,34,On time,Returning
102161,2026-03-24,19,Stockholm,Kebab,"182,0",41,On time,Returning
105864,2026-05-13,16,Göteborg,Thai,245.0,31,On time,Returning
112218,6 Aug 2026,14,,Vegan,231.0,43,On time,Returning
108963,24.06.2026,23,Göteborg,Salad,288.0,30,On time,Returning
106662,2026-05-23,15,Uppsala,Indian,SEK 262,39,On time,Returning
102636,30.03.2026,13,Uppsala,Burgers,267,45,On time,Returning
111945,2026-08-03,11,GÖTEBORG,Indian,211.0,49,Late,RETURNING
107469,2026-06-03,14,Malmö,Salad,284.0,30,On time,Returning
100275,26 Feb 2026,17,Uppsala,Thai,203 SEK,41,On time,New
110167,2026-07-10,19,Lund,Pizza,280.0,44,On time,Returning
105720,2026-05-10,12,Uppsala ,Pizza,231,40,On time,Returning
104129,19 Apr 2026,18,Stockholm, Thai,"285,0",25,On Time,New
103103,2026-04-05,13,Uppsala ,Pizza,"292,0",32,On time,Returning
100529,2026-03-01,12,Lund,Sushi,234.0,43,Ontime,New
102553,2026-03-29,11,Uppsala,pizza,231 SEK,37,On time,New
106344,2026-05-19,20,Malmö,Salad ,271.0,38,On time,Returning
101364,2026-03-13,20,Malmö, Burgers,293.0,33,On time,New
101325,2026-03-13,12,Göteborg,Salad,285.0,42,On time,Returning
103187,07/04/2026,17,Göteborg,Pizza,219.0,26,On time,Returning
112667,12 Aug 2026,14,malmö,Salad,303.0,34,On time,Returning
106603,23 May 2026,12,Göteborg , Sushi,"314,0",27,On time,New
112015,2026-08-04,20,göteborg,Pizza,208 kr,19,On time,Returning
111392,2026-07-26,13,Malmö,Thai,163.0,37,On time,Returning 
105305,05.05.2026,11,Stockholm, Pizza,"195,0",32,On time,New
104910,30 Apr 2026,17,Malmö,Kebab,SEK 219,26,On time,Returning
112074,05.08.2026,12,Göteborg,Pizza,187.0,32,On time,Returning
104775,2026-04-28,20,Malmö,Burgers,"304,0",24,On time,RETURNING
104690,2026-04-27,19,Stockholm,Pizza,SEK 225,44,ON TIME,Returning
105593,2026-05-09,13,Stockholm,Sushi,"266,0",27,On time,New
100392,2026-02-28,12,Stockholm,Sushi,281.0,35,ON TIME,RETURNING
102751,01.04.2026,21,Stockholm,Burgers,320 kr,31,On time,Returning
111642,2026-07-30,16,Sthlm,Pizza,"274,0",39,On time,Returning
113002,2026-08-17,18,Göteborg,SUSHI,293.0,43,on time,Returning
108766,2026-06-21,17,Göteborg,INDIAN,222.0,46,Late,Returning
112247,7 Aug 2026,21,STOCKHOLM,kebab,244.0,37,On time,NEW
101612,16 Mar 2026,14,Lund,Salad,252.0,35,On time,Returning
108806,2026-06-21,13,stockholm,Kebab,270.0,30,On time,Returning
100456,01/03/2026,12,Göteborg,Sushi,290.0,38,On time,NEW
104844,2026-04-29,16,Malmö,Salad,234 kr,32,On time,Returning
102890,03.04.2026,14,Stockholm,Burgers,"208,0",32,on time,New
104409,23 Apr 2026,13,STOCKHOLM,Pizza,277.0,33,On time,New
101103,09/03/2026,20,Malmö,Sushi,280.0,54,Late,Returning 
102201,25 Mar 2026,11,Göteborg,Burgers,285.0,29,ON TIME,Returning
108728,2026-06-20,12,Stockholm,Kebab,176.0,37,On time,New
107597,2026-06-05,12, Malmö,Kebab,301,28,Ontime,Returning
109052,25.06.2026,10,stockholm,Kebab,180.0,28,On time,new
111279,25.07.2026,12,Stockholm,Thai,SEK 204,34,On time,New
100950,2026-03-07,17,Uppsala,Burgers ,387.0,31,On time,New
109679,4 Jul 2026,11,Göteborg,Salad,312.0,15,On time, new
109202,2026-06-27,19, Stockholm,Kebab ,215 kr,33,On time,Returning
106350,2026-05-19,17,malmö,Pizza,306.0,45,On Time, new
104057,2026-04-18,14,Uppsala,Pizza,235.0,33,on time ,New
109290,28 Jun 2026,12,Stockholm ,Sushi,212.0,33,on time , Returning
108418,16 Jun 2026,17,Göteborg,Burgers,229,42,On time,New
106342,19 May 2026,15,Stockholm,Sushi,262.0,34,On Time,Returning
103901,2026-04-16,18,Stockholm,Kebab,241 kr,41,On time,Returning
104407,2026-04-23,13,stockholm,Sushi,254,36,On time,Returning
103220,2026-04-07,17,Stockholm,Salad,265 kr,22,On time,Returning
110325,2026-07-12,17,Malmö,Pizza,221,43,On time,Returning
102164,2026-03-24,17,Malmö,Thai,"173,0",42,On time,Returning
107212,31 May 2026,17,Stockholm,Salad,324,50,Late, Returning
106443,20 May 2026,12,Lund,VEGAN,348.0,32,On time,Returning
102762,01.04.2026,17,Stockholm,Burgers,287,23,On time,New
111437,2026-07-27,19,Göteborg ,Thai,242,38,ON TIME,New
110797,18.07.2026,13,Lund,Pizza,241.0,44,On time,New
103884,2026-04-16,17,Stockholm ,Pizza,255,26,On time,New
105448,2026-05-07,15,Stockholm,Pizza,192.0,24,On time,Returning
110843,19 Jul 2026,12,STOCKHOLM,Pizza,234.0,37,On time,Returning
108443,16/06/2026,21,Stockholm,Sushi,273.0,32,On time,New
113491,2026-08-23,19,Stockholm,Thai,180.0,41,On time,New
106743,24 May 2026,13,Uppsala ,Salad,266.0,35,On time,Returning
101481,2026-03-15,12,Göteborg,Burgers,159.0,29,On time,returning
101947,2026-03-21,18,Uppsala ,PIZZA,89.0,36,on time ,Returning
110429,2026-07-14,11,Göteborg,indian,168.0,43,On time,RETURNING
113193,2026-08-19,12,Uppsala,Salad,184,27,On time,Returning
103482,11 Apr 2026,18,Göteborg,Indian,180.0,43,On time,Returning
111831,2026-08-01,14,MALMÖ,THAI,SEK 232,48,Late,Returning
100095,24 Feb 2026,18,Göteborg,Indian,"268,0",34,On time,New
109355,29.06.2026,16,Stockholm ,Indian,308.0,29,On time,New
112132,05.08.2026,11,Uppsala ,Kebab,219.0,65,Late,Returning
107286,2026-06-01,14,STOCKHOLM,Pizza,319.0,30,On Time,Returning
100879,2026-03-07,21,Göteborg,Kebab,237.0,32,on time,New
112947,2026-08-16,16,Stockholm,Pizza,323.0,32,On time,RETURNING
113001,2026-08-17,17,Göteborg,Pizza,182,38,On time,New
101815,2026-03-19,18,Lund,Kebab,251,31,On time,Returning
100623,2026-03-03,20,Stockholm,Burgers,231.0,42,On time,Returning
106518,21 May 2026,12,Lund , Burgers,"234,0",30,On time,Returning
109818,2026-07-05,18,Lund, Kebab,217.0,31,On time,New
100222,2026-02-26,19,Göteborg,indian,172 kr,37,On time,Returning
103961,17.04.2026,10,Stockholm,Thai,SEK 187,37,On time,New
109614,03/07/2026,20, Göteborg,Pizza,304.0,22,On time,Returning
108206,13 Jun 2026,14,Malmö,Kebab,"290,0",43,On time,Returning
109123,2026-06-26,12,Sthlm,Salad,"170,0",48,Late,New 
113338,21 Aug 2026,11,,Thai,346.0,38,On time,Returning
106501,2026-05-21,12,Malmö, Pizza,333.0,53,Late,Returning
103454,10.04.2026,12, Malmö,Burgers,"227,0",32,On time,Returning
111976,2026-08-03,14,Stockholm,Pizza ,224.0,29,on time ,New
101387,14 Mar 2026,12,göteborg,Sushi,168.0,39,On time,Returning
105650,2026-05-10,9,Göteborg,Pizza,349,40,On Time,Returning
108221,13 Jun 2026,11,Lund,VEGAN,153.0,36,On time,Returning
113357,22 Aug 2026,12,Göteborg,Burgers,220.0,26,On time,new
108589,18 Jun 2026,10,,Indian,SEK 296,49,Late,Returning
112762,2026-08-14,18,GÖTEBORG,Pizza,285.0,29,Ontime,Returning
112411,2026-08-09,19,Göteborg,Salad,306.0,41,On time,new
101900,2026-03-21,11,Stockholm,Pizza,255,45,On time,Returning
112445,9 Aug 2026,22,Stockholm,Indian,321.0,20,On time,Returning 
102497,2026-03-29,13,Göteborg,pizza,"250,0",999,,New
104991,2026-05-01,19,Malmö,Sushi ,218,42,On time,New
110757,18 Jul 2026,19, Stockholm,Thai,251.0,45,On time,New
106121,2026-05-16,12,Uppsala ,Sushi,241.0,31,On time,New
103911,16 Apr 2026,11,Malmö,Indian,217 SEK,30,On time,Returning
106463,2026-05-21,19,Stockholm,Thai,217 SEK,29,On time,New
112355,8 Aug 2026,13,Stockholm,Kebab,194.0,33,On time,Returning
109647,2026-07-03,11,Stockholm,Pizza,319.0,24,Ontime,Returning
112604,11.08.2026,11,Malmö,Salad,339.0,27,On time,Returning
100272,2026-02-26,18,MALMÖ,Pizza,329 SEK,38,On time,New
100116,2026-02-24,10,Stockholm ,Pizza ,"292,0",43,ON TIME,New
104314,2026-04-22,20,Göteborg,Kebab,217.0,55,Late,Returning 
113159,19.08.2026,20,Stockholm,Sushi,260 kr,42,On time, Returning
103846,2026-04-15,12, Malmö,Salad ,277.0,51,Late, Returning
103920,2026-04-16,12,Uppsala,Kebab,254.0,41,On time,Returning
103046,2026-04-05,19,Stockholm,Thai,255,37,On time,New
112603,11 Aug 2026,12,Malmö,Kebab,252.0,31,on time,New
105334,2026-05-05,13,Uppsala,Kebab,247,22,On time,Returning
113208,2026-08-20,11,Göteborg,Thai,323.0,31,On time,RETURNING
111565,2026-07-29,18,Göteborg,Vegan,"232,0",26,On time,Returning
102212,2026-03-25,20,Stockholm,VEGAN,261 SEK,47,Late,Returning
110403,2026-07-13,13,Malmö,Vegan,232.0,52,Late,Returning
112745,2026-08-13,17,Uppsala,Sushi,340.0,36,On time, new
102362,2026-03-27,19,Stockholm,Vegan,"232,0",52,Late,Returning
106825,25/05/2026,21,Lund ,Burgers,295.0,33,On time,Returning
100912,2026-03-07,22,Stockholm ,Burgers,"261,0",44,On time,Returning
107288,1 Jun 2026,20,Stockholm,Pizza,272,21,On time,New
104770,2026-04-28,16,Stockholm,Burgers,196.0,41,On time,New
101197,2026-03-11,13,Stockholm,Burgers,263 kr,40,on time ,Returning
103117,06.04.2026,13,Göteborg,Thai,281.0,39,ON TIME,Returning
102702,31 Mar 2026,17,malmö,Burgers,299.0,33,On time,Returning
108525,17 Jun 2026,21,Malmö, Pizza,338.0,31,On time,New
106389,20 May 2026,13,GÖTEBORG,Pizza,"161,0",44,On time,Returning
107196,2026-05-31,19,göteborg,Salad,220 SEK,36,On time,Returning
113465,23/08/2026,15,Stockholm,Burgers,226.0,15,On time,New
107296,2026-06-01,13,Stockholm, Burgers,265.0,37,On time,Returning
109959,08.07.2026,10,Göteborg,Sushi,272.0,42,ON TIME,new
111656,30 Jul 2026,11,Sthlm,Burgers,233,48,Late,New
110877,2026-07-19,12,Uppsala, Kebab,355.0,44,On time,Returning
106824,2026-05-25,15,Lund ,Burgers,249.0,22,on time,New
109971,08/07/2026,18,Göteborg,Kebab,182.0,21,On time,New
100057,2026-02-23,22,Malmö ,Vegan,279.0,28,ON TIME,Returning
101403,2026-03-14,20,Stockholm,burgers,309,37,On time,returning
110078,9 Jul 2026,16,Stockholm,Kebab,285.0,33,on time,New
108036,2026-06-11,12,Sthlm,Pizza,308.0,17,Ontime,Returning
112067,2026-08-04,20,lund,Thai,264.0,32,On time,New
112571,11 Aug 2026,13,Göteborg,Indian,236.0,51,Late,New
106013,15.05.2026,12,Stockholm,Sushi ,300.0,29,On time,New
102723,2026-04-01,11,Göteborg,Salad,324.0,54,Late,Returning
112622,12/08/2026,11,Göteborg,Kebab,250.0,45,On time,Returning
110872,2026-07-19,13,MALMÖ,Burgers,256.0,39,On time,New 
107032,2026-05-29,11,Göteborg,indian,313.0,18,On time,Returning
110844,2026-07-19,14,Stockholm,Burgers,185,35,On time,returning
113272,2026-08-20,17,Uppsala,Pizza,257.0,31,Ontime,Returning
104893,30 Apr 2026,13,Stockholm,burgers,177.0,32,On time,Returning
107452,2026-06-03,21,Sthlm,Kebab ,143,35,On time,RETURNING
110819,2026-07-19,14,Göteborg,Vegan,100.0,30,On time,Returning
102921,3 Apr 2026,20,Uppsala,Vegan ,302.0,28,On time,New
106386,20 May 2026,13,Göteborg, Pizza,"278,0",50,late,Returning
108509,17 Jun 2026,19,Stockholm,Vegan,233.0,23,On time,New
102856,2026-04-02,11,Lund,Pizza,304 SEK,26,On time,Returning
107889,09/06/2026,17, Stockholm,Pizza,299.0,25,On time,New
107544,4 Jun 2026,11,Lund, Vegan,306 kr,34,on time,Returning
100352,27.02.2026,15,Uppsala,Pizza,"240,0",42,On time,Returning
113327,21/08/2026,17,Malmö,Thai,307.0,37,on time,Returning
109659,03.07.2026,18,Uppsala,Pizza,215.0,37,on time ,New
110945,2026-07-20,19,Malmö ,Indian,278,55,Late,Returning
112156,2026-08-06,13,Göteborg,Pizza,309.0,32,On time,Returning
107168,2026-05-30,13,Uppsala,Pizza,205.0,34,On time,Returning
112215,2026-08-06,13,Lund,Kebab,266 SEK,49,Late, Returning
105322,2026-05-05,20,Stockholm, Burgers,"290,0",38,Ontime,Returning
112845,2026-08-15,20,Stockholm,Burgers,SEK 236,41,On time,New
104459,2026-04-24,14,Stockholm,Indian,231 kr,40,On time,Returning
105970,14.05.2026,14,Malmö,Pizza,"147,0",28,On time,New
105991,2026-05-14,18,Lund,Vegan,"212,0",28,on time ,New
103270,08/04/2026,11,Göteborg,Pizza,259,34,On time,New
110832,19 Jul 2026,18,Stockholm,Vegan,252 kr,36,On time,Returning 
107366,02.06.2026,22,Stockholm,Thai,261,31,On time,Returning
100628,2026-03-03,13,Stockholm,Vegan,317.0,36,on time ,Returning
106533,22/05/2026,18,Göteborg,Burgers,234,32,On time,Returning
109901,2026-07-07,18,Stockholm,Burgers,196.0,32,On time,New
105924,14.05.2026,18,Göteborg ,Pizza,225 SEK,19,On time,New
112982,2026-08-16,13,Malmö,Kebab,272,39,On time,Returning
101458,2026-03-14,19,Lund,Kebab,349,32,On time,Returning
102047,2026-03-23,19, Göteborg,PIZZA,245.0,54,Late,New
111509,28 Jul 2026,13,Göteborg,Indian,199.0,45,On time,Returning
110089,09.07.2026,20,malmö,Burgers,302.0,40,On time,New
109378,29 Jun 2026,12,Malmö,Sushi,268,39,On time,Returning
102061,23 Mar 2026,19,Stockholm,Sushi,290,22,On time,New
109919,2026-07-07,10,Stockholm,Burgers,264.0,38,On time,New
107080,29/05/2026,14,Uppsala,Pizza,231.0,26,On Time,New
108748,2026-06-20,13,Uppsala,Burgers,192.0,27,On time,New
109911,07.07.2026,13,Stockholm,Thai,293.0,32,On time,Returning 
113514,23 Aug 2026,13,Uppsala ,pizza,290 kr,47,Late,New
100424,2026-02-28,18,Malmö,Burgers,227 kr,34,On time,New
100473,2026-03-01,16,stockholm,Thai,"206,0",45,On Time,Returning
104647,26 Apr 2026,9,MALMÖ,Thai,194.0,36,On time,Returning
108747,20/06/2026,19, Uppsala,Kebab,269.0,39,On Time,New
100620,3 Mar 2026,12,Göteborg ,Thai,238 SEK,25,On time,Returning
110651,17.07.2026,10,Göteborg,Indian,SEK 317,27,On time,Returning
110994,21/07/2026,13,Stockholm,Salad,276.0,33,On time,Returning
111452,2026-07-27,14,Stockholm,Sushi ,232,38,ON TIME,New
110526,2026-07-15,12,Stockholm,Pizza,214.0,48,Late,New
107918,2026-06-09,13,Uppsala ,Thai,283.0,25,On time,Returning
110456,2026-07-14,16,Stockholm,Pizza,SEK 138,24,on time ,Returning 
102224,25 Mar 2026,15,stockholm,Burgers,245 SEK,29,On time,New 
100351,2026-02-27,11,Uppsala,Sushi,SEK 232,41,On time,Returning
107202,31 May 2026,12,stockholm,Pizza,260.0,41,On time,Returning
105786,2026-05-11,14,malmö,Kebab,135.0,44,On time,New
113207,20.08.2026,16,Göteborg,Sushi,227 kr,33,On time,Returning
100968,2026-03-08,12,Göteborg,Kebab,282,49,Late,Returning
109292,2026-06-28,13,Stockholm,Vegan,306.0,37,On time,Returning 
108185,2026-06-13,13,Stockholm,Pizza ,278.0,33,ON TIME,Returning
101333,13.03.2026,11,Göteborg,Sushi,286.0,25,On time,New
103720,2026-04-13,21,Uppsala,Pizza,220,33,On time,Returning
111873,2026-08-02,11,Göteborg,Pizza,285 kr,20,On time,Returning
103969,17.04.2026,12,Malmö,Vegan,256.0,38,On time,Returning
108738,2026-06-20,18,malmö,sushi,149.0,39,On time,Returning
100241,2026-02-26,18,Stockholm,SALAD,234.0,41,On time,Returning
101967,2026-03-22,19,Göteborg,Thai,302,18,On time,New
109840,2026-07-06,10,Stockholm,Kebab,279.0,26,On time,Returning
101538,2026-03-15,10,uppsala,Sushi ,236.0,35,On time,New
101622,2026-03-17,16,Göteborg,Kebab,"404,0",30,On time,New
104005,2026-04-18,12,stockholm,Salad,187.0,28,On Time,Returning
110979,2026-07-21,10,Sthlm,Burgers,213,31,On time,Returning
110933,2026-07-20,19,,Burgers,217,67, late,Returning
112833,2026-08-15,10,Göteborg,Sushi ,252.0,40,On Time,Returning
100287,2026-02-27,11,Göteborg,Kebab,226,41,On time,New
103081,2026-04-05,13,Malmö,Burgers,126,40,On time,Returning
105594,2026-05-09,20,Stockholm,Thai,243,41,On time,returning
106612,23.05.2026,22,Gbg,Kebab,254,40,On time,Returning
106153,2026-05-17,12, Göteborg,Thai,314.0,37,On time,Returning
107825,08.06.2026,10,stockholm,Indian,301.0,30,On time,Returning
107578,2026-06-05,20,Sthlm,Thai,313.0,27,on time,New 
111026,2026-07-21,17,Uppsala,Thai,258.0,44,on time ,New
105757,11 May 2026,19,Stockholm,SUSHI,235.0,39,Ontime,New
103504,2026-04-11,18,,Thai,363.0,49,Late ,Returning
107112,30/05/2026,16,GÖTEBORG,Indian,"151,0",39,On time,Returning
109529,2026-07-01,14,Lund,Burgers,222.0,46,Late,Returning
103550,2026-04-11,20,Lund,Indian,200 SEK,32,On time,New
105959,2026-05-14,19,Stockholm,Sushi,238,38,On time,New
101250,11 Mar 2026,11,Lund ,Pizza ,211.0,33,On time,Returning
102823,2026-04-02,17,Stockholm,Sushi,209,55,Late,RETURNING
110684,2026-07-17,12,MALMÖ,Burgers,223.0,50, late,New
111126,23/07/2026,15,Stockholm, Vegan,262 SEK,40,On time,returning
113365,2026-08-22,9,Göteborg ,Pizza,275 SEK,36,On time,new
105031,2026-05-02,16,Stockholm,Pizza ,285 kr,43,On time,New
100594,2026-03-02,20,Uppsala,Salad,242,29,On time,Returning
101901,2026-03-21,12,Stockholm,PIZZA,306 SEK,30,On time,New 
109322,2026-06-28,18, Lund,Pizza,232,27,On time,Returning
113202,19 Aug 2026,14,lund, Sushi,239 kr,39,On time,Returning
100045,23/02/2026,20,Stockholm,Kebab,264.0,35,Ontime, Returning
112909,2026-08-15,13,Lund,Vegan ,230 SEK,32,on time,Returning
106432,2026-05-20,16,Malmö,Thai,362,39,On time,Returning
108707,2026-06-20,22,Göteborg, Pizza,241.0,46,Late,Returning
103632,2026-04-12,12,,Indian,SEK 236,34,On time,Returning
110821,2026-07-19,20,Stockholm,Burgers,149,39,Ontime,New
105343,2026-05-05,21,lund,Sushi,234 SEK,45,Ontime,Returning
107606,05.06.2026,16,Uppsala,burgers,208.0,36,Ontime,new
106525,2026-05-22,19,Gbg,Kebab,312,55,Late,Returning
100065,23.02.2026,17,Uppsala,Kebab,"277,0",29,On time,New
105743,11.05.2026,11,Göteborg,Burgers ,245.0,19,On time,New
113498,2026-08-23,19,Malmö,Pizza,"329,0",47,late,Returning
109941,07.07.2026,12,malmö,Pizza,230,41,On time,Returning
103514,11 Apr 2026,13,Stockholm,Thai,237.0,42,On time,RETURNING
103062,2026-04-05,12,Stockholm,Vegan,249,36,On time,New
111074,2026-07-22,13,STOCKHOLM,Sushi,288.0,32,On time,RETURNING
100892,2026-03-07,17,Göteborg,Burgers,236 kr,35,on time ,Returning
103545,2026-04-11,16,Uppsala,Burgers,315 kr,18,On time,New
108455,16.06.2026,12,Stockholm,Burgers,276.0,21,On time,Returning
106004,2026-05-15,11,Göteborg,Pizza ,231.0,29,On time,Returning
105245,2026-05-04,11,stockholm,Indian,376.0,41,On time,Returning
113493,23 Aug 2026,18,Malmö,Vegan,265.0,44,On time,Returning
104458,24/04/2026,19,STOCKHOLM, Thai,227 kr,25,On Time,new
109154,2026-06-26,19,Lund,Indian,242.0,36,On time,New
101984,2026-03-22,18,Stockholm,Indian,276.0,35,On time,Returning
107484,2026-06-03,18,Lund ,SUSHI,311.0,41,on time,Returning
106205,17/05/2026,18,Malmö,Burgers,258,48,Late,Returning 
107029,2026-05-28,16,Lund,Burgers,"245,0",21,On time,returning
110617,2026-07-16,12,Malmö,Vegan,235.0,57,Late,Returning 
106119,2026-05-16,18,Malmö,indian,162.0,38,On time,Returning
107358,2026-06-02,12,STOCKHOLM, Thai,302.0,44,On time,Returning
112988,2026-08-16,13,uppsala,vegan,172.0,40,On time,Returning
106542,22.05.2026,21,Göteborg,burgers,343.0,40,on time ,Returning
105228,4 May 2026,17,Stockholm,Sushi,"304,0",22,On time,New
105047,2026-05-02,11,stockholm,Pizza,219.0,33,On time,Returning
100100,24/02/2026,13,Stockholm,Burgers,288.0,38,On Time,New
104745,2026-04-28,12,Göteborg ,Burgers,278,32,On time,New
100524,2026-03-01,18,Uppsala ,Burgers,"330,0",40,ON TIME,Returning
109870,2026-07-06,14,uppsala,Salad,287.0,45,On time,Returning
104942,2026-05-01,9,Göteborg,Pizza,218.0,45,On time,New
101311,2026-03-12,13,Uppsala,Sushi,"324,0",43,On time,Returning
109898,2026-07-07,21,Stockholm,Sushi ,168.0,29,On Time,Returning
106450,2026-05-21,11,GÖTEBORG,Pizza,"260,0",41,On time,RETURNING
108407,16/06/2026,14,Göteborg,Thai,"152,0",46,Late,New 
111913,2026-08-02,13,Stockholm,Pizza,214 kr,40,Ontime,returning
111337,2026-07-25,21,Lund,Kebab,269.0,51,Late,Returning
103985,2026-04-17,12,Lund,Thai,323.0,39,On time,Returning
102707,31.03.2026,18,Uppsala,Vegan,256 kr,44,On time,Returning
100211,2026-02-25,21,uppsala,Indian,297.0,40,On time,Returning
111115,2026-07-23,20,Göteborg,Kebab,144.0,25,On Time,New 
110646,17.07.2026,19,Göteborg , Burgers,379,40,On time,New 
111033,2026-07-21,17,Lund,Burgers,353.0,27,On time,New
108975,24.06.2026,20,Göteborg,Salad,319,34,On time, Returning
106065,2026-05-16,18,Göteborg,Salad,303 SEK,-5,,Returning
108687,19.06.2026,19,lund,Sushi,322,37,On time,Returning
112575,2026-08-11,20,Göteborg,Pizza,119.0,36,On time,New
100990,08/03/2026,19,Stockholm,Burgers,SEK 305,34,On time, new
103020,2026-04-05,13,Göteborg,Sushi ,302,28,On time,Returning
104262,2026-04-21,17,Stockholm,Pizza,246.0,33,ON TIME,New
108678,19 Jun 2026,12,Uppsala,Pizza,269,35,On time,New
108265,2026-06-14,13,Stockholm,Salad,295.0,34,On time,Returning
112692,2026-08-13,11,Göteborg,Burgers,154.0,43,On time,returning
107917,2026-06-09,18,Malmö,Thai,235,18,On time,Returning
113466,2026-08-23,12, Stockholm, Indian,230.0,29,On time,Returning
103398,2026-04-09,20,Lund,INDIAN,217.0,37,On time,NEW
109147,2026-06-26,20,Uppsala,Kebab,161,55,Late,New
110253,2026-07-12,13,Göteborg, Burgers,232.0,40,On time,Returning
102024,2026-03-22,12,Malmö,pizza,317.0,37,On time,Returning
100713,4 Mar 2026,11,Stockholm,Pizza,170.0,38,On time,Returning
101784,2026-03-19,12,Sthlm,Sushi,156,27,On time,Returning
110193,2026-07-11,14,stockholm,Pizza,323 kr,35,On time,New
103798,2026-04-15,21,Göteborg,Burgers,197.0,43,On time,Returning
106857,2026-05-26,20,Stockholm,Pizza,"256,0",48,Late,New
108136,2026-06-12,18,Uppsala,Thai,298.0,41,On time,Returning
100615,2026-03-03,22,Göteborg,Sushi,296.0,50,Late,Returning
103809,2026-04-15,18,Göteborg,Pizza,238.0,53,late,NEW
101052,9 Mar 2026,16,Göteborg,Indian,281.0,40,On time,returning
102449,2026-03-28,11,Malmö,Pizza,168.0,250,,Returning
105410,2026-05-06,18,Lund,Pizza,"162,0",43,On time,Returning
102436,2026-03-28,17,Stockholm,Vegan,"207,0",58,LATE,Returning
111825,2026-08-01,13,Stockholm,Sushi,SEK 302,27,On time,Returning
103083,5 Apr 2026,12,Malmö,Burgers,257 SEK,41,On time,New 
104317,22 Apr 2026,19,Göteborg,Sushi,339.0,36,On time, Returning
111659,30/07/2026,22,Stockholm,Burgers,210.0,48,Late,Returning
110963,2026-07-21,13, Göteborg,Pizza ,214.0,29,On time,New
106470,2026-05-21,17,Stockholm,sushi,205.0,52,Late,New
108223,13.06.2026,11,,Burgers,207 kr,34,On time,Returning
106031,15 May 2026,11,Stockholm,Pizza,195.0,32,On time,Returning
113200,2026-08-19,15,Lund ,Sushi,243.0,46,Late,Returning
113437,2026-08-23,12,Göteborg,Burgers,266.0,44,On time,New
108246,2026-06-14,15,Göteborg,Sushi,189 kr,-5,,Returning
100269,2026-02-26,19,Malmö,Indian,258.0,38,On time,Returning
105670,2026-05-10,23,STOCKHOLM,Pizza,"331,0",54,Late,Returning
109286,2026-06-28,18,STOCKHOLM,Pizza,181.0,39,On time,Returning
106886,26/05/2026,14,Malmö,SALAD,212.0,50,Late,New
110311,2026-07-12,12,Stockholm,Pizza,186.0,15,On time,Returning
109535,2 Jul 2026,19,Göteborg,Pizza,"301,0",35,On time,Returning
112555,2026-08-10,13,Lund ,Sushi,"89,0",32,On time,Returning
111480,2026-07-27,23, Uppsala,Burgers,243.0,34,On time,NEW
111928,02.08.2026,22,Malmö, Vegan,319.0,37,Ontime,New 
112327,2026-08-08,11,Stockholm ,Pizza,287.0,35,On time,Returning
102763,2026-04-01,18,Stockholm,Burgers,266.0,38,On time,New
110861,2026-07-19,18,STOCKHOLM,Burgers,297.0,40,On time,New
109310,2026-06-28,17,MALMÖ,BURGERS,314.0,32,On time,Returning
108316,14.06.2026,11,Lund,Indian,267,40,on time,New
112918,16 Aug 2026,18,Göteborg, Indian,"228,0",52,Late,New
102999,4 Apr 2026,17,Uppsala,Salad,"213,0",28,On time,New
112553,2026-08-10,12,Uppsala,Sushi,"338,0",36,On time,Returning
112046,04.08.2026,12, Stockholm,Pizza,SEK 163,37,On time,Returning
102142,2026-03-24,16,Sthlm,Indian,SEK 279,34,On time,New
110022,2026-07-08,12,Uppsala ,Burgers,375.0,56,Late,New
103803,15.04.2026,17,Göteborg,Kebab,289.0,25,On time,Returning
112715,2026-08-13,19,Stockholm,Kebab,219.0,53,Late,Returning
106465,2026-05-21,9,Stockholm,Pizza,200 kr,48,Late,Returning
105128,03.05.2026,18,Stockholm,thai,246.0,31,On time,RETURNING
108599,2026-06-18,19,Uppsala,Burgers,247.0,26,On time,Returning
106005,2026-05-15,17,Göteborg,Salad,320.0,33,On time,Returning
100585,2026-03-02,13,Malmö,Pizza,146,31,On time,Returning
101009,08.03.2026,18,Stockholm,indian,240,40,ON TIME,RETURNING
101440,2026-03-14,14,Malmö,Vegan,"291,0",37,ON TIME,New
106490,2026-05-21,12,STOCKHOLM,Vegan,313,40,On time,New
107142,2026-05-30,22,Stockholm,Burgers,290 kr,31,On time,New
110229,2026-07-11,12,Malmö,Burgers,319.0,36,On time,NEW
104412,2026-04-23,13,Stockholm,Burgers,234 kr,36,On time,NEW
107642,06.06.2026,12,Stockholm,Burgers,207,15,On time,returning
106867,26 May 2026,11,stockholm, Pizza,180.0,52,Late,New
106317,19.05.2026,14,Göteborg, Pizza,SEK 270,34,On time,Returning
112265,7 Aug 2026,18,Stockholm,Indian,293 SEK,44,On time,New
112088,2026-08-05,12,Göteborg,Indian,295 kr,43,On time,Returning
105823,2026-05-12,10, Stockholm,Pizza,239 SEK,31,On time,New
102194,2026-03-25,14,Göteborg,Sushi,233.0,52,LATE, new
112429,2026-08-09,13,Stockholm,KEBAB,147.0,23,On time,Returning
110682,17 Jul 2026,12,Malmö,Salad,272.0,30,On time,Returning
108932,2026-06-23,14,Stockholm,Indian ,168 kr,45,On time,Returning
109335,29 Jun 2026,23,Göteborg ,Vegan,182 kr,32,On time,Returning
108889,2026-06-22,23,Malmö,PIZZA,SEK 207,46,Late ,New
112349,2026-08-08,19,Stockholm,Burgers,215 kr,50,Late,New
102292,26/03/2026,19,Stockholm,Salad,275,35,On Time,Returning
110073,2026-07-09,21,Stockholm,Thai,379.0,27,On time,NEW
112650,2026-08-12,20,Stockholm,Salad,285.0,41,On time,returning
105007,2026-05-01,13,Lund,Pizza,199.0,24,On time,Returning
111198,2026-07-24,12,Stockholm,Kebab,"261,0",46,Late,New
111884,2026-08-02,19, Stockholm,Sushi,210.0,36,On time,returning
110754,18/07/2026,21,Stockholm,Sushi,204 SEK,32,On time,Returning
112950,16.08.2026,17,,KEBAB,261,42,ON TIME,Returning
104411,23 Apr 2026,20, Stockholm,Sushi,252.0,18,On time,Returning
113107,18 Aug 2026,11,Stockholm,Sushi,237 kr,34,On time,Returning
102258,2026-03-26,12,Göteborg,Pizza,238,42,On time,New
107933,10/06/2026,16,Göteborg,Vegan,"204,0",36,On time,Returning
109574,2026-07-02,15,STOCKHOLM,Burgers,239.0,41,On time, Returning
106049,2026-05-15,18,Uppsala ,Pizza,340.0,42,On Time, new
102086,23/03/2026,16,Stockholm,Pizza,282.0,37,On time,Returning
100595,2026-03-02,14,uppsala,burgers,279.0,33,On time,New
111682,2026-07-30,18,Malmö, Sushi,"321,0",23,ON TIME,Returning
110372,13 Jul 2026,15,Stockholm,Thai,SEK 265,39,ON TIME,returning
104625,2026-04-26,20,stockholm,thai,281 kr,27,On time,New
112872,2026-08-15,21,Stockholm,Indian,120.0,34,On time,Returning
110303,2026-07-12,11,Stockholm,Kebab,SEK 218,42,On time,Returning
107293,2026-06-01,19,Stockholm,Pizza,268.0,51,Late ,Returning
107868,2026-06-09,16,Göteborg,Thai,216.0,40,ON TIME,Returning
101723,2026-03-18,11,Malmö,thai,"310,0",40,On Time,Returning
103988,2026-04-17,10,lund,Pizza,227 SEK,32,On time,Returning
112436,2026-08-09,20,Stockholm, Burgers,271 SEK,46,Late,New
103039,2026-04-05,18,Stockholm,Sushi,322 kr,34,On time,Returning
100630,2026-03-03,13, Stockholm,Burgers,328.0,57,Late,New
104979,2026-05-01,11,Stockholm,Pizza,255.0,26,On time,New
101467,2026-03-15,13,göteborg,Thai,246.0,44,On time,New 
110897,2026-07-20,20,Göteborg,Burgers,417,39,on time,New
103139,2026-04-06,12,Sthlm, Burgers,259.0,16,On time,Returning
110479,14.07.2026,11,Uppsala,Pizza,342.0,40,On time,Returning
107186,2026-05-31,11,Göteborg,Vegan,258.0,36,On time,Returning
102870,2026-04-03,18,Göteborg,Indian,256,30,On time,RETURNING
101021,2026-03-08,19,Malmö,Indian,"265,0",26,On time,New
109433,2026-06-30,13,Stockholm,Indian,291.0,44,On time,Returning
105652,2026-05-10,21,Göteborg ,Vegan,342.0,30,On time,New
109406,30 Jun 2026,21,Göteborg ,Thai,306,40,On time,Returning
106814,25 May 2026,17,malmö,Pizza,235,24,On time,Returning
100927,2026-03-07,11,Malmö,Indian,371.0,51,Late,Returning
100210,2026-02-25,11,Uppsala,Pizza,230.0,27,On time,Returning
107014,28/05/2026,10,Malmö,Sushi,235 SEK,52,Late,Returning
104158,2026-04-19,21,uppsala,Sushi,"233,0",47,Late ,Returning
103865,2026-04-16,19, Göteborg,burgers,320.0,47,Late,Returning
102542,2026-03-29,18,Malmö,Thai,334,37,On time,New
113518,2026-08-23,18,Uppsala,BURGERS,251,24,on time,New
103571,12 Apr 2026,17,göteborg,Pizza,324.0,28,On time,Returning
102106,2026-03-23,9,Uppsala,Thai,197.0,43,On time,New
112621,2026-08-12,19,Göteborg,Salad,327 SEK,34,On time,Returning
106395,2026-05-20,19,Stockholm,Burgers,237.0,56,Late,Returning
110669,17.07.2026,11,Sthlm,Pizza,154.0,32,On time, Returning
105680,2026-05-10,22,Stockholm,Pizza,"175,0",40,On time,Returning
104384,2026-04-23,13,Göteborg,Sushi,216.0,42,on time, Returning
110576,2026-07-16,19,göteborg,Burgers,283,28,On time,Returning
111375,26 Jul 2026,23,Stockholm,Pizza ,273.0,39,On time,Returning
113418,2026-08-22,19,Uppsala,Pizza,226.0,39,On time,New
110915,2026-07-20,15,Stockholm,Burgers,193.0,47,Late,New
105235,04/05/2026,11,Stockholm, Kebab,SEK 279,26,On time,Returning
108369,15 Jun 2026,18,STOCKHOLM,Pizza,278,32,On time,NEW
106594,2026-05-22,19,Uppsala,Pizza,327 kr,32,On time,Returning
109970,08/07/2026,14,Gbg,kebab,195.0,28,On time,Returning
102030,2026-03-22,10,Uppsala,Kebab,"241,0",31,On time,New
111691,30 Jul 2026,13,Uppsala,pizza,182.0,29,On time,Returning
102465,28 Mar 2026,11,Uppsala,Burgers,219,47,Late ,Returning
105253,04.05.2026,19,Malmö,Indian ,220.0,31,On time,Returning
112231,2026-08-07,17,Göteborg,Thai,109,42,On time,Returning
107038,29 May 2026,11,Göteborg,Kebab,210.0,38,On time, Returning
107771,7 Jun 2026,11,Malmö,Thai,252.0,25,On time,Returning
107151,2026-05-30,18,Malmö,Pizza,"195,0",37,On time,New
112725,13.08.2026,19,Stockholm,Pizza ,362.0,51,Late,Returning
107760,2026-06-07,11,Stockholm,pizza,193.0,32,On time,Returning
108987,2026-06-24,19,Stockholm,Sushi,273 SEK,32,On time,Returning
106290,18 May 2026,20,Malmö,kebab,207.0,28,On time,Returning
110534,2026-07-15,17,STOCKHOLM,burgers,165,33,On time,Returning
109783,05.07.2026,18,Stockholm,Pizza ,204 kr,23,On Time,Returning
107620,2026-06-06,13,Göteborg,Thai,"347,0",32,On time,Returning
104037,2026-04-18,14,Malmö,Sushi,179.0,32,On time,New
100772,5 Mar 2026,14,Stockholm ,Kebab,259,46, late,Returning
110799,18.07.2026,18,Lund,Burgers,244.0,53,Late,New
100816,6 Mar 2026,13,Göteborg,Burgers,197.0,49,Late,Returning
103295,2026-04-08,15,Stockholm, Vegan,"208,0",31,On time,New
104768,2026-04-28,11,Stockholm,Burgers,SEK 162,29,On time,Returning
110862,19 Jul 2026,19,Malmö,Kebab,286.0,32,on time,New
104827,29.04.2026,13,Stockholm,Salad,245.0,46,Late,Returning
111771,1 Aug 2026,11,göteborg,Kebab,"329,0",38,On time,Returning
108357,2026-06-15,12,STOCKHOLM,Thai,292.0,25,On time,Returning
103890,2026-04-16,21,Stockholm,Pizza,"302,0",45,On time,New
107847,2026-06-08,13,MALMÖ,Thai,258.0,27,On time,Returning 
102473,2026-03-28,17,Uppsala,Pizza,256.0,31,on time,New
110976,2026-07-21,12,Göteborg,Thai ,306,31,ON TIME,New
104886,2026-04-30,11,Sthlm,Indian,SEK 244,24,On time,Returning 
112688,2026-08-13,14,Göteborg,Burgers,311.0,43,On time,Returning
112906,2026-08-15,12,Lund, Salad,275 kr,52,Late,Returning
108450,2026-06-16,12,Stockholm,Vegan,214.0,36,On time,New
110856,19.07.2026,9,STOCKHOLM,Salad,304.0,40,On Time,New
101167,2026-03-10,19,MALMÖ,Burgers ,205.0,41,on time ,returning
107325,1 Jun 2026,12,Uppsala ,Pizza,306.0,30,On time,New
112878,15 Aug 2026,16,Malmö,Burgers,181,36,On time,Returning
109896,07.07.2026,20, Stockholm,PIZZA,246.0,40,On time,Returning
104719,27.04.2026,16,Uppsala,Burgers,132.0,39,ON TIME,New 
100277,26 Feb 2026,19,Uppsala,Kebab,179.0,37,On time,Returning
105574,2026-05-09,18,Göteborg ,Kebab,208 kr,44,On time,Returning
101919,21 Mar 2026,21,Stockholm,Kebab,272 SEK,47,Late,New
107926,09.06.2026,14,Lund,Burgers,209.0,35,On time,RETURNING
100397,2026-02-28,17,Stockholm,Burgers,248.0,20,On Time,Returning
103857,15 Apr 2026,21,Uppsala,Kebab,SEK 253,47,Late,Returning
111776,2026-08-01,17,Göteborg,Pizza,325.0,31,on time ,Returning
102323,2026-03-26,19,Lund,Burgers,"216,0",21,ON TIME,New
109047,2026-06-25,17,Stockholm,Kebab,257,26,On time,RETURNING
102396,27 Mar 2026,19,Lund,Pizza,189 kr,45,On time,Returning
109550,2026-07-02,21,Stockholm,Sushi,210.0,32,On time,New
108521,2026-06-17,13,Stockholm,Thai,129.0,41,On time,Returning
108980,2026-06-24,15,stockholm,Kebab,272.0,34,on time,New
100441,28 Feb 2026,14,Lund,Vegan,160.0,43,On time,Returning
110624,16.07.2026,12,Malmö,Pizza,259.0,43,On time,New
105154,2026-05-03,13,STOCKHOLM,Sushi,SEK 286,45,on time ,New
103657,2026-04-13,21,Göteborg,Thai,343.0,25,on time ,Returning
104663,26 Apr 2026,18,,THAI,255.0,32,On time,Returning 
110993,2026-07-21,18,Stockholm ,thai,171.0,31,On time,New
111917,2026-08-02,14,Malmö,Burgers,295.0,24,ON TIME,New
105557,9 May 2026,19,Göteborg,Kebab,158.0,32,On time,New
109956,07.07.2026,16,Lund,Indian,235.0,60,Late,Returning
101556,2026-03-16,17,Göteborg,indian,"239,0",24,On time,Returning
111253,2026-07-25,16,Göteborg,Vegan,242 kr,29,On time,Returning
106382,2026-05-20,19,Göteborg,PIZZA,317.0,24,On time,New
110244,11/07/2026,13, Lund,Pizza,"183,0",29,On time,returning
103572,12.04.2026,12,Göteborg,Salad,315.0,39,On time,Returning
111909,2026-08-02,13,Stockholm,Kebab,261.0,35,On time,Returning
101512,15/03/2026,11,Stockholm, Kebab,229 SEK,44,On time,New
110470,2026-07-14,20,MALMÖ,Pizza,210 kr,29,On time,Returning
102942,4 Apr 2026,12,Göteborg,Indian,309.0,59,Late,Returning
106756,25 May 2026,17,Göteborg,Burgers,279.0,60,Late,Returning
103740,14.04.2026,18,,Sushi,184.0,37,On time,Returning
107698,6 Jun 2026,20,uppsala,Indian ,183.0,45,On time,New
106208,2026-05-17,18,Malmö,Thai,254,41,On time,Returning
103157,2026-04-06,15,Stockholm,PIZZA,271.0,36,On time,new
103710,2026-04-13,20,Malmö, Burgers,309 SEK,999,,Returning
106632,23.05.2026,20,stockholm,PIZZA,"248,0",59,Late,New 
104048,2026-04-18,13,Malmö,Burgers,226.0,0,,new
111094,2026-07-22,18,,Thai,253 kr,26,On time,New
113373,2026-08-22,10,Stockholm,vegan,"233,0",42,On time,Returning
102599,2026-03-30,11, Stockholm,Pizza,267.0,41,On time,Returning
107660,2026-06-06,10,Stockholm,Thai,310.0,40,On time,Returning
107566,2026-06-05,18,Göteborg,Indian,293 kr,38,ON TIME,New
100197,2026-02-25,18,Malmö,PIZZA,SEK 276,34,On time,Returning
107513,2026-06-04,12,Stockholm,KEBAB,243.0,45,On time,Returning
107962,2026-06-10,13,STOCKHOLM,sushi,291,47,Late,Returning
102343,27/03/2026,16,Göteborg ,Pizza,244 kr,41,On time,Returning 
103864,2026-04-16,16,Göteborg,Pizza,SEK 273,45,On time,Returning
108408,16 Jun 2026,14,Göteborg,Sushi,377.0,40,On time,Returning
107332,01.06.2026,14,Lund ,Kebab,234.0,19,On time,Returning
100947,2026-03-07,13, Uppsala,Kebab,226 kr,48,Late,New
101131,2026-03-10,14,Göteborg,SUSHI,309.0,51,Late,Returning
112290,2026-08-07,17, Lund,Indian,188.0,38,On time,Returning
103947,2026-04-17,17,Stockholm,Kebab,140,35,On time,Returning
107683,2026-06-06,20,Malmö,Pizza,304.0,26,On time,New
109992,08.07.2026,10,stockholm,Burgers,"253,0",33,On time,Returning
103945,2026-04-17,12,Göteborg,Sushi,204.0,32,On time,Returning
104084,2026-04-19,22,Göteborg,Sushi,"247,0",43,On time,Returning
103223,07.04.2026,17,stockholm,Kebab,348.0,38,On time,returning
112013,2026-08-04,18,Göteborg,Thai,227 kr,46, late,New
108712,20 Jun 2026,11,Stockholm,Salad,329.0,33,ON TIME,Returning
103434,10 Apr 2026,12,Stockholm,Pizza,200.0,250,,New
103674,2026-04-13,12,Stockholm,Sushi,SEK 286,22,On time,Returning
108154,2026-06-13,13,göteborg,Burgers,"163,0",46,Late,New
107554,2026-06-05,14,göteborg,Pizza,190.0,28,On time,New
109825,6 Jul 2026,18,Göteborg,KEBAB,210.0,42,On time,Returning
101124,09.03.2026,18,Lund,Indian,315,46,Late,New
108267,14.06.2026,12,Stockholm,Sushi ,SEK 221,37,On time,Returning
106704,2026-05-24,12,Stockholm,Salad,352.0,-5,,Returning
109854,2026-07-06,9,Malmö,Burgers,344 SEK,28,On time,New
109685,2026-07-04,17,Göteborg,Pizza,320.0,35,On time,New
100169,25 Feb 2026,21,Stockholm,Kebab,"216,0",24,On time,returning
100896,2026-03-07,13,Stockholm,Burgers,279.0,30,On time, new
108046,2026-06-11,13,Stockholm,Pizza,237.0,15,On time,Returning
104851,2026-04-29,11,Uppsala,salad,272 SEK,44,ON TIME,Returning
106576,2026-05-22,12,Malmö,Kebab,269.0,31,On time,New
109434,30 Jun 2026,20,Stockholm ,Pizza,288 SEK,24,On time,New
103389,09/04/2026,20,Malmö,Salad ,199.0,28,On time,New
111349,2026-07-26,15,Göteborg,Salad,309.0,43,On time,RETURNING
111851,2026-08-01,12,Lund,Sushi,238 SEK,28,On time,New
111988,2026-08-03,12,Malmö,INDIAN,128,45,On time,Returning
100897,2026-03-07,18,Stockholm,Vegan,282.0,46,Late,Returning
113173,2026-08-19,14,Stockholm,Pizza,252,32,On time,Returning
108149,2026-06-13,10,göteborg,Burgers,235.0,32,On time,New
101942,2026-03-21,13,Uppsala,Pizza,324 kr,32,On time,RETURNING
101119,9 Mar 2026,11,,Thai,222.0,30,On time,Returning
102938,4 Apr 2026,18,Göteborg,Pizza,199.0,28,On time,Returning
108994,24 Jun 2026,15,Stockholm,Thai,229.0,43,On time,Returning
110521,2026-07-15,9,Stockholm,Kebab,241,41,On time,New
109076,2026-06-25,12,Uppsala,Sushi,279 SEK,49,late,Returning
105571,2026-05-09,20,Göteborg ,Burgers,168 kr,31,On time,New
107623,2026-06-06,20,Göteborg,Salad,285.0,32,On time,Returning
107543,2026-06-04,16,Lund,Indian,185.0,20,On Time,Returning
108567,2026-06-18,10,Stockholm,Pizza,256.0,49,Late,New
111096,22/07/2026,13,Uppsala,Vegan,282 kr,22,On time,New
107906,09/06/2026,13,Malmö,Thai,254.0,37,On time,Returning
101893,21 Mar 2026,12,göteborg,Sushi,257,20,on time ,Returning
100193,2026-02-25,12, Malmö,SUSHI,258.0,52,LATE, new
113182,19 Aug 2026,18, Malmö,Sushi,SEK 225,33,On time,Returning
101734,2026-03-18,18, Malmö,Thai,279.0,38,On time,Returning
102728,1 Apr 2026,11,Göteborg,Burgers,238.0,18,On time,New
105548,2026-05-08,18,Lund,Burgers,251 SEK,40,On time,Returning 
104305,21/04/2026,12,Lund,Burgers,SEK 279,38,On time,Returning
110697,17 Jul 2026,15,Uppsala ,Thai ,262,39,On time,Returning
111497,2026-07-28,19,Göteborg,Pizza,"294,0",27,On time,New
107836,2026-06-08,13,Stockholm,thai,304,27,On time,Returning
104017,18 Apr 2026,19,Stockholm,Vegan,290.0,36,Ontime,Returning
110969,21.07.2026,10,Göteborg,Kebab,249.0,34,on time , new
103756,2026-04-14,19,Stockholm,Salad,"222,0",15,On time,New
111016,2026-07-21,12,Malmö,Burgers,"271,0",35,ON TIME,New
104047,2026-04-18,12,malmö,Sushi,205.0,999,,Returning
112705,2026-08-13,21,Sthlm, Thai,331.0,19,On time,New
111362,2026-07-26,13,Stockholm,Thai,"329,0",39,On time,Returning
103845,2026-04-15,13, Malmö,Burgers,215.0,43,On time,New
109813,2026-07-05,19,uppsala,Sushi,292,32,On time,New
103800,2026-04-15,19,göteborg,Burgers,"281,0",250,,returning
101370,13 Mar 2026,13,Malmö,Thai,278.0,47,Late,New
100401,2026-02-28,13,Stockholm,Burgers,327.0,35,On time,Returning
107295,2026-06-01,14,stockholm,Sushi,206.0,42,On time,Returning
110591,2026-07-16,14,Stockholm,thai,267.0,53,Late,returning
100910,7 Mar 2026,10,Stockholm, Thai,240,58,Late,New
107637,2026-06-06,10,Göteborg,Pizza,"233,0",33,On time,returning
105935,2026-05-14,21,Stockholm,Burgers,244 kr,36,On time,Returning
112501,2026-08-10,18,Göteborg,Thai,186.0,37,On time,RETURNING
102376,2026-03-27,12,Malmö,Salad,"298,0",42,On time,New
100472,01/03/2026,17,Stockholm,Kebab,258.0,29,on time ,New
102981,2026-04-04,11,stockholm,Indian ,184 kr,42,on time ,New
100848,2026-03-06,11,Malmö,Kebab,251.0,36,On time,Returning
109756,2026-07-05,11,Stockholm,Thai,320,45,On time,Returning
109851,2026-07-06,10,malmö,Pizza,255.0,47,Late,New
113403,22 Aug 2026,15,Malmö,Kebab,210.0,32,On time,Returning
106516,21 May 2026,15,Lund,Pizza,SEK 276,35,On time,Returning
102862,03.04.2026,17,Göteborg,Indian ,267.0,28,On time,New
102649,2026-03-31,16,Göteborg,Burgers,336.0,41,On time,Returning
105240,2026-05-04,10,STOCKHOLM,Pizza,294,47,Late,Returning
104523,25/04/2026,19,Göteborg,Salad,216.0,35,On time,Returning
108027,2026-06-11,21,Stockholm,Indian,331.0,32,On Time,Returning
103806,15.04.2026,16,,Kebab,266.0,250,,Returning
102195,2026-03-25,12,Göteborg,Burgers,244.0,41,On time, new
102437,2026-03-28,12,Stockholm,Indian,302 kr,18,On time,Returning
106024,15/05/2026,10,Sthlm,Thai,279,26,On time,Returning 
102448,2026-03-28,18, Malmö,Vegan,346.0,39,On time,Returning
113074,18 Aug 2026,12,Göteborg,Kebab,234.0,28,On time,New
100409,2026-02-28,12,Stockholm,PIZZA,342 SEK,36,On Time,Returning
107210,2026-05-31,11,Stockholm,Indian,191 kr,42,On time,Returning
111806,2026-08-01,14,Stockholm,Pizza,183.0,33,On time, new
101347,2026-03-13,11,Stockholm,Thai,270,28,Ontime,Returning
101789,19/03/2026,13,Stockholm ,Kebab,257.0,40,On time, Returning
105755,2026-05-11,13,Stockholm,Sushi,244.0,32,On time,Returning
110438,2026-07-14,21,Stockholm, Thai,201 kr,23,on time ,Returning
100302,2026-02-27,14,GÖTEBORG,Salad,205 kr,43,Ontime,Returning
103902,16 Apr 2026,20,Stockholm,Kebab,239.0,46,Late,New
107070,2026-05-29,11,Malmö,Pizza,258 kr,33,On time,Returning
113254,2026-08-20,20,Stockholm, Burgers,"281,0",28,ON TIME,Returning
110074,9 Jul 2026,17,stockholm,KEBAB,"187,0",250,,Returning
108498,17 Jun 2026,19,Sthlm,SUSHI,"298,0",38,On time,returning
106136,16/05/2026,13, Lund,Sushi,264.0,21,On time,New
104950,01.05.2026,21,GÖTEBORG,Sushi,227 SEK,26,On time,RETURNING
107764,2026-06-07,10,Stockholm,Kebab,245.0,29,On time,New
100356,27 Feb 2026,17,Uppsala,Indian,210.0,42,On time,returning
112393,2026-08-08,13,Lund,Sushi ,249.0,33,On time,Returning
110723,2026-07-18,11,göteborg,Pizza,232 kr,-5,,Returning
100638,2026-03-03,11,Stockholm ,PIZZA,235.0,26,On time,Returning
104219,2026-04-20,21,Malmö,Indian,253.0,22,ON TIME,New
111447,2026-07-27,17,Stockholm,Burgers,"303,0",29,On time,Returning
100007,2026-02-23,14,Göteborg,thai,206.0,39,On time,New
104921,30 Apr 2026,22,Malmö,Pizza,270.0,25,On time,New
105280,04/05/2026,12,Lund,Indian,289.0,39,on time,New
102330,2026-03-27,19,Göteborg,Burgers,"273,0",23,On time,New
105756,2026-05-11,19,Stockholm,Pizza,257.0,42,On time,Returning
110196,2026-07-11,23,Stockholm,Burgers,326.0,48,Late,Returning
109171,2026-06-27,15,Göteborg,Pizza,300.0,46,Late,New
109177,27/06/2026,12,Gbg,Pizza,277 SEK,42,On time,RETURNING
100789,2026-03-05,18,Uppsala,Indian,"334,0",37,On time,Returning
101128,2026-03-10,19,Göteborg, Pizza,180.0,37,On time,New
100734,2026-03-04,11,Uppsala,Kebab,232 kr,44,On time,returning
101316,2026-03-12,12,Uppsala,Indian,113 kr,-5,, new
110636,2026-07-16,18,Lund,Indian,"193,0",34,On time,Returning
103565,12/04/2026,23,Göteborg,INDIAN,155.0,45,On time, new
112974,16 Aug 2026,19,Malmö,Indian,267.0,40,On time,returning
109670,2026-07-04,18,Göteborg,Pizza,"205,0",37,On time,new
108379,15 Jun 2026,16,Malmö,Thai,324.0,30,On time,New
105338,05.05.2026,12, Uppsala,KEBAB,211.0,26,On time,Returning
100511,2026-03-01,10,Malmö,Sushi ,291.0,42,On time,New
102807,2 Apr 2026,16,Göteborg,Thai,173.0,41,ON TIME,New
105280,2026-05-04,12,Lund,Indian,289,39,On Time,New
105252,4 May 2026,21,Malmö,Kebab,384.0,38,On time,New
110049,2026-07-09,21,,Sushi,133,29,On time,Returning
111104,22 Jul 2026,11,Lund,Burgers,"176,0",32,on time,NEW
108513,17 Jun 2026,17,Stockholm,Kebab,348.0,0,,Returning
106234,17 May 2026,14,Lund ,PIZZA,180.0,55,Late,RETURNING
108928,2026-06-23,11,Stockholm,Thai ,236.0,43,On time,returning
102173,2026-03-24,17,MALMÖ,Kebab,263.0,43,On time,New 
106277,18 May 2026,11,Stockholm ,Sushi,"172,0",43,On time,returning
109981,8 Jul 2026,21,STOCKHOLM,Kebab,193,52,Late,Returning
105912,13/05/2026,19, Uppsala, Kebab,289 kr,40,On time,New
111283,2026-07-25,12,Stockholm,Indian ,SEK 337,36,On time,New
107353,2026-06-02,12, Stockholm,Pizza,302.0,37,On time,RETURNING
103788,14 Apr 2026,17,Uppsala,Thai,344,35,On time,New
108227,13 Jun 2026,20,Lund,thai,270.0,38,On Time, new
112208,2026-08-06,23,Uppsala,PIZZA,278.0,42,On Time,Returning
113115,18 Aug 2026,17,Malmö,Pizza,309.0,31,On time,Returning
103396,2026-04-09,19,Uppsala ,Indian,270.0,45,On time,Returning
102361,2026-03-27,20,stockholm,Indian,316,40,On time,New
101229,2026-03-11,12,,Burgers,143,52,Late,Returning
113012,2026-08-17,11,Stockholm,thai,135.0,37,On Time,New
108986,24 Jun 2026,20,Stockholm,Sushi,289.0,52,Late,Returning
104318,2026-04-22,13,Göteborg,Vegan,216,31,On time,Returning
109048,25.06.2026,21,stockholm,Sushi,"226,0",40,On time,returning
104320,2026-04-22,16,GÖTEBORG,Indian,274,42,On time,New
103015,4 Apr 2026,23,Lund,Vegan,224.0,58,Late,New
108390,2026-06-15,12,Uppsala,Sushi,275.0,29,On time, new
101584,2026-03-16,19,Stockholm,Kebab,"260,0",17,On time,new
106887,2026-05-26,14,Malmö,Pizza,"122,0",48,Late,New
104188,20/04/2026,16, Stockholm,Vegan,213.0,40,On time,New
108865,22/06/2026,20,STOCKHOLM,Pizza,211.0,0,,New
110280,2026-07-12,21,Stockholm,Kebab,185.0,38,On time,Returning
104892,2026-04-30,12,Stockholm,Burgers,251,41,ON TIME,New
113287,2026-08-21,12,Göteborg,Indian,233.0,49,Late,Returning
103472,2026-04-10,17,uppsala,Indian,280,38,On time,Returning
101555,2026-03-16,19,Göteborg,Pizza,230 SEK,44,Ontime,Returning
107106,30/05/2026,16,Göteborg,Kebab,315.0,30,On time,Returning
106878,26 May 2026,19,Stockholm,Burgers,264.0,47,Late,New
111100,2026-07-22,10,Uppsala,Kebab,262.0,41,On time,New
104946,01/05/2026,19,Göteborg,Indian,271.0,44,On time,Returning
103509,11 Apr 2026,22,Stockholm,SALAD,276 SEK,43,On time,Returning
101174,2026-03-10,18,Uppsala,Sushi,SEK 251,42,On time,Returning
104105,19 Apr 2026,16,Stockholm,Salad,313.0,31,On time,Returning
110480,2026-07-14,12,Uppsala,Indian,275 SEK,33,Ontime,Returning
104517,2026-04-25,10, Göteborg,Vegan,283.0,49,Late,Returning
101705,2026-03-18,17,Stockholm ,Sushi,252,29,On time,New
105391,2026-05-06,18,malmö,Salad,347,29,On time,New
107080,2026-05-29,14,Uppsala,Pizza,231.0,26,On Time,New
104127,19.04.2026,14,STOCKHOLM,Kebab ,324.0,42,On time, Returning
106986,2026-05-28,18,Göteborg,Indian,272,37,On time,Returning 
108120,2026-06-12,20,Malmö,Kebab,233.0,22,On time,Returning 
105832,12/05/2026,11,Malmö,Burgers,SEK 200,30,on time ,Returning
107824,08/06/2026,14,STOCKHOLM,Pizza,306.0,48,Late, Returning
101369,13 Mar 2026,14,Malmö,Burgers,218.0,41,On time,Returning 
100590,2 Mar 2026,13,Malmö,Thai,121 SEK,43,On time,Returning 
106451,21/05/2026,11, Göteborg,Pizza,329.0,36,On time,New
103784,14 Apr 2026,13,Uppsala,Burgers,273.0,29,ON TIME,New
107594,2026-06-05,20,Malmö,Kebab,271.0,23,On time,Returning
110685,2026-07-17,17,MALMÖ,Pizza,316.0,49,Late,Returning
111890,2026-08-02,16,Stockholm,Pizza,164.0,27,On time,Returning
107218,2026-05-31,12,Stockholm,Indian,275.0,42,On time,New
102128,2026-03-24,12,Göteborg,Kebab,286.0,36,On time,Returning 
111637,2026-07-30,12,Göteborg,Burgers,198.0,46,Late,returning
108451,2026-06-16,16, Stockholm,Indian,335 kr,22,on time ,New
113386,2026-08-22,18,Sthlm,Pizza,177 SEK,41,On time,Returning
101523,2026-03-15,11,Malmö,Kebab,269.0,53,Late,New
102269,2026-03-26,22,Göteborg,Pizza,164 SEK,40,On time,New
100941,2026-03-07,19,Malmö,pizza,195 kr,21,On time,Returning
105883,2026-05-13,19,Stockholm,Kebab,170 SEK,38,On time,Returning
104580,2026-04-25,13,Uppsala,Vegan,"216,0",41,On time,Returning
102397,2026-03-27,10,,Pizza,296.0,48,Late,New
100299,27 Feb 2026,17,Göteborg,Thai,218.0,28,On time,Returning
104185,20.04.2026,11,Göteborg,Pizza,117 SEK,31,On time,Returning
111143,2026-07-23,14,Malmö,THAI,250.0,42,On time,Returning
102014,22.03.2026,21,Malmö,pizza,319 kr,27,On time,Returning 
113186,19.08.2026,17, Malmö,Kebab,"286,0",44,On time,Returning
109139,26/06/2026,14,Malmö,Indian,297.0,48,Late,New
105208,04.05.2026,13,Gbg,Indian,143.0,43,On time,New 
101411,2026-03-14,19,Stockholm ,Pizza ,SEK 223,36,ON TIME,New
111853,2026-08-01,18,Lund,Kebab,183.0,24,On time,New
103290,2026-04-08,11,Stockholm,Sushi,"243,0",33,On time,Returning
105937,2026-05-14,12,Stockholm,Thai,SEK 259,41,on time,New
113414,2026-08-22,20,Malmö,Kebab,218.0,25,on time,Returning
111787,01/08/2026,19,Gbg,Sushi,153.0,31,On time,Returning
111310,2026-07-25,19, Malmö,Burgers,245.0,46,Late,Returning
108308,2026-06-14,11,Uppsala,Kebab,319 kr,47,Late,Returning
112289,07/08/2026,22,Lund,Sushi,312.0,40,On time,New
109438,2026-06-30,14,Malmö,Kebab,242.0,39,On time,Returning
102910,2026-04-03,23,malmö,Vegan,242.0,27,On time,Returning
102034,2026-03-22,16,Lund,Kebab,267.0,25,ON TIME,Returning
105090,2026-05-02,17,Lund ,Kebab,211.0,29,On time, new
110057,2026-07-09,18,stockholm,Pizza,272.0,44,On time,New
102150,2026-03-24,9,Stockholm,Pizza,131 kr,42,On time,Returning
108188,2026-06-13,15,Stockholm,Burgers,211.0,52,Late,Returning
105687,2026-05-10,9,Stockholm,PIZZA,251 kr,48,Late,New 
100909,7 Mar 2026,14,Stockholm,Burgers,327 SEK,32,On time,Returning
111841,2026-08-01,14,Malmö,INDIAN,232,33,On time,New
109704,2026-07-04,14, Stockholm,Burgers,192,44,On time,Returning 
102780,2026-04-01,14,Uppsala,Pizza,238.0,32,On time,Returning
113439,23 Aug 2026,12,Göteborg,Sushi,255,23,On time,Returning
104753,28 Apr 2026,11,Stockholm,Burgers,179.0,26,On time,RETURNING
110354,2026-07-13,18,Gbg,Pizza,227.0,46,Late,New
112699,2026-08-13,19,göteborg,Salad,270,20,ON TIME,Returning
102513,2026-03-29,12,Stockholm,Vegan,201.0,48,Late,Returning
101527,15.03.2026,18,Malmö,Kebab,250.0,34,On time,Returning
100764,05/03/2026,23,Stockholm,Burgers,193,38,On time,New
107247,2026-05-31,18,Malmö,BURGERS,178.0,34,On time,Returning
105664,2026-05-10,17, Göteborg,thai,146.0,38,On time,Returning
106851,2026-05-26,20,STOCKHOLM,Sushi,169.0,36,On time,RETURNING
101058,9 Mar 2026,20,Göteborg,Salad,353.0,40,On time,returning
106740,2026-05-24,19,Uppsala,Salad,196.0,42,On time,New
107124,2026-05-30,10,Sthlm,kebab,191.0,23,On time,Returning
109097,26.06.2026,23,Göteborg,Sushi,316.0,30,On time,New
112876,2026-08-15,9,Malmö,salad,237,40,On time,Returning
100171,25.02.2026,10, Stockholm,Vegan,SEK 177,39,On time,Returning
100314,2026-02-27,19,Stockholm,Sushi,271,49,Late,New
101969,22.03.2026,21,Göteborg, Indian,143.0,52,Late ,Returning
102250,26 Mar 2026,12,Göteborg,Thai,232,34,On time, Returning
103624,2026-04-12,11,Malmö,Thai,160 kr,35,on time,Returning 
105592,2026-05-09,10,STOCKHOLM,Indian,302 SEK,26,On time, Returning
111120,2026-07-23,12,göteborg,Vegan,233.0,39,On time,New
104565,25 Apr 2026,20,Stockholm,Kebab,314.0,46,Late,New
108552,2026-06-18,12,Göteborg,Sushi,291.0,-5,,New
111621,29/07/2026,11, Lund,Thai,"256,0",38,on time,Returning
111320,25 Jul 2026,10,Malmö,pizza,277.0,27,On time,Returning
102732,01/04/2026,11,Göteborg,Burgers,181 SEK,30,on time ,New
105902,2026-05-13,14,Malmö ,Kebab,181.0,30,On time,Returning
110173,2026-07-11,17, Göteborg,Kebab,196,32,On time,RETURNING
111446,2026-07-27,22,Göteborg,Burgers,180.0,56,Late,New 
106894,2026-05-26,12,Uppsala,Kebab,294.0,36,on time ,New
111628,2026-07-30,21,Göteborg,Burgers,237.0,38,On time,New
102374,2026-03-27,11,, Burgers,"198,0",36,On Time,Returning
103771,14 Apr 2026,17,Malmö,Vegan,328.0,35,On time,Returning
105784,2026-05-11,12, Malmö,Kebab,297.0,38,On time,Returning
101485,2026-03-15,14,Göteborg,Indian,"159,0",35,On time,Returning
103232,2026-04-07,19,Malmö,Sushi,305 SEK,43,On time,Returning
112332,8 Aug 2026,12,stockholm,Burgers,"210,0",37,on time ,Returning
102811,2 Apr 2026,17,Göteborg ,Pizza,"314,0",999,,New
113354,2026-08-22,13,Göteborg,pizza,158.0,29,On time,New
106985,2026-05-28,13,Göteborg,Salad,214 SEK,44,On time,Returning
109564,2026-07-02,18,Stockholm,Vegan,142.0,30,On time,Returning
109153,26 Jun 2026,13,lund,Thai,304 SEK,37,On time,Returning
101070,2026-03-09,12,STOCKHOLM,THAI,"235,0",55,Late,Returning
100862,2026-03-06,19,Uppsala,Salad,207.0,41,On time,Returning
100834,06/03/2026,12, Stockholm,Sushi,277.0,29,On time,New
109582,2026-07-02,12,Malmö, Thai,"224,0",36,On time,Returning
104654,2026-04-26,10,Uppsala ,Salad,337,40,On time,Returning
107378,2026-06-02,18,STOCKHOLM,Thai ,278,50,Late,Returning
102071,23.03.2026,19,STOCKHOLM,Pizza ,SEK 282,44,On time, Returning
113050,2026-08-17,13,malmö,Pizza,259.0,46,Late,Returning
112743,13/08/2026,19,Malmö,Thai,211.0,40,On time,RETURNING
105064,02.05.2026,12,Malmö ,Thai,313,33,on time,Returning
103280,8 Apr 2026,10,Stockholm,PIZZA,267.0,35,Ontime,Returning
102360,2026-03-27,14,Stockholm, Sushi,262,39,On time,New
101629,2026-03-17,10,Göteborg,Vegan,328 SEK,37,On time,Returning
105760,11.05.2026,13,Stockholm,Pizza,275.0,45,On time,Returning
100759,05/03/2026,18,Stockholm,Indian,296 kr,25,On time,Returning
100668,03.03.2026,13,Uppsala,Kebab,"202,0",27,On time,New
105221,04/05/2026,15,Sthlm,Sushi,340.0,35,On time,returning
101559,16 Mar 2026,10,Göteborg,Kebab,283 kr,43,On time,Returning
107960,2026-06-10,12,Stockholm,SUSHI,"240,0",44,on time ,Returning
112908,2026-08-15,19,lund,Indian,270.0,20,on time,Returning
110775,2026-07-18,11, Malmö,Sushi ,309.0,46,Late,Returning
112430,2026-08-09,23,Stockholm,Indian,288.0,40,Ontime,New 
112404,2026-08-09,19,Göteborg ,Kebab ,263,40,On time,NEW
101047,2026-03-08,12,Lund,Indian,206.0,28,On time,Returning
107097,2026-05-30,18,Gbg,Sushi,190.0,43,On time,Returning
101389,2026-03-14,13,Göteborg ,kebab,294 SEK,26,On time,Returning
112286,7 Aug 2026,9,Uppsala, Burgers,"307,0",37,On time,Returning
102463,2026-03-28,13,Uppsala,Pizza,"318,0",45,On Time,new
100924,2026-03-07,15,Stockholm, Thai,285 SEK,33,On time,Returning
110865,19 Jul 2026,13,Malmö,Pizza,262.0,36,On time,Returning
102132,2026-03-24,22,Göteborg,Indian,234.0,35,On time,returning
107429,2026-06-03,19,Stockholm,Burgers ,296,38,On time,Returning
112100,2026-08-05,19,Stockholm,Pizza,203.0,29,On time,New
106260,2026-05-18,18,Sthlm,Salad,281.0,40,on time ,New
101784,2026-03-19,12,Stockholm,Sushi,"156,0",27,On Time,Returning
102566,29 Mar 2026,22,Lund,Indian,197.0,35,On Time,New
109384,2026-06-29,11,Malmö,INDIAN,233.0,22,On Time,Returning 
100080,24.02.2026,18,Göteborg, Pizza,357,29,On time,Returning
109717,2026-07-04,12,Malmö,Sushi,316,50,Late,Returning
103324,2026-04-08,18,Lund,burgers,236.0,18,ON TIME,Returning
101952,21.03.2026,12,Lund,Kebab,359.0,37,On time,New
106855,26 May 2026,12,Stockholm,Salad,267 kr,37,On time,New
101503,2026-03-15,11,Stockholm,Thai,215 SEK,23,On time,Returning
106558,22 May 2026,12,stockholm,Vegan,289.0,41,On time,Returning 
104038,2026-04-18,22,malmö,Sushi,194.0,44,On time,Returning
112746,13 Aug 2026,19,Uppsala,BURGERS,304,33,On Time,New
103199,2026-04-07,15,Stockholm,Burgers,255.0,39,On time,Returning
108171,2026-06-13,20,Stockholm,Salad ,276.0,54,Late,Returning
101701,2026-03-18,16,Stockholm ,Kebab ,307.0,19,On time,Returning
104581,25/04/2026,17,uppsala,Pizza,219.0,34,ON TIME,Returning
101897,2026-03-21,19,göteborg,Pizza,209.0,38,On time,Returning
110563,15.07.2026,19,Lund ,kebab,289.0,41,On time,Returning
102432,2026-03-28,19,Stockholm,Kebab ,252 kr,29,On time,New
109251,2026-06-27,17, Lund,Burgers,269.0,29,On time,Returning
103548,2026-04-11,15,Uppsala,Burgers,352.0,56,Late,New
107367,2 Jun 2026,11,,Thai,266.0,45,On time,Returning
105006,2026-05-01,12,Lund,Pizza,208 kr,31,On time,Returning
110018,2026-07-08,23,Uppsala,Kebab,304.0,26,Ontime,Returning 
102664,2026-03-31,16,STOCKHOLM,Burgers,254.0,31,On time, Returning
106076,16 May 2026,15,Stockholm,Pizza,292,45,On time,New
100479,2026-03-01,11,Stockholm,Kebab,"330,0",39,On time,Returning
100154,2026-02-25,19,Göteborg,Thai,"270,0",35,ON TIME,RETURNING
111168,2026-07-24,20,Göteborg,Burgers,149.0,30,On time,New
105590,2026-05-09,13,Stockholm,Pizza,173.0,41,ON TIME,Returning 
100360,2026-02-27,11,Lund,Pizza,237.0,42,on time,New
103049,2026-04-05,10,Stockholm,Vegan,301,40,On time,returning
102499,29 Mar 2026,12,Göteborg,Vegan,248.0,31,On time, Returning
107136,30/05/2026,20,stockholm,Pizza,237.0,27,On time,New
111032,2026-07-21,20,Lund,kebab,316.0,39,On time,Returning
105265,2026-05-04,11,Malmö, Indian,172 SEK,28,on time ,Returning
100404,28/02/2026,20,Stockholm,Sushi,230.0,41,On time,Returning
109134,2026-06-26,14,Malmö,Burgers,194.0,44,On Time,Returning
110569,2026-07-16,10,Göteborg ,thai,252 SEK,39,On time,Returning
111220,24 Jul 2026,19,Malmö,Vegan,"320,0",39,On time,Returning
112955,2026-08-16,21,Stockholm,burgers,341,36,On time,Returning
103238,2026-04-07,19,Uppsala,VEGAN,282,17,On time,Returning
111780,01.08.2026,20,Göteborg,SUSHI,292.0,29,On time,New
106247,2026-05-18,17,Göteborg,Pizza,"218,0",38,on time,New
101665,17 Mar 2026,17,Malmö, Pizza,318.0,35,Ontime,New
102060,2026-03-23,11,Stockholm,Kebab,254 SEK,28,On time,Returning
104377,2026-04-22,20,Lund,Pizza,186.0,26,On time,Returning
104234,20.04.2026,11,Lund,Salad,200,26,on time,Returning
111708,31.07.2026,18,Göteborg, Vegan,227.0,55,Late,Returning
105225,04.05.2026,12,Stockholm,Pizza,261.0,33,On time, Returning
103955,2026-04-17,23,Stockholm,Pizza,270.0,39,On time,Returning
112896,15.08.2026,16,Uppsala,Pizza,"278,0",36,On time,Returning
107480,2026-06-03,18,Uppsala, Thai,360.0,31,on time ,Returning
103042,2026-04-05,15,Stockholm,Burgers,SEK 213,41,On time,Returning
107916,9 Jun 2026,23,Malmö,Pizza,212.0,41,On time, Returning
107633,2026-06-06,21,Göteborg,Burgers,298,33,On time,New
109099,2026-06-26,13,Göteborg,Pizza,179,30,On time,New
104814,29 Apr 2026,18, Stockholm,Thai,297.0,33,On Time,RETURNING
100613,03.03.2026,14,Göteborg , Kebab,281,36,On time,Returning
103467,2026-04-10,14,Uppsala,Indian,"209,0",25,on time ,RETURNING
109524,2026-07-01,11, Uppsala,Thai,296,39,On time,New
102219,25 Mar 2026,12,Stockholm,burgers,186,29,on time,Returning
101243,2026-03-11,20,Uppsala,Salad,292,45,On time,New
109088,2026-06-26,12,Göteborg ,Pizza,219.0,30,On time,Returning
101578,2026-03-16,11,Stockholm,Kebab,329.0,25,On time,Returning
109440,2026-06-30,12,Malmö,Pizza,206.0,49,Late,Returning
110136,2026-07-10,11,Stockholm,Pizza,184,36,on time ,Returning
113104,18/08/2026,11,Stockholm,Thai,240 SEK,44,On time,Returning
106921,27.05.2026,19,Stockholm,Sushi ,224.0,37,On time,New
108255,2026-06-14,15,stockholm,Kebab,298.0,34,On time,new
107967,2026-06-10,16,STOCKHOLM,Sushi,278.0,41,on time,Returning
108391,15 Jun 2026,17,Uppsala,Salad,119,49,Late,Returning
111948,2026-08-03,19,Göteborg ,Burgers,"261,0",22,On time,New
107120,30 May 2026,17,Stockholm ,Indian,"247,0",47,late,Returning
113369,2026-08-22,13,stockholm,Sushi,"161,0",38,On time,Returning
105348,6 May 2026,20,Göteborg ,Burgers,"324,0",35,On time,Returning
103421,2026-04-10,12,Göteborg ,Indian,204.0,20,On time,Returning
112406,09.08.2026,17,Göteborg,Burgers,302.0,35,On time,Returning
106267,18 May 2026,14,Stockholm,Burgers,239.0,44,On time,New
101834,2026-03-20,12,GÖTEBORG,Pizza,303 SEK,38,On time,Returning
107665,06/06/2026,20,Stockholm,Thai ,"220,0",23,Ontime,Returning
111933,2026-08-02,19,Uppsala,burgers,326.0,33,On time,Returning
105663,2026-05-10,21,GÖTEBORG,Pizza,279.0,37,On time,Returning
100259,26 Feb 2026,11,Stockholm,Pizza,296.0,56,Late,Returning
103782,2026-04-14,14,Malmö,Indian,SEK 219,43,On time,Returning
103819,2026-04-15,13,Stockholm ,Pizza,194.0,42,on time ,Returning
104403,2026-04-23,18,Stockholm,vegan,338,37,ON TIME,Returning
104288,2026-04-21,13,MALMÖ,INDIAN,238.0,52,Late,Returning
112533,2026-08-10,16,Stockholm,Pizza,271,28,On time,New
111091,2026-07-22,17,Malmö,Sushi,267,39,ON TIME,Returning
109357,2026-06-29,20,Sthlm,Burgers,252.0,48,Late,Returning
106351,2026-05-19,12,Malmö,Kebab,"190,0",46,Late,New
106666,2026-05-23,12,Uppsala,Thai,261.0,40,On time,Returning
110584,16 Jul 2026,13,Stockholm,Burgers,"216,0",30,On Time,Returning
106604,23/05/2026,17,göteborg,Sushi,268.0,37,On time,New
111110,2026-07-23,19,Göteborg,Kebab,222,33,On time,Returning
106356,2026-05-19,13,Malmö,Sushi ,261.0,42,On time,Returning
106324,2026-05-19,13,STOCKHOLM,Indian,314,29,On Time,Returning
108795,2026-06-21,19,Stockholm,Vegan ,150.0,999,,Returning
103344,2026-04-09,20,Göteborg,Burgers,185,38,On time,Returning 
109583,2026-07-02,10,Malmö,Pizza,220.0,31,On time, Returning
108456,16 Jun 2026,10,Stockholm,Salad,237.0,31,On time,new
101681,17/03/2026,17,Lund,burgers,246 kr,33,on time ,Returning
101487,2026-03-15,12,Stockholm,Kebab,245.0,28,On time,Returning
111165,2026-07-23,17,Lund,Pizza,181.0,44,On time,Returning
112457,9 Aug 2026,13,Stockholm,Thai,228,25,On time,Returning
112590,11 Aug 2026,19,STOCKHOLM,Sushi,219.0,39,On time,Returning
107613,2026-06-05,18,Lund,Salad,152 kr,22,On Time,Returning
106635,2026-05-23,18, Stockholm,Vegan,238.0,28,On time,Returning
104300,2026-04-21,17,Lund,Pizza,285 SEK,30,Ontime,New
103310,8 Apr 2026,11,Malmö,Pizza,368 kr,39,on time,Returning
111072,22 Jul 2026,19,STOCKHOLM,Pizza,267.0,40,On time,Returning
103243,2026-04-07,18,Uppsala,Pizza ,278.0,30,On time,RETURNING
108404,2026-06-16,13,Göteborg,Burgers,310,18,On time,New
102039,2026-03-22,13,Lund ,Sushi,"161,0",44,On time,New
113334,2026-08-21,13,Uppsala, Sushi,242.0,40,On time,New
106193,17.05.2026,21,Stockholm,Sushi,312.0,39,On time,Returning
107397,2026-06-02,11, Uppsala,Indian,189.0,34,On time,Returning
103170,6 Apr 2026,21,Uppsala,Pizza,"277,0",28,On time,Returning
103958,17 Apr 2026,17,Stockholm,Burgers,"283,0",43,On time,Returning
111757,31 Jul 2026,11,Malmö,Pizza,301.0,40,On time,Returning
106376,2026-05-20,12,Göteborg,Pizza,185.0,30,On time,New
101181,2026-03-10,17,Lund,Vegan,"245,0",41,On Time,New 
103013,2026-04-04,10,Lund,Burgers ,331 SEK,43,On time,New
103966,2026-04-17,21,Malmö,Pizza,319.0,40,On time,Returning
109725,2026-07-04,20,Uppsala,Burgers,230.0,44,On time,Returning
105984,2026-05-14,10,uppsala,Thai,237.0,32,On time,New
102789,01/04/2026,13,Lund,Kebab,289,54,Late,Returning
104874,30 Apr 2026,18,Göteborg,Indian,180.0,15,On time,Returning
100105,24.02.2026,17,Stockholm,Burgers,204.0,33,On time,New
112696,13/08/2026,18,Göteborg,Burgers,"275,0",38,On time,Returning 
102172,24 Mar 2026,19,Malmö,Indian ,247.0,46,Late,New
104746,2026-04-28,21,Göteborg,Vegan,214.0,26,On time,Returning
108745,2026-06-20,21,Uppsala , Vegan,247.0,38,On time,Returning
107042,29 May 2026,19,Göteborg,Burgers,310.0,42,On time,Returning
110414,13.07.2026,17,Lund,Kebab,221.0,37,On time,Returning
111381,26.07.2026,17,STOCKHOLM,Kebab,220.0,24,On time,Returning
107520,2026-06-04,19,Stockholm,Indian,271.0,39,On time,Returning
112459,9 Aug 2026,17,Malmö,Burgers,146.0,40,On time,Returning
106755,2026-05-24,15,Lund,Burgers,298 kr,39,On time,New
102277,2026-03-26,17,Sthlm,Indian,194 kr,48,Late,Returning
105504,2026-05-08,13,Stockholm,Sushi,308.0,24,On time,Returning
102711,2026-03-31,20,Uppsala,Pizza,265,41,On time,Returning 
106545,2026-05-22,10,Stockholm,Pizza,213.0,37,On time,New
105015,2 May 2026,18,Göteborg,Burgers,"219,0",40,On time,Returning
106366,2026-05-19,12,lund,Sushi,309 kr,31,on time,Returning
108366,15.06.2026,12,stockholm,Kebab,211,55,Late,New
107113,2026-05-30,19,,Burgers,198,40,On time,Returning
106611,2026-05-23,17,Göteborg,Sushi,187.0,44,On time,Returning
103903,2026-04-16,9,Stockholm,KEBAB,264.0,47,Late,Returning
113480,2026-08-23,19,Stockholm,Burgers,193.0,50,Late,Returning
101957,2026-03-21,11,Lund,Pizza,265.0,43,On time,Returning
109842,2026-07-06,13,Stockholm,Vegan,262,25,On time,New
113431,2026-08-22,13,Lund ,Thai,270.0,35,On time,New
104703,2026-04-27,22,Stockholm,Thai,214.0,46,Late,New
112219,2026-08-06,15,Lund,Burgers,299,43,On time,Returning
103209,2026-04-07,20,Stockholm,Pizza,"286,0",42,on time ,Returning
111441,2026-07-27,12,Göteborg,Kebab,218,46,Late,Returning
109032,2026-06-25,16, Göteborg,Pizza,206.0,40,on time,Returning
107223,2026-05-31,16,Stockholm,burgers,200 kr,-5,,New
104860,30 Apr 2026,13,Göteborg,Kebab,309.0,33,On time,New
100503,2026-03-01,18, Stockholm,Burgers,195,32,On time,New
106234,17 May 2026,14,Lund,Pizza,180.0,55,Late ,Returning
101975,22.03.2026,13,Göteborg,Sushi,249.0,31,On time,Returning
104903,2026-04-30,10,,Pizza,SEK 283,53,LATE, Returning
101854,20.03.2026,13,Malmö,Pizza,345.0,38,On time, Returning
109707,4 Jul 2026,13,Stockholm,Pizza,287.0,39,Ontime,Returning
102145,24 Mar 2026,18,Stockholm,Pizza,230.0,48,Late,New
101832,20.03.2026,18,Göteborg,Burgers,SEK 275,45,On time,Returning
102968,2026-04-04,10,Stockholm,Burgers,285 kr,42,On time, new
102135,2026-03-24,18,Sthlm,Sushi,181.0,53,LATE,Returning
112826,2026-08-15,18,Göteborg,Pizza,195,42,On time,New
110792,18 Jul 2026,20,Uppsala,Pizza,150.0,37,On time,New
110226,2026-07-11,16,Malmö,Burgers,"242,0",47,Late,New
110172,2026-07-11,13,göteborg,Pizza,178.0,34,On time,New
105288,05/05/2026,13,Göteborg,Sushi,295.0,18,On time,Returning
101801,2026-03-19,17,Malmö, Kebab,206,45,On time,Returning
104642,2026-04-26,11,Malmö,Burgers,212 SEK,48,Late,Returning
113436,2026-08-23,11,Göteborg,Pizza,314.0,40,On time,returning
112702,2026-08-13,19,Göteborg ,Thai,141.0,25,On time,New
104216,2026-04-20,17,Malmö,Thai,300 SEK,46,Late,Returning
108367,2026-06-15,20,Stockholm ,Sushi,362.0,15,On time,Returning
101837,20/03/2026,14,Sthlm,SALAD,179.0,28,On time,Returning
110447,2026-07-14,13,Stockholm,Kebab,215.0,31,On time,New
110999,2026-07-21,12,Stockholm,Pizza,267.0,25,On time,New
106677,23 May 2026,16,Lund,Kebab,231.0,31,On time,Returning
109996,2026-07-08,14,Stockholm,Kebab,190.0,38,On time,Returning
106117,2026-05-16,22,Malmö,Sushi,217.0,47,Late,New
108106,2026-06-12,11,Stockholm,Pizza,301.0,30,ON TIME,returning
109882,7 Jul 2026,21,Göteborg,Pizza,278 kr,35,On time,Returning
112971,2026-08-16,11,Malmö,Sushi,146.0,31,On time,New
106023,15 May 2026,14,Stockholm,Pizza,"260,0",40,On time,Returning
109553,02.07.2026,11,Stockholm,Salad ,255.0,19,On time,Returning
108433,16 Jun 2026,13,Sthlm,Burgers,276.0,38,ON TIME,Returning
112202,2026-08-06,19,Malmö ,Kebab,235.0,31,On time,New
108686,19.06.2026,12,Lund,Thai,279.0,23,On time,New
104425,2026-04-23,13,Malmö, Vegan,230,31,On time,Returning 
111167,2026-07-23,13,Lund,Pizza,223.0,43,On time,New
111485,2026-07-27,16,Uppsala ,Thai,230,41,On time,Returning
101508,2026-03-15,12,Stockholm,Burgers,259 SEK,33,On time,Returning
111061,22/07/2026,20,Stockholm,Kebab,235.0,999,,Returning
106808,2026-05-25,16,Malmö,Burgers,316 SEK,39,On time,new
104016,2026-04-18,19,Stockholm,Thai,233.0,36,on time,Returning
110991,2026-07-21,12,Stockholm,Indian,118.0,32,On time,Returning
105431,2026-05-07,12,stockholm,Pizza,217.0,0,,Returning
102719,31.03.2026,19,Lund,Indian,"315,0",29,On time,Returning
105810,2026-05-12,10,Göteborg,Thai,334,42,on time,Returning
106673,23.05.2026,20,Lund,pizza,SEK 235,29,on time , Returning
112997,2026-08-16,23,lund,Kebab,"294,0",45,On time,Returning
107627,06.06.2026,18, Göteborg,Thai,300.0,58,LATE,New
107521,04.06.2026,19,Stockholm,BURGERS,348 kr,44,On time,Returning
111664,2026-07-30,13,STOCKHOLM,Pizza,348 SEK,40,On time,Returning
109319,28.06.2026,13,Lund,Pizza,"283,0",41,On time,Returning
113485,2026-08-23,20,Sthlm,Pizza,284,43,On time,Returning
107465,2026-06-03,11,Malmö,Kebab,247 kr,36,On time,Returning
104013,2026-04-18,12,STOCKHOLM,Kebab,332.0,36,On time,Returning
112181,2026-08-06,16,Stockholm,Pizza,167 SEK,23,On time,New 
104763,28/04/2026,20,Stockholm ,SALAD,SEK 363,34,On time,Returning
104795,28 Apr 2026,19,Lund,Pizza,229,46,Late,New
108655,2026-06-19,21,Stockholm,Sushi,259.0,39,On time,Returning
111042,22/07/2026,16,Göteborg,Salad,264.0,35,On time,Returning
109418,2026-06-30,19,Stockholm,Kebab,170 SEK,31,On time,Returning
106517,2026-05-21,15,Lund,Kebab,273 kr,33,Ontime,Returning
112850,15.08.2026,10,Stockholm,Thai,"227,0",32,On time,Returning
107658,2026-06-06,12,Stockholm,Pizza,305 SEK,21,On time,New
110175,11.07.2026,12,GÖTEBORG,Burgers,257.0,33,On time,Returning
112451,2026-08-09,18,Stockholm ,Burgers,320 kr,50,Late,New
108116,2026-06-12,12,Malmö,Pizza,257.0,36,On time,Returning
102825,2026-04-02,11,Stockholm,Pizza,298.0,43,on time,New
111404,2026-07-26,13,Uppsala,SALAD,280.0,41,On time,returning
104562,2026-04-25,11,Stockholm,Pizza,204.0,27,ON TIME,Returning
102235,2026-03-25,12,Malmö,Pizza,137.0,45,On time,Returning
110106,2026-07-10,18,Göteborg,Thai,"136,0",30,On time,New
109802,5 Jul 2026,16,Malmö ,Burgers,343.0,40,On time,Returning
113372,2026-08-22,18,Stockholm,thai,"223,0",35,on time,Returning
106197,2026-05-17,12,Malmö,Burgers,151.0,40,On time,Returning
100127,2026-02-24,12,Malmö,Indian,228 kr,41,On time,RETURNING
106239,2026-05-18,18,Göteborg,Salad,170.0,36,On time,New
105581,2026-05-09,13,,Burgers,"204,0",25,On time,Returning
109522,2026-07-01,21,Uppsala,Pizza,310,35,On Time,Returning
107079,2026-05-29,11,Uppsala ,Pizza,287.0,39,on time,Returning
107659,06/06/2026,12,Stockholm,Kebab,252.0,35,On time,Returning
108675,2026-06-19,12,Uppsala,Pizza,184.0,34,Ontime,Returning
112497,2026-08-10,11,Göteborg,Pizza,223.0,46, late,New
109093,26 Jun 2026,14,Göteborg,Kebab,299.0,26,On time,Returning
113399,2026-08-22,9,Stockholm,Pizza,168.0,49,Late,Returning
107785,2026-06-07,20,Malmö,Pizza,"218,0",49,Late,RETURNING
106684,2026-05-24,19,göteborg,Vegan,316.0,38,On time,New
104530,2026-04-25,17,Göteborg,Pizza,264.0,58,Late,Returning
103700,13.04.2026,9,Malmö,Thai,239.0,36,on time,Returning 
110654,2026-07-17,17,Göteborg, Thai,294.0,35,On time,New
111082,22.07.2026,20,Malmö,Pizza,210.0,56,Late,Returning
101445,2026-03-14,19,,Burgers,423,34,On time,Returning
102646,31 Mar 2026,18,Göteborg,Vegan,260,51,Late,New
109964,2026-07-08,10,Göteborg, Kebab,192.0,26,On time,RETURNING
103271,08.04.2026,19,Stockholm,Pizza,233.0,35,ON TIME,Returning
108492,2026-06-17,17,Göteborg,Sushi,223.0,41,On time,new
111590,2026-07-29,11,Stockholm,Sushi,"212,0",38,on time,New
111885,2026-08-02,14,Stockholm,Pizza,195.0,35,On time,Returning
104415,23/04/2026,14,Stockholm,Burgers,189 kr,28,on time ,Returning
108555,2026-06-18,20,Göteborg ,THAI,242,21,On time,New
100437,2026-02-28,17,Uppsala,Salad,273,33,On time,New
109212,27/06/2026,19,Stockholm,Burgers,189.0,38,On time,Returning
108458,16.06.2026,17,malmö,Burgers,277 SEK,999,,New
111481,27 Jul 2026,9,uppsala,Thai,197.0,42,On time,Returning
106194,2026-05-17,11,Stockholm, Kebab,146.0,47,LATE,Returning
102700,2026-03-31,18,Malmö,Pizza,186 kr,34,On time,Returning
101722,18/03/2026,11,Malmö,Indian,250,47,Late,New
102300,2026-03-26,14,Malmö,Pizza,185.0,41,On time,Returning
102223,25 Mar 2026,11,Stockholm,Burgers,332.0,43,On time,Returning
101088,2026-03-09,11,Sthlm,indian,216.0,46,Late,New
106725,24/05/2026,20,stockholm,Vegan,"305,0",0,,Returning
100307,2026-02-27,19,Stockholm,Pizza,173.0,36,ON TIME,New
107380,2026-06-02,21,Malmö ,Kebab,184.0,50,late,New
102023,22 Mar 2026,18,Malmö, Vegan,186.0,39,On time,Returning
108229,14/06/2026,18,Göteborg,Vegan,SEK 232,54,Late,Returning
109525,01.07.2026,19,Lund,Indian,291,47,Late,New
111131,2026-07-23,20,Stockholm,Pizza,234.0,20,ON TIME,New
100732,2026-03-04,19,uppsala,Salad,263 SEK,39,On time,Returning
103207,7 Apr 2026,13,Stockholm,Kebab,287.0,37,On time,Returning
100705,2026-03-04,15,Stockholm,Kebab,"230,0",999,,returning
101374,2026-03-13,18,Uppsala,KEBAB,"261,0",25,on time , new
101385,2026-03-14,14,göteborg,Pizza,150.0,25,On Time,NEW
103528,2026-04-11,12,Malmö,SUSHI,"206,0",50,Late,Returning
108424,2026-06-16,21,Stockholm,Pizza,SEK 171,27,On time,New
111747,2026-07-31,14,Malmö,Kebab,263.0,22,On time,New
109830,06/07/2026,17, Göteborg,Burgers ,246.0,38,On Time,Returning 
110985,21 Jul 2026,9,Stockholm,Thai,256 kr,51,Late,New
100035,2026-02-23,15,Stockholm,KEBAB,306.0,29,On time,New
105591,2026-05-09,12,Stockholm,Burgers,218.0,40,On Time,Returning
105291,2026-05-05,18,Göteborg,Pizza,191.0,48,Late,Returning
109349,29 Jun 2026,12,STOCKHOLM,Indian,285 kr,34,On time,New
112000,03.08.2026,18,lund,THAI,"240,0",41,on time ,New
110188,2026-07-11,19,Göteborg,Burgers,277 SEK,37,On time,New
101861,20/03/2026,14,Malmö,Thai,252.0,42,On time,Returning
109121,2026-06-26,18,Stockholm,Sushi,SEK 289,40,On time,Returning
107946,10 Jun 2026,9,Göteborg,Kebab,221.0,29,On Time,New
101615,16.03.2026,14,Lund,Kebab,311,47,Late,Returning
111045,22 Jul 2026,19,Gbg,Burgers,293,26,ON TIME,New 
111657,2026-07-30,23,Stockholm,Thai,348.0,31,On time,Returning
110324,2026-07-12,11,MALMÖ,Salad,264,37,On time,New
108310,2026-06-14,16,Lund,Indian,109.0,15,On time,New
110517,2026-07-15,19,Stockholm,Kebab,308.0,19,ON TIME,Returning
110281,2026-07-12,17,Stockholm,Salad,"275,0",19,On time,New
113477,2026-08-23,17,Stockholm,Kebab,187.0,34,On time,Returning
113031,2026-08-17,11,Stockholm,Sushi,"312,0",32,On time,Returning
104469,2026-04-24,21,Stockholm,Pizza,190.0,31,On time,Returning
108739,2026-06-20,18,Malmö,Indian,294.0,51,Late,Returning
101474,15 Mar 2026,14,Göteborg,BURGERS,258,39,on time ,Returning
104616,2026-04-26,12,Sthlm,BURGERS,280.0,24,On time,Returning
104187,20 Apr 2026,9,Stockholm,Indian,SEK 318,55,Late,Returning
109636,3 Jul 2026,15,Stockholm,Kebab,SEK 234,28,On time,Returning
110007,2026-07-08,22,Malmö,Salad,205.0,38,Ontime,Returning
102060,2026-03-23,11,Stockholm,Kebab,254.0,28,On time,Returning
111865,2 Aug 2026,16, Göteborg,Thai,307.0,29,On time,new
103909,2026-04-16,20,Malmö,Kebab,"265,0",36,On time,Returning
108352,2026-06-15,20,stockholm,Pizza,242.0,32,on time,Returning
111596,29.07.2026,13,STOCKHOLM,Burgers,172 SEK,48,Late,Returning
100313,27.02.2026,12,Stockholm, Pizza,SEK 164,40,On Time,Returning
111266,2026-07-25,21,stockholm,Burgers,207.0,47,Late,Returning
113036,2026-08-17,22,Stockholm,Pizza,183,49,Late,Returning
103340,09.04.2026,20,Göteborg,Sushi,279.0,44,On time,Returning
101359,2026-03-13,12,Stockholm,Indian,197.0,33,On time,RETURNING
102545,29 Mar 2026,11,Malmö,Sushi,329.0,49,Late ,Returning
108887,2026-06-22,20,Malmö,Kebab,"261,0",61,late,new
113006,2026-08-17,12,GÖTEBORG,Burgers,338.0,38,On time,Returning
104414,2026-04-23,19,Stockholm,Thai,220 kr,38,On time,Returning
102213,25.03.2026,15,Stockholm ,Indian,341.0,53,Late,New
109956,2026-07-07,16,Lund,Indian,235,60,Late,Returning
100691,04/03/2026,20,Göteborg,Burgers,290 SEK,43,On time,Returning
104709,27 Apr 2026,13,Malmö,Burgers,"202,0",39,on time ,New
106396,20 May 2026,22,Stockholm,Sushi,282.0,46,Late,Returning
103078,05.04.2026,13,MALMÖ,Pizza,232.0,44,On time,New
106088,2026-05-16,21,Stockholm,burgers,318.0,33,On time,New
105836,2026-05-12,21,Malmö,Pizza,197.0,39,On time,returning
109597,2026-07-02,14,Lund,Pizza,268 SEK,30,On time,New
108264,2026-06-14,22,Stockholm,Pizza,214.0,42,On time,New
113305,2026-08-21,14,STOCKHOLM,Kebab,264.0,41,On time,New
104582,25 Apr 2026,20,Uppsala,Sushi,"263,0",43,ON TIME,Returning
104646,26.04.2026,18,Malmö,Pizza ,257.0,51,Late,Returning
101412,2026-03-14,15,STOCKHOLM,Sushi,276 kr,54,Late,New
100482,2026-03-01,19,Stockholm,Sushi,301.0,31,On time,New
110441,14 Jul 2026,11,Stockholm ,Indian,109.0,40,On time,Returning
105721,10 May 2026,15,Uppsala,Pizza,259,32,On time,Returning
101156,10/03/2026,20,STOCKHOLM,pizza,326.0,47, late,Returning
109285,2026-06-28,18,Stockholm ,Pizza,265 SEK,35,On time,Returning
101524,2026-03-15,23,Malmö,Burgers,258.0,43,On time,Returning
113010,17.08.2026,18,Göteborg,KEBAB,228.0,55,Late,New
105010,2026-05-02,11,Göteborg,Thai,254.0,48,Late,New
101302,12 Mar 2026,19,Malmö, Kebab,174.0,33,ON TIME,New
112177,2026-08-06,13,Stockholm,Thai,178,44,Ontime,Returning
110047,2026-07-09,14,Gbg,sushi,217.0,39,ON TIME,New
109926,2026-07-07,17,Stockholm,Burgers,243,23,On Time,Returning
103691,13 Apr 2026,13,Stockholm,Salad ,248 SEK,42,On time,New
109641,2026-07-03,13,Stockholm,Pizza,281.0,36,On time,New
107489,04.06.2026,13, Göteborg,Sushi,176,35,ON TIME,Returning 
104677,27.04.2026,21, Göteborg,Pizza,173.0,45,On time,Returning
105671,10 May 2026,11,STOCKHOLM,Salad,"322,0",31,On time,Returning
109787,05/07/2026,13,Stockholm, Thai,200.0,48, late,Returning
111984,03.08.2026,16,Malmö,Indian,285,42,On time,New
111377,26 Jul 2026,14,Stockholm ,Vegan,275.0,29,On time,Returning
106528,2026-05-22,19,Göteborg,Kebab,290.0,40,on time,Returning
101675,17.03.2026,21, Uppsala,BURGERS,258.0,42,Ontime,New
100003,23/02/2026,13,Göteborg,Pizza,157.0,21,On Time,Returning
108309,14 Jun 2026,18,Lund,Burgers,186 kr,49,late,new
108690,2026-06-20,17,Göteborg,Burgers,254.0,34,On time,Returning
109095,2026-06-26,20,Göteborg,Pizza,SEK 226,32,On time,Returning
109488,1 Jul 2026,12,Stockholm,Burgers,318.0,40,On time,New
110509,15/07/2026,17,Gbg,Sushi,238.0,41,On time,Returning
106502,2026-05-21,13, Malmö,Pizza,265.0,29,On Time,Returning
101237,11/03/2026,14,Uppsala,Burgers,219.0,33,Ontime,Returning
100579,2026-03-02,10,Stockholm,Thai,334 kr,36,on time ,Returning
112992,2026-08-16,14,lund,Indian,195.0,31,on time ,Returning
108755,20.06.2026,12,Uppsala,Burgers,317 kr,27,On time,Returning
102117,24/03/2026,9,Göteborg,Kebab,198.0,33,On time,Returning
102741,2026-04-01,17,STOCKHOLM, Thai,262.0,50,Late ,Returning
113164,19/08/2026,11,Stockholm,Pizza,181.0,42,ON TIME,Returning
108716,20.06.2026,19,STOCKHOLM,Burgers,270,31,On time,Returning
109021,24.06.2026,20,Lund,Thai,170.0,36,On time,NEW
106397,20.05.2026,19,Stockholm,Vegan,309 SEK,31,On time,Returning
101933,2026-03-21,11,Malmö,INDIAN,147.0,51,Late,New
106809,2026-05-25,17, Malmö,PIZZA,301.0,58,Late,Returning 
100377,2026-02-28,13,Göteborg,Kebab,"261,0",33,On time,returning
103329,2026-04-09,20,Göteborg,Thai,278,36,On Time,Returning
111091,2026-07-22,17,Malmö,Sushi,267 kr,39,On time,Returning
105985,2026-05-14,16,Uppsala,Salad,278.0,33,on time,Returning
109152,2026-06-26,17,Lund,Thai,"247,0",35,On time,Returning
107552,2026-06-05,18,Göteborg,Salad,305.0,28,On time,New
110704,2026-07-17,23,Lund,Indian,SEK 208,24,On time,New
100119,2026-02-24,12,Stockholm,Burgers,279.0,52,late,Returning
105606,2026-05-09,18, Stockholm,Indian,189 kr,32,On time,Returning
105403,2026-05-06,21,Uppsala,Pizza,229.0,33,On time,New
105014,2 May 2026,14,Göteborg,Vegan,"258,0",53,Late,Returning
108526,17.06.2026,22,malmö,Sushi,201 kr,29,On time,Returning
110375,13 Jul 2026,17,Stockholm,Burgers,230 kr,39,On time,New
104526,25 Apr 2026,12,göteborg,Kebab,324.0,29,On time, Returning
103667,13/04/2026,13,Göteborg,Indian,308.0,35,On time,New 
108642,19 Jun 2026,18,Stockholm,Pizza,242 kr,34,On time,Returning
101825,2026-03-20,20,Göteborg,Sushi ,307,40,On time,New
103507,2026-04-11,11,Stockholm,Vegan,241,27,On time,Returning
103987,17 Apr 2026,11,Lund,Indian,202.0,31,On time,Returning
105709,10 May 2026,18, Malmö,Kebab,244.0,42,Ontime,New
112159,06.08.2026,18,Göteborg,Burgers,250.0,38,Ontime,Returning
105055,2026-05-02,12,Stockholm,thai,222,52,Late,Returning
102045,23/03/2026,10,Göteborg, Pizza,246.0,38,On time,New
105685,2026-05-10,11,Stockholm,BURGERS,307.0,35,Ontime,Returning
105967,14/05/2026,18,Malmö,Kebab,322 kr,50,Late,Returning
108472,2026-06-16,12,uppsala,Sushi,252.0,54,Late,New
106262,2026-05-18,13,Stockholm ,Pizza,359 kr,41,On time,Returning
103824,2026-04-15,14,STOCKHOLM,Sushi,283.0,38,On time,RETURNING
113334,2026-08-21,13,uppsala,Sushi,242.0,40,On time, new
102444,2026-03-28,18,Malmö,Thai,184.0,41,On time,New
104181,20.04.2026,12,Gbg,Pizza ,241.0,55,Late,Returning
108041,2026-06-11,12,Stockholm,Burgers,318,33,On time,Returning
100895,2026-03-07,23,Stockholm,Pizza,213.0,38,On time,Returning
104116,2026-04-19,23, Stockholm,Pizza,253.0,41,On time,New
112735,2026-08-13,16, Malmö,INDIAN,199.0,44,On time,New
104902,2026-04-30,18,Stockholm,Pizza,222,36,On Time,Returning
101935,2026-03-21,13,Malmö,PIZZA,249 kr,0,,Returning
100777,05.03.2026,17,Malmö, Kebab,240.0,38,ON TIME,New
111425,2026-07-27,11,Göteborg,Sushi,173.0,43,On time,Returning
112026,04/08/2026,16,Göteborg,Pizza,201.0,48,late,Returning
110596,2026-07-16,21,Stockholm,Sushi,"261,0",48,Late,New
109995,8 Jul 2026,11,Stockholm,Indian,200.0,31,On time,New
100235,26 Feb 2026,12,Göteborg,Vegan,424.0,32,On time,New
101469,2026-03-15,19,Göteborg,Salad,"224,0",51,Late,Returning
103635,12 Apr 2026,19,uppsala,Vegan,210.0,15,Ontime,returning
110182,2026-07-11,19,Göteborg,Kebab,"166,0",43,On time,NEW
106337,2026-05-19,19,Stockholm, Kebab,185.0,31,On time,New
102759,01.04.2026,13,Stockholm,Thai,224 SEK,39,On time,Returning
109850,06/07/2026,19,Malmö,Pizza,237.0,41,On time,Returning
100394,2026-02-28,10,Stockholm,Sushi,283.0,54,Late ,New
109400,30 Jun 2026,15,Göteborg, Indian,311.0,36,On time,Returning
104448,2026-04-24,12,Göteborg,Sushi,268.0,30,On Time,New
100742,2026-03-05,12,Göteborg,Vegan,265,44,On time,New
109734,2026-07-04,19,lund,Sushi ,220.0,48, late,New
105950,14 May 2026,14,Stockholm,vegan,254.0,36,On Time,RETURNING
106700,24 May 2026,16,stockholm,Thai,"178,0",46,Late,Returning
107487,2026-06-04,20,Göteborg,SUSHI,184.0,38,On time,New
105372,06/05/2026,17,Stockholm,Vegan,"294,0",42,on time ,Returning
102210,25 Mar 2026,19,Stockholm,Pizza,200,39,on time ,New
106092,2026-05-16,10,Stockholm,Thai,232.0,45,on time,New
101656,2026-03-17,10,Stockholm,Burgers,"226,0",36,On time,Returning
111419,2026-07-26,18,Lund,Burgers,375 kr,37,On time,Returning
103540,2026-04-11,22,Uppsala,KEBAB,"234,0",28,On time,Returning
110334,2026-07-12,20,Uppsala, Thai,309.0,36,On time,new
109423,2026-06-30,18,Stockholm,Burgers,158.0,50,Late,New
112979,2026-08-16,13,Malmö,Salad,184 SEK,27,On Time,New
102909,2026-04-03,13,Malmö,Indian,350,34,On time,Returning
103981,17 Apr 2026,19,Uppsala,vegan,283.0,37,on time,New
109773,5 Jul 2026,18,Stockholm,Pizza,307.0,44,Ontime,Returning
112297,08/08/2026,12,Göteborg,Kebab,223,30,On time,Returning
109789,05.07.2026,22,Malmö , Pizza,"247,0",39,On time,New
107415,2026-06-03,12,Göteborg,Salad,194 SEK,48,Late,returning
109565,2026-07-02,20,stockholm,Salad,229 SEK,39,On time,Returning
111569,2026-07-29,18,Göteborg,Pizza,187.0,25,on time,Returning
113194,19/08/2026,15,Uppsala,Burgers,166,47,late,New
103521,2026-04-11,10, Malmö,Vegan,332.0,33,On time,returning
103605,2026-04-12,22,Stockholm,Burgers,273.0,38,On time,Returning
108953,23 Jun 2026,13,Uppsala,Pizza ,218.0,56,Late,Returning 
100218,2026-02-25,13,Lund,Sushi,284 SEK,32,On time,Returning
105796,11/05/2026,14,Lund,Kebab,252.0,39,On time,New
103009,2026-04-04,12,lund,Kebab,249.0,29,On time,Returning
102620,2026-03-30,21,Malmö,VEGAN,254.0,42,On time,Returning
112394,08/08/2026,11,lund,Salad,278.0,28,on time,Returning
105430,2026-05-07,10,Gbg,Thai,255.0,41,On time,Returning
112110,2026-08-05,10,Stockholm,Thai,303.0,34,ON TIME,New
102533,2026-03-29,13,Stockholm ,Pizza,248.0,26,on time ,New
109598,2 Jul 2026,15,Lund,pizza,270.0,33,On time,Returning
100280,2026-02-26,11,Uppsala,Salad,"258,0",21,On time,Returning
113513,2026-08-23,15,Uppsala,Thai,"212,0",49,Late ,New
108940,2026-06-23,13,Malmö,Sushi,321 kr,36,on time,Returning
112747,2026-08-13,19,uppsala,Pizza,206.0,32,On time,New
105032,2026-05-02,12,,Pizza,287.0,40,On Time,New
104010,2026-04-18,18, Stockholm,Pizza,227.0,31,on time ,Returning
111726,31 Jul 2026,22,Stockholm,Thai,SEK 309,40,On time,New
106805,2026-05-25,16,Malmö, Kebab,244.0,43,On time,Returning 
110662,2026-07-17,12,Stockholm,Burgers,200.0,25,on time ,Returning
106505,2026-05-21,17,Malmö,Burgers,302 SEK,41,Ontime,New
103440,2026-04-10,14,Sthlm,Pizza,259 SEK,15,On time,Returning
106954,2026-05-27,13,MALMÖ,Sushi,235.0,29,On time,New
100087,24/02/2026,9,Göteborg,Sushi,"227,0",46,Late,New
103435,2026-04-10,18,stockholm,Kebab,118.0,47,Late,New
100188,25.02.2026,21, Stockholm,Vegan,280.0,35,Ontime,Returning
100667,2026-03-03,21,uppsala,Sushi,366.0,31,On time,New
111021,21.07.2026,13,Malmö,Sushi,SEK 223,49, late,Returning
101099,09.03.2026,13,Malmö,Burgers,162.0,37,On time,New
108631,19.06.2026,10,Stockholm,Sushi,"241,0",27,On time,New
105342,2026-05-05,22,Lund,Pizza,376.0,46,Late,New
107666,2026-06-06,21,Stockholm,Thai,174,27,On time,Returning
106143,17 May 2026,12,Gbg,Pizza,252,44,On time,New
110716,2026-07-18,10,Göteborg,Indian,"302,0",39,On time,Returning
104965,2026-05-01,13,Sthlm,Kebab,246 SEK,40,On Time,New
105966,14.05.2026,11,malmö,Pizza,"289,0",40,On time,Returning
112553,2026-08-10,12,,Sushi,"338,0",36,On time,Returning
103638,2026-04-12,18,Lund ,Burgers,345.0,45,on time,New
105464,07.05.2026,12,Malmö,Vegan,SEK 214,34,On time,Returning
104029,2026-04-18,11,Stockholm,Kebab,342.0,29,On time,Returning
102002,22.03.2026,12,Stockholm,Vegan,281.0,34,ON TIME,New
106906,27 May 2026,20,Göteborg,Salad,206.0,43,On time,Returning
100212,2026-02-25,10, Uppsala,Burgers,268.0,35,On time,New
104481,2026-04-24,17, Stockholm,Burgers,276,44,On time,Returning
106754,24/05/2026,19,Lund,Burgers,348.0,34,On Time,Returning
108741,2026-06-20,19,Malmö,Burgers,350.0,36,On time,New
100381,28/02/2026,13,, Vegan,240 SEK,31,On time,Returning
104003,2026-04-18,19, Stockholm,Burgers,265 SEK,39,On time,Returning
111063,2026-07-22,11,Stockholm,Kebab,233.0,16,ON TIME,Returning
103464,10 Apr 2026,19,uppsala,Thai,SEK 227,47,Late,New
105771,2026-05-11,13,Stockholm,Indian,257.0,44,Ontime,returning
100724,2026-03-04,15,malmö,Pizza,390.0,45,On time,Returning
109037,25 Jun 2026,18,Göteborg,Pizza,279 SEK,29,On time,returning
106779,2026-05-25,18,Stockholm,Indian,252,46,Late ,Returning
107742,2026-06-07,16,STOCKHOLM,Sushi,"242,0",40,On time,Returning 
111957,03.08.2026,17,Göteborg,Thai,283.0,33,On time,Returning
104688,2026-04-27,14,Stockholm,Salad,263.0,41,On time,New
110709,18 Jul 2026,19,Göteborg, Sushi,361.0,44,On time,Returning
109173,2026-06-27,12,Gbg,Indian,SEK 228,44,On time,New
105597,2026-05-09,16,Sthlm,Kebab,103.0,29,ON TIME,New
104783,2026-04-28,10,Uppsala,Sushi,221.0,53,LATE,New
110485,14/07/2026,20,Uppsala,Pizza,277.0,41,Ontime,Returning
104160,2026-04-19,14,Uppsala,Burgers,316,35,On time,Returning
112174,06/08/2026,12,Stockholm,Sushi,229.0,44,On time,returning
107599,05.06.2026,17,Malmö,pizza,"280,0",27,Ontime,New
109394,29 Jun 2026,11,Lund, Kebab,255.0,33,On Time,Returning
101794,2026-03-19,9,Stockholm,Pizza,242.0,37,ON TIME,Returning
105194,2026-05-03,9,Lund,Kebab,281.0,45,On time,New
100097,2026-02-24,12,Göteborg ,Kebab,195.0,31,On time,Returning
105366,6 May 2026,20,Stockholm,Kebab,"205,0",33,On time,NEW
106512,2026-05-21,16,Uppsala ,Pizza,171 kr,30,On time,Returning
113401,2026-08-22,11,malmö,Indian,267.0,35,On time,New
112069,2026-08-04,17,Lund,Salad,289.0,40,On time,New
103948,2026-04-17,9,Stockholm,Pizza,277.0,33,On time,Returning
109592,2026-07-02,18,Uppsala,Pizza,246 kr,25,On time,Returning
104391,2026-04-23,22,Göteborg,Sushi,SEK 232,22,On time,New
104546,2026-04-25,14,Stockholm,Burgers,"255,0",48,Late,Returning 
108833,2026-06-21,19,Uppsala,Burgers,223.0,37,On time,New
108634,2026-06-19,16,Stockholm,Burgers,191.0,28,On time,Returning
103750,2026-04-14,15,Stockholm,Sushi ,SEK 358,24,ON TIME,Returning
112131,05/08/2026,21, Malmö,SUSHI,177.0,55,Late,Returning
102642,2026-03-30,16,lund,Salad,254,37,On time,New
106368,19 May 2026,11,Lund,burgers,323 SEK,31,On time,Returning
104479,2026-04-24,20, Stockholm,Burgers ,"244,0",37,On time,Returning
104254,21 Apr 2026,12,Göteborg,Thai,208,31,On time,New
111160,2026-07-23,18,Uppsala,Sushi,186.0,31,On time,Returning
109026,25.06.2026,10,Göteborg,Burgers,276 SEK,40,On time,New
101127,10 Mar 2026,13,Göteborg,Salad,332.0,22,On time,new
113382,22 Aug 2026,19,Stockholm,Kebab,211 SEK,35,On time,New
106653,2026-05-23,21,Malmö,Pizza,171.0,52,Late,Returning
110941,20.07.2026,12,Malmö,Pizza,"189,0",22,Ontime,New
108093,2026-06-12,12, Stockholm,Pizza,281 SEK,28,On time,Returning
103694,2026-04-13,18,Stockholm,Sushi,274,50,Late,returning
100099,24 Feb 2026,13,Stockholm,Burgers,237.0,33,On time, new
106972,27 May 2026,11,lund,Pizza,237.0,30,On time,Returning
106436,20.05.2026,15,Uppsala,Vegan,"199,0",37,On time,RETURNING
105397,6 May 2026,12,Malmö,Thai,208,28,On time,Returning
100076,23 Feb 2026,17, Lund,Indian,245.0,17,On time,New
101518,2026-03-15,13,Malmö,Burgers,187 kr,33,On time,Returning
108447,2026-06-16,18,Stockholm , Vegan,341 SEK,18,On time,Returning
112255,2026-08-07,13,Stockholm,sushi,245 kr,24,On Time,New 
112902,2026-08-15,20,Lund,Sushi,215,38,ON TIME,New
111049,22 Jul 2026,18,Göteborg,Sushi ,SEK 288,30,On time,Returning 
104747,2026-04-28,11,,Indian,197 kr,35,On time,Returning
107468,3 Jun 2026,16,Malmö,Pizza,295.0,29,On time,New
101203,2026-03-11,19,Stockholm,Thai,SEK 182,36,On time,New
102665,2026-03-31,18,Stockholm,Thai,230.0,44,On time,Returning
103228,07.04.2026,17,Malmö ,Vegan,303 SEK,28,On Time,Returning
106940,2026-05-27,13,Stockholm, Pizza,"272,0",27,On time,New
102650,2026-03-31,14,Göteborg,Burgers,315,35,On time,New
109979,8 Jul 2026,19,Stockholm, Burgers,167.0,-5,,Returning
108217,2026-06-13,20,Uppsala,Burgers,323.0,38,On time,New
100711,2026-03-04,14,Stockholm,Pizza,225.0,16,On time,Returning
105630,9 May 2026,17,Uppsala,Pizza,278,30,On time,New
107551,2026-06-05,19, Göteborg,Salad ,272 kr,-5,,Returning
103361,09.04.2026,17,Stockholm,Kebab,266.0,38,Ontime,Returning
104400,23.04.2026,13,Stockholm,Thai,251.0,26,On time,New
101762,2026-03-19,19,Gbg,Pizza,276,44,On time,Returning 
105103,03/05/2026,17,Göteborg,Vegan,261.0,41,on time,Returning
103561,2026-04-12,19,Göteborg,Sushi,232.0,34,On time,Returning
100365,2026-02-28,12,Gbg,Pizza,258.0,25,On time,New
102288,26 Mar 2026,11,Stockholm,Pizza,283,35,Ontime,New
110951,2026-07-20,20,Uppsala,Salad,284,42,on time ,Returning
104417,2026-04-23,17,Stockholm,Indian,170 kr,34,On time,Returning
107280,2026-06-01,11, Göteborg,Salad,221.0,25,On time,New
110239,2026-07-11,20,Uppsala,Kebab,229.0,36,on time,returning
100794,2026-03-05,12,Uppsala,Thai,"325,0",38,On time,NEW
109531,2026-07-02,18,Göteborg,Pizza,SEK 310,50,Late,New
111582,29/07/2026,13,Stockholm , Kebab,209.0,40,on time,Returning
104444,24.04.2026,13,Göteborg , Pizza,237 kr,37,On time,Returning
101003,2026-03-08,12,Stockholm,Indian,"222,0",22,On time,Returning
105027,2026-05-02,12,Göteborg,Indian,125 SEK,42,On time, new
100460,2026-03-01,18,Göteborg,VEGAN,218.0,24,On time,New
104028,2026-04-18,11,Stockholm,Kebab,259.0,32,On time,New
101356,13 Mar 2026,18,Stockholm,INDIAN,222.0,40,On Time,Returning
110392,13 Jul 2026,12,Malmö,Pizza,"280,0",34,On time,New
107205,2026-05-31,18,Stockholm ,Kebab,263 kr,34,On time,Returning
104728,27.04.2026,16, Lund,Pizza,361.0,39,On time,New 
103598,12.04.2026,11,Stockholm,Indian,269.0,18,On time,New
111987,2026-08-03,19,,Sushi,138.0,28,On Time,New
110475,14.07.2026,18,Malmö ,Sushi,247,32,On time,Returning
112534,2026-08-10,10, Malmö,PIZZA,203 SEK,37,On time,New
105929,14/05/2026,19,Göteborg,Kebab,306.0,43,On time,Returning
104815,29 Apr 2026,17,Sthlm,Kebab,218,39,On time,Returning
110532,2026-07-15,19,Stockholm,Pizza,342.0,44,On time,Returning
103727,2026-04-13,13,Lund,Pizza,220 kr,29,On time,New
112530,2026-08-10,18,Stockholm, Salad,280 kr,43,On time,New
103491,11.04.2026,17,göteborg,Pizza ,313.0,44,ON TIME,Returning
111084,22.07.2026,10,Malmö,Sushi,167,33,On Time,New
105629,2026-05-09,13,Uppsala,Pizza,312 kr,52,Late,Returning
104021,18.04.2026,17,Stockholm,Sushi,169 SEK,39,on time , new
105703,2026-05-10,21,Malmö,Burgers,267,32,On time,New
100677,2026-03-03,13,Lund,Sushi,367.0,28,On time,Returning
112788,2026-08-14,13,Stockholm, Pizza,246,51,Late,Returning
108129,12.06.2026,12,Uppsala,Burgers,260,38,On time,New 
100921,7 Mar 2026,13,Stockholm,Kebab,247.0,19,ON TIME,Returning
105157,2026-05-03,12,Stockholm,Pizza,SEK 210,34,On time,Returning
111019,21 Jul 2026,18,Malmö,pizza,229.0,32,On time,Returning
108260,14.06.2026,11,Stockholm,Burgers,313 SEK,44,On time,Returning
108726,2026-06-20,10,stockholm,Sushi,263.0,42,On time,New
112767,2026-08-14,13,Göteborg,Salad,337.0,31,On time,Returning
105702,2026-05-10,17, Malmö,kebab,278.0,26,On time,Returning
110036,2026-07-09,12,Gbg,Burgers,328,38,On Time,Returning
102899,2026-04-03,20,Stockholm,Sushi,184 kr,43,On time,Returning
106281,18 May 2026,19,Stockholm,Thai,203.0,37,On Time,New
105011,2026-05-02,13,Göteborg,Indian,273.0,43,On time, new
107399,02.06.2026,12,Lund,Burgers,293 SEK,30,on time ,New 
108596,18/06/2026,19,Uppsala,Pizza,273,35,Ontime,Returning
104104,2026-04-19,17,Stockholm,Thai,296.0,26,On time,Returning
107646,2026-06-06,12,Stockholm,Burgers,218 kr,34,On time,Returning
109591,2026-07-02,11,Uppsala,Vegan,220.0,40,On time,New
108040,11 Jun 2026,22,stockholm,Burgers,197.0,32,On time,New
108649,2026-06-19,11,Stockholm,Kebab,222.0,50, late,Returning 
107019,2026-05-28,13,Uppsala,Pizza,252,60,Late,Returning
101761,19 Mar 2026,14,Gbg,Pizza,299.0,29,On time,New
103936,17 Apr 2026,16,Göteborg,Pizza ,250 SEK,21,On time,Returning
112880,2026-08-15,18,Malmö,Pizza,324.0,35,On time,New
100916,07.03.2026,19,Stockholm,Salad,SEK 207,42,On time,Returning
103601,12/04/2026,18,Stockholm,Indian,310.0,31,On time,New
110640,17 Jul 2026,14,Göteborg,SUSHI,326.0,38,On time,New
102069,2026-03-23,22, Stockholm,Pizza,237.0,37,On time,returning
102259,26 Mar 2026,14,Gbg,Pizza,212.0,40,On time,Returning
103976,17.04.2026,11,Uppsala,Kebab,297.0,28,On time,RETURNING
105285,2026-05-05,19, Göteborg,Burgers,287 kr,19,On time,New
104352,22 Apr 2026,14,Malmö,Sushi,234 kr,43,On time,Returning
107853,2026-06-08,17,Uppsala,Burgers,"330,0",45,On time, new
104365,2026-04-22,16,Malmö,Indian,221.0,40,On time,RETURNING
106746,24 May 2026,10,Uppsala,Burgers ,230 kr,27,On Time,RETURNING
100877,06.03.2026,15,Lund,Thai,312.0,31,On time,new
100774,2026-03-05,16,Malmö,Pizza,"257,0",42,On time,Returning
112806,2026-08-14,21,Malmö,Indian,"242,0",22,On time,Returning
106822,2026-05-25,11,Uppsala,Thai,223.0,38,on time ,Returning
103883,2026-04-16,17,stockholm, Sushi,285.0,32,On time,New
112656,12 Aug 2026,14,Sthlm,Pizza,279 SEK,39,On time,Returning
101035,2026-03-08,19,Uppsala,Sushi,221.0,40,On time,New
110128,10 Jul 2026,18,Stockholm,Sushi,"210,0",26,On time,Returning
112764,2026-08-14,12,Göteborg,Thai,262 SEK,34,ON TIME,Returning
102331,27 Mar 2026,9, Göteborg, Kebab,222.0,43,On time,New 
109545,2026-07-02,17,Göteborg,Sushi,252.0,37,on time,Returning
105608,9 May 2026,21,Stockholm,Kebab,272.0,24,On time, Returning
102634,2026-03-30,20,uppsala,Kebab,"284,0",28,On time,New
113277,2026-08-20,13,Uppsala,Pizza,240.0,45,On time,New
104836,29 Apr 2026,17,Stockholm,Sushi,313.0,54,Late,New 
113000,2026-08-17,10,Göteborg ,Burgers,319.0,26,On time,Returning
105177,2026-05-03,12,Malmö,Sushi ,SEK 307,34,On time,returning
102549,29.03.2026,13,MALMÖ,Sushi,240 kr,45,ON TIME,New
109544,2 Jul 2026,18,Göteborg,Pizza,362,45,On time,RETURNING
104899,2026-04-30,15,Stockholm,burgers,SEK 193,45,On time,New
103866,16 Apr 2026,16,GÖTEBORG,pizza,182,38,On time,New
107876,2026-06-09,12,Göteborg,Sushi,272 SEK,52,Late,NEW
105601,2026-05-09,11,Stockholm,Pizza,273.0,44,On time,Returning
103174,2026-04-06,16,Uppsala,Burgers,219.0,39,On time,Returning
111288,2026-07-25,14,Stockholm,Indian,222 kr,30,On time,Returning 
101737,2026-03-18,12,Uppsala,Salad,251.0,30,On time,Returning
100054,2026-02-23,21,Malmö,Burgers,259.0,45,On time,Returning
106358,2026-05-19,15,uppsala, Thai,"278,0",36,Ontime,Returning 
102608,2026-03-30,13,Stockholm,pizza,265,250,,Returning
103067,2026-04-05,23,STOCKHOLM,Indian,258.0,31,On time,Returning
113397,2026-08-22,13,,Burgers,300.0,23,On time,New
100979,2026-03-08,13, Göteborg,indian,193.0,32,On time,Returning
107893,2026-06-09,14,Stockholm,Kebab,251.0,38,On time,Returning
109075,2026-06-25,19,Uppsala,pizza,284.0,27,On time,RETURNING
103831,2026-04-15,18,Stockholm,Burgers,320.0,34,On time,Returning
110229,2026-07-11,12,Malmö,Burgers,"319,0",36,On time,New
102783,1 Apr 2026,12,Uppsala,Sushi,197.0,35,On time,Returning
100890,7 Mar 2026,22,Göteborg,PIZZA,245.0,38,On time,Returning
106078,16 May 2026,13, Stockholm,Kebab,234,30,ON TIME,Returning
103254,2026-04-08,12,Göteborg,Pizza,281.0,53,Late,New
102706,2026-03-31,10,Malmö,Sushi,239.0,57,LATE,Returning 
111148,2026-07-23,20,Malmö,Burgers,264.0,39,On time,New
104519,25/04/2026,15,Gbg,Burgers,248,39,On time,Returning
101265,2026-03-12,9,Göteborg,Sushi,239.0,31,on time,Returning
104534,25 Apr 2026,12, Göteborg,Burgers,328.0,28,On time,Returning
100654,2026-03-03,20,malmö,Pizza,274,39,On time,New
112573,11/08/2026,17,Göteborg,Indian,231 kr,52,Late,New
109790,2026-07-05,13,Malmö,Kebab ,"249,0",51,Late,New
110008,2026-07-08,11,Malmö,Vegan,174 SEK,47,Late,Returning
110718,2026-07-18,12,Göteborg,Burgers,231,26,on time ,New
101362,13 Mar 2026,18,Malmö,PIZZA,287.0,44,On time,New
100844,6 Mar 2026,17,Stockholm,Salad ,192.0,36,On time,New 
101884,21 Mar 2026,12,Göteborg,Sushi,325.0,44,Ontime,Returning
104890,30 Apr 2026,10,Stockholm, Pizza,201.0,29,On time,Returning
110658,2026-07-17,12, Göteborg,Kebab,232.0,36,On time,Returning
105050,2026-05-02,13,Stockholm,Indian,257.0,25,On time,Returning
105023,02.05.2026,9,Göteborg,Vegan,"147,0",18,On time,Returning
107018,2026-05-28,23,Malmö,Kebab ,222,46,Late,Returning
102221,2026-03-25,13,Stockholm,Kebab,200.0,41,On time,New
112851,2026-08-15,10,STOCKHOLM,Kebab,319.0,41,On time,Returning
106343,2026-05-19,20,stockholm,Salad,143.0,43,On Time,Returning
113380,2026-08-22,13,Stockholm,Pizza,185.0,39,On time,returning
110272,12 Jul 2026,13,Göteborg,Pizza,301.0,27,On time,Returning
102156,2026-03-24,14,STOCKHOLM,Burgers,194.0,35,On time,Returning
111005,2026-07-21,13,Stockholm,Salad,233.0,25,On time,Returning
108482,2026-06-17,20,Göteborg,Thai,SEK 198,41,On time,New
100708,04.03.2026,21,Stockholm,burgers,229.0,44,On time,New
108301,14 Jun 2026,19,Uppsala ,Indian,281,48,Late,New
113234,20.08.2026,11,Stockholm,sushi,349.0,39,On time,Returning
102631,2026-03-30,12,uppsala,Salad,219.0,32,On time,Returning
111206,24.07.2026,16,Stockholm,Pizza,211.0,45,On time,Returning
100338,27.02.2026,12,Malmö,Sushi,SEK 271,31,On time,Returning
109573,2026-07-02,19,Sthlm,Burgers,259.0,62,Late,New 
100618,3 Mar 2026,17,Gbg,Pizza,260.0,31,On time,New
108999,2026-06-24,17,Stockholm,Indian,SEK 302,39,On time,New
110232,11 Jul 2026,18,Malmö,Pizza,241.0,29,On Time,Returning
105436,7 May 2026,19,Stockholm,Kebab,171.0,39,on time,Returning
107273,2026-06-01,13,Göteborg,Pizza,268,38,On time,Returning 
103028,2026-04-05,17, Göteborg,Pizza,293.0,36,On time, Returning
111135,2026-07-23,9,Stockholm,burgers,281 SEK,33,on time,Returning
111926,2 Aug 2026,12,Malmö,Kebab,278.0,43,On time,Returning
108638,19 Jun 2026,11,Stockholm,Pizza,"302,0",41,on time ,New
102247,2026-03-25,12,Lund,burgers,296.0,47,Late,Returning
100353,27/02/2026,22,Uppsala,Sushi,"315,0",47,Late,New
103527,2026-04-11,18,Malmö,Salad,284 kr,28,On time,Returning
102568,2026-03-29,17, Lund,Burgers,234 kr,39,Ontime,Returning
102546,2026-03-29,20, Malmö,Burgers,269 kr,35,On time,New
107929,09.06.2026,11, Lund,Burgers,"363,0",49,Late,Returning
102874,3 Apr 2026,18,Göteborg,Burgers,316.0,40,On time,Returning
105353,6 May 2026,19,Göteborg,Thai,275.0,33,Ontime,Returning
108814,21.06.2026,14,,Burgers,329.0,24,On time,New
106299,2026-05-18,11, Uppsala,Indian,169.0,44,On time,Returning
101521,2026-03-15,17, Malmö,Thai,177.0,30,On time,Returning
111641,2026-07-30,18,Stockholm,Kebab,"214,0",48, late,Returning
101232,2026-03-11,11,Malmö,Burgers,"204,0",45,On time,Returning
100444,2026-02-28,23,Lund,Burgers,SEK 277,35,On time,New
105934,2026-05-14,13,Stockholm,Thai,286.0,36,On time,Returning
111312,2026-07-25,12,malmö,Kebab,"222,0",23,On time,Returning
109436,2026-06-30,18,Malmö,KEBAB,"305,0",35,on time ,returning
103912,2026-04-16,18,Malmö,Vegan,SEK 268,32,On time, Returning
108234,14/06/2026,18,Göteborg,Sushi,"238,0",45,On time,Returning
108719,2026-06-20,10,Stockholm,Thai,326.0,31,On time,New
107538,04.06.2026,19,Uppsala,Sushi,215.0,42,On time,Returning
108411,2026-06-16,19, Göteborg,Burgers,SEK 230,45,On time,Returning
109916,07.07.2026,17,Stockholm,Thai,"235,0",15,On time,New
110365,2026-07-13,18,Stockholm,Burgers ,"238,0",43,On time,RETURNING
112294,2026-08-07,21,Lund ,Sushi,"252,0",29,Ontime,Returning
108849,2026-06-22,16,Göteborg,Pizza,"274,0",28,On time,Returning
106155,2026-05-17,18,Göteborg,Vegan,"341,0",44,On time,Returning
101386,14 Mar 2026,13,Gbg,SUSHI,342 SEK,43,On time,Returning
109144,2026-06-26,14,Uppsala,Burgers,267 SEK,52,late,Returning 
107711,2026-06-07,16,Göteborg,Pizza,190.0,41,On time,Returning
108733,20 Jun 2026,12,Malmö,Pizza,102.0,34,On time,Returning
108266,2026-06-14,15,Stockholm,pizza,302.0,39,On time,returning
107063,2026-05-29,20,Stockholm,Kebab ,291.0,-5,,Returning
108898,2026-06-22,13,Uppsala,Pizza,219 kr,41,Ontime,returning
107616,2026-06-05,18,Lund,VEGAN,254 kr,42,On time,Returning
113066,2026-08-18,12,Göteborg,BURGERS,278.0,32,on time,New
105563,2026-05-09,17,Göteborg,Burgers,299.0,45,On time,Returning
106122,2026-05-16,11,Uppsala,Sushi,236.0,27,On time,Returning
111817,01/08/2026,15,Stockholm,Indian,291 kr,35,On Time,Returning
104069,2026-04-18,15,Lund,Indian,236,31,Ontime,Returning
113112,2026-08-18,12,Stockholm,Kebab,306.0,35,On time,Returning 
110230,11.07.2026,15,Malmö,Burgers,309.0,42,On time,Returning
109068,25/06/2026,15,malmö,Sushi,189,40,On time,Returning 
113523,23 Aug 2026,11,Lund ,Sushi,269.0,48,Late,Returning
106168,2026-05-17,20,Stockholm ,Vegan,279 kr,33,On time,Returning
107368,02.06.2026,17,STOCKHOLM,VEGAN,261 SEK,28,On time,new
108573,2026-06-18,13,Stockholm,Pizza,368.0,53,Late,Returning
103369,9 Apr 2026,15,Stockholm, Thai,173.0,54,Late,Returning
110442,14 Jul 2026,18,Stockholm,Indian,241.0,34,On time,Returning
111193,2026-07-24,19,Stockholm,Salad,210.0,16,On time,Returning 
102617,30.03.2026,18,Malmö ,Vegan,160.0,33,On time,Returning
112407,9 Aug 2026,11,Göteborg,KEBAB,335.0,31,on time, new
112941,16 Aug 2026,13,Stockholm,Vegan,183.0,55,Late,Returning
100082,24.02.2026,11,Göteborg,Thai,147 kr,41,On time,Returning
112362,8 Aug 2026,20,Stockholm, Burgers,266.0,48,Late,Returning
105625,2026-05-09,18,Malmö,Burgers,202 kr,36,On time,New
100779,2026-03-05,10, Malmö,Kebab,266.0,36,On time,New
112973,2026-08-16,22,Malmö,Thai,272.0,37,On time,New
111227,2026-07-24,19,Malmö,Burgers,162.0,48,Late,New
109734,4 Jul 2026,19,lund,Sushi,220.0,48,Late,New
110538,15.07.2026,9, Stockholm,Burgers,190.0,32,On time,RETURNING
101946,2026-03-21,18,uppsala,Thai,281 kr,40,On time,Returning
108585,18.06.2026,20,Malmö,Burgers,229 SEK,39,On time,Returning
112500,10 Aug 2026,18,Göteborg,Salad,217.0,47,Late,Returning 
106676,23/05/2026,13,Lund,VEGAN,242.0,37,On time,New
100680,2026-03-03,10,lund,Kebab,158.0,41,On time,New
108191,2026-06-13,12,STOCKHOLM,Thai,"325,0",34,on time ,Returning
108561,18 Jun 2026,12,Stockholm,Pizza,200.0,38,On time,new
107716,7 Jun 2026,17,Göteborg,Pizza,279.0,27,On time,Returning
110499,15.07.2026,17,Göteborg,Pizza ,299 kr,41,On time,New
107290,01.06.2026,10,Stockholm,Burgers,190 kr,35,On time,Returning
111083,2026-07-22,12,Malmö,Burgers,170,31,On time,Returning
101410,2026-03-14,11,Stockholm,Kebab,218.0,44,On time,New
112616,11 Aug 2026,10,Lund,PIZZA,268.0,39,On time,Returning
109891,2026-07-07,11,Göteborg,Thai ,316.0,39,On time,Returning
111695,30/07/2026,19, Lund,Salad,210,46,Late,New
108321,15 Jun 2026,17,Göteborg,Burgers,"300,0",39,on time,Returning
104218,20.04.2026,19,Malmö,Indian,300.0,47,Late,Returning
104823,29.04.2026,12,Stockholm,Pizza,146 kr,28,On time,Returning
101913,2026-03-21,17, Stockholm,Sushi,267.0,56,Late,Returning
112335,2026-08-08,17,Stockholm,Thai,"226,0",27,On time,New
108476,16 Jun 2026,13,Lund,Thai,280.0,32,ON TIME,New
111989,03.08.2026,19,Malmö,Vegan,214.0,37,On time,Returning
102398,27 Mar 2026,12,Lund,Sushi,316.0,36,ON TIME,New
111242,2026-07-24,11,Lund,Kebab,"348,0",-5,,returning
107145,30 May 2026,19, Malmö,Sushi,210.0,40,On time,New
110040,2026-07-09,18,Göteborg,SUSHI,300.0,47,Late,RETURNING
103061,2026-04-05,16,Stockholm,Pizza,"270,0",-5,,Returning
107007,28/05/2026,16,Stockholm,Burgers,"259,0",42,On time,Returning 
102456,2026-03-28,12,Malmö ,Kebab,274,43,on time ,Returning
103430,2026-04-10,22,Stockholm,Pizza ,159,51,Late,Returning
101053,2026-03-09,21,Göteborg,Pizza,231,45,On time,Returning
106472,21.05.2026,11,Stockholm,Salad,251,26,On time,RETURNING
107530,2026-06-04,13,MALMÖ,Pizza,311.0,28,On time,Returning
100989,2026-03-08,21,Stockholm,Pizza,380.0,46,Late,Returning
102089,2026-03-23,18,Malmö ,Vegan,178.0,38,On time,Returning
103707,13 Apr 2026,19,Malmö,Thai,233.0,45,ON TIME,Returning
103405,2026-04-10,12,Göteborg,Indian,226.0,38,On time,Returning
109244,27.06.2026,12,Uppsala,Thai,287.0,43,on time,Returning
101190,11.03.2026,15,,Pizza,263.0,42,On time,Returning
112412,2026-08-09,15,Göteborg ,Burgers,"286,0",37,On time,Returning
112875,2026-08-15,23,Malmö,kebab,"265,0",31,On time,Returning
101515,2026-03-15,13,Stockholm,Kebab,220,57,Late,RETURNING
100624,2026-03-03,13,Stockholm,Burgers,334 SEK,31,On time,New
101299,2026-03-12,15,Malmö ,Pizza,211.0,22,on time,Returning
113185,19 Aug 2026,10,Malmö, Kebab,176.0,38,On time, Returning
110093,2026-07-09,14,uppsala,Pizza,248.0,43,On time,RETURNING
105865,2026-05-13,20,Göteborg,Salad,257.0,32,ON TIME,Returning
105283,2026-05-05,11,Göteborg,Thai,228.0,36,Ontime,Returning
106035,2026-05-15,18,Malmö,Sushi,232 kr,30,On time,returning
109148,2026-06-26,21,Uppsala,Salad,305.0,34,Ontime,Returning
102405,2026-03-28,18,Göteborg,Burgers,217.0,28,On time,NEW
111239,24 Jul 2026,13, Lund,Thai,177.0,47,Late ,Returning
100576,2026-03-02,9,Stockholm,Pizza ,190.0,23,On time,Returning
110313,2026-07-12,16,Stockholm,Indian,"296,0",49,Late,New
106043,15/05/2026,12,MALMÖ,Pizza,239,46,Late,Returning
100820,2026-03-06,17,Stockholm,Vegan,"350,0",-5,,New
113038,17.08.2026,12,Stockholm,Pizza,240,35,On time,New
105693,2026-05-10,11, Stockholm,Salad,268.0,47, late,Returning
112486,2026-08-09,18,Lund,Salad,342.0,33,On time,Returning
113497,2026-08-23,20,Malmö,Burgers,"176,0",31,On time,New
107951,10 Jun 2026,15,Sthlm, Indian,207.0,30,On time,Returning
108847,22.06.2026,10,Göteborg ,Indian,212.0,-5,,New
106530,2026-05-22,18,Gbg,indian,154.0,44,On Time,Returning
108729,2026-06-20,19,Stockholm,Kebab,316,35,ON TIME,Returning
112635,2026-08-12,20,Göteborg,Burgers,272.0,38,On time,New
103998,2026-04-18,23,Göteborg,Indian,SEK 252,21,On time,Returning
109697,2026-07-04,18,Stockholm,Pizza,251.0,38,On time,Returning
110041,09/07/2026,17,GÖTEBORG,Kebab,303.0,48,Late,Returning
104602,2026-04-26,16,Gbg,Sushi,268.0,33,On time,Returning
107411,2026-06-03,18,Göteborg,Thai,296.0,40,On time,New
101775,19 Mar 2026,19,Stockholm,Kebab,237.0,48,Late,Returning
104223,2026-04-20,12,Uppsala,Pizza,"250,0",37,On time,Returning
109845,06/07/2026,20,Stockholm,Indian,227.0,30,On time,Returning
107963,2026-06-10,20,Stockholm,Thai,214.0,45,On time,New
105143,03.05.2026,14,Stockholm,Pizza,379.0,40,on time ,Returning
107386,2026-06-02,19,MALMÖ,Kebab,207.0,62,late,New
109880,2026-07-07,12,Göteborg,Burgers ,263 SEK,45,On time,Returning
106664,2026-05-23,12,Uppsala,Burgers,194.0,36,on time,Returning
106535,22.05.2026,11,GÖTEBORG,Indian,"285,0",27,On Time,New
102724,2026-04-01,13,Göteborg,Kebab,261.0,43,On time,Returning
109297,2026-06-28,15,Malmö,Thai,156.0,54, late,New 
101321,2026-03-12,11,Lund,Burgers,150 kr,35,on time ,Returning
113122,2026-08-18,15,Malmö,Pizza ,189.0,35,On time,New
102182,24.03.2026,18,Lund,Kebab,255 kr,23,On time,Returning
100383,28.02.2026,19, Stockholm,Pizza,270.0,34,On time,Returning
104314,22 Apr 2026,20,Göteborg,Kebab,217.0,55,Late,Returning
107793,2026-06-07,15,uppsala,KEBAB,195 SEK,26,On time,Returning
104741,2026-04-28,18,Göteborg,Thai,220.0,33,On time,Returning
103942,2026-04-17,11,Göteborg,Pizza,SEK 308,41,on time,returning
109390,2026-06-29,15,Uppsala,Indian,214 SEK,38,On time,Returning
110418,2026-07-13,17,Lund, Burgers,221.0,31,On time,Returning
108644,19 Jun 2026,11,Stockholm,PIZZA,236.0,38,On time, Returning
100312,27.02.2026,17,Stockholm,Salad,"264,0",48,Late,Returning
103533,2026-04-11,11,Malmö,Thai,236.0,36,On time,New
110269,12.07.2026,12,Göteborg,Pizza,"227,0",41,On time,New
113015,17 Aug 2026,20,Stockholm,Pizza,266.0,21,On time,new
103518,11/04/2026,13,Stockholm,Sushi,301.0,26,On time,Returning
101529,15/03/2026,19,Malmö, Salad,240.0,47,late,Returning
107474,2026-06-03,22,Uppsala,Burgers ,"213,0",44,On time,New
101752,2026-03-19,9,Göteborg,Pizza,"175,0",45,On time,Returning
108337,15 Jun 2026,11,Stockholm,Burgers,214,27,On time,Returning
100499,01.03.2026,13,STOCKHOLM, Pizza,258.0,18,On time,NEW
101903,2026-03-21,19,Stockholm,Sushi,291.0,48,Late,New
103494,2026-04-11,13, Göteborg,Kebab,156.0,25,On time,Returning
101101,09.03.2026,20,Malmö,Burgers,337.0,34,On time,Returning
100696,2026-03-04,21,Göteborg,Pizza,280.0,34,On time,Returning
110938,2026-07-20,15,Malmö,Pizza,303,36,On time,New
103790,2026-04-14,20, Uppsala,Indian,239.0,42,On time,New
108764,2026-06-21,19,Göteborg,Sushi ,188.0,24,On time,returning
113265,2026-08-20,13,malmö,Burgers,302,41,on time,New
105232,2026-05-04,19,Stockholm,Thai,273.0,34,On time,New
112377,8 Aug 2026,23,Malmö,Pizza,SEK 234,43,On time,Returning
108553,2026-06-18,10,Göteborg,Pizza,175.0,39,on time,Returning
102012,22.03.2026,16,Stockholm,Pizza,221.0,49,Late,Returning
107166,2026-05-30,16, Uppsala,INDIAN,346 kr,35,on time ,New
110228,11 Jul 2026,9,Malmö,SUSHI,217,40,On time,New
106304,2026-05-18,20,uppsala,Burgers,"289,0",28,On time,New
105570,9 May 2026,12, Göteborg,BURGERS,286.0,17,On time,Returning
111996,2026-08-03,19,Uppsala,Indian ,320.0,39,On time,New
102505,2026-03-29,18,Stockholm,Indian,219,45,On time,New
110928,2026-07-20,9,stockholm,Sushi,260.0,43,On time,New
110586,2026-07-16,19,Stockholm,PIZZA,156,37,On time, new
105938,14 May 2026,13,Stockholm,VEGAN,252.0,33,On time,New
104943,2026-05-01,18,Göteborg,Thai ,272.0,39,On time,Returning
107956,10/06/2026,21,Stockholm ,Sushi,243.0,43,On time,Returning
101985,2026-03-22,18,Stockholm,Thai,"213,0",35,On time,Returning
102122,2026-03-24,10,,sushi,253.0,42,On time,Returning
111261,25/07/2026,18,Stockholm,Sushi,SEK 239,59,Late,Returning
111248,2026-07-25,18,Göteborg,Pizza,266.0,37,On time,New 
107357,02.06.2026,23,Stockholm,Sushi,203.0,35,On time,New
106112,2026-05-16,16,Malmö ,Burgers,180.0,44,On time,returning
110347,2026-07-13,19,Göteborg,Indian,272,35,On time,New
110641,17.07.2026,10,Göteborg,Burgers,"266,0",35,On time,New
102049,2026-03-23,12,Göteborg,Sushi,333.0,42,On time,New
108772,21 Jun 2026,12,Göteborg,PIZZA,192.0,46,Late,RETURNING
112323,2026-08-08,11,Stockholm,Indian,"253,0",38,On time,Returning
104220,20 Apr 2026,10,Malmö,burgers,283.0,39,On time,New
110577,2026-07-16,21,Göteborg,Sushi ,316,21,On time,Returning
100049,2026-02-23,9,Stockholm,Kebab,"202,0",40,On Time,Returning
102452,2026-03-28,22,Malmö ,Pizza,340.0,32,on time ,Returning
104707,27 Apr 2026,13,Stockholm,Indian,293,0,,Returning
101110,09/03/2026,11,MALMÖ,Pizza,"207,0",49,Late ,Returning
102755,01/04/2026,18,STOCKHOLM,Burgers,277.0,48,Late,Returning
106495,21 May 2026,19,Malmö,Burgers,253.0,28,On time,Returning
108515,17.06.2026,19,Stockholm,Indian,269.0,44,On time,Returning
111376,26.07.2026,17,Stockholm,Burgers,"258,0",35,ON TIME,Returning
111000,2026-07-21,11,Stockholm,Pizza,286,40,On time,returning
110431,2026-07-14,18,Göteborg ,Burgers,173.0,36,On time,Returning
103327,9 Apr 2026,18,Göteborg,Pizza,236.0,23,On time,Returning
103972,2026-04-17,19, Malmö,Indian,166.0,27,On time, Returning
108426,16.06.2026,12,stockholm,Indian,237.0,37,On time,New
107767,2026-06-07,12, Stockholm,Thai,232.0,37,On time,New
103597,2026-04-12,12,Stockholm,Salad,277.0,37,On time,New
108262,14.06.2026,16,Stockholm,Pizza,206.0,40,On time,New
104173,2026-04-20,12,Göteborg,Burgers,281,34,On time,Returning
108110,12/06/2026,12,Stockholm,Pizza,288,37,On time,Returning
103184,07/04/2026,13, Göteborg,Indian,258.0,43,ON TIME,New
109474,2026-07-01,16, Göteborg,Pizza,231,34,On time,Returning
109094,26 Jun 2026,20,Göteborg,Pizza,257.0,26,On time,Returning
105809,2026-05-12,18,Göteborg,Sushi,309.0,35,on time,New
107091,2026-05-30,12,GÖTEBORG,Pizza,SEK 178,44,On time,Returning
104242,21.04.2026,22,Göteborg,Burgers,269.0,29,On time,Returning
105286,2026-05-05,18,Göteborg,Sushi,218.0,31,On time,Returning
113205,2026-08-19,14,Lund ,Sushi,295.0,43,On time, new
102753,2026-04-01,19,Stockholm, Thai,292,38,on time,New
100427,28 Feb 2026,12,Malmö ,Indian,239.0,32,On time,Returning
111089,22 Jul 2026,19,Malmö,Thai,SEK 258,37,On time,New
104193,2026-04-20,12,Stockholm,Indian,245.0,24,On time,Returning
101202,2026-03-11,12,Stockholm,Pizza ,212.0,55, late,New
111852,01.08.2026,19,Lund ,Thai,229.0,25,On time,New
108170,2026-06-13,13,Stockholm,Pizza,276,37,On time,New
103949,2026-04-17,12,Stockholm, Kebab,127.0,37,On time,New
105496,2026-05-08,16,Gbg,Vegan,216 SEK,30,on time,returning
111479,27 Jul 2026,22, Uppsala,Salad,322 SEK,40,On time,Returning
111993,2026-08-03,17,Uppsala,Kebab,170.0,27,On time,Returning
113048,2026-08-17,10,Malmö,Kebab,299.0,29,On time,New
103562,2026-04-12,19,Göteborg,Pizza,273.0,45,On time,New
101928,2026-03-21,9,Malmö,Burgers,278,43,On time,Returning
112017,04/08/2026,21,GÖTEBORG, Sushi,294,23,On time,Returning
110583,16.07.2026,12,Stockholm,Sushi,193.0,37,On time,New
102482,29 Mar 2026,18,Göteborg ,Thai,308 SEK,36,On Time,New
104540,2026-04-25,14,,Pizza,212.0,35,On time,Returning
100717,2026-03-04,21,Stockholm,Sushi,"215,0",35,On time,Returning
103098,2026-04-05,13,Uppsala,Indian,283 kr,53,Late,Returning
107195,2026-05-31,10,Göteborg,Vegan,280.0,37,On time,Returning
100373,28 Feb 2026,12,göteborg,Sushi,366.0,21,On time,Returning
101560,2026-03-16,17,Göteborg,Indian,190.0,24,On time,New
108746,20 Jun 2026,13,Uppsala,Indian,312 SEK,36,On time,New
101184,2026-03-10,17,lund,Pizza,245.0,36,On time,New
110494,2026-07-15,11,Göteborg,Sushi,272 kr,38,On time,Returning 
103253,2026-04-08,17,,Burgers,175.0,46,late,Returning
104231,2026-04-20,19,Uppsala,Pizza ,264.0,40,On time,RETURNING
108700,2026-06-20,22,Göteborg,Sushi,159 SEK,31,On time,Returning
102846,2026-04-02,20,Malmö,Thai,154.0,15,ON TIME,NEW
101123,09/03/2026,12,Lund,THAI,"278,0",38,On time,Returning
106782,2026-05-25,12,Stockholm, Indian,201.0,19,On time,New
102655,2026-03-31,17,Göteborg,Salad,230.0,26,On time,Returning 
109986,2026-07-08,12,Stockholm,Pizza,184.0,39,On time,Returning
106826,2026-05-25,17,Lund,Pizza,189.0,47, late,Returning
108630,19.06.2026,17,Sthlm,Pizza,"183,0",39,On time, Returning
113085,2026-08-18,11, Stockholm,Pizza,192.0,50,Late,New
113464,23.08.2026,10,Stockholm,Thai,233.0,42,On time,Returning
104955,1 May 2026,23,Göteborg,Pizza ,262.0,45,On time,Returning
110796,2026-07-18,20,Lund,Sushi,277,46,Late,New
111847,2026-08-01,21,Uppsala,Pizza,"397,0",43,Ontime,Returning 
111203,2026-07-24,19,Stockholm,Sushi,282,31,On time,Returning
107490,2026-06-04,11,Gbg,Vegan ,SEK 252,33,Ontime,Returning
108575,2026-06-18,15,Stockholm ,Kebab,258.0,41,on time,New
100721,2026-03-04,12,Malmö,Salad,280.0,38,On time,Returning
105169,3 May 2026,13,Malmö,Thai ,351.0,48,late,NEW
112827,2026-08-15,11,Göteborg,Pizza,276.0,43,On time,Returning
103012,2026-04-04,17,Lund,Kebab,267,28,On time,New
105067,02.05.2026,21,Malmö,Sushi,"276,0",47,Late ,New
105187,2026-05-03,11,Uppsala,Burgers,272.0,41,On time,New
110912,2026-07-20,19,,Salad,283 SEK,37,On time,Returning
112617,2026-08-11,10, Lund,Sushi,245.0,23,on time ,Returning
107363,2026-06-02,16,Stockholm,Burgers,313,43,On time,Returning
105424,2026-05-07,16,Göteborg,Indian,357.0,52,Late,New
106144,2026-05-17,17, Göteborg,Vegan,181,22,On time,Returning
103293,8 Apr 2026,16,STOCKHOLM,Burgers,249.0,39,On time,Returning
101434,2026-03-14,9,,Burgers,327 SEK,22,On time,New
105296,5 May 2026,14,Göteborg,Thai,285 SEK,999,,Returning
104243,2026-04-21,14,Göteborg ,Indian,164.0,53,Late,Returning
110742,2026-07-18,22,Stockholm,Thai,234.0,28,On time,New
103383,2026-04-09,18,malmö,Pizza,260,34,On time,Returning
112597,2026-08-11,22,Stockholm ,Indian,210,42,On time,Returning
109112,2026-06-26,17,Stockholm,Thai,197.0,28,on time,returning
104624,2026-04-26,11,Stockholm,Kebab ,206,33,ON TIME,RETURNING
104708,2026-04-27,12,Malmö,Burgers ,165 kr,36,On time,Returning
112141,2026-08-05,12,Lund,Sushi,327,52,Late,Returning
104080,2026-04-19,14,Göteborg,Sushi,291.0,15,On Time,New
111041,2026-07-22,15,Göteborg ,Pizza,321 SEK,28,On time,Returning
107681,2026-06-06,10,Malmö,THAI,163.0,43,On Time,returning
105105,2026-05-03,15, Göteborg,Pizza,166.0,45,On time,New
104505,2026-04-24,12,Uppsala,Thai,SEK 299,38,On time,New 
108216,2026-06-13,12, Uppsala,Kebab,305.0,41,On time,Returning
109715,2026-07-04,13,Malmö,Pizza,222.0,45,On time,new
110301,12.07.2026,13,,Pizza,250,0,,New
108457,16.06.2026,13,Malmö, Burgers,294 kr,31,On time,New
109847,2026-07-06,18,Stockholm,Vegan,263.0,31,ON TIME,Returning
112200,2026-08-06,18,Malmö,Burgers,278.0,39,On time,Returning
112347,08.08.2026,19,Stockholm,pizza,273.0,34,On time,Returning
111172,2026-07-24,23,,PIZZA,205.0,37,On time, new
111456,2026-07-27,12,Stockholm,Indian,169.0,26,On time,returning
105845,12 May 2026,19,Uppsala,Sushi,298.0,46,late,Returning
105508,2026-05-08,12, Stockholm, Pizza,238 SEK,45,On Time,New
105033,2026-05-02,19,Stockholm,Vegan,264,27,On time,Returning
102478,2026-03-28,12,Lund,pizza,254 kr,40,On time,Returning
112907,2026-08-15,16,Lund,Indian,248 SEK,36,on time,Returning
108295,2026-06-14,12,Malmö,Burgers,218 SEK,39,On time,New
103668,2026-04-13,21,Göteborg,Kebab,"226,0",38,On time,Returning
106199,17 May 2026,10,Malmö,Salad,266.0,39,On Time,Returning
108248,2026-06-14,18,Göteborg,Sushi,285 kr,35,ON TIME,returning
106667,2026-05-23,12,Uppsala,Burgers,222.0,35,On time,Returning
108471,2026-06-16,12,Uppsala,Burgers,257.0,39,Ontime,Returning
102485,29/03/2026,22,Göteborg,Thai,204.0,49, late,Returning
112021,2026-08-04,18,Göteborg,Sushi,234.0,31,On time,Returning
111834,2026-08-01,10,Malmö,Thai,225.0,29,On time,New
112691,2026-08-13,17,Göteborg, Burgers,"340,0",46, late,Returning
102935,2026-04-04,10,Göteborg,Indian,277.0,28,On time, Returning
105558,2026-05-09,13,Göteborg,Pizza,214.0,43,On time,Returning
108565,2026-06-18,11,Stockholm,Kebab,248.0,44,On time,New
102368,27/03/2026,22,Stockholm,Burgers,257 kr,34,On time,Returning
100845,2026-03-06,12,,Burgers,253.0,28,On time,Returning
101210,2026-03-11,17,Stockholm,Burgers,195.0,38,ON TIME,New
108864,22.06.2026,17,Stockholm,Sushi,"259,0",45,on time ,New
102335,2026-03-27,11,Gbg,Thai,194 kr,46,late,returning
111672,2026-07-30,21,Malmö,Vegan,154.0,37,on time ,Returning
108825,2026-06-21,13,Malmö,SUSHI,189,27,On time,RETURNING
101729,2026-03-18,14,MALMÖ,Burgers,350.0,34,on time ,returning
100556,2026-03-02,12,Stockholm,Sushi,282 SEK,29,On time,Returning
101908,21 Mar 2026,20,Stockholm,Sushi,201,29,On time,Returning
112713,2026-08-13,19,stockholm,Burgers,"283,0",31,On time,Returning
106115,2026-05-16,14,MALMÖ,Sushi,231.0,40,On time,Returning
111289,2026-07-25,12,Stockholm,Burgers ,270,41,On time,Returning
113299,2026-08-21,13,Göteborg ,Burgers,270.0,35,On time,New
104298,21/04/2026,11,Uppsala,Kebab,282.0,33,On time,Returning
109412,2026-06-30,11, Göteborg,Pizza,195,37,On time,Returning
107312,2026-06-01,18,MALMÖ,Kebab,"278,0",46,Late,New
101177,2026-03-10,13,uppsala,Burgers,167.0,28,On time,returning
110739,18 Jul 2026,18,Stockholm,pizza,319 kr,36,On time,Returning
105333,2026-05-05,13,uppsala,Sushi,375.0,40,On time,returning
104683,2026-04-27,13, Göteborg,Thai,345,42,Ontime,Returning
106230,17 May 2026,9,Lund,Pizza,342.0,36,On time,Returning
108609,2026-06-19,19,Gbg,Kebab,310.0,34,On time,Returning
103233,2026-04-07,10,Malmö,Pizza,128 kr,28,On time,Returning
105553,9 May 2026,13,Göteborg,Thai,338.0,31,On time,New
101031,08.03.2026,21, Malmö,Kebab,240 SEK,38,Ontime,New
108303,14.06.2026,11, Uppsala,Salad ,228.0,26,On time,Returning
101441,14/03/2026,22,Malmö ,Burgers,196,42,On time,Returning
109765,2026-07-05,23,Stockholm,KEBAB,237.0,53,Late,Returning 
105975,14.05.2026,14,Malmö,Indian,192,47,Late,Returning
100873,6 Mar 2026,13,Lund, Pizza,209 SEK,30,on time,Returning
108186,2026-06-13,13,Stockholm ,SALAD,266,61,Late,Returning
103950,17/04/2026,18,Stockholm, Thai,259.0,42,On time,Returning
105187,03.05.2026,11,Uppsala,Burgers,"272,0",41,On time,New
111428,27 Jul 2026,21,Göteborg,Indian ,"178,0",32,On time, Returning
112452,2026-08-09,13,Stockholm,Pizza,232.0,32,On time,Returning
105505,2026-05-08,20,STOCKHOLM,Kebab,209,44,On time,Returning
109229,27.06.2026,14,Malmö,Indian,267,48,Late,Returning
110732,18/07/2026,20,Sthlm,Sushi,"202,0",45,On time,returning
100145,2026-02-24,20,Lund ,Kebab,317.0,36,On time,Returning
107343,2026-06-02,18, Göteborg,Thai,327.0,33,On time,New
108661,2026-06-19,12,MALMÖ, Thai,SEK 271,31,On time,Returning
106313,2026-05-19,21,Göteborg,Kebab,242,31,On time,returning
107406,2026-06-03,10,göteborg,Kebab,222.0,38,On time,Returning
109985,08/07/2026,15,Stockholm,Sushi,SEK 257,36,On time, new
102116,2026-03-24,20,Göteborg ,Sushi,201.0,28,On time,Returning
106764,25 May 2026,11,göteborg,burgers,270.0,48,Late,Returning 
110466,2026-07-14,12,Malmö,Pizza,"167,0",34,On time,Returning
109398,2026-06-29,11,Lund,Indian,"205,0",29,On time,Returning
103512,2026-04-11,15,Stockholm,PIZZA,SEK 233,43,On time,Returning
110618,2026-07-16,14,MALMÖ,Salad,261,34,On time,New
107964,10 Jun 2026,17,Stockholm,kebab,205.0,46,Late,Returning
101863,2026-03-20,10,Malmö ,Vegan,191.0,31,On time,RETURNING
101568,16/03/2026,12,Göteborg,Kebab,237.0,32,On time,New
108770,2026-06-21,11,Göteborg,Kebab,295 SEK,45,On time,New
110238,11/07/2026,13,uppsala, Burgers,108.0,-5,,Returning
113141,2026-08-19,11,Göteborg,Burgers,337.0,45,on time ,NEW
112256,2026-08-07,13,Stockholm,Indian,309.0,31,On time,New
105044,2026-05-02,22,Stockholm,THAI,264.0,30,On Time,Returning
112639,2026-08-12,13,Göteborg,Indian,212.0,31,On time,New
109777,2026-07-05,13,Stockholm,Burgers,239,38,On time,Returning
112579,11/08/2026,19,Stockholm,Kebab,300.0,27,On time,Returning
104097,19 Apr 2026,17,Göteborg,Salad,SEK 184,25,On time,Returning
105741,2026-05-11,13,Göteborg,SALAD,285 SEK,38,On time,New
110057,2026-07-09,18,Stockholm,PIZZA,272.0,44,On time,New
109287,2026-06-28,18,Stockholm,Burgers,240 kr,27,On time,New
102834,02.04.2026,21,Stockholm,Sushi,242.0,34,on time ,Returning
112804,14 Aug 2026,20,MALMÖ,Pizza ,270.0,33,On time,New
101587,2026-03-16,18, Stockholm,Sushi,213.0,36,On time,Returning 
106839,2026-05-26,18,Göteborg,Burgers,"176,0",36,On time,New
106506,2026-05-21,20,MALMÖ,Pizza,172,32,On time,New
105847,2026-05-12,18,Uppsala,Thai,218.0,39,On time,Returning
108822,2026-06-21,23,malmö,Burgers,"344,0",33,On time,Returning
109284,2026-06-28,12,Stockholm,Thai,"267,0",41,On time,returning
112816,14.08.2026,12,Lund,Kebab,"225,0",44,On time,New
104439,2026-04-23,17,Lund,Pizza,259.0,40,On Time,Returning
112395,08/08/2026,10,Lund,Kebab,"309,0",42,on time ,New
101982,22 Mar 2026,12,Stockholm,Indian,228,39,On time,returning
107473,2026-06-03,11,Malmö,Pizza,200.0,47,Late,New 
100786,2026-03-05,15,Malmö,Pizza,"245,0",29,On time,New
111387,2026-07-26,12,Stockholm,Thai,255.0,34,On time, new
107923,9 Jun 2026,12,Uppsala,Thai,"265,0",32,On time,Returning
101777,2026-03-19,10, Stockholm,Kebab,315,46,Late,Returning
111924,02.08.2026,17, Malmö,Salad,342.0,37,On time,Returning
106216,17 May 2026,17,Uppsala,BURGERS,309.0,31,On time,New
113341,2026-08-21,13,Uppsala,Thai,323,46,Late,Returning
109806,2026-07-05,17,Uppsala,salad,247 kr,18,On time,Returning
108008,2026-06-11,9,Göteborg,Pizza,283 kr,34,On time,Returning
109817,2026-07-05,12,lund, Thai,234,46,Late,New
105345,2026-05-05,11,,Pizza,172.0,44,on time,New
106643,23.05.2026,18,Stockholm,Pizza,290.0,40,On time,Returning
105479,2026-05-07,13,,Indian,"263,0",46, late,Returning
111226,2026-07-24,17,Malmö,Burgers,310.0,29,On time,Returning
103423,10 Apr 2026,19,stockholm,Indian,"161,0",39,On time,Returning
108135,2026-06-12,13,,Sushi,288.0,36,On time, new
108941,2026-06-23,20,Malmö,burgers,197.0,31,On time,New
105411,2026-05-07,13,GÖTEBORG,Burgers,336,32,On time,New
101118,9 Mar 2026,17, Uppsala,Sushi,239,49,Late,Returning
107700,2026-06-06,12,Uppsala,Kebab,286,29,On time, Returning
108324,2026-06-15,20,Göteborg,Thai,236.0,31,Ontime,Returning
113209,20 Aug 2026,14, Göteborg,Burgers,"323,0",31,On time,Returning
107476,3 Jun 2026,22,Uppsala,Thai,299.0,44,On time,Returning
101293,2026-03-12,10,Stockholm,Indian,"237,0",31,On time,New
100959,2026-03-07,12,Lund,Vegan,111,27,On time,Returning
109722,4 Jul 2026,18,malmö,Kebab,382.0,22,Ontime, new
106257,2026-05-18,14,Stockholm,Pizza,302,41,On time,New
102312,26/03/2026,23,Uppsala,Thai,308,31,On time,New
106803,2026-05-25,22,Malmö , Pizza,283.0,51, late,New
106037,15 May 2026,11,Malmö,Pizza,243,39,On time,new
109871,06/07/2026,19,Lund, Pizza,144.0,30,On time,New
111118,2026-07-23,12,Göteborg,Kebab,220 SEK,34,On time,Returning
103156,2026-04-06,12,Stockholm,Burgers,180.0,38,On time,Returning
105935,2026-05-14,21,,burgers,244.0,36,On Time,Returning
102961,4 Apr 2026,14,STOCKHOLM,Pizza,"262,0",24,on time,Returning
104050,18/04/2026,10,MALMÖ,THAI,295.0,26,On time,Returning
100692,04/03/2026,17,göteborg,Thai ,SEK 200,26,On time,Returning
109755,2026-07-05,20,Stockholm,Salad,283.0,29,On time,Returning
111781,01.08.2026,17,GÖTEBORG,PIZZA,369.0,45,On Time,Returning
110921,20.07.2026,17,Stockholm,Vegan,265.0,26,On time,New
112915,2026-08-16,10,Göteborg,Sushi,181.0,46,Late,Returning
108663,19.06.2026,16,Malmö,Pizza,286.0,29,On time,Returning
101070,2026-03-09,12,Stockholm,Thai,235.0,55,Late,Returning
103996,18/04/2026,13,Gbg,Kebab,242.0,36,ON TIME,Returning
110458,14.07.2026,12,Stockholm,THAI,295.0,36,On time,Returning
112671,2026-08-12,11,Malmö,INDIAN,316.0,43,On Time,Returning
111588,2026-07-29,18,Stockholm,burgers,285.0,39,On time, Returning
108353,15/06/2026,11,Stockholm ,Thai,237.0,45,On Time,Returning
107175,2026-05-30,17,,Thai,340.0,34,On Time,RETURNING
100942,2026-03-07,21,Malmö,Thai,180.0,40,on time ,Returning
107240,2026-05-31,12,Malmö,Kebab,195.0,34,On time,New
108284,2026-06-14,17,Malmö,Pizza,372.0,50,Late,New
103252,2026-04-08,10,Göteborg,Sushi,304.0,34,On time,RETURNING
104269,2026-04-21,16,Stockholm,Kebab,245 SEK,30,on time,Returning
101195,11/03/2026,11,STOCKHOLM,Kebab,194.0,39,On time,Returning
102204,25.03.2026,21,Göteborg,Pizza,288.0,46,Late, Returning
108827,21.06.2026,20,Malmö,Indian,312,28,On time,Returning
102633,2026-03-30,18,Uppsala,Pizza,319.0,31,on time ,Returning
113187,19 Aug 2026,23,Malmö ,Kebab,261.0,-5,,Returning
108050,2026-06-11,18,Malmö,Pizza,"164,0",49,Late,Returning
109499,1 Jul 2026,19, Stockholm, Indian,"267,0",30,On time,Returning
111318,25.07.2026,21,Malmö,Burgers,SEK 276,20,On time,Returning
103370,2026-04-09,18,STOCKHOLM,Pizza,230 SEK,40,On Time,Returning
112990,16/08/2026,17,Uppsala,Sushi,296,25,On time,New
104629,26.04.2026,20,Stockholm,Salad,298,45,On time,Returning
106152,2026-05-17,21,Göteborg,Pizza,195.0,44,On time,Returning
110488,14/07/2026,20,lund,Pizza,211 kr,35,On time,Returning
103805,15.04.2026,19,Göteborg,Thai,283,31,On time,NEW
113155,2026-08-19,15,stockholm,Burgers,274.0,32,On time,new
110395,2026-07-13,22,Malmö,Pizza,249.0,39,ON TIME,new
110184,11 Jul 2026,19,Göteborg,Pizza,278,32,On time,New
103662,13 Apr 2026,16,Göteborg,Indian,225.0,43,On time,Returning
100436,2026-02-28,11,Uppsala,Burgers,"332,0",47,Late,New
112319,2026-08-08,18,Stockholm ,Indian,241.0,23,On time,Returning
107756,2026-06-07,18,Stockholm,Sushi,"332,0",43,On time,New
113079,2026-08-18,18,Göteborg,KEBAB,154.0,41,On Time,Returning
112929,2026-08-16,17,Göteborg,Thai,133,41,Ontime,Returning
102495,2026-03-29,22,Göteborg,Burgers,275.0,23,On time,Returning
105199,03.05.2026,13,Lund,Pizza,262.0,32,On time,Returning
111195,2026-07-24,19,Stockholm,Vegan,175.0,49,Late,New
104538,25 Apr 2026,19,Sthlm,Pizza,276.0,46,Late,Returning
107110,30 May 2026,13,Göteborg ,Pizza ,286.0,46,Late,New
104832,29/04/2026,19,Stockholm,Kebab,"127,0",53,Late,New
107281,01/06/2026,20,Göteborg,Salad,229.0,22,On time,Returning
103489,11/04/2026,12,Göteborg,Burgers,"190,0",41,On time,Returning
111694,2026-07-30,13,Uppsala ,Thai,"199,0",38,On time,Returning
106724,2026-05-24,18,Stockholm,Kebab,182.0,33,On time,Returning
101244,2026-03-11,11,lund,Burgers,154 kr,35,On time,Returning
102518,2026-03-29,13,Stockholm,Kebab,"220,0",54,Late,Returning
102358,2026-03-27,11,Stockholm,Pizza,"231,0",34,On time,Returning
106116,2026-05-16,17,malmö, Burgers,"150,0",44,Ontime,New
107949,2026-06-10,15,Göteborg,kebab,321,32,On time,Returning
105296,2026-05-05,14,Göteborg,Thai,SEK 285,41,On Time,Returning
102896,2026-04-03,16,Stockholm,Thai,310.0,46,LATE,new
111040,22/07/2026,22,Göteborg,Kebab,220.0,35,on time ,New 
111940,2026-08-02,20,,Burgers,"264,0",37,On time,New
102507,2026-03-29,12,stockholm,Vegan,258.0,35,On time,Returning
112425,2026-08-09,11,Stockholm, Pizza,259,48,Late,Returning
113309,2026-08-21,12,Stockholm,Burgers,255.0,33,on time, Returning
106161,17.05.2026,10,Göteborg,burgers,171.0,33,On time,New
109262,2026-06-28,22,Göteborg,Sushi,319 kr,31,on time ,NEW
101208,2026-03-11,16, Stockholm,Thai,281.0,28,On time,Returning
112623,12 Aug 2026,17,Göteborg,Thai,145.0,32,On time,RETURNING
113227,2026-08-20,14,Stockholm,Kebab,290,29,On time,Returning
109796,2026-07-05,11,Malmö,Burgers,"200,0",41,On time,Returning 
108497,2026-06-17,11,stockholm,Pizza,254 kr,47,Late,New
110331,2026-07-12,19,Uppsala,Burgers ,317.0,47,Late,RETURNING
110116,2026-07-10,11,Göteborg,Burgers,289 kr,51,late,New
108466,16 Jun 2026,14,uppsala,Kebab,176,38,On time,Returning
106741,2026-05-24,11,Uppsala ,Burgers,199 kr,31,Ontime,Returning
108852,2026-06-22,14,Göteborg,Thai,253.0,36,On time,new
104756,2026-04-28,14,Stockholm,Kebab,287.0,39,On time,Returning
113247,2026-08-20,21,Stockholm,Pizza,230.0,27,On time,New
101627,2026-03-17,19,Göteborg,Pizza,252,37,On time, new
111401,26/07/2026,19,Malmö,Kebab,137.0,30,On time,New
111520,28 Jul 2026,13,Stockholm,Burgers,243.0,50,Late,Returning
106860,26/05/2026,12,Stockholm,Vegan,280,27,On time,New
105981,2026-05-14,12,Uppsala,PIZZA,269.0,29,On time,Returning
102400,2026-03-27,19,Lund,Salad,195.0,37,On time,New
104376,2026-04-22,13,Lund,Burgers,250.0,44,ON TIME,New
111827,2026-08-01,11,Malmö,Indian,178 kr,41,on time,New
101694,2026-03-18,11,göteborg,salad,283,34,On time,Returning
106104,2026-05-16,12,Stockholm,Burgers,287,34,On time,Returning
105172,03.05.2026,12, Malmö,Sushi,177 SEK,30,On time,Returning
106246,18.05.2026,20,Göteborg,Indian,268,30,On time,Returning
109327,2026-06-29,18,Göteborg,indian,334.0,21,On time,Returning
108654,2026-06-19,22,Stockholm,Burgers,270,34,On time,new
105679,2026-05-10,12,Stockholm,Pizza,SEK 227,30,On time,RETURNING
100920,7 Mar 2026,12,Stockholm,Vegan,288.0,30,On time,Returning
111916,2026-08-02,17,malmö, Kebab,342,41,On time,Returning
109745,5 Jul 2026,11,Göteborg,Kebab,321.0,45,On time,New
110753,2026-07-18,13,Stockholm,Thai,"277,0",27,On time,Returning
110594,16 Jul 2026,21,Stockholm,SALAD,314,19,On time,RETURNING
102359,27.03.2026,13,STOCKHOLM,Sushi,191 SEK,31,On time,New
104628,2026-04-26,13,Stockholm,Thai,234,24,On time,New
113146,19.08.2026,19,Göteborg,Thai,258.0,49,Late,Returning
107279,01.06.2026,19, Göteborg,Indian,202.0,22,On time,New 
110741,2026-07-18,19,Stockholm,Salad,321 SEK,59,Late,Returning
102455,2026-03-28,22,Malmö,Indian,284.0,36,On time,New
110762,2026-07-18,18,Stockholm ,Sushi,250.0,38,On time, new
111557,2026-07-28,20,Lund,Burgers,"300,0",45,On time,New
103711,13/04/2026,19,Malmö,Vegan,283.0,52,Late ,Returning
105273,2026-05-04,19,Uppsala ,Thai,334.0,32,On time,Returning
112483,9 Aug 2026,13,Lund ,Burgers,282.0,32,On time,New
106590,2026-05-22,11,Uppsala,BURGERS,238.0,32,On time,Returning
108756,2026-06-20,9,Lund,Pizza ,214,37,On time,Returning
112101,2026-08-05,21,Stockholm,Pizza,308.0,42,On time,Returning
102869,03.04.2026,18,Göteborg,Pizza,223.0,43,On time,New
110387,2026-07-13,14,Stockholm,Burgers,"354,0",50,Late,New
102522,2026-03-29,19,Stockholm,Sushi,306.0,36,On time,Returning
101152,10/03/2026,18,Stockholm,Vegan,264,31,On time,Returning
112526,2026-08-10,19,Stockholm,Kebab,338.0,43,on time,Returning 
112400,09.08.2026,15,Göteborg,Indian ,191.0,41,on time, Returning
106419,2026-05-20,11,Stockholm,Sushi,296,36,On time,New
108591,18 Jun 2026,11,Uppsala ,Indian,232,31,On time, Returning
105103,2026-05-03,17,Göteborg,Vegan,261 SEK,41,On time,Returning
112646,2026-08-12,18,stockholm,Indian,254.0,30,On time,New
111573,2026-07-29,21,Göteborg,Salad ,299.0,24,ON TIME,New
106718,2026-05-24,16,Stockholm,Sushi,230.0,17,On time,Returning
111727,31 Jul 2026,17,Stockholm,Kebab,220.0,38,On time,Returning
105973,2026-05-14,13,Malmö,SUSHI,288.0,39,on time ,Returning 
106668,2026-05-23,20, Uppsala,Pizza,265 kr,30,On time,Returning
112031,2026-08-04,10,Stockholm ,Thai,"221,0",47,Late,Returning
105429,07/05/2026,18,Göteborg,Indian,223.0,41,ON TIME,Returning
103879,2026-04-16,13,Stockholm,Sushi,227.0,34,On time,New
112586,11 Aug 2026,12,Stockholm,Kebab,245.0,60,Late,Returning
113413,22.08.2026,14,Malmö,Burgers,225.0,31,ON TIME,Returning
101114,2026-03-09,13,Uppsala, Burgers,286,42,On time,Returning
113496,23/08/2026,13,Malmö,Sushi,195 kr,37,On Time,Returning
109752,2026-07-05,14, Göteborg,Thai,289.0,34,On time,New
102220,25 Mar 2026,17,stockholm,Sushi,236.0,52,Late,Returning
107231,31 May 2026,16,Stockholm,Kebab,260.0,31,On time,New
112095,2026-08-05,22,Göteborg,Kebab,260.0,35,On time,Returning
108461,2026-06-16,13,MALMÖ,Burgers,200 SEK,51,Late,Returning
106279,2026-05-18,12, Stockholm, Sushi,"216,0",50,Late ,Returning
111728,2026-07-31,10,Stockholm,Pizza,324 kr,39,ON TIME,new
100385,2026-02-28,11,Stockholm,Pizza,297 kr,53,Late,Returning
110388,13 Jul 2026,20,Stockholm,Kebab ,316.0,39,On time,Returning
102970,2026-04-04,18,Stockholm,Thai ,"297,0",44,On time,New
101902,2026-03-21,21, Stockholm,Burgers,"226,0",42,On time,New
101260,2026-03-12,21,Göteborg,Salad,273.0,39,On time,Returning
106339,2026-05-19,22,Stockholm,Thai,283.0,38,On time,Returning
108180,2026-06-13,17,Stockholm,Kebab,307,22,on time ,New
106858,2026-05-26,17,Sthlm,Pizza,135 kr,26,On time,Returning
109511,2026-07-01,13,Malmö ,Salad,358.0,31,On time,New
108557,2026-06-18,18,göteborg,Indian,320 kr,45,On time,Returning
103785,14/04/2026,18,Uppsala,Pizza,267 SEK,34,Ontime,Returning
106781,25.05.2026,14,Stockholm,Thai,128 SEK,20,On time,New
104518,2026-04-25,11,Göteborg, Kebab,359.0,32,On time,RETURNING
111644,2026-07-30,10,stockholm,SUSHI,323.0,37,On time,returning
101397,2026-03-14,18,Göteborg,Kebab,238,33,Ontime,Returning
104715,2026-04-27,18,Malmö, Kebab,304.0,22,On time,Returning
104513,24 Apr 2026,12, Lund,Kebab,263.0,46, late,New
102994,2026-04-04,13,Malmö,KEBAB,"319,0",39,On time,New
101388,2026-03-14,12,Göteborg,Pizza,271.0,50,Late,New
107275,01.06.2026,18,Göteborg,Salad,279.0,31,On time,Returning
106060,16.05.2026,14,Göteborg,Kebab,216 SEK,47, late,Returning
107942,2026-06-10,23,Göteborg,Kebab,257.0,39,On time, new
102471,2026-03-28,15,Uppsala,burgers,245 SEK,44,On time,Returning
106034,2026-05-15,12,Malmö,Sushi,267.0,35,On time,Returning
103403,9 Apr 2026,12,lund,Thai,321.0,33,On time,Returning
106539,2026-05-22,10,Göteborg ,Thai ,339.0,32,On time,Returning
102813,2026-04-02,21,Göteborg,Burgers,286.0,43,On time,returning
109381,2026-06-29,10,Malmö,Pizza,258.0,42,On time,Returning
111066,2026-07-22,19,Stockholm,Burgers,270 kr,35,On time,Returning
109555,2026-07-02,19,Stockholm,Burgers,286 SEK,36,On time,Returning
113084,18 Aug 2026,11,Sthlm,Thai,259.0,23,ON TIME,Returning
110209,2026-07-11,13,Stockholm,Burgers,356.0,47,Late,returning
108166,13/06/2026,11,STOCKHOLM,Vegan,357,24,On time,returning
110696,2026-07-17,10,Uppsala,Kebab,320.0,-5,,New
105433,07/05/2026,16,Stockholm,Thai,317.0,52,LATE,New
106621,2026-05-23,17,Stockholm,Burgers,255.0,38,on time,New
104842,2026-04-29,21,Malmö,Pizza,291.0,44,On time,Returning
106308,2026-05-18,17,Lund ,Kebab,208.0,33,On time,Returning
108721,2026-06-20,17,Stockholm,Sushi ,252.0,35,On time,Returning
100157,2026-02-25,23,Göteborg,Burgers,"369,0",44,On time,Returning
112796,14 Aug 2026,19,Stockholm, Thai,249.0,43,On time,new
104977,2026-05-01,19,Sthlm,Indian,266.0,34,On time,NEW
109199,2026-06-27,17,Stockholm,Pizza,326.0,33,on time ,Returning
110048,2026-07-09,18,Göteborg,Kebab ,288.0,56,Late,Returning
103365,9 Apr 2026,12,STOCKHOLM,Kebab,233 kr,41,On time,Returning
105378,2026-05-06,19,STOCKHOLM,Sushi,306,29,On time,Returning
103297,2026-04-08,18,Stockholm,Pizza,318 kr,25,On time,New
105568,2026-05-09,20,Göteborg,Burgers,116.0,33,On time,Returning
102544,29 Mar 2026,11,Malmö ,Pizza,243.0,41,On time,New
105473,7 May 2026,9, Uppsala,Kebab,265.0,47,late,Returning
105147,2026-05-03,20,Stockholm ,Kebab,179.0,49,Late,New
109507,2026-07-01,10, Stockholm,Salad,216,39,On time,New 
110522,2026-07-15,17,STOCKHOLM,Vegan,219.0,37,On Time,New
111794,2026-08-01,19,Gbg,Salad ,191.0,31,On time,Returning
106837,26 May 2026,18,GÖTEBORG,Burgers,268.0,32,On time,New
112991,16 Aug 2026,13,Lund,Pizza,301.0,43,On time,New
110539,2026-07-15,19,Stockholm,indian,108.0,28,On time,Returning
110992,21 Jul 2026,19,stockholm,Thai,259,45,on time ,New
100843,2026-03-06,14,Stockholm,Pizza,365 SEK,26,On time,Returning
109127,26 Jun 2026,11, Stockholm, Kebab,311.0,41,On Time,Returning
108904,23 Jun 2026,20,Göteborg,Pizza,168.0,26,On time,Returning
110183,11 Jul 2026,16,Göteborg ,Thai,248.0,43,On time,new
108931,2026-06-23,11,Stockholm,Sushi,278.0,18,On time,New 
113462,2026-08-23,14,Stockholm ,Salad,304,43,On time,Returning
101826,2026-03-20,16,GÖTEBORG,Thai,186.0,58,Late,New
110291,2026-07-12,11, Stockholm,Kebab,SEK 89,39,On time,Returning
109775,2026-07-05,18,Stockholm,Burgers,273 kr,30,ON TIME,New
111373,26 Jul 2026,10,Stockholm,Sushi,335.0,34,On time,Returning
107436,2026-06-03,17,Stockholm,Thai,281 SEK,37,On time,Returning
112897,2026-08-15,13,Uppsala,Sushi,294,48,Late,New
109731,4 Jul 2026,12,Uppsala,Kebab ,SEK 195,35,On time,Returning
105729,2026-05-10,17,Lund,Pizza,162.0,20,On time,Returning
100934,2026-03-07,11,Malmö, Thai,SEK 239,32,On time,Returning
113418,2026-08-22,19,Uppsala,Pizza,226.0,39,On time,New
112410,9 Aug 2026,11,Göteborg,Sushi,367.0,44,on time,New
106761,2026-05-25,20,GÖTEBORG,Pizza,327 SEK,46,Late,Returning
104883,2026-04-30,10,Stockholm,Pizza,182.0,34,On time,Returning
102382,2026-03-27,11,Malmö,Pizza,255.0,46,Late,Returning
104853,2026-04-29,11,Uppsala,Kebab,157.0,50,Late,Returning 
109780,05/07/2026,11,Stockholm, Salad,217.0,29,On time,Returning
107667,06.06.2026,21,Stockholm,Indian,166.0,41,on time ,Returning
101313,2026-03-12,18, Uppsala,Thai,198.0,32,On time,Returning
103128,2026-04-06,17,Göteborg,Indian,312.0,54,Late,returning
103159,2026-04-06,20,stockholm,KEBAB,"217,0",39,On time,Returning
103789,14 Apr 2026,12,Uppsala,indian,322.0,22,on time ,Returning
111554,2026-07-28,18,Uppsala,Sushi,174 kr,52,Late,Returning 
100653,2026-03-03,11,Malmö,Kebab,285,44,On time,New
103963,2026-04-17,19,Stockholm,Sushi,"270,0",25,On time,Returning
102900,2026-04-03,11,Stockholm,Thai,"236,0",39,On time,Returning
101983,22/03/2026,17,Stockholm ,Indian,284 SEK,42,on time ,New
103329,2026-04-09,20,Göteborg,Thai,278.0,36,On time,returning
112078,05/08/2026,20,göteborg, Kebab,266,23,On time, Returning
109948,2026-07-07,11,uppsala,Kebab,355 SEK,39,on time ,Returning
100808,2026-03-06,20,Göteborg,Burgers,"316,0",49,Late,New
103272,8 Apr 2026,18,Stockholm,Kebab,224.0,43,On time,Returning
110634,2026-07-16,14,Uppsala,Burgers,278,58, late,Returning 
100658,03.03.2026,18,Malmö,Indian,"249,0",45,On time,Returning
105994,2026-05-15,15,Göteborg,Pizza,185.0,39,On Time, new
113180,2026-08-19,12, Malmö,Sushi,264,32,On time,Returning
100825,2026-03-06,16,Sthlm,Sushi,167 kr,47,late,Returning
109753,05/07/2026,16,Stockholm,Indian,301.0,46,Late,New
104164,19 Apr 2026,11,Lund,Vegan,283.0,23,On time,New
105001,2026-05-01,12,Uppsala,Pizza,286.0,35,On time,Returning
110807,19 Jul 2026,10,Göteborg,Sushi,157,45,On time,Returning
108576,2026-06-18,19,stockholm,Thai,221.0,38,Ontime,Returning
112125,05.08.2026,18,Malmö,Sushi,241,48,Late,New
108709,2026-06-20,12, Stockholm,Vegan,193.0,42,On time,Returning
104821,29.04.2026,12,, Pizza,233 kr,39,On time, Returning
101822,20 Mar 2026,20,,Vegan,"264,0",43,on time,Returning
106032,2026-05-15,14,MALMÖ,Salad,"284,0",49,Late,Returning
106957,27 May 2026,15,malmö,Thai,239.0,33,On time, Returning
106101,16 May 2026,21,Stockholm,Thai,352.0,17,On time, Returning
100917,2026-03-07,10,Stockholm,Salad,"178,0",33,On time,New
100544,2 Mar 2026,12,Göteborg,Thai,262.0,48,Late,Returning
108566,2026-06-18,18,Stockholm,Pizza,198.0,24,On time,Returning
100468,01.03.2026,22,Göteborg ,Pizza,89.0,47,Late ,New
110988,21.07.2026,19,Stockholm,INDIAN,213.0,42,On time,Returning
103171,2026-04-06,14,uppsala,Kebab,228,39,On time,Returning
112400,2026-08-09,15,Göteborg,Indian,191.0,41,On time,Returning
108101,2026-06-12,19,Stockholm,Pizza,259.0,29,on time,Returning
104496,24 Apr 2026,17,MALMÖ,pizza,299.0,49,Late,Returning
102272,26.03.2026,11,Stockholm,Pizza,219.0,40,On time,Returning
105189,3 May 2026,18,Uppsala,Pizza,268.0,35,On time,New
107083,29.05.2026,12,Uppsala,Burgers,172 kr,37,On time,Returning
111638,2026-07-30,13,Göteborg,Salad ,310 kr,32,On time,New
102582,2026-03-30,9,Göteborg,Kebab,127 SEK,45,On time,Returning 
107591,05/06/2026,18,Stockholm,Sushi,254.0,36,On time,Returning
108432,2026-06-16,19,Stockholm,Thai,219.0,38,On time,Returning 
100570,2026-03-02,17,stockholm,Indian ,251.0,36,On time,Returning
103260,2026-04-08,22,Göteborg,Pizza,350,22,On time,Returning
101135,2026-03-10,9,Göteborg,Pizza,"272,0",44,On time,New
112348,2026-08-08,20,Stockholm,vegan,"215,0",52,Late,Returning
100079,2026-02-24,12,Gbg,Pizza,255.0,30,On time,Returning
101878,2026-03-21,13,Göteborg,Pizza,241,54,LATE,returning
109942,2026-07-07,19,MALMÖ,Pizza,SEK 231,34,On time,Returning
110665,2026-07-17,18,Stockholm,Thai,225.0,33,On time,Returning
109247,2026-06-27,14,Lund,vegan,"258,0",39,On time,Returning
103341,09.04.2026,19,göteborg,INDIAN,"248,0",51,Late,New
103183,2026-04-07,11,Göteborg,Pizza,262.0,20,On time,Returning
109976,8 Jul 2026,13,Stockholm,vegan,234 SEK,250,,New
113367,2026-08-22,12,Stockholm,Burgers,219 kr,39,On time,Returning
104480,2026-04-24,20,Stockholm,Pizza,"309,0",36,On time,Returning
112888,15 Aug 2026,16,Malmö,Thai,284.0,15,On Time,returning
110612,2026-07-16,23,STOCKHOLM,Pizza,239.0,31,on time, Returning
112718,2026-08-13,20,Stockholm,Sushi,351,41,On time,Returning
112574,2026-08-11,13,Göteborg,Burgers,185.0,48,Late,Returning
111929,2 Aug 2026,16,Uppsala , Thai,215.0,35,On time,Returning
103186,07.04.2026,18,Göteborg,Pizza,400.0,53,Late,New
107059,2026-05-29,12,Sthlm,kebab,152.0,34,On time,New
109032,25 Jun 2026,16,Göteborg,Pizza,"206,0",40,On time,Returning
113237,2026-08-20,14, Stockholm,Salad,255.0,25,On time,Returning
103579,12 Apr 2026,17,Stockholm,Burgers,331.0,35,On time,Returning
105215,04/05/2026,9,Göteborg,Indian,217.0,41,on time,New
107020,2026-05-28,20,Uppsala,Indian,309.0,999,,Returning
102622,2026-03-30,16,Malmö,Salad,247.0,42,On time,Returning
103041,5 Apr 2026,18,Stockholm,Sushi,293.0,46,Late,New
107206,2026-05-31,20,Stockholm,Pizza,210.0,46,Late,returning
101051,09.03.2026,19,Göteborg,Pizza ,245.0,50,Late,New 
104922,2026-04-30,12,Malmö,Burgers,219,42,On time,Returning
113263,20/08/2026,12,Malmö, Kebab,202.0,28,ON TIME,New
110842,2026-07-19,13,Stockholm,thai,231,34,On time,Returning
100247,26 Feb 2026,17,Stockholm,Indian,145.0,44,On time,returning
111863,2026-08-02,12,Gbg,Burgers,"279,0",35,Ontime,Returning
111368,26 Jul 2026,14,Stockholm,Vegan ,256,45,On time,New
104822,29/04/2026,13,Stockholm,Sushi,199.0,44,On time,New
110967,21 Jul 2026,23,Göteborg,kebab,308,45,On time,New 
113247,20 Aug 2026,21,Stockholm,Pizza,"230,0",27,On time,New
102508,2026-03-29,14,Stockholm,Salad,313.0,29,On time,New
106162,2026-05-17,11,Stockholm,Pizza,194,41,On time,Returning
101994,2026-03-22,13,Stockholm,Sushi,"317,0",49,Late,Returning
103892,2026-04-16,12,Stockholm,Indian,230.0,38,On time,Returning
107536,2026-06-04,19,Uppsala,THAI,187 SEK,39,On time,New
104958,1 May 2026,12,Sthlm,Kebab,225.0,41,On Time,Returning
108518,17 Jun 2026,19, Stockholm,Vegan,"226,0",29,On time,New
101460,2026-03-14,22,Lund,Pizza,222 kr,43,On time,New
107924,2026-06-09,14, Uppsala,Indian,SEK 176,30,Ontime, Returning
110954,2026-07-20,14,Lund,Salad,275,43,On time,Returning
104311,22 Apr 2026,17, Göteborg,Sushi ,"359,0",47,Late,Returning
103292,08.04.2026,16,Stockholm,Burgers,290.0,37,Ontime,Returning
101565,2026-03-16,15,Göteborg,Pizza,282.0,36,On time,Returning
106670,2026-05-23,18,Uppsala ,sushi,237 kr,40,On time,Returning
112449,09.08.2026,20,Stockholm,Kebab,171.0,48,Late,Returning
106113,2026-05-16,19,malmö,Kebab,180 kr,21,On time,Returning
102325,27 Mar 2026,13,Göteborg,Vegan,194.0,31,On time,Returning 
113448,2026-08-23,14,Göteborg,Thai,288.0,39,On time,Returning
113007,17.08.2026,19,Göteborg,Thai,201.0,46,LATE,New
113075,18 Aug 2026,12,Göteborg, Indian,146.0,47,Late,Returning
101613,2026-03-16,19,lund,Burgers,299.0,41,On time,New
103308,2026-04-08,22, Malmö,Indian,303.0,45,On time,New
107608,2026-06-05,16,Uppsala,Vegan,SEK 292,27,On time,Returning
111162,2026-07-23,18,Lund,Pizza,"323,0",44,On time, Returning
106413,2026-05-20,15,Sthlm,Burgers,"256,0",36,On time,Returning
104906,2026-04-30,17,Stockholm ,Burgers,131.0,37,On time,Returning
103006,4 Apr 2026,18,uppsala,Indian,176.0,48,Late,New
105449,2026-05-07,11,Stockholm,Pizza,304,44,On time,Returning
112428,2026-08-09,12,Stockholm,Thai,240.0,43,On time,Returning
107365,02.06.2026,13,Sthlm,Thai,284.0,22,on time,Returning 
106132,2026-05-16,19,lund,Burgers,150 SEK,36,On time,New
101457,2026-03-14,11,Lund,Indian,233.0,42,on time,RETURNING
100899,7 Mar 2026,20,Stockholm,Sushi,368 SEK,48, late,Returning
111680,30 Jul 2026,20, Malmö,Burgers,288.0,30,On time,Returning
104824,2026-04-29,9, Stockholm,Sushi,278.0,50,Late,Returning
103732,14/04/2026,17,Göteborg,Vegan,360.0,31,On time,Returning
101649,2026-03-17,19,Stockholm,Salad,211 SEK,35,On time,New
113156,2026-08-19,11,Stockholm,Burgers,222,34,On time,Returning
103660,2026-04-13,11,Göteborg,Thai,"258,0",22,On time,Returning
102827,2026-04-02,11,Stockholm,Pizza,244.0,38,Ontime,Returning
108952,2026-06-23,18,Uppsala, Kebab,268 kr,31,On time,Returning
109369,2026-06-29,11,Stockholm,Sushi,215,35,On time,Returning
112940,16 Aug 2026,19,Stockholm,Kebab,260,36,On time,Returning
108623,2026-06-19,12,Göteborg,Pizza,"292,0",43,On Time,Returning
107257,31.05.2026,11,uppsala,Burgers,"125,0",0,,Returning
109815,2026-07-05,12,Uppsala,Sushi,250,51,Late,Returning
100449,1 Mar 2026,12,Göteborg,Pizza,94.0,44,On time,Returning 
106206,2026-05-17,22,Malmö,indian,252 kr,42,Ontime,Returning
112538,2026-08-10,21,malmö,Burgers,167.0,45,On time,New
103011,4 Apr 2026,11,Lund,Pizza,SEK 235,42,On time,RETURNING
106998,2026-05-28,13,STOCKHOLM,Thai,313.0,38,On time,Returning 
108976,24 Jun 2026,21,Göteborg,Burgers,232.0,42,On time,Returning
109242,27 Jun 2026,12, Uppsala,Sushi,213.0,36,On Time,Returning
113444,23 Aug 2026,10,Göteborg,Sushi,204,39,On time,Returning
109034,2026-06-25,11,Göteborg,Thai ,182.0,32,On time,Returning
110724,18.07.2026,12,Göteborg,Pizza,217 kr,33,On time,New
106058,2026-05-16,15,Göteborg,Sushi,230,44,On time,New 
107266,31/05/2026,22,Lund,Burgers,133.0,45,on time ,New
103742,2026-04-14,19,Sthlm,Pizza,331.0,40,On time,Returning
110166,2026-07-10,18,Lund,Sushi,"225,0",31,On time,RETURNING
112776,14/08/2026,20,Göteborg,Sushi,179 kr,46,Late,Returning 
111599,2026-07-29,22,Malmö,Salad,252.0,38,On time,New
110139,10.07.2026,19,Stockholm,Burgers,179 SEK,28,ON TIME,Returning
113453,2026-08-23,19,Göteborg, Pizza,243.0,15,On time,Returning
102067,23.03.2026,19,Stockholm,Pizza ,181,36,ON TIME,New
103166,2026-04-06,15,Malmö,Burgers,"200,0",27,On time,New
103296,2026-04-08,9,Stockholm,Pizza,203.0,34,On time, Returning
113049,2026-08-17,19,Malmö,Vegan,247.0,30,On time,Returning
111584,2026-07-29,11,Stockholm,Sushi,352,31,On time,New
112271,7 Aug 2026,11,Malmö,Kebab,196.0,33,On time,Returning
112427,9 Aug 2026,18,Stockholm ,Thai,197.0,38,On time,Returning
108953,23 Jun 2026,13,Uppsala,Pizza,218.0,56,Late,Returning
105163,3 May 2026,16,Malmö,Indian,"260,0",50,LATE,New
102924,3 Apr 2026,15,Uppsala,Burgers,241.0,36,On time,Returning
110489,2026-07-14,21,lund,Indian,289.0,33,On time,Returning
107359,2026-06-02,14,Stockholm ,Burgers,SEK 255,19,On time,new
103732,14 Apr 2026,17,Göteborg,Vegan,"360,0",31,ON TIME,Returning
112240,7 Aug 2026,13,STOCKHOLM,Burgers,318.0,21,On time,Returning
100034,2026-02-23,10,STOCKHOLM,Pizza,168.0,26,ON TIME,Returning
108769,2026-06-21,19,Göteborg,Kebab,279.0,46,Late,Returning
105518,2026-05-08,20,Malmö,pizza,161.0,35,On time,New
109443,30 Jun 2026,14,Malmö,Burgers,197.0,33,on time,Returning
101334,2026-03-13,17,Göteborg,Kebab,266.0,31,On time,new
110264,12 Jul 2026,17,Göteborg,Thai ,278.0,31,On time,Returning
106323,19 May 2026,11,Stockholm,Pizza,291,27,On time,Returning
100292,27/02/2026,15,Göteborg,Pizza,328.0,48,late,New
108006,2026-06-11,17,göteborg, Pizza,201.0,40,On time,Returning
103111,05.04.2026,10,Lund,Burgers,273 kr,33,On time,New
102171,24 Mar 2026,12,MALMÖ,Burgers ,236.0,36,On time,RETURNING
100283,2026-02-26,21,Lund,Vegan,"243,0",40,On time,Returning
104992,2026-05-01,16,Malmö,Salad,234.0,26,On time,Returning
105653,2026-05-10,13,Göteborg,pizza,289,31,On time,Returning
102531,2026-03-29,17,Stockholm,Indian,252.0,45,On time,Returning
108452,2026-06-16,11,Stockholm,Pizza,373.0,47,Late,New
110962,2026-07-21,11,Göteborg,Sushi,"89,0",25,On time,returning
106611,23.05.2026,17,GÖTEBORG,Sushi,187.0,44,On time,Returning
113198,2026-08-19,20,Uppsala,Vegan,313.0,27,On time,New
100223,2026-02-26,11,Göteborg,Indian,216.0,45,On time,Returning
112076,2026-08-05,13,Göteborg,Indian,260.0,40,On time,Returning
107833,08.06.2026,11,Stockholm,Pizza,245.0,34,ON TIME,returning
107600,05/06/2026,23, Malmö,Thai,232.0,41,On time, Returning
105538,08.05.2026,18,Uppsala,Pizza,309.0,51,Late,New
108993,24.06.2026,14,Sthlm,Kebab,262,-5,,Returning
110067,2026-07-09,13,Stockholm,Thai,"306,0",48,Late,New
111341,2026-07-26,12,Göteborg,Kebab,285.0,43,On time,Returning 
102657,2026-03-31,20,Göteborg,Burgers,226 kr,43,On time,Returning
107784,07/06/2026,12,Malmö,Pizza,187.0,37,On time,New 
100171,2026-02-25,10,Stockholm,Vegan,177.0,-5,,returning
109458,2026-06-30,17,Lund,kebab,250,52,Late,New
112701,2026-08-13,16,Göteborg,Pizza,216,37,On time,New
104514,24.04.2026,13,Lund,Pizza,285.0,44,On time,Returning
110555,2026-07-15,18,Uppsala,Burgers,SEK 191,43,On Time,NEW
105612,09.05.2026,18,Stockholm ,Salad ,359 SEK,41,On time,New
109341,29/06/2026,12,Göteborg,Indian,142.0,41,On time,New
110220,2026-07-11,17,Stockholm,Indian,196,22,On time,RETURNING
111068,22 Jul 2026,21,Stockholm,Indian ,"240,0",35,On time,new
100038,2026-02-23,21,Stockholm,Sushi,222 SEK,36,On time,Returning 
108319,2026-06-15,19,Göteborg,Burgers,178,30,On time,Returning
105851,2026-05-12,19,Lund ,Pizza,182.0,29,On time,New
100795,2026-03-05,12,Uppsala,Kebab,244,36,On time,New
109585,2026-07-02,18,Malmö,INDIAN,288.0,39,On time,Returning
112420,9 Aug 2026,21,Stockholm,Pizza,227,34,On time,Returning
112300,8 Aug 2026,19,Göteborg,Pizza,273,35,On time,Returning
105323,2026-05-05,11,Stockholm , Thai,294,56,Late,Returning
110404,2026-07-13,19,Malmö, Sushi,338.0,32,On time,RETURNING
103111,2026-04-05,10,Lund,Burgers,273.0,33,On time,New
100961,2026-03-07,20, Lund,Kebab,230,30,On time,Returning
102206,25/03/2026,12,Göteborg,Burgers,222.0,40,On time,New
101312,2026-03-12,11,Uppsala ,Pizza,220.0,26,On time,Returning
106897,26 May 2026,18,Lund,Vegan,270.0,31,On time,RETURNING
100701,04/03/2026,10,Sthlm,Kebab,278 kr,45,On time,Returning
107034,2026-05-29,12,Göteborg,Indian,288.0,61,Late,New
106151,2026-05-17,21,Göteborg,Burgers,287,35,On time,New
104077,19.04.2026,10,Göteborg,Thai,136.0,46,late,New
109160,2026-06-27,11,Göteborg,Burgers,297 kr,17,On time,New
113409,2026-08-22,12,Malmö,Burgers,314.0,36,On time,New
104607,26 Apr 2026,20,Gbg,Salad,301.0,56,Late,returning
111886,02.08.2026,16,Stockholm,burgers,226.0,48,Late,Returning
112901,15 Aug 2026,18,Lund,Vegan,291.0,54,Late,New
105421,7 May 2026,12,Göteborg,Indian,264 kr,29,On time,Returning
100374,28 Feb 2026,17,Göteborg,Burgers,185,26,On time,Returning
108126,2026-06-12,12,Malmö, Pizza,"151,0",29,On time,Returning
101529,2026-03-15,19,Malmö,Salad,"240,0",47,LATE,Returning
101225,11.03.2026,19,Malmö ,Sushi,300 kr,43,On time,Returning
106975,2026-05-27,19,lund,burgers,SEK 224,42,On time,New
106021,15.05.2026,19,Stockholm,Thai,288,33,On time,New
107177,2026-05-30,18,Lund,Kebab,278.0,28,On time,Returning
105673,10 May 2026,20,Stockholm,Burgers,229.0,30,ON TIME,Returning
105806,12.05.2026,10,Göteborg,Kebab,217,44,On time,Returning
104849,29 Apr 2026,19,Uppsala,BURGERS,"293,0",48,Late,New
107341,2026-06-02,12,Göteborg,Thai,343,41,On time,New
106676,2026-05-23,13,Lund ,Vegan,242.0,37,On time,New
104755,2026-04-28,14,Stockholm,Thai,"244,0",42,On time,Returning
104852,2026-04-29,10,Uppsala,Pizza,295.0,43,on time ,New
105120,2026-05-03,22,Stockholm,Sushi,175.0,43,on time ,New
113058,17/08/2026,12,Lund ,Burgers,269 kr,49,Late,New
112662,12/08/2026,20,Stockholm,Pizza,235,31,On time,New
107612,2026-06-05,11,Uppsala,Sushi,156.0,37,On time,RETURNING
103115,5 Apr 2026,18,Lund,Thai,277.0,39,On time,New
101836,2026-03-20,22,Sthlm,Burgers,303,46,LATE,NEW
105888,2026-05-13,9,Stockholm,Pizza,183.0,41,On time,RETURNING
112515,10 Aug 2026,12,Stockholm,Pizza,245.0,31,On Time,Returning
112928,16 Aug 2026,13,Göteborg,Vegan ,281,43,On time, Returning
100875,6 Mar 2026,12, Lund,Sushi,214,49,Late,New
110643,2026-07-17,15,Göteborg,Burgers,259.0,37,On time,Returning
111788,2026-08-01,12,Göteborg,Kebab,206.0,33,On time,New
100470,2026-03-01,13,Göteborg,Pizza,323,41,on time, Returning
106017,15 May 2026,21,Stockholm,Pizza,197.0,29,On time,returning
112162,2026-08-06,20,Göteborg,KEBAB,281.0,33,On time,New
108742,2026-06-20,13,Malmö,Sushi,192.0,25,On time, Returning
107439,2026-06-03,10,Stockholm,Vegan,292.0,33,On time,Returning 
103003,2026-04-04,13, Uppsala,kebab,"246,0",40,On time,New
105794,2026-05-11,12,Uppsala,Pizza,268.0,31,On time,Returning
102892,3 Apr 2026,21,Stockholm,Indian,SEK 258,23,On time,Returning
107558,2026-06-05,15,Göteborg,Vegan,340.0,32,on time , Returning
105568,2026-05-09,20, Göteborg,Burgers,116,33,On time,Returning
105191,03/05/2026,16,Uppsala,Sushi,167.0,42,On time,Returning 
104205,2026-04-20,13,Stockholm,Burgers,"116,0",36,On time,Returning
106045,2026-05-15,12,Uppsala ,Pizza,255 kr,38,On time,Returning
102875,3 Apr 2026,19,Göteborg,Thai,254.0,48,Late,Returning
105592,2026-05-09,10,Stockholm,indian,302.0,26,On time,Returning
104251,21/04/2026,11,Göteborg,Indian,247 SEK,38,On time,Returning
105281,2026-05-04,21,Lund,Indian,240 SEK,31,On time,Returning
113368,22.08.2026,10,Stockholm,Indian,SEK 274,48,Late ,Returning
109155,2026-06-26,12,Lund,Burgers,184.0,38,On time,Returning
109846,2026-07-06,10,STOCKHOLM,Pizza,272.0,29,On time,Returning
106722,2026-05-24,14,Stockholm,Pizza,170.0,47,Late,New
103450,2026-04-10,9,MALMÖ,Burgers ,"149,0",30,On time,Returning
100458,2026-03-01,12,Göteborg,Indian,295.0,17,On time,Returning
102979,2026-04-04,16,Stockholm,Burgers,319.0,38,on time ,Returning
108183,2026-06-13,20,Stockholm,Thai,306,26,ON TIME,Returning
110113,2026-07-10,18,Göteborg,Pizza ,244.0,45,On time,New
109411,2026-06-30,18,Göteborg,Salad,"248,0",34,On time, Returning
101211,2026-03-11,19,Stockholm, Salad,334.0,44,On time,Returning
104748,2026-04-28,18,Stockholm,BURGERS,217 kr,35,On time,Returning
105837,12 May 2026,21,Malmö,THAI,303.0,23,On time,Returning
107010,28/05/2026,19,Malmö,Pizza,258,17,On time,Returning
111499,2026-07-28,10,Göteborg,BURGERS,311.0,43,On time, new
106833,26/05/2026,17,Göteborg,Vegan ,279.0,39,Ontime,NEW
107979,10 Jun 2026,14,Malmö,Salad,264.0,40,On time,New
102676,31.03.2026,11,Stockholm,Burgers,285 kr,37,on time,Returning
112507,2026-08-10,11,Stockholm,INDIAN,273.0,25,On time,Returning
100965,2026-03-08,11,Göteborg,Vegan,275.0,47,late,Returning
111582,29 Jul 2026,13,Stockholm,Kebab,"209,0",40,On time,Returning
108184,2026-06-13,20,Stockholm,Pizza,344.0,34,on time ,Returning
108228,13.06.2026,18,Lund,Pizza,314.0,47,Late,Returning
111068,22.07.2026,21,Stockholm,Indian ,240.0,35,On time,New
103160,2026-04-06,18,Malmö,Sushi,234.0,50,Late,New
112605,2026-08-11,23,Malmö,Kebab,280.0,37,On time,Returning
113043,2026-08-17,20,Malmö,Vegan,242.0,51,Late, new
101431,14 Mar 2026,12,MALMÖ,pizza,312.0,42,On time,New
113335,21 Aug 2026,13,Uppsala,Pizza,203.0,37,On time,NEW
112366,8 Aug 2026,21,Stockholm,Indian,203,19,On time,Returning
108916,2026-06-23,20,Stockholm,burgers,260,43,on time ,Returning
101096,09/03/2026,19, Stockholm,kebab,216.0,43,On Time,new
101406,2026-03-14,11,STOCKHOLM,burgers,281.0,36,On time,Returning 
102011,2026-03-22,12,,Thai,332,46,Late,New
104100,2026-04-19,20,GÖTEBORG,Pizza,305.0,41,ON TIME,Returning
107185,2026-05-31,11,Göteborg,Sushi,223 kr,45,On time,New
103107,2026-04-05,14,Uppsala,Burgers,230.0,0,, Returning
112151,2026-08-06,10,Göteborg,Vegan,231.0,37,on time , Returning
110322,2026-07-12,20,Malmö,Kebab,315.0,30,On time,new
105628,2026-05-09,18,Uppsala,Kebab,295,51,Late,New
112975,2026-08-16,18,Malmö,indian,315.0,38,On time,Returning
112324,08/08/2026,12,Stockholm,Sushi,305.0,31,On time,Returning
103452,2026-04-10,14,Malmö,Kebab,246.0,35,On time,New
109697,2026-07-04,18,Stockholm,Pizza,251,38,On time,Returning
111366,2026-07-26,18,Stockholm ,Pizza,183.0,40,Ontime,new
101963,2026-03-22,11,Göteborg, Thai,219,51,Late,new
104148,2026-04-19,21,malmö,Pizza,216.0,28,ON TIME,RETURNING
107336,2026-06-02,12,Göteborg,Sushi,168.0,-5,,Returning
108737,20 Jun 2026,20,Malmö,Sushi,121.0,30,On time,New
108820,2026-06-21,11,Malmö,Kebab,SEK 190,40,On time,Returning
112805,2026-08-14,11,malmö,Sushi,298.0,20,On time,Returning
106526,22/05/2026,14,Göteborg,Sushi ,205.0,28,On time,New
111177,2026-07-24,17,göteborg,Indian,272 kr,34,On time,New
102677,2026-03-31,17,Stockholm,Salad,201.0,32,On time,Returning
108240,2026-06-14,10,Göteborg,Pizza,276.0,50,Late,RETURNING
102716,31 Mar 2026,12,Lund,Pizza,359.0,42,on time ,Returning
107940,2026-06-10,18,Göteborg,Salad,147,39,Ontime,Returning
103005,2026-04-04,19,Uppsala,thai,247.0,37,On time,RETURNING
104482,2026-04-24,18,Stockholm,Pizza,288 kr,42,On time,New
105655,2026-05-10,13,Göteborg,Thai,"311,0",33,On time,Returning
103032,2026-04-05,12, Göteborg, Burgers,283.0,21,On time,Returning
110369,2026-07-13,19, Stockholm,Pizza,292.0,46,LATE,New 
104504,2026-04-24,12,Uppsala,Salad,"363,0",33,On time,Returning
112444,2026-08-09,11,Stockholm,burgers,263 kr,25,On time,Returning
101715,18/03/2026,13,stockholm,Pizza,229 kr,43,on time,Returning
101630,2026-03-17,17,Gbg,Indian,214.0,67,Late,Returning
109437,2026-06-30,20,Malmö,Burgers,329,29,On time,Returning
105768,2026-05-11,11,Stockholm ,Kebab,"233,0",41,On time,New
106170,17 May 2026,13,Stockholm,Pizza,265 SEK,35,On time,New
112189,6 Aug 2026,13,Stockholm,Burgers,228.0,34,On time,Returning 
112293,2026-08-07,13,Lund,Kebab,"223,0",45,on time,New
105547,2026-05-08,13,Lund ,Burgers,223,40,On time, Returning
110225,2026-07-11,12,Malmö,Kebab,189 kr,42,On time,RETURNING
104782,2026-04-28,13,Malmö,SUSHI,345,30,On time,Returning
105417,2026-05-07,19,Göteborg,Burgers,179 kr,48,Late,New
113116,2026-08-18,12,Malmö,Indian,274.0,53,Late,New
111617,29 Jul 2026,10,Lund,Pizza,264.0,37,On time,New
100900,2026-03-07,11,Stockholm ,Sushi,194.0,29,On time,Returning
108895,2026-06-22,14,Uppsala,Indian,"314,0",38,On time,Returning
111511,2026-07-28,18,Göteborg,Burgers,235.0,40,On time,Returning
104392,2026-04-23,13,Göteborg,Pizza ,243,28,On time,Returning
109730,2026-07-04,20,Uppsala,Kebab ,SEK 338,34,On time,New 
111243,25 Jul 2026,19,Göteborg,Pizza ,286 kr,35,On time,New
102654,2026-03-31,14,Gbg,Indian,258,39,on time ,Returning
110598,2026-07-16,19,STOCKHOLM,Pizza,"160,0",42,On time,Returning
105998,2026-05-15,11,Göteborg,Burgers,311.0,44,Ontime,Returning
110887,19/07/2026,22,,Salad,293.0,39,On time,New
107339,02.06.2026,12,Göteborg,Sushi,263.0,31,On time,New
106407,2026-05-20,12,Stockholm,Kebab,"237,0",24,On time,Returning
105380,6 May 2026,18,Sthlm,Sushi,312.0,44,On time,Returning
107306,2026-06-01,12,Stockholm,Burgers,123.0,28,On time,RETURNING
102413,2026-03-28,15,Göteborg,Sushi,283,29,on time ,Returning
100070,2026-02-23,18,Uppsala,vegan,390.0,31,On time,New
100552,2 Mar 2026,21,GÖTEBORG,Burgers,249 kr,33,on time,Returning
110201,11/07/2026,12,Stockholm,Vegan,270.0,32,On time,RETURNING
111432,27 Jul 2026,9,Gbg,Pizza,262 kr,43,On time,Returning
102845,2 Apr 2026,11,Malmö,Burgers,222.0,27,On time,Returning
108689,2026-06-20,12, Göteborg,Pizza,"309,0",41,On time,Returning
104706,27/04/2026,14,Stockholm ,Salad,"219,0",28,On time,New
102669,2026-03-31,19,Stockholm,Sushi,294.0,-5,,Returning
111991,03/08/2026,21,malmö,Salad,321.0,58,Late,Returning
105875,2026-05-13,16,Stockholm,Burgers,211 kr,32,On time,Returning
104656,2026-04-26,19, Uppsala,Sushi ,240.0,40,On time,Returning
110252,2026-07-12,15,Göteborg,Pizza,270,25,On time,Returning
108954,2026-06-23,11,Lund,BURGERS,238.0,45,On time,Returning 
106461,2026-05-21,10,STOCKHOLM,Indian,"214,0",41,On time,Returning
109887,7 Jul 2026,13,GÖTEBORG,Indian,197.0,27,On time,Returning
101539,15 Mar 2026,17,Uppsala,Pizza,252,22,On time,Returning
100762,2026-03-05,17,Stockholm,salad,304,30,On time,Returning
102091,2026-03-23,12,Malmö,Burgers,199.0,27,On time,Returning
101611,2026-03-16,17,Lund,Kebab,308.0,38,On Time, new
102009,2026-03-22,11,STOCKHOLM, Indian,248 kr,27,On time,New
112738,2026-08-13,16,Malmö,Kebab,164,38,On time,New
103267,8 Apr 2026,19,Göteborg,Pizza,SEK 177,43,On time,New
113016,17.08.2026,11,Stockholm,Pizza,"231,0",44,On time,new
113269,2026-08-20,10,Uppsala,Thai,186,25,on time, new
113452,23 Aug 2026,18, Göteborg,Kebab,259,35,On time,Returning
108842,2026-06-21,11,Lund,Burgers ,193 SEK,35,On time,Returning
106787,25 May 2026,17,Stockholm ,Kebab,257.0,31,On time,Returning
112149,6 Aug 2026,17,Göteborg,Thai,223.0,44,On time,Returning
108252,2026-06-14,19, Stockholm,Indian,222 kr,46,Late,Returning
100600,2026-03-02,18,Uppsala, Salad,268 SEK,44,On time,Returning
104070,19.04.2026,14,Göteborg,Kebab,165.0,27,on time,Returning
110616,2026-07-16,11,Malmö,Indian,239.0,27,on time , Returning
111316,2026-07-25,13,Malmö, Sushi,238,46, late,Returning
113231,2026-08-20,13,Stockholm,Indian,"334,0",40,On time,Returning
102324,2026-03-27,17,Göteborg,Salad,148.0,38,On time,Returning
101813,2026-03-19,19, Lund,Indian,"233,0",22,ON TIME,Returning
103169,2026-04-06,15,Malmö,Kebab,305.0,49,Late,Returning
103539,2026-04-11,12,Uppsala,Sushi,273.0,29,On Time,Returning
107803,2026-06-07,16,Lund, Burgers,167,27,On time,Returning
107282,1 Jun 2026,20,Göteborg ,Thai,151.0,40,On time,New
102486,2026-03-29,16,Göteborg,Sushi,"182,0",37,On time,Returning
102187,24 Mar 2026,15,Lund ,Burgers,250.0,52,Late,New
101122,2026-03-09,15,Lund,Salad,"234,0",38,On time,NEW
110180,2026-07-11,15,Göteborg,Burgers,247.0,42,On time,Returning
107308,2026-06-01,13,Sthlm,Salad,234 SEK,41,On time,new
110237,11 Jul 2026,17, Uppsala, Pizza,"310,0",49,Late,New
103505,2026-04-11,22,Stockholm,Pizza,288.0,34,On time,New
101126,2026-03-10,11,Göteborg,Thai,SEK 296,24,On time,Returning
112154,06/08/2026,17,Göteborg,Kebab,304.0,54,Late,New
102839,2026-04-02,21,Stockholm,Burgers,186.0,51,Late,New
104434,2026-04-23,16,Uppsala, Burgers,318 SEK,45,On time,Returning
108243,14 Jun 2026,14,GÖTEBORG,Pizza,296 SEK,44,On time,New
102506,2026-03-29,16,Stockholm,Burgers,234,35,On time,Returning
108159,13 Jun 2026,19,Göteborg,Sushi,SEK 266,36,ON TIME,Returning
105781,11/05/2026,13,Malmö,Indian,141.0,39,On time,Returning
108867,22 Jun 2026,21,Stockholm,Burgers,253.0,47,late,Returning
109929,2026-07-07,12,Malmö ,Pizza,179.0,33,On time,Returning
107510,2026-06-04,14,Stockholm,Indian,237.0,51,Late, new
109337,29.06.2026,20,Göteborg, Thai,207,27,On time,Returning
101056,2026-03-09,23,Göteborg,Sushi,250.0,23,On time, Returning
110306,2026-07-12,12,Stockholm,Thai,262,28,On time,New
111663,30.07.2026,11,Stockholm, Vegan,206.0,30,On time,New
100311,27 Feb 2026,18,Stockholm,Pizza,275.0,42,on time,Returning
109353,2026-06-29,13,Stockholm,Vegan,"323,0",33,On Time,New
111713,31 Jul 2026,12,Göteborg ,Kebab ,176.0,31,On time,New
113119,2026-08-18,14,Malmö ,Thai,"259,0",36,On time,Returning
102304,26.03.2026,18,Malmö,Pizza,"362,0",46,Late,Returning
106896,2026-05-26,13,Lund,Pizza ,251,46,Late,Returning
105063,2026-05-02,17,MALMÖ,Pizza,176 kr,39,On time,Returning
105825,2026-05-12,19,Stockholm,kebab,254 SEK,38,on time,New
112600,2026-08-11,10,Malmö,Pizza,228.0,15,On time,Returning
105852,2026-05-12,9,Lund,Thai,286,32,On time,Returning
110574,16 Jul 2026,19,göteborg, Pizza,307.0,39,On time,New
106740,2026-05-24,19,Uppsala,Salad,196.0,42,on time ,new
110053,09.07.2026,19,Sthlm,Sushi,224,39,On time,New
107922,2026-06-09,21,Uppsala,Kebab,"210,0",31,On time,Returning
106760,2026-05-25,17,Göteborg,BURGERS,218 kr,33,On time,New
108113,2026-06-12,14,Sthlm,Sushi ,"286,0",47,Late,Returning
110374,13 Jul 2026,10,,Indian,"306,0",24,On time,New
100165,2026-02-25,10,Stockholm,Sushi ,184,49,Late,Returning
113216,2026-08-20,17,Göteborg,Indian,244.0,35,On time,Returning
100476,2026-03-01,19,Stockholm,Sushi,342.0,25,On time,New
112005,3 Aug 2026,10,Lund,Vegan,291.0,52,Late,New
102387,27.03.2026,21,Uppsala,PIZZA,"336,0",50,Late,Returning
106592,22.05.2026,11,Uppsala,Indian,144.0,34,on time ,Returning
102200,25 Mar 2026,11,Göteborg ,Kebab,292.0,45,On time,Returning
104453,24 Apr 2026,21,Gbg,Thai,217.0,20,On time,Returning 
101774,19 Mar 2026,10,Stockholm,Burgers,215,30,On time,Returning
111706,31 Jul 2026,20,Göteborg,Burgers,139.0,34,ON TIME,New 
101594,2026-03-16,11, Malmö,Vegan,182.0,33,On time,New
112958,2026-08-16,9,Stockholm,Pizza,254.0,45,ON TIME,Returning
109209,27.06.2026,13,Stockholm ,Pizza,233.0,34,On time,Returning
111158,23.07.2026,16,Uppsala,Sushi,207.0,28,ON TIME,Returning
113376,22 Aug 2026,22,Stockholm,Pizza,225 SEK,38,On time,New
106000,2026-05-15,18,göteborg,Pizza,223.0,40,On time,Returning
100815,6 Mar 2026,19,Göteborg,Indian,323.0,37,on time,Returning
110620,2026-07-16,16,Malmö,Pizza,228,28,On Time,new
113080,2026-08-18,18,Göteborg,Burgers,244,38,On time, new
111869,2026-08-02,23,Göteborg,Burgers,267.0,29,Ontime,Returning
109632,2026-07-03,19,Stockholm,Pizza,310.0,37,On time,New
104805,2026-04-29,15,Göteborg,Kebab,271 SEK,31,On time,New
112146,2026-08-06,13,Göteborg,Burgers,275 SEK,43,On time,New
101157,10 Mar 2026,14,STOCKHOLM,Vegan,161.0,41,On time,Returning 
113423,2026-08-22,12,Uppsala,Kebab,141,33,On time,returning
109955,2026-07-07,17,Lund,Pizza,272.0,33,On time,New
103023,5 Apr 2026,11,Gbg,Pizza,293.0,31,On Time,New
112064,04/08/2026,11, Uppsala,vegan,290.0,29,On time,Returning
105095,03.05.2026,14,Göteborg ,SALAD,"286,0",36,On time,returning
110903,2026-07-20,11,Stockholm,Kebab,340.0,15,On time,New
102549,2026-03-29,13,Malmö,Sushi,240.0,45,On time,NEW
105532,08.05.2026,16,Malmö,Sushi,319.0,41,On time,NEW
113084,2026-08-18,11,Stockholm,Thai,259.0,23,On time,Returning
106944,27 May 2026,20,Stockholm,Vegan,323.0,35,On time,Returning
100157,2026-02-25,23,Göteborg ,Burgers,369.0,44,On time,Returning
110680,17 Jul 2026,20,Stockholm,Pizza,336,46,Late,Returning
103937,2026-04-17,21,,Pizza,264.0,44,On time,New
104395,2026-04-23,16,,Kebab ,182.0,39,On time,Returning
112103,2026-08-05,15,Stockholm,Salad,"278,0",25,on time ,returning
103675,2026-04-13,17,Stockholm,Kebab,204.0,49,LATE,Returning
108143,2026-06-13,10,Göteborg,Burgers,218.0,47,Late,Returning
110812,2026-07-19,19,Göteborg,Indian ,200 kr,34,On time,Returning
112306,2026-08-08,13,Göteborg, Indian,196,28,On time,Returning
106422,2026-05-20,10,Malmö,Kebab,267.0,52,Late,Returning
112188,2026-08-06,13,Sthlm,Sushi,210.0,31,On time,New
101977,2026-03-22,15,Göteborg,Thai,271.0,38,On time,new
113461,23/08/2026,10,STOCKHOLM,Pizza,192.0,51,Late,New
110105,2026-07-10,18,Göteborg,Pizza,341 kr,46,Late,New
101055,9 Mar 2026,11,Göteborg,Pizza,249,48,Late,Returning
104485,2026-04-24,12,Stockholm,Indian,279.0,27,On time,New
105537,2026-05-08,17, Uppsala,Sushi ,349.0,18,On time,Returning
105609,09.05.2026,12,Sthlm,Burgers,231.0,39,On time,New
103839,15 Apr 2026,11,MALMÖ,Sushi,198.0,999,, Returning
106634,23 May 2026,19,Stockholm,Sushi,340.0,41,ON TIME,New 
106085,2026-05-16,20,Stockholm,Vegan,246.0,44,On Time,Returning
103355,2026-04-09,12,Stockholm,Sushi,302 kr,33,On time,New
108033,2026-06-11,11,Stockholm,Vegan,"166,0",40,On time,Returning
102683,2026-03-31,11,Stockholm,Burgers,225 SEK,36,On time,Returning
104194,20/04/2026,10,Stockholm,Kebab,275 kr,52,Late,Returning
101325,2026-03-13,12,Göteborg,Salad,285 SEK,42,ON TIME,Returning
109675,2026-07-04,19,GÖTEBORG, Burgers,SEK 292,61,Late,Returning
102944,2026-04-04,13,Göteborg,Kebab,223.0,40,On time,Returning
107722,2026-06-07,18,Göteborg, Salad,278.0,29,On time,Returning
105815,2026-05-12,18,Stockholm,Sushi,277.0,48,Late,Returning
101897,2026-03-21,19,Göteborg, Pizza,209,38,on time,Returning
102192,25/03/2026,14,GÖTEBORG,thai,259,48,Late,Returning
103693,2026-04-13,19,,Salad,238.0,45,On time,Returning
103766,2026-04-14,17,Stockholm,pizza,175 kr,36,on time ,Returning
110078,2026-07-09,16,Stockholm,Kebab,"285,0",33,On time,New
113350,2026-08-22,11,Göteborg,Indian,273,29,On time,Returning
100540,2026-03-02,13,Göteborg,Thai,244.0,57,LATE,New
103371,09.04.2026,22,Stockholm,Burgers,239.0,54,Late,Returning
103077,2026-04-05,18,Malmö,Thai,308.0,44,On time,Returning
105359,2026-05-06,18,Stockholm,Salad,226.0,24,On time,Returning
111443,27 Jul 2026,11,Gbg, Indian,208,34,On time,Returning
110198,2026-07-11,13,Stockholm,Burgers,288.0,48,late,Returning
106479,2026-05-21,12,Stockholm,Pizza,290.0,39,on time,new
105088,2026-05-02,21,Lund,Burgers,243.0,45,On time,New
103458,2026-04-10,19,MALMÖ,Indian,266,36,On time,New 
107741,2026-06-07,20,Stockholm,Burgers,252.0,34,on time,Returning
100246,26/02/2026,17,Stockholm,Kebab,SEK 110,40,On time,New
100759,5 Mar 2026,18,Sthlm,indian,296.0,25,Ontime,Returning
109496,2026-07-01,13,STOCKHOLM,Thai,146 SEK,35,On time,New
103568,12.04.2026,19, Göteborg,Kebab,320.0,26,On time,Returning
104569,2026-04-25,19,MALMÖ,Pizza,347.0,30,On time,Returning
112954,16.08.2026,17,Stockholm,Kebab,SEK 183,44,Ontime,Returning
101795,2026-03-19,12,malmö,Sushi,"187,0",36,On time,Returning
108012,2026-06-11,16,Göteborg,Pizza,315,37,On time,Returning
103689,13 Apr 2026,16,Stockholm,Kebab,"200,0",44,On time,Returning
107625,2026-06-06,21,Göteborg,Thai,303.0,41,On time,returning
104749,28.04.2026,13,,Sushi,"223,0",35,On time,Returning
110381,2026-07-13,13,Stockholm,Sushi,164.0,49,Late ,Returning
102410,28/03/2026,20,göteborg,Pizza,"222,0",45,On time,New
107797,2026-06-07,11,uppsala,Vegan,243 SEK,20,On time,New
102144,2026-03-24,17, Stockholm,Kebab ,278 kr,37,On time,Returning
105626,2026-05-09,18,Malmö,Burgers,"333,0",26,On time,Returning
101616,2026-03-17,11,Göteborg,Sushi,225,29,On time,Returning
109478,2026-07-01,14,Göteborg,Burgers,203.0,37,On time,Returning
100386,28 Feb 2026,20,Stockholm,Sushi,295.0,29,on time ,Returning
113241,20.08.2026,11,Stockholm,Salad,272 kr,31,On Time,Returning
102248,2026-03-25,13,Lund,Thai,279,29,On time,Returning
107717,2026-06-07,19,Göteborg,Burgers,272.0,15,On time,New
109266,2026-06-28,19,göteborg,Indian,"260,0",36,On time,Returning
110980,21 Jul 2026,10,Stockholm,Thai,217.0,46,Late,Returning
100199,25.02.2026,19,Malmö,Indian,"248,0",34,On time,Returning
111991,2026-08-03,21,Malmö,Salad ,"321,0",58,Late,Returning
110100,2026-07-09,18,Lund,Thai,221.0,32,On time,New
107621,2026-06-06,18,Göteborg,Vegan,245.0,38,On time,New
105766,2026-05-11,19,Stockholm,Sushi ,"359,0",25,Ontime,New
111992,2026-08-03,18,Uppsala ,Burgers,215.0,26,On time,Returning 
103952,2026-04-17,12,stockholm,Burgers,SEK 298,43,On time,New
100512,01.03.2026,18,MALMÖ,Burgers,257.0,51,Late,Returning
107255,2026-05-31,18,Uppsala,Burgers,221.0,28,On time,Returning 
110667,2026-07-17,19,Stockholm,INDIAN,284.0,42,on time,New
110610,2026-07-16,18,Stockholm,Indian,"383,0",35,On time,Returning
103907,2026-04-16,21,Malmö,Thai,208,27,on time,Returning
112292,7 Aug 2026,12,Lund,Thai,216 kr,42,On time,Returning
112749,13.08.2026,13,Lund,Kebab,SEK 332,33,On time,Returning
106562,2026-05-22,23,STOCKHOLM,Thai,241,40,On time,RETURNING
102550,2026-03-29,20,Malmö,Pizza,250.0,38,ON TIME,New
104457,24 Apr 2026,20,Stockholm,Indian,383.0,16,On time,Returning
102516,29 Mar 2026,10,Stockholm,Pizza,324 kr,36,On time,New
101887,21 Mar 2026,13,GÖTEBORG,burgers,215.0,36,On time,New
100452,2026-03-01,21,Göteborg,Thai,182 kr,31,On time,Returning
109059,2026-06-25,12,Stockholm,Sushi,197 kr,31,ON TIME,New 
111393,2026-07-26,11,Malmö,Vegan,230,30,On time,Returning
101678,2026-03-17,19,Uppsala,Salad,236,32,On time,Returning
109426,30/06/2026,15,Stockholm,Thai,223 SEK,31,On time,NEW
107796,2026-06-07,13,Uppsala,Pizza,"199,0",34,On time,Returning
102110,2026-03-23,20,Lund,Pizza,198,40,On time,Returning
109356,2026-06-29,13,Stockholm,BURGERS,327.0,37,On time,returning
108099,2026-06-12,13,Stockholm,Indian,179.0,36,On time,Returning
110442,14/07/2026,18,Stockholm,Indian,241.0,34,On time,Returning
101269,2026-03-12,12,Göteborg,Thai,267 SEK,46,Late,RETURNING
105782,2026-05-11,19,Malmö,Pizza,204,35,On Time,Returning
102353,27.03.2026,19,Stockholm, Sushi,"203,0",0,,Returning
111213,2026-07-24,19,Stockholm,Kebab,208.0,45,On time,Returning
104454,2026-04-24,20,Göteborg,Pizza,267 kr,61,Late, new
103695,2026-04-13,20,Sthlm,Salad,243.0,33,On time,New
101235,2026-03-11,14,,Pizza,"290,0",31,On time,RETURNING
106254,2026-05-18,13,Göteborg,Indian,302.0,44,On time,returning
105070,2026-05-02,16,,Burgers,281 kr,42,On time,Returning
101265,2026-03-12,9,göteborg,Sushi,239,31,On time,Returning
112473,9 Aug 2026,19,Malmö,Pizza,281.0,45,On time,Returning
112122,05.08.2026,12,Stockholm,Thai,214.0,38,On time,New
100839,2026-03-06,13,Stockholm,Indian,318.0,34,On time,Returning
112894,2026-08-15,17,Uppsala,Burgers,306.0,40,On time,Returning
112734,2026-08-13,14,Malmö,Sushi,245.0,39,On time, new
108727,2026-06-20,17,Stockholm,Thai,239.0,59, late,Returning
110085,2026-07-09,12,Malmö,Kebab,321.0,35,On time,New
112039,2026-08-04,21, Stockholm,Pizza,217.0,43,On time,Returning
112054,2026-08-04,11,Malmö,Sushi,"302,0",37,On time,NEW
112596,2026-08-11,15,stockholm,Pizza,211.0,50,Late,New
111510,2026-07-28,20,Göteborg,Burgers,316.0,29,Ontime, new
104509,24 Apr 2026,17,Uppsala,Indian,289 kr,33,On time,Returning
103243,2026-04-07,18,Uppsala,Pizza ,278.0,30,On time,Returning
106658,23 May 2026,13,Malmö,Burgers,314,35,On time,Returning
101859,2026-03-20,15,Malmö,Pizza,196 SEK,49,Late, new
110444,2026-07-14,20, Stockholm, Kebab,"320,0",44,ON TIME,new
111850,1 Aug 2026,17,Lund,Indian,218.0,48,late,Returning
112857,2026-08-15,19,,Salad,320.0,40,On time,New
102962,4 Apr 2026,12, Stockholm,SUSHI,179 kr,31,On time,New
105477,2026-05-07,13,Lund,Vegan,303 kr,44,On time,Returning
110452,2026-07-14,13,Stockholm, Pizza,227.0,29,On time, Returning
112748,2026-08-13,21,Uppsala,Vegan,212,24,Ontime,Returning
103593,2026-04-12,9,Stockholm,Salad,245 kr,25,on time,Returning
107807,8 Jun 2026,11,Göteborg,Kebab,"197,0",39,On time,NEW
108220,2026-06-13,23,Uppsala,Indian,140.0,54,Late,New
101554,2026-03-16,10,Göteborg,indian,243.0,39,On time,Returning
109188,2026-06-27,19,Stockholm,Salad,300.0,27,On time,new
107845,2026-06-08,17,Malmö,Kebab,207.0,41,On time,RETURNING
103801,2026-04-15,20,Göteborg,PIZZA,222,43,On time, Returning
110756,2026-07-18,12,Stockholm , Burgers,232.0,39,On time,New
102501,2026-03-29,15,Stockholm , Kebab,315.0,37,On time,New
113308,21.08.2026,19,Stockholm, Indian,249.0,42,On time,Returning
104681,2026-04-27,20,Göteborg,Indian,217 kr,43,Ontime,Returning
104667,27 Apr 2026,10,Göteborg,Indian,367 kr,35,On time,Returning
101279,12.03.2026,19,Stockholm,Burgers,"282,0",-5,,Returning
106694,2026-05-24,13,,Sushi,242 SEK,29,On time,Returning
107603,5 Jun 2026,12,malmö,Pizza,177 SEK,18,On Time,New
101534,2026-03-15,18,Malmö,Pizza,215.0,34,On time,New
104285,2026-04-21,11,malmö,BURGERS,275.0,47,Late,New
109416,30/06/2026,10,Göteborg,Pizza,"357,0",35,On time,Returning
100893,2026-03-07,17,Göteborg,Burgers,222,34,On time,Returning
100153,25.02.2026,19,Göteborg,Salad,199.0,32,On time,returning
112538,10.08.2026,21,Malmö,Burgers ,SEK 167,45,On time,New
107219,31.05.2026,11,Stockholm,Sushi,347.0,41,On Time,New
105753,2026-05-11,12,STOCKHOLM,Burgers,202 SEK,30,On time,New
106648,2026-05-23,11,Malmö,Pizza,263,15,Ontime,RETURNING
102854,2026-04-02,11, Uppsala,Indian,224.0,40,On time,Returning
112618,2026-08-11,13,Lund,Salad,353 kr,36,On time,returning
101728,18.03.2026,12,Malmö,Vegan,"309,0",24,On time, Returning
105923,2026-05-14,22,Göteborg,Pizza ,267,26,On time,Returning
105731,2026-05-10,11,Lund , Sushi,270,50, late,New
101679,17/03/2026,15,Uppsala,Pizza,241.0,55,Late,Returning
107346,2026-06-02,17,Göteborg,sushi,179.0,40,On time,returning
107127,30.05.2026,19,Stockholm,Burgers,259.0,33,On time,Returning
107887,2026-06-09,19,Stockholm,Salad,335.0,40,on time ,Returning 
103577,2026-04-12,13,Göteborg,Kebab,185.0,36,on time,New
110881,2026-07-19,12,Uppsala,Thai,262.0,45,On time,Returning
108269,2026-06-14,16,stockholm,thai,262.0,28,On time,Returning
111945,3 Aug 2026,11,Göteborg,Indian,211,49,Late ,Returning
109829,2026-07-06,15,göteborg,Kebab,220.0,50,Late,New
101437,2026-03-14,12,Malmö,VEGAN,322.0,33,On time, new
100266,26.02.2026,11,MALMÖ,Burgers,141 SEK,25,On time,New
109920,2026-07-07,18,Stockholm,Vegan,SEK 320,40,On time,NEW
107812,2026-06-08,14,Göteborg,Salad,"245,0",39,On time,New
103795,2026-04-14,11,Lund,Vegan,282.0,27,On time,Returning
110405,13/07/2026,9,Uppsala,Burgers,"296,0",48,LATE,New
104738,28.04.2026,15,Göteborg,Thai,239.0,52,Late,New
104524,2026-04-25,20,GÖTEBORG,Thai,217,23,On time,Returning
110820,2026-07-19,12,göteborg, Thai,137 kr,40,On time,Returning
112196,06/08/2026,10,Malmö,Burgers,199.0,38,On time,Returning
108582,18.06.2026,18,Malmö,Pizza,253 SEK,40,On time,Returning
113189,2026-08-19,18,Malmö,Salad,"364,0",40,On time,Returning
100525,1 Mar 2026,10,Lund,Pizza,340.0,45,On time,Returning
106830,2026-05-26,11,Göteborg,Thai,202.0,40,On time,Returning
103655,2026-04-13,18,Göteborg,BURGERS,"252,0",24,On time,Returning
108313,14 Jun 2026,19,Lund,Indian,297.0,34,on time,New 
102321,26 Mar 2026,13,Lund,Sushi,178.0,42,On time,Returning
107338,2026-06-02,22,GÖTEBORG,Salad,256.0,30,On time,Returning
113353,22.08.2026,18,Gbg,Sushi,SEK 204,53, late,Returning
108856,2026-06-22,12,Göteborg,Kebab,293.0,33,On time,New
107746,07.06.2026,9,Stockholm,Sushi,SEK 214,31,On time,Returning
110891,2026-07-20,17,Göteborg,Pizza,243,47,LATE,Returning
109045,25/06/2026,19,Stockholm,Pizza,257.0,25,On time,Returning
104386,2026-04-23,19,göteborg,Kebab,244.0,23,On time,Returning
109936,2026-07-07,17,Malmö, Burgers,"203,0",47,Late,New
102263,2026-03-26,16,GÖTEBORG,THAI,316.0,44,Ontime,New
109809,2026-07-05,19,Uppsala,Burgers,225.0,31,On time,New
112628,2026-08-12,20,GÖTEBORG,Burgers,270.0,32,On time,new
113312,21 Aug 2026,10,Stockholm,Thai,215 kr,31,On time,Returning
106642,2026-05-23,18,Stockholm,Salad,222,41,On time,Returning
106549,22.05.2026,17,stockholm,Vegan,240.0,33,Ontime,Returning
111486,2026-07-27,11,Uppsala,Pizza,153.0,38,On time,Returning
105282,2026-05-04,9,Lund,Sushi,313.0,45,ON TIME,New
110412,2026-07-13,13,Uppsala ,Thai,"213,0",35,On time,New
101382,2026-03-13,19,Lund,Thai,229.0,40,On time,New
107704,2026-06-06,11,Lund,Pizza,SEK 317,30,On time,Returning
108491,2026-06-17,16,Göteborg, Pizza,357 kr,27,On time,New
102446,2026-03-28,15,Malmö,Kebab,249.0,28,ON TIME,Returning
108047,2026-06-11,20,Malmö,Pizza,205 kr,51,LATE,New
110729,2026-07-18,19,Stockholm, Sushi,267,36,On time, Returning
110619,2026-07-16,20,Malmö,Thai,277,42,Ontime,New
102630,2026-03-30,12,Uppsala,Pizza ,164.0,40,On time,Returning
111927,2026-08-02,10,Malmö,Thai,289 SEK,51,late,Returning
105817,12.05.2026,18,Stockholm,Thai,257.0,58,Late,New
102119,2026-03-24,12,Göteborg,Burgers,"120,0",22,On time,Returning
100016,23/02/2026,13,Göteborg,Burgers,168.0,33,On time,New
100787,2026-03-05,16,Uppsala,Kebab,235.0,36,On time,New
101045,08/03/2026,18,Lund,Sushi,SEK 231,39,On time,Returning
103862,2026-04-15,22,Lund,Pizza,259.0,58,Late,Returning
112305,2026-08-08,17,Gbg,Pizza,215.0,40,ON TIME,New
111829,2026-08-01,19,Malmö,Vegan,262 kr,19,Ontime,New
110981,21/07/2026,14,Stockholm,Kebab,254.0,29,On time,Returning
112102,2026-08-05,17,Stockholm,Indian,235 kr,42,On time,Returning
107727,7 Jun 2026,12,,Salad,368 SEK,33,on time,New 
113235,2026-08-20,19,stockholm, Pizza,248.0,44,On time,Returning
102309,2026-03-26,21,Malmö,Pizza,281,250,,Returning
111013,21 Jul 2026,11,MALMÖ,Thai,SEK 236,36,On Time,New
110720,2026-07-18,10,Göteborg,Pizza,221 SEK,22,On time,New
101198,11 Mar 2026,15,Stockholm ,Pizza,189.0,34,On time,New
100426,28 Feb 2026,12,Malmö,Kebab,225,24,On Time,New
112943,2026-08-16,18,Stockholm,Pizza,226,16,On time,Returning
103714,2026-04-13,18, Uppsala,Pizza,459.0,54,Late ,returning
104796,2026-04-28,12,Lund , Thai,283,55,Late,Returning
100651,3 Mar 2026,11,Malmö,Burgers,220.0,56,Late,Returning
106556,2026-05-22,20,Stockholm,Sushi,165.0,35,On time,Returning
109064,25 Jun 2026,18,Malmö,Thai,216.0,38,On time,Returning
105243,2026-05-04,13,Stockholm,indian,197 kr,28,On time,Returning
101593,16/03/2026,21,MALMÖ,Sushi,249.0,49,Late,Returning
100706,2026-03-04,11,Stockholm,THAI,165.0,29,On time,New
105046,2026-05-02,17,Stockholm,Kebab ,282.0,43,On time,Returning
108028,11.06.2026,20,Stockholm,Pizza,277.0,34,Ontime,New
110045,9 Jul 2026,15,göteborg,Kebab,SEK 218,37,On time,Returning
112773,2026-08-14,10,göteborg,Burgers,282.0,44,On time,New
106217,2026-05-17,22,Uppsala,Burgers,291.0,24,On time,Returning
106420,2026-05-20,15,Stockholm,Kebab,SEK 163,49,Late,Returning
111449,2026-07-27,18,Stockholm,Burgers,300.0,42,On time,Returning
103967,2026-04-17,22,Malmö,Kebab,171.0,18,On time,Returning
104875,2026-04-30,13,GÖTEBORG,Pizza,"188,0",30,On time,RETURNING
111161,2026-07-23,17, Lund,KEBAB,"245,0",42,on time ,Returning
110468,2026-07-14,12,Malmö,VEGAN,257.0,53,Late,Returning
112595,2026-08-11,12,Stockholm,Pizza,"208,0",31,On time,Returning
106895,2026-05-26,16, Lund,Kebab,223,35,On time,New
104585,2026-04-25,12,Lund,Pizza,269,37,On time,New
107695,2026-06-06,17,Uppsala,Kebab,257.0,49,Late,Returning
111369,2026-07-26,12,Stockholm,Salad ,"195,0",32,On time,Returning
103232,07.04.2026,19,MALMÖ,Sushi,305,43,On time,Returning
108705,2026-06-20,13,Göteborg,Burgers,"189,0",47,Late,New
109556,02.07.2026,17,Stockholm,Pizza,327 SEK,42,On time,New
110351,13/07/2026,13,Gbg,Salad,251 kr,38,On time, new
109914,2026-07-07,18,Stockholm, Pizza,"216,0",37,On time,Returning
101176,10 Mar 2026,14,Uppsala,Sushi,253.0,47,Late,New
105528,2026-05-08,19,Malmö,Pizza,387.0,37,On time,Returning
109686,4 Jul 2026,9,göteborg,Kebab,241,33,On time,Returning
104781,2026-04-28,19,Malmö,Burgers,346.0,41,On time,NEW
110194,11 Jul 2026,18,stockholm,Thai,"352,0",48,Late,Returning
103439,2026-04-10,23,Stockholm ,Burgers,"257,0",29,on time ,Returning
108314,14/06/2026,17,Lund,Salad,215,25,on time,New
110165,2026-07-10,12,Lund,Kebab,378.0,53,late, new
109735,4 Jul 2026,19,Lund,Burgers,277 kr,36,On Time,Returning
105463,07/05/2026,10,Malmö,Pizza,196,42,On time,New
109530,01.07.2026,18,Lund ,Burgers,243.0,36,on time ,Returning
111097,2026-07-22,20, Uppsala,Sushi,249,36,On time,Returning
113333,2026-08-21,20,Malmö,Pizza,195.0,37,On time,New
103816,15 Apr 2026,20,Stockholm,Pizza,"270,0",49,Late,Returning
110142,2026-07-10,12,STOCKHOLM,BURGERS,266.0,30,On time,New 
113052,2026-08-17,13,Malmö ,PIZZA,262,48,Late,Returning
112438,9 Aug 2026,19,Stockholm ,BURGERS,342.0,31,On time,Returning
102219,25.03.2026,12,Stockholm,Burgers,186.0,29,On time,Returning 
100186,2026-02-25,13,Stockholm,Thai,236.0,34,ON TIME,Returning
108633,2026-06-19,20,Sthlm,Indian,250.0,33,On time,Returning
106111,16 May 2026,12,Malmö,Indian,275 kr,23,on time ,Returning
100341,2026-02-27,11,Malmö,Sushi,"262,0",48,Late,Returning
106148,17.05.2026,19,göteborg,pizza,274.0,33,On time,Returning
105346,5 May 2026,17,Lund,Thai ,193.0,43,On time,Returning 
107944,2026-06-10,20,Göteborg,Vegan,"226,0",40,on time,New
113057,17 Aug 2026,13, Uppsala,Pizza,156.0,38,On time,Returning
101791,19.03.2026,21,Stockholm,Pizza,249.0,37,On time,New
108859,2026-06-22,11,Göteborg,Pizza,190.0,31,On time,RETURNING
110305,2026-07-12,19,Stockholm,Sushi,152,33,On time,returning
109304,28 Jun 2026,23,malmö,Sushi,SEK 246,35,On time, Returning
103239,2026-04-07,14,Uppsala,Burgers,279.0,41,On time,Returning
109513,01/07/2026,12,Malmö,Pizza,243 SEK,34,On time,Returning
106523,2026-05-22,11,Gbg,Thai,261 kr,41,On Time,Returning 
106888,2026-05-26,12,Malmö,Thai,SEK 319,27,On time,returning
101743,18/03/2026,17,Lund,Indian,"299,0",32,On time,New
111003,2026-07-21,12,Stockholm,Burgers,259 kr,37,On time,Returning
108333,2026-06-15,19,Göteborg ,Pizza,282,39,On time, Returning
110714,2026-07-18,18,Göteborg,Pizza,275 kr,49,Late,New
100347,27/02/2026,16,MALMÖ,Indian,254.0,27,On time,New
112024,04/08/2026,17,göteborg,Burgers,"170,0",19,On time,New
103112,2026-04-05,14,,Kebab,140,33,On time,New 
113089,18 Aug 2026,10,Stockholm,Sushi,242.0,48,Late,Returning
103666,13 Apr 2026,11,Göteborg ,Sushi,157.0,21,On time,Returning
107331,2026-06-01,21,Lund, Thai,257.0,43,On time,New
105061,2026-05-02,21,Malmö,Thai,209.0,26,On time,New
111380,26.07.2026,18,Stockholm,Pizza,181.0,50,Late,Returning
105374,2026-05-06,14,STOCKHOLM,Salad,276.0,28,On time,Returning
103781,2026-04-14,18,Malmö,Sushi,318.0,40,On Time, Returning
105765,2026-05-11,19,Stockholm,KEBAB,228,34,On time,Returning
101945,2026-03-21,18,uppsala,Pizza,192.0,15,On time,Returning
107245,2026-05-31,18,Malmö,Pizza,237.0,36,On time,Returning
111081,2026-07-22,18,Malmö,Sushi,275.0,31,On time,New
110605,2026-07-16,14,Stockholm,Pizza,256.0,21,On time,Returning
102558,29/03/2026,11,Uppsala,Burgers,332.0,30,On time,New
103430,2026-04-10,22,Stockholm,Pizza ,SEK 159,51,Late,Returning
101954,2026-03-21,15,Lund,Indian,212.0,33,On time,Returning
112258,2026-08-07,12,Stockholm,THAI,250.0,45,On time,New
113128,2026-08-18,11,Uppsala,kebab,228,42,On time,New
105048,2 May 2026,11,Stockholm,Burgers,191 kr,31,On time,New
110636,2026-07-16,18, Lund,INDIAN,193.0,34,On time,Returning
113129,18 Aug 2026,11,,Burgers,266.0,52,Late,Returning
100474,2026-03-01,11,STOCKHOLM,Kebab,241,42,on time,Returning
100053,23.02.2026,18,Malmö,Burgers,231.0,42,On time,Returning 
105485,08.05.2026,16, Göteborg,Indian,245.0,40,on time,New 
110420,2026-07-14,18,Göteborg,Pizza,SEK 232,49,Late,Returning
108030,11 Jun 2026,19,Stockholm,Sushi,SEK 164,26,On time,Returning
102169,24 Mar 2026,12,malmö,Sushi,199,40,On time,Returning
101540,15.03.2026,11,uppsala,Indian ,154.0,40,On time,Returning
102738,01/04/2026,16,Göteborg,Vegan,278,29,On time,Returning
103436,10 Apr 2026,12,Stockholm,Sushi,215 SEK,54,Late,Returning
112446,2026-08-09,19,Stockholm,Burgers,257 SEK,34,On time,returning
107766,2026-06-07,13,Stockholm,Kebab,330.0,44,On Time,returning
101461,15.03.2026,13,göteborg,THAI,195.0,31,On time,New
103358,09.04.2026,9,Stockholm,Kebab,319.0,41,ON TIME,Returning
109812,2026-07-05,19,Uppsala,Indian,"344,0",47,Late,Returning
103172,2026-04-06,14,Uppsala,Burgers,367.0,29,On time,New
101285,2026-03-12,13,Stockholm,Sushi,209.0,37,On time,Returning
108962,2026-06-24,13,Göteborg,pizza,216.0,35,On time,Returning
108478,2026-06-16,19,Lund,Pizza,318.0,56,Late,Returning
112619,2026-08-11,13, Lund,Sushi,306 kr,30,On time,returning
101549,15 Mar 2026,21,Lund,Kebab,135.0,39,On time,Returning
100607,2026-03-03,19,Göteborg,Indian,306.0,49,Late,Returning
100091,2026-02-24,11,Göteborg,Burgers,"206,0",39,On time,Returning
112472,2026-08-09,18,Malmö,Indian,297,38,on time,Returning
113103,18 Aug 2026,15,Stockholm, Indian,"275,0",31,On time,RETURNING
103339,2026-04-09,22, Göteborg,Thai,265 kr,49,Late,RETURNING
101958,2026-03-21,13,Lund,Pizza,227.0,44,On time,RETURNING
111441,27 Jul 2026,12,,Kebab,218.0,46,Late, Returning
109161,27 Jun 2026,12,göteborg,Salad,173.0,42,on time,Returning
106411,2026-05-20,20,Stockholm,Thai,"296,0",30,On time,Returning
100192,2026-02-25,17,Malmö,Thai ,244 SEK,43,On time,New 
108703,20/06/2026,21,Göteborg,Pizza,240.0,30,On time,Returning
108361,2026-06-15,16, Stockholm,Pizza,"262,0",42,On time,New
108132,2026-06-12,13,Uppsala,Indian,"366,0",43,On time,New
105736,11/05/2026,18,Göteborg,sushi,SEK 231,33,ON TIME,New
111965,03.08.2026,15, Stockholm,Thai,187.0,38,On time,Returning
103615,2026-04-12,9,Stockholm,Pizza,323.0,40,On time,Returning
106993,28.05.2026,18,Stockholm,Burgers,"204,0",38,On time,New
111874,2026-08-02,18,Göteborg,Kebab,"277,0",39,On time,New
107180,30.05.2026,18, Lund,kebab,"173,0",28,On time,Returning
110146,10 Jul 2026,19,MALMÖ,Kebab,320 kr,50,Late,New 
111287,2026-07-25,14,Stockholm,Indian,232.0,29,On time,New
106811,25/05/2026,10,Malmö,Pizza,297,40,on time ,New
104980,01.05.2026,18, Stockholm,Pizza,264.0,39,On time,Returning
108329,2026-06-15,19,Göteborg ,Thai,207.0,28,On time,Returning
101771,19 Mar 2026,20,stockholm,Thai,233.0,29,on time ,Returning
109619,3 Jul 2026,16,Stockholm,burgers,324.0,32,On time,New
108958,2026-06-23,13,Lund ,PIZZA,267.0,22,On time,Returning
103178,2026-04-06,18,lund,thai,229,43,On time,New
109343,2026-06-29,11,Gbg,Thai,270 kr,39,On time,Returning
107252,31/05/2026,13,Uppsala,PIZZA,207.0,15,On time,Returning
102972,2026-04-04,21,Stockholm,Burgers,209.0,42,Ontime,Returning
108587,2026-06-18,23,Malmö,PIZZA,410.0,36,On time,returning
109712,2026-07-04,16,Malmö,Kebab,304.0,53, late,New
113070,2026-08-18,21,Göteborg,Sushi,274.0,39,On time,Returning
105751,2026-05-11,20,Stockholm ,THAI,166,43,On Time,RETURNING
100550,2026-03-02,14,göteborg,Pizza,277 SEK,43,ON TIME,Returning
106988,2026-05-28,14,GÖTEBORG,Indian,294.0,15,On time,New
101170,10.03.2026,12,Malmö,Pizza,247,44,On time,Returning
111161,2026-07-23,17,lund,Kebab,"245,0",42,On time,Returning
102985,2026-04-04,11,Malmö,Indian,210.0,35,On time,Returning 
101780,2026-03-19,12,Stockholm,Sushi,296.0,44,On time,Returning
105330,05.05.2026,9,Malmö ,Burgers,297.0,25,ON TIME,Returning
110672,2026-07-17,18,Stockholm,Kebab,227.0,40,On time,Returning 
109336,2026-06-29,11,göteborg, Sushi,343 kr,35,On time,New
109873,6 Jul 2026,20,lund,Thai,176.0,17,On time,Returning
107118,2026-05-30,19,Sthlm,Thai,298.0,47,Late,Returning
100933,2026-03-07,12,malmö,Thai ,211.0,32,On time,Returning
104369,2026-04-22,13,Uppsala ,Thai,224.0,250,,NEW
106515,21.05.2026,22,Uppsala,Sushi,281 SEK,41,On time,Returning 
109868,2026-07-06,12,Uppsala,Salad,275.0,54, late,New
107626,06.06.2026,18,Göteborg,Burgers,"200,0",49,Late,Returning
105156,03/05/2026,12,Stockholm,Sushi,282.0,33,On time,New
110133,10 Jul 2026,20,Stockholm,Sushi,262.0,47, late,New
102929,2026-04-03,18,Lund,Pizza ,220.0,31,On time,New
107049,29 May 2026,18,Sthlm,Burgers,222 SEK,32,On time,Returning
100765,2026-03-05,19,Stockholm,sushi,300.0,50,Late,Returning 
107839,2026-06-08,10,Malmö,Indian,"210,0",44,On time,New
105129,2026-05-03,10,stockholm,Sushi ,259.0,30,On time,Returning
102526,2026-03-29,21,Stockholm,Pizza,314,48,Late,RETURNING
101546,15/03/2026,17,Lund,Pizza,267,30,On Time,Returning
108913,23 Jun 2026,14,Göteborg,Pizza,271,37,On time,Returning 
100902,7 Mar 2026,18,STOCKHOLM,Burgers,199.0,39,On time,returning
105400,6 May 2026,12,Uppsala,Pizza,263.0,36,On time,Returning
102175,2026-03-24,13, Malmö,Sushi,130 kr,39,On time,Returning
105262,04.05.2026,13, Malmö,Thai,228,38,On time,Returning
100851,2026-03-06,20,Malmö,Burgers,198.0,48,Late,Returning
103755,2026-04-14,14,Stockholm,Pizza,152.0,24,On time,Returning
111417,2026-07-26,11, Lund,Kebab,219.0,29,On time,Returning
108965,24.06.2026,22,Göteborg,Burgers,259.0,28,On time,Returning
105857,13.05.2026,13,Göteborg,Indian,190.0,35,on time , Returning
111513,28/07/2026,19,stockholm,Burgers,360.0,39,On time,New
111067,22 Jul 2026,11,Stockholm, Pizza,240.0,44,On time,Returning
107930,2026-06-09,11,Lund,Kebab ,291,39,On time,New
111007,2026-07-21,19, Stockholm,Burgers,215 SEK,56,Late,Returning
106866,2026-05-26,20, Stockholm,sushi,"247,0",40,On time,returning
102797,2 Apr 2026,12,Göteborg,Sushi,274.0,26,On time,Returning
101860,2026-03-20,17,MALMÖ,Salad,"227,0",30,on time ,Returning
110003,2026-07-08,13,Stockholm,Vegan,312.0,46,Late,Returning
110504,2026-07-15,10,Göteborg,Vegan ,182,48,Late,New
106228,17.05.2026,12,Lund,Burgers,186.0,35,On time,New
110769,2026-07-18,11,Malmö,Kebab ,267.0,35,On time,Returning
113213,20 Aug 2026,16,göteborg,Indian,338,22,On time,Returning
106508,2026-05-21,13,Uppsala,Kebab ,293.0,36,ON TIME,Returning
110010,2026-07-08,20, Malmö,Indian,258,43,On time,New
109704,4 Jul 2026,14,Stockholm,Burgers,192,44,On time,Returning
100397,2026-02-28,17,Stockholm,Burgers,248.0,20,Ontime,Returning
103999,18 Apr 2026,22,GÖTEBORG,Kebab,392.0,35,On time,New
102756,1 Apr 2026,20,Stockholm,Indian,295,36,On time,Returning 
104558,2026-04-25,19,Stockholm,Pizza,"211,0",33,On time,Returning
113360,22.08.2026,9,Göteborg,Sushi,"296,0",52,Late,returning
112241,7 Aug 2026,13,Stockholm,Indian,243.0,15,On time,New
104292,2026-04-21,19,Uppsala,Indian,235 kr,20,On time,Returning
102563,2026-03-29,10,Lund ,Sushi,252.0,33,On time,New
107733,2026-06-07,11,GÖTEBORG,Pizza ,284.0,36,On time,New
107337,2026-06-02,21,GÖTEBORG,Burgers,229,250,,New
107617,2026-06-05,14,Lund,Pizza,223.0,15,On time,New
111427,27 Jul 2026,13,Göteborg,Burgers,166.0,45,Ontime,returning
100532,01/03/2026,11,Lund,Thai,264.0,26,On time,Returning
108068,2026-06-11,19,Uppsala,Burgers,218 kr,41,On time,New
112733,13 Aug 2026,19,Malmö ,kebab,266 SEK,50,Late,Returning
102349,27 Mar 2026,22,Stockholm,salad,SEK 172,30,On time,Returning
106522,22 May 2026,18,Göteborg,Sushi,193.0,50,Late,New
107850,08.06.2026,20,Uppsala,Indian,328.0,31,On time,New
111256,2026-07-25,20,Göteborg,Kebab,"265,0",35,On time,Returning
102492,2026-03-29,20,Göteborg,Sushi,285.0,34,On time,New
109174,2026-06-27,19,Göteborg,Pizza,196.0,39,On time,New
104586,2026-04-25,11,Lund,Sushi,233.0,22,On time,Returning
108286,2026-06-14,14,Malmö,Pizza,303,35,On time,Returning
110691,2026-07-17,13,Malmö,Pizza,298,34,On Time,Returning
102930,2026-04-03,11,Lund,Pizza,252.0,34,On time,Returning
112864,2026-08-15,16,Stockholm,Burgers,295.0,25,On Time, Returning
113219,2026-08-20,17,,Salad,"238,0",40,On time,Returning
101948,2026-03-21,19,Uppsala,Thai,282,47,Late,Returning
109079,2026-06-25,12,Uppsala ,Sushi,223.0,35,on time,NEW
109245,2026-06-27,13,Lund,Vegan,290.0,40,ON TIME,Returning
103096,5 Apr 2026,10,Malmö,Vegan,245 SEK,51,Late ,New 
108323,15 Jun 2026,9,göteborg,Burgers,229,33,On time,Returning
103129,06/04/2026,14,Göteborg,SUSHI,225,51,Late,New
102308,26/03/2026,14, Malmö,Pizza,102,34,On time,New
101143,10.03.2026,20,Stockholm,Indian,184 SEK,33,On time,Returning
110819,19 Jul 2026,14,Göteborg,Vegan,100.0,30,On time,Returning 
105256,2026-05-04,13,Malmö,Salad,174.0,0,,Returning
112387,2026-08-08,13,Uppsala,Kebab,311.0,43,On time,Returning
108172,13/06/2026,11,STOCKHOLM,Salad,"231,0",34,On time,Returning
112294,07/08/2026,21, Lund,Sushi,252.0,29,On time,Returning
105442,2026-05-07,19,,Salad,227.0,40,On time,New
100666,2026-03-03,21,Uppsala,Burgers,348.0,52,Late ,Returning
107913,2026-06-09,11,Malmö,Burgers ,263,36,On time,New
101059,2026-03-09,13,Göteborg,Pizza,224,43,On time,returning
112723,2026-08-13,12,Stockholm,Kebab,279.0,35,On time,Returning
107605,2026-06-05,9,Malmö,Burgers,175.0,44,On time,Returning
105344,2026-05-05,11,Lund,Kebab,"269,0",37,ON TIME,Returning
101212,11 Mar 2026,13,Sthlm,Kebab,354.0,41,On time,NEW
107121,30.05.2026,19,Stockholm,Kebab,"241,0",20,On time,Returning
108564,18.06.2026,19,Stockholm,Pizza,303.0,47,Late,Returning
100047,2026-02-23,18,Stockholm,Burgers,238 SEK,34,On time,Returning
101084,2026-03-09,12,Sthlm,Pizza,283.0,39,On time,Returning
113067,18 Aug 2026,12,GÖTEBORG,Pizza,205,50,Late,RETURNING
103894,2026-04-16,12,Stockholm,Indian,219.0,38,ON TIME,Returning
103513,11/04/2026,17,Stockholm, Burgers,202.0,44,Ontime,Returning
100539,2026-03-02,13,Göteborg ,Pizza,"232,0",50,Late,New
102349,2026-03-27,22,Stockholm,Salad,172,30,on time ,Returning
102689,2026-03-31,16,Stockholm,Burgers,"171,0",35,On time,New
103733,2026-04-14,9,Göteborg,Salad,215,18,Ontime,New
104462,2026-04-24,19,Stockholm,BURGERS,190,32,On Time,returning
107724,2026-06-07,16,Göteborg,Thai,241 kr,15,on time ,Returning
107163,2026-05-30,19,Malmö ,Burgers,242.0,30,On time,Returning
110871,2026-07-19,13,Malmö,Pizza,257 kr,43,On time,returning
101938,21 Mar 2026,11,Malmö ,Pizza,120.0,43,On time,New
103970,2026-04-17,17,Malmö, Indian,279.0,40,On time,New
100858,06.03.2026,12,Malmö,pizza,"221,0",41,on time,Returning
100361,27 Feb 2026,10,lund,Burgers,357.0,50,Late,Returning 
108502,2026-06-17,18,STOCKHOLM,Sushi,231.0,28,Ontime,Returning
104306,2026-04-22,18,Göteborg,Burgers,216.0,32,On time,Returning
111347,2026-07-26,20,Göteborg,sushi,171.0,48,Late,Returning
113302,2026-08-21,14,Göteborg,Kebab,291,39,On time,Returning
101357,13 Mar 2026,20,Stockholm,Sushi,270.0,38,On time,Returning
103192,07/04/2026,10,Göteborg,Pizza,198.0,34,On time,Returning
102457,2026-03-28,21,Malmö ,Kebab,140.0,37,On time,Returning
105028,2026-05-02,19,Stockholm ,Sushi,309.0,33,On time,Returning
105495,08.05.2026,22,Göteborg,Thai,243.0,47,Late,New
108239,2026-06-14,15,Göteborg,Sushi,262.0,35,On time,Returning
109090,2026-06-26,13, Göteborg,Pizza,260 kr,50,Late,Returning
109634,2026-07-03,22,STOCKHOLM,Sushi,"190,0",43,on time,Returning
107412,2026-06-03,9,Göteborg,Burgers,322.0,49,Late,Returning
101043,2026-03-08,16,Lund,Sushi,275.0,41,On time,New
104123,19/04/2026,23,Stockholm,Sushi,254.0,39,on time,Returning
106416,20 May 2026,20,Stockholm, Burgers,137.0,43,On time,Returning 
105955,2026-05-14,20,stockholm,burgers,216.0,49,Late,Returning
102645,31/03/2026,13,Gbg,SALAD,337 SEK,31,On time,New
107890,2026-06-09,19,Stockholm,Pizza,"266,0",38,On time, Returning
103175,2026-04-06,11,Uppsala,Thai,355.0,31,On time,New
108307,14/06/2026,19, Uppsala,Burgers,298.0,33,on time,Returning
110561,15 Jul 2026,17,lund,Burgers,238,36,On time,Returning
101069,9 Mar 2026,17,Stockholm,Burgers,253 SEK,51,Late,Returning
112139,2026-08-05,13,lund,Sushi,246.0,48,Late,Returning
106569,2026-05-22,12,Stockholm,Sushi,145 kr,41,On time,New
106661,23/05/2026,13,Malmö,indian,242.0,41,On time,Returning 
111731,2026-07-31,21,Stockholm ,Salad,"226,0",46,late,Returning
101562,16.03.2026,18,Göteborg,sushi,291.0,34,ON TIME,RETURNING
106915,27 May 2026,12,Göteborg,Sushi,259,42,on time ,Returning
100208,2026-02-25,12,Uppsala,sushi,232.0,48,Late,New
100320,27.02.2026,20,Stockholm,Sushi,237.0,28,On time,New 
112921,16/08/2026,12,Göteborg,Pizza,312,31,On time,New
100636,03.03.2026,22,stockholm,Sushi,214,24,On time,Returning
100025,2026-02-23,12, Stockholm,Indian,246,27,On time,New
107905,2026-06-09,15,Malmö,Pizza,213.0,38,On Time,Returning
100102,2026-02-24,17,Stockholm,Kebab,"264,0",27,On time,returning
108364,2026-06-15,20, Stockholm,Burgers ,310.0,33,On time,NEW
102095,23.03.2026,21,Malmö,Pizza,251,38,On time,New
101968,22/03/2026,12,Göteborg,Sushi,153.0,38,On time, new
103519,2026-04-11,13,Stockholm,Kebab,220.0,16,On time,Returning
101345,13 Mar 2026,13,Stockholm,Pizza,188.0,20,On time,Returning
104863,30/04/2026,15,GÖTEBORG,Kebab,SEK 314,41,On time,Returning
108174,2026-06-13,17,Stockholm,Burgers,223,31,Ontime,Returning
103938,2026-04-17,20,Göteborg ,Indian,373.0,44,On time,Returning
109132,2026-06-26,20, Malmö,Burgers,"314,0",36,On time, Returning
111119,2026-07-23,20,Göteborg,Indian,310.0,30,Ontime,Returning
108640,19/06/2026,12,Stockholm,Vegan,181.0,42,On time,New
100406,2026-02-28,17,STOCKHOLM, Kebab,214.0,999,,Returning
111779,2026-08-01,13,Göteborg,Kebab,"295,0",64,Late,Returning
104153,19 Apr 2026,14, Uppsala,Burgers,179 SEK,37,On time,New
100204,25.02.2026,20,malmö,Sushi,256 SEK,35,On time,Returning
110333,12/07/2026,10,Uppsala,Thai,191.0,40,Ontime,Returning
107313,01.06.2026,20, Malmö,pizza,240.0,50, late,Returning
100533,2026-03-02,17,Göteborg,Indian,249 kr,36,On time,Returning
106099,16/05/2026,16,STOCKHOLM,Kebab,308.0,50,Late,New
112543,2026-08-10,17,Malmö,Burgers,124,42,On time,Returning
108921,2026-06-23,19,Stockholm ,Sushi,SEK 226,46,Late,Returning
105184,2026-05-03,16,Uppsala,Pizza,220.0,47,late,Returning
104341,2026-04-22,23,Stockholm,Sushi,282.0,43,On time,New
109386,2026-06-29,12,Uppsala,Burgers,250 kr,39,on time,Returning
106185,17.05.2026,18,Stockholm ,Pizza,235,31,On time,New
108685,2026-06-19,18,Lund,Sushi,219 SEK,38,On time,Returning
100489,2026-03-01,18,Stockholm,Burgers ,182,44,ON TIME,New
107892,09/06/2026,16,Stockholm,Vegan,292.0,52,Late,New
109082,25 Jun 2026,20,Lund,Pizza,"227,0",41,On time,New
103692,13 Apr 2026,21,Stockholm,Salad,"275,0",23,On Time, new
111944,3 Aug 2026,12,Göteborg,Kebab,176 SEK,42,On time,Returning
105791,2026-05-11,18,Uppsala,Burgers,271.0,43,on time,Returning
109106,2026-06-26,11,Sthlm,Kebab,204.0,36,On time,Returning
110461,14 Jul 2026,17,STOCKHOLM,Salad,232.0,25,On time,Returning
109852,06.07.2026,18,Malmö,Burgers,312.0,48,Late,New
106641,2026-05-23,17,Stockholm,Thai,SEK 255,35,On time,new
103534,2026-04-11,10,Malmö,Indian,SEK 252,33,On time,New
106656,2026-05-23,22,Malmö,Salad,272.0,57,late,Returning
105916,2026-05-13,13,Lund ,Pizza,251 SEK,15,On time,Returning
100568,2026-03-02,12,Stockholm,Kebab,238.0,45,On time,Returning
113037,2026-08-17,11,,Vegan,267 kr,41,On time,Returning
103208,2026-04-07,17,Sthlm,BURGERS,357,46,Late,New
112295,2026-08-07,22,Lund,Burgers,"172,0",36,On time,Returning
102894,3 Apr 2026,12,Stockholm,Pizza,"309,0",26,On Time,returning
102199,2026-03-25,11,Göteborg,Thai,262,28,on time,New
103793,2026-04-14,19,Lund,Burgers,212 kr,28,On time,Returning
101008,2026-03-08,19,Stockholm,Pizza,233.0,37,On time,New
112837,15 Aug 2026,11,Göteborg,Vegan,210 kr,23,On time,New
109258,2026-06-28,21,Göteborg,Indian,332.0,30,on time ,Returning 
105940,14.05.2026,16,Stockholm,Burgers,264.0,48,Late,Returning
103538,2026-04-11,12,Malmö,Thai,"237,0",49,Late,Returning
107515,4 Jun 2026,12,Stockholm,Salad,"242,0",44,On time,Returning
112847,2026-08-15,20,stockholm,Thai,180 SEK,27,On time,RETURNING
110507,15 Jul 2026,20,Göteborg,kebab,258.0,0,,Returning
113051,17 Aug 2026,20,Malmö,Indian,337.0,34,On time,Returning
105939,2026-05-14,14,Stockholm,Salad,268.0,46,Late,Returning
113175,2026-08-19,20,Stockholm,Indian ,410 kr,54, late,Returning 
109497,2026-07-01,12,Stockholm,Thai,SEK 237,43,On time,new
100698,2026-03-04,12,Stockholm,Kebab,181 kr,38,On time,Returning 
110947,20.07.2026,17, Uppsala,Burgers,204.0,31,On time,Returning
110317,2026-07-12,10,Malmö,Salad,309 kr,54,LATE,Returning
103259,8 Apr 2026,11,Göteborg, Pizza,229.0,37,On time,Returning
101804,2026-03-19,19,Malmö,Sushi,292 SEK,41,On Time,Returning
105218,2026-05-04,12,Göteborg,Pizza,152,33,On time,Returning
111093,22 Jul 2026,16,Uppsala ,Pizza,232.0,20,on time,RETURNING
102451,2026-03-28,19,Malmö,pizza,303,29,ON TIME,Returning
100707,2026-03-04,12,Stockholm,Burgers,"215,0",33,ON TIME, Returning
102695,2026-03-31,18,Stockholm,vegan,274.0,15,On time,Returning
110122,2026-07-10,17,Göteborg,Indian,299.0,34,On Time,Returning
112660,12/08/2026,19,Stockholm,Vegan,"257,0",38,On time, Returning
101480,2026-03-15,11,Göteborg,Indian,283 SEK,38,On time,Returning
111878,2026-08-02,12,stockholm,Indian,264,33,On time,New
107181,2026-05-30,18,Lund,Pizza,234.0,31,On time,Returning
112789,2026-08-14,13,Stockholm,Sushi,306,36,On time,new
100402,2026-02-28,13,STOCKHOLM,Burgers,269.0,39,On time,Returning
101941,2026-03-21,12,uppsala,Pizza,385.0,49,Late,new
110457,2026-07-14,10,Stockholm,SUSHI,320.0,26,On time,Returning
110425,2026-07-14,10,Göteborg,Sushi,238.0,50, late,New
104589,25 Apr 2026,18,Lund,Kebab,302.0,30,On time,NEW
109397,2026-06-29,16,Lund,Sushi,308.0,39,On time,new
108959,23 Jun 2026,17,Lund,Kebab,235.0,33,On time,Returning
110241,2026-07-11,20,Uppsala,Thai,298,28,On time,returning
103529,2026-04-11,13,Malmö,SUSHI,301.0,46,Late,New
106766,25/05/2026,12,Göteborg,Pizza ,239.0,37,On time,returning
108839,2026-06-21,10,Lund ,Pizza,266.0,31,On Time,Returning
104915,2026-04-30,11,Malmö,Sushi,"150,0",26,On time,New
109816,2026-07-05,17,Lund, Pizza,232 kr,35,On time,Returning
107440,2026-06-03,14,Stockholm,Sushi,257.0,38,On time,Returning
101258,2026-03-12,13,Göteborg,Thai,"234,0",38,On time,New
110311,2026-07-12,12,Stockholm,Pizza,186 kr,15,On time,returning
111129,2026-07-23,18,stockholm, Pizza,223,42,On time,Returning
101966,2026-03-22,16,Göteborg,pizza,298.0,37,ON TIME,Returning
106374,2026-05-20,17,Göteborg,Kebab,228.0,24,On time,Returning
100931,2026-03-07,15,Malmö,Pizza,248.0,42,on time ,returning
111410,26.07.2026,18,Uppsala ,Thai,186.0,40,On time,Returning
111173,24 Jul 2026,10,Göteborg,Pizza,223.0,38,On time,RETURNING
104510,2026-04-24,18,lund,Pizza,334 SEK,250,,Returning
111105,2026-07-22,12, Lund,Burgers,273.0,34,On time,Returning
100797,5 Mar 2026,12,Lund,Pizza,290.0,39,On time, new
111910,2026-08-02,13,STOCKHOLM,Thai,SEK 270,44,On time,Returning
107508,04.06.2026,17,Stockholm,Kebab,197,37,On time,NEW
108052,11.06.2026,14,Malmö,Vegan,306.0,30,ON TIME,Returning
105244,2026-05-04,10,Stockholm,Pizza,SEK 203,45,On time, new
108614,19.06.2026,20,Göteborg,Pizza,268.0,37,ON TIME,New
111313,2026-07-25,17,Malmö,BURGERS,282.0,20,On time,Returning
109786,2026-07-05,12,Stockholm,Pizza,279.0,0,,Returning
106460,21/05/2026,12,STOCKHOLM,Sushi,269.0,38,ON TIME,RETURNING
112795,14 Aug 2026,13,stockholm,Thai,"252,0",52,Late,Returning
103828,2026-04-15,16,Stockholm,Sushi,261.0,25,On time,Returning
100492,01.03.2026,12,Sthlm,Pizza,"238,0",60,Late,Returning
104544,2026-04-25,18,Stockholm,Pizza,235.0,36,On time,Returning
106374,20 May 2026,17,Göteborg,Kebab ,228 SEK,24,On time,Returning
111133,23/07/2026,12,stockholm, Kebab,188.0,55,Late,New
112948,16.08.2026,12,Stockholm,Vegan,294 SEK,46,Late,New
103868,2026-04-16,12,göteborg,Burgers,233.0,15,On time,Returning
111342,2026-07-26,12,GÖTEBORG,Burgers,255 kr,34,Ontime,New
101036,08.03.2026,17,Uppsala,Sushi,235 kr,33,On Time,Returning
112520,2026-08-10,11,Stockholm,burgers,263,34,On time,Returning
106925,27/05/2026,20,Sthlm,Kebab,238.0,36,On time,Returning
109508,2026-07-01,11,Malmö,Sushi,274,18,On time,Returning
100448,2026-03-01,10,Göteborg,Burgers,265,36,On time,returning
100780,2026-03-05,19,Malmö,kebab,261,35,On time,Returning 
108224,2026-06-13,18,Lund,Pizza,275,48,Late,Returning
110647,2026-07-17,10,göteborg,Salad,SEK 266,43,On time,Returning
109625,2026-07-03,20,Stockholm,Indian,SEK 352,25,On time,New
105611,09.05.2026,20,Stockholm , Burgers,207.0,33,On time,New
104255,2026-04-21,16,Göteborg,sushi,305.0,25,On time,New
102523,2026-03-29,19,Stockholm,Thai,132.0,27,On time,Returning
107502,2026-06-04,16,Göteborg,Pizza ,"221,0",38,On time,Returning
109448,30 Jun 2026,12,Uppsala,Kebab,SEK 204,34,On time,Returning
111518,2026-07-28,12, Stockholm,Vegan,130.0,31,ON TIME,Returning
106657,23.05.2026,12,malmö,Burgers,271.0,32,On time,New
106001,2026-05-15,13,Göteborg,SUSHI,250.0,32,On time,New
105811,2026-05-12,18, Göteborg,Burgers,266.0,27,On time,New
101688,2026-03-18,20,Göteborg, Burgers,SEK 189,43,On time,New
102510,2026-03-29,20,stockholm,Indian,224,22,On time,Returning
108804,2026-06-21,20,Stockholm,BURGERS,204.0,44,on time ,Returning 
106877,2026-05-26,13,Stockholm,Pizza,231.0,47,Late,RETURNING
107462,2026-06-03,18,Malmö,Burgers,226.0,38,On time,New
112944,16 Aug 2026,13,Stockholm,Burgers,184,30,On time,Returning
110129,2026-07-10,17,stockholm,Vegan,246,38,Ontime,Returning
111759,31 Jul 2026,19,Uppsala ,Pizza ,225.0,30,On time,New
103387,2026-04-09,21,Malmö,Pizza,290.0,38,On time,Returning
103074,5 Apr 2026,13,Sthlm,Kebab,246 SEK,40,On time,Returning
103342,09/04/2026,14,Göteborg,Burgers,252 kr,30,On time, Returning
104705,2026-04-27,12,Stockholm, Thai,200,39,On time,New
108293,2026-06-14,19,malmö,Kebab,242.0,22,On time,new
102671,2026-03-31,14,Stockholm,Kebab,SEK 195,23,On time,Returning
105643,2026-05-10,15,Göteborg ,Sushi,"198,0",32,On time,Returning
102190,2026-03-25,14,Göteborg,Sushi ,292 SEK,40,On time,Returning
112858,2026-08-15,23,Stockholm,KEBAB,315.0,33,On time,Returning
104578,2026-04-25,11,Malmö , Sushi,191.0,22,On time,Returning
105239,04.05.2026,19,STOCKHOLM,Kebab,339.0,26,On time,Returning
108360,2026-06-15,17,Stockholm,Pizza ,276 kr,32,On time,New
112938,2026-08-16,17,Stockholm,salad,284,38,On time,Returning
106123,2026-05-16,10,Uppsala,Thai,269.0,31,On time,Returning
106312,2026-05-19,20,Göteborg,Salad ,SEK 262,38,On time,New
111833,1 Aug 2026,17,Malmö ,Indian,266 SEK,41,On time,returning
111591,29 Jul 2026,13,Stockholm,Sushi,265.0,29,on time, Returning
101782,19.03.2026,22,Stockholm,Burgers,226,34,On time,New
105512,2026-05-08,17,Stockholm,Indian,171,32,On time,New 
101507,2026-03-15,11,STOCKHOLM, Burgers,337.0,30,On time,Returning
101570,2026-03-16,18,Stockholm,Burgers,226,40,On time, Returning
103030,2026-04-05,11,Göteborg,Sushi,342.0,35,On time,Returning
101874,20 Mar 2026,20,Lund,Burgers,232 SEK,45,On time,New
107532,4 Jun 2026,19,Malmö,Indian,313 kr,44,On time,Returning
108646,19.06.2026,20,Stockholm,Kebab,251 SEK,33,On Time,Returning
100163,2026-02-25,13,Stockholm,Burgers,"252,0",38,On time, new
107542,04/06/2026,19,Lund,Pizza ,241.0,23,On time,New
107105,30/05/2026,19,Göteborg,Sushi,271.0,29,On time,Returning
107217,2026-05-31,10, Stockholm,Kebab,"248,0",36,On time,New
104234,2026-04-20,11, Lund,Salad,200.0,26,On Time,Returning
105598,9 May 2026,16,Stockholm,Indian,"273,0",31,on time ,Returning
108899,2026-06-22,19,lund,Thai,258.0,34,on time ,Returning
111044,2026-07-22,11,Göteborg,Kebab,291.0,43,On time, Returning
106953,2026-05-27,11,Malmö,Thai,230.0,56,Late,Returning
102440,2026-03-28,21,Stockholm,Pizza,256,26,On time,Returning
103394,09.04.2026,12,Uppsala,Burgers,346.0,19,On time,Returning
104648,26.04.2026,19,Malmö,Salad,189,27,On time,New
103318,08/04/2026,13,Uppsala,VEGAN,203.0,54,Late,New
107045,2026-05-29,18,Göteborg,Kebab,"262,0",42,Ontime,Returning
106609,23 May 2026,19,Göteborg,Salad,279,40,On time,New
112592,2026-08-11,10,stockholm,Pizza,373,32,On time,Returning
111399,2026-07-26,13,Malmö,Pizza,317.0,36,On time,RETURNING
108545,18.06.2026,17,Göteborg,Sushi,288.0,33,On time,Returning
109519,01.07.2026,11,Uppsala,SUSHI,226.0,25,On time,New
109344,29 Jun 2026,22,Göteborg,Burgers,196,54,Late,Returning
100929,2026-03-07,14,Malmö,pizza,224.0,43,On time,Returning 
100057,2026-02-23,22,Malmö,Vegan,279 kr,28,On time,Returning
105546,8 May 2026,20,Lund,Salad,"305,0",42,on time,New
108511,2026-06-17,21,Sthlm,Pizza,285.0,44,On time,New
106007,2026-05-15,13, Göteborg,Salad,314 kr,34,On time,Returning
105301,05.05.2026,20,Stockholm,Salad,331,28,On time,Returning
101975,2026-03-22,13,Göteborg,SUSHI,249.0,31,On time,Returning
105783,2026-05-11,11, Malmö,Burgers,"247,0",43,On time,New
105224,2026-05-04,12,Stockholm,Vegan,SEK 305,41,on time,Returning
102434,2026-03-28,23,Stockholm,Sushi,248.0,19,On time,New
110853,2026-07-19,13,Stockholm,Pizza ,260.0,31,On time,Returning
107957,2026-06-10,21,,Pizza,302,36,On Time,Returning
109781,2026-07-05,18,stockholm,Thai,203.0,27,On time,Returning
107299,2026-06-01,10,Stockholm,Thai,249,24,On time,New
110002,2026-07-08,21,STOCKHOLM,Burgers,209,32,On time,Returning
112651,12.08.2026,13,Stockholm,kebab,"190,0",250,,Returning
106286,2026-05-18,12,Malmö,Vegan,246.0,28,On time,New
105297,5 May 2026,12,Göteborg,kebab,301.0,53,Late,Returning
109543,2 Jul 2026,11,Göteborg,Salad,182 kr,41,On time,NEW
111166,2026-07-23,21,Lund,Burgers,339.0,27,On time,Returning
110731,2026-07-18,10, Stockholm,Indian,299.0,40,On time,New
104577,25.04.2026,19,malmö,Sushi,353.0,33,On time,New
103352,2026-04-09,20,STOCKHOLM,Thai ,296.0,32,ON TIME,Returning
100412,2026-02-28,19,Stockholm,Indian,237.0,34,On time,New
102130,2026-03-24,20,Göteborg,Pizza,143.0,38,On time,Returning
112542,10.08.2026,13,Malmö,BURGERS,"208,0",35,On time,Returning
105018,2026-05-02,17,Göteborg,Pizza,222,49,Late,Returning
101227,2026-03-11,12,Malmö,Thai,294 kr,36,ON TIME,Returning
102902,2026-04-03,19,STOCKHOLM,Thai,170 kr,36,On time,New
111406,26 Jul 2026,11,Uppsala,Burgers,278.0,31,On time,Returning
111789,2026-08-01,9,Göteborg,Pizza ,286.0,31,Ontime, Returning
112236,07/08/2026,20,Göteborg,Kebab,303 kr,42,On time,new
103438,10.04.2026,12,Stockholm,Sushi,136.0,41,On time,Returning
108626,2026-06-19,13,Sthlm, Pizza,337.0,36,On time,Returning
109666,2026-07-03,18,Lund,KEBAB,302.0,29,On time,Returning
107364,02.06.2026,11,Stockholm,Burgers,245,41,On time,Returning
100587,2026-03-02,14, Malmö,Sushi,285.0,34,On time,New
101029,2026-03-08,16,Malmö,Thai,225.0,33,On time,Returning
106540,2026-05-22,20,Göteborg,Pizza,259.0,51,Late,New
108072,2026-06-11,20,lund,Burgers,"221,0",40,On time,Returning
109966,2026-07-08,19,Göteborg,Sushi,291.0,52,Late,New
107111,30 May 2026,11,Göteborg,Pizza,"223,0",250,,New
103822,15 Apr 2026,18,Stockholm,Thai,264.0,25,On time,Returning
101238,2026-03-11,10, Uppsala,Indian,303.0,39,On time, Returning
108908,2026-06-23,19, Göteborg,Indian,258.0,999,,returning
100130,2026-02-24,12,Malmö,Thai,218.0,43,On time,New
101050,9 Mar 2026,16,Göteborg,Burgers ,221.0,52,Late ,Returning
103002,2026-04-04,13,uppsala,Burgers,232 kr,45,On time,Returning
110804,19/07/2026,19, Göteborg,Sushi,294.0,38,On time,New
106613,23.05.2026,12,Göteborg,Burgers ,336 SEK,43,On time,Returning
103250,7 Apr 2026,18,Lund,Pizza,236.0,42,On time,Returning
111484,2026-07-27,13,,Sushi,273.0,39,On time,Returning
109133,2026-06-26,20,Malmö,Pizza ,257,26,On Time, Returning
100139,2026-02-24,13,Uppsala,Burgers,264 kr,22,On time,New
110014,8 Jul 2026,19,Malmö ,Thai ,240.0,47,Late, new
103215,07.04.2026,12,Stockholm,pizza,157.0,55,late, Returning
111113,23/07/2026,18,Göteborg,KEBAB,279,29,on time,New
102346,2026-03-27,18, Stockholm,Burgers,357.0,34,On time,New
105406,6 May 2026,13,Lund,Salad,277,44,On time,Returning
107385,2026-06-02,13,Malmö,Vegan,177 kr,38,On time,new
103954,2026-04-17,11,Stockholm,Burgers,337.0,38,On time,New
107516,4 Jun 2026,18,Stockholm,Salad,273 kr,24,On Time, new
106717,24/05/2026,13, Stockholm,Kebab,193.0,39,On Time,Returning
105798,12.05.2026,17,Göteborg ,Pizza,264 kr,36,on time ,Returning
104764,28.04.2026,11,Stockholm, Kebab,SEK 247,47, late,New
113325,2026-08-21,17,Malmö,Indian,287,34,on time ,New
102592,30 Mar 2026,15,Stockholm,Pizza,SEK 229,38,On time,Returning
113011,17 Aug 2026,13,Stockholm,Burgers,315 kr,42,On time,RETURNING
102626,2026-03-30,16,Malmö,Thai ,192.0,39,On time,Returning
106104,2026-05-16,12,Stockholm,Burgers,287.0,34,On time,Returning
108943,2026-06-23,11,Malmö,Sushi,302.0,46,Late, Returning
108256,2026-06-14,14, Stockholm,Kebab,178.0,37,On time,Returning
105247,4 May 2026,20,Stockholm ,Burgers,199,35,On time,Returning
111686,30/07/2026,14,Uppsala , Sushi,277.0,34,On time,Returning
109013,24 Jun 2026,13,Malmö,Thai ,215,39,on time ,Returning
104785,2026-04-28,12,Uppsala,sushi,260.0,45,On time,New
107375,2026-06-02,10,Stockholm,BURGERS,262.0,36,On time,Returning
109016,2026-06-24,11,Uppsala,Pizza,232.0,43,On time,Returning
111503,28 Jul 2026,11,Göteborg,Salad,SEK 398,32,On time,Returning
107189,2026-05-31,17,Göteborg ,Salad,180.0,31,on time,New
104326,2026-04-22,12,Stockholm,Sushi,245.0,39,On time,Returning
107335,02.06.2026,17,göteborg,Salad,356.0,34,On time,Returning
105113,2026-05-03,18,Göteborg,Kebab,SEK 211,31,On time,New
105001,1 May 2026,12,uppsala,Pizza,286.0,35,On time,Returning
112310,08.08.2026,11,Göteborg,Thai,236,54,Late,New
108909,23 Jun 2026,19,Göteborg,Thai,292.0,35,On time,New
100908,07/03/2026,20, Stockholm,Vegan,291.0,25,On time,New
109137,26 Jun 2026,13,Malmö,BURGERS,"279,0",28,On time,Returning 
102708,2026-03-31,19,Uppsala,Kebab,283,33,On Time, Returning
104778,2026-04-28,11,Malmö,Pizza,233,26,ON TIME,New
107968,2026-06-10,19,STOCKHOLM,Pizza,312.0,53,Late, new
103626,2026-04-12,21,MALMÖ,Indian,SEK 281,32,On time,New
107771,7 Jun 2026,11,Malmö,Thai,252,25,On time,Returning
102357,2026-03-27,11,Stockholm,Pizza,SEK 166,53,Late,New
101739,2026-03-18,20,Uppsala,Thai,267.0,32,On time,Returning
108594,18.06.2026,10,Uppsala,Burgers,190.0,21,on time ,Returning
104488,2026-04-24,19,Malmö,Indian,208.0,27,On time,Returning
109086,2026-06-25,18,Lund,Indian,"194,0",38,On time,New
109661,3 Jul 2026,12,Uppsala,Pizza,"250,0",49,Late,New
105038,2026-05-02,16,Stockholm,Burgers,305.0,50,Late,Returning
109795,2026-07-05,20,Malmö,Thai,209.0,36,On time,Returning
111814,2026-08-01,19,Stockholm,Burgers,317.0,34,On time, Returning
109684,4 Jul 2026,20,Göteborg,Sushi,133.0,37,On time,Returning
110143,10 Jul 2026,20,Sthlm,Salad,293 kr,38,on time ,Returning 
109648,2026-07-03,19,Stockholm,Kebab ,258.0,37,On time,Returning
106846,2026-05-26,11,Göteborg,Burgers,278.0,26,On time,Returning
105413,7 May 2026,13,Göteborg ,Pizza ,256.0,39,On time,Returning
112060,2026-08-04,17,Uppsala,BURGERS,225.0,34,On time,Returning
110649,2026-07-17,19,Göteborg,Indian,SEK 275,49,Late,Returning
110818,2026-07-19,13,Göteborg,Sushi,254.0,40,On time,Returning
112275,2026-08-07,12,Malmö ,Pizza,253 SEK,46,Late,New
108105,2026-06-12,17,stockholm,Indian,287,42,On time,Returning
101756,2026-03-19,17,Göteborg,Vegan,242,40,On time,New
102996,2026-04-04,21,Malmö,Pizza,148.0,47,Late,New
108141,2026-06-12,11,Lund,Burgers,177,24,On time,New
103679,13.04.2026,19,Stockholm,Pizza,331,40,On time,Returning
101187,2026-03-11,11,Göteborg,Kebab ,236.0,27,on time,Returning
110114,10 Jul 2026,21,Göteborg,Thai,270 SEK,61, late,returning
101153,2026-03-10,14,Stockholm,Indian,351.0,30,On time,Returning
111737,2026-07-31,13,stockholm,Pizza,281.0,51,Late,Returning
113479,23/08/2026,20,STOCKHOLM,Burgers,370.0,0,,Returning
107193,2026-05-31,20,Göteborg,Burgers,163,50,Late,new
102340,27.03.2026,17,Göteborg,Pizza,278.0,34,on time,New
107660,6 Jun 2026,10,Stockholm,thai,310.0,40,On time,Returning
107628,2026-06-06,12,Göteborg,Thai,279.0,28,On time,Returning
104130,19 Apr 2026,11,stockholm,Indian ,177.0,29,On time,New
105726,10 May 2026,13,Lund,Burgers,202.0,32,On time,New
108937,23.06.2026,11,Malmö,Thai,167 kr,52, late,returning
108182,2026-06-13,14,stockholm,Pizza,325.0,32,On time,Returning
106347,2026-05-19,13,Malmö,Indian,SEK 207,34,On time,New
111990,2026-08-03,22,Malmö ,pizza,250,29,On Time,Returning
110581,2026-07-16,16,STOCKHOLM,Sushi,"265,0",44,On time,NEW
100425,2026-02-28,18,Malmö ,Sushi,211 SEK,27,On time,Returning
102306,2026-03-26,12, Malmö,burgers,181.0,54,Late,New
101899,2026-03-21,12,Stockholm,Burgers,194,51,LATE,Returning
113220,20.08.2026,13, Göteborg,Sushi,188.0,34,On Time,New
102143,24/03/2026,20,Stockholm,pizza,281.0,45,On time,Returning
101646,2026-03-17,15,Stockholm,KEBAB,259.0,51,late,Returning 
101835,2026-03-20,12,Göteborg,Pizza,279,64,Late,New
101845,2026-03-20,18,Stockholm ,Sushi,305 kr,27,On time,Returning
112158,2026-08-06,19,Göteborg,Burgers,156.0,48,Late,Returning
107174,2026-05-30,20,lund, Burgers,"186,0",34,On time,New
100504,01.03.2026,17,Stockholm,Burgers,308.0,44,On time,New
106697,2026-05-24,16,Stockholm,Pizza,323.0,41,On time,Returning
110186,2026-07-11,20,Göteborg,Kebab,223.0,31,On time,Returning
104246,2026-04-21,20,GÖTEBORG,Burgers,284,40,On time,Returning
100189,2026-02-25,11,Stockholm,Burgers,269.0,35,on time,New
103628,12.04.2026,18,Malmö ,Pizza,356.0,45,On time,Returning
102857,02.04.2026,17, Lund,Kebab,159.0,48,Late,RETURNING
112577,2026-08-11,17,Stockholm,Pizza,302,47,Late,Returning
100315,2026-02-27,17,Stockholm,pizza,"232,0",36,On time,New
105476,07.05.2026,22,Uppsala, Sushi,314.0,37,On time,Returning
106306,18 May 2026,20,Lund,Thai,"131,0",25,on time ,New
107519,2026-06-04,19,Stockholm,BURGERS,293,43,On time,Returning
105976,2026-05-14,20,Malmö,Sushi,302.0,20,On time,New
103340,2026-04-09,20,Göteborg,Sushi,279.0,44,on time,Returning
111604,2026-07-29,15,Malmö,Kebab,297 SEK,33,On time,Returning
105511,2026-05-08,16,Stockholm,pizza,187.0,28,On time,Returning
107607,5 Jun 2026,18,Uppsala , Pizza,240.0,35,On time,Returning
110029,2026-07-08,19,Lund,Salad,277 kr,49,Late,New
101604,16 Mar 2026,12,Malmö,Indian,302 kr,35,On time,Returning
107988,10 Jun 2026,11, Uppsala,Pizza ,"151,0",45,On time,New
109905,7 Jul 2026,11,Stockholm,Indian ,187 kr,40,On time,New
111588,2026-07-29,18,Stockholm ,Burgers,285.0,39,on time,Returning
101204,2026-03-11,10,Stockholm,Vegan,"242,0",24,Ontime,New
100596,2 Mar 2026,11,Uppsala,Indian,312.0,47, late,new
110772,18.07.2026,13,Malmö,Burgers,285 kr,29,On time,New
100805,2026-03-06,10,Gbg,Pizza,234.0,22,On time,Returning
100536,02.03.2026,11,Göteborg,Burgers ,239.0,35,On Time,New
112266,07/08/2026,10,Malmö,Thai,174.0,27,On time,New
108074,11 Jun 2026,11,Lund ,Burgers,"219,0",35,On time,Returning
104357,2026-04-22,19,Malmö,Burgers,262.0,36,On time,Returning
108668,19 Jun 2026,17,Malmö,Pizza,"170,0",33,On time,Returning
113271,2026-08-20,19,Uppsala ,Thai ,247.0,28,on time,New
111469,2026-07-27,14,Malmö,Salad,284.0,34,On time,RETURNING
112810,2026-08-14,18,Uppsala,Vegan,227,46, late,New
107744,7 Jun 2026,18,Stockholm,Kebab,277.0,41,On time,Returning
106689,2026-05-24,11,Göteborg,Pizza,181,45,On time,returning
107503,2026-06-04,9,göteborg,Sushi,SEK 411,37,on time ,New
106255,2026-05-18,11,Stockholm,Burgers,245,41,On time,Returning
101859,2026-03-20,15,Malmö,Pizza ,196.0,49,Late,New
112326,2026-08-08,15,Stockholm,Pizza,149.0,35,On time, Returning
104549,2026-04-25,18,Sthlm,Burgers,225 SEK,35,On time,Returning
101862,2026-03-20,10,Malmö,Pizza,251,34,On time,New
101660,2026-03-17,16,Stockholm, Pizza,"134,0",29,ON TIME,Returning
106616,2026-05-23,11,Göteborg,Burgers,283.0,32,On time,New
101125,10 Mar 2026,19,Göteborg,Sushi,"272,0",-5,,Returning 
104289,2026-04-21,12,Malmö,Indian,266.0,38,On time,Returning
102429,28 Mar 2026,20,Stockholm,Salad,"205,0",45,On time,Returning
110237,2026-07-11,17,Uppsala ,Pizza,310 kr,250,,New
112160,2026-08-06,12,Göteborg,Salad,305 SEK,20,On time,RETURNING
102445,2026-03-28,16,Malmö ,Vegan,348.0,44,On time,New
103689,2026-04-13,16,Stockholm,Kebab,200 kr,44,On time,Returning
111257,2026-07-25,12,Göteborg,Burgers,152.0,36,On time,Returning
112210,6 Aug 2026,12,Uppsala, Pizza,244.0,27,On time,Returning
108607,2026-06-19,21,Göteborg,Sushi,212,46,Late,New
106352,2026-05-19,14,Malmö ,Pizza,236.0,31,On time,Returning
109862,2026-07-06,12,Uppsala,Pizza,208.0,31,On Time,Returning
109678,2026-07-04,12,Gbg,Vegan,311,30,On time,Returning
102812,2026-04-02,16,Göteborg,Pizza,271,36,On time,Returning
101896,2026-03-21,23,Göteborg,kebab,239,37,On time,Returning
102577,2026-03-30,20,Göteborg ,Sushi,273.0,24,On time,Returning
102901,3 Apr 2026,22,STOCKHOLM,Burgers,"163,0",39,On time,New
102996,2026-04-04,21,MALMÖ,Pizza,148.0,47,Late,New
108774,2026-06-21,10,göteborg,Thai,150.0,45,on time ,Returning
110204,11 Jul 2026,14,Stockholm,Thai,356.0,29,On time,New
112276,2026-08-07,11,malmö,Burgers,"167,0",48,Late,Returning
105107,03.05.2026,18,Göteborg, Pizza,244.0,39,On time, Returning
112145,5 Aug 2026,16,Lund,Burgers,196.0,25,On time,Returning
102989,2026-04-04,20,Malmö, Sushi,397 SEK,36,On time,Returning
107458,2026-06-03,14,Stockholm,Thai,265 kr,31,On time,Returning
103090,2026-04-05,11,Malmö ,Pizza,247,43,On time,Returning
100232,26 Feb 2026,13, Göteborg, Pizza,"295,0",16,On time,New
101758,2026-03-19,19,Göteborg,Pizza,SEK 211,35,On time,New
104267,21 Apr 2026,12,Stockholm,Sushi,280,47,Late,New
100584,2026-03-02,20,Malmö,Vegan,250.0,21,On time, Returning
107925,9 Jun 2026,11,Uppsala,Sushi,331,40,On time,RETURNING
104263,21/04/2026,13,Stockholm,Thai ,138 SEK,44,Ontime,New
102933,2026-04-04,19,göteborg,Vegan,371,39,On time,New
103044,2026-04-05,11,Stockholm ,Salad,302.0,48,Late,New 
104754,2026-04-28,12,Stockholm,Sushi,270 SEK,36,On time,New
107950,2026-06-10,17,Göteborg,Kebab,"217,0",38,ON TIME,Returning
109107,2026-06-26,12,Stockholm,THAI,359.0,29,On time,Returning
104898,2026-04-30,20,Stockholm,Thai,SEK 191,38,ON TIME,Returning
106554,22 May 2026,19,Stockholm,Pizza,"323,0",54,Late,New
107416,03/06/2026,20,Göteborg,Pizza,291 kr,25,On time,Returning
103104,5 Apr 2026,17,Uppsala,Burgers,191 SEK,41,ON TIME,New
101821,2026-03-20,18,Göteborg,Salad,250.0,34,On time,Returning
100709,2026-03-04,18,Stockholm,Pizza,"234,0",31,On time,Returning
102327,2026-03-27,18,Göteborg ,Pizza,180.0,35,On time,Returning
106118,16 May 2026,15,Malmö,Pizza,163 kr,48,Late,Returning
105628,9 May 2026,18,Uppsala,Kebab ,295 kr,51, late,New
107277,01.06.2026,18,Göteborg, Vegan,297 kr,38,on time ,Returning
106721,2026-05-24,20,Stockholm,Pizza,"280,0",32,On time,New
108964,2026-06-24,12,Göteborg, Pizza,"240,0",29,On time,New
110692,2026-07-17,13,Malmö,Pizza,249.0,35,On time,Returning
110926,2026-07-20,20,STOCKHOLM,Thai,298.0,53,Late, Returning
102914,2026-04-03,19,Malmö,Sushi,262.0,34,On time,New
101441,2026-03-14,22,Malmö, Burgers,196 kr,42,On time,Returning
108855,2026-06-22,19,göteborg,Vegan,329,51,Late,RETURNING
103197,2026-04-07,19,Göteborg,Thai,239,30,On time,New
102264,2026-03-26,18,Göteborg,Kebab,205.0,28,On time,New
100113,24/02/2026,18,Stockholm,Kebab,288,41,On time,New
107391,02.06.2026,12,Uppsala,Thai,195.0,33,On time,returning
101779,2026-03-19,18, Stockholm,Pizza,SEK 235,28,on time ,Returning
108423,16 Jun 2026,15,Stockholm , Burgers,243 kr,24,On time,Returning
106813,2026-05-25,17,Malmö,burgers,251.0,43,On time,New
101291,12/03/2026,11,Stockholm ,Pizza,"233,0",48, late,Returning
111691,2026-07-30,13,Uppsala,Pizza,182.0,29,On time,Returning
108687,2026-06-19,19,Lund ,Sushi,322.0,37,On time,Returning
110875,2026-07-19,20,Uppsala,THAI,179,42,on time ,New
105881,13/05/2026,15,Stockholm,Burgers,"263,0",29,On time,Returning
106765,25.05.2026,18,Göteborg,Pizza,343.0,48,late,Returning
102033,2026-03-22,21,Uppsala ,Burgers,250.0,44,on time ,Returning
110728,2026-07-18,11,Stockholm,Burgers,291.0,30,On time,Returning
108207,2026-06-13,19,malmö,Pizza,182.0,34,On time,Returning
104999,1 May 2026,17,Uppsala,Indian,235.0,15,On time,New
101910,2026-03-21,11,Stockholm,Burgers,226.0,33,On time,New
113324,2026-08-21,16,Malmö,Indian ,302 SEK,28,on time,Returning
101624,2026-03-17,22,Gbg,Kebab,283.0,29,On time,New
109122,2026-06-26,22,STOCKHOLM, Burgers,230.0,36,On time,Returning
108005,2026-06-11,20,Göteborg, Salad,248.0,37,On time,Returning
103653,13.04.2026,17,Göteborg,Indian,221.0,47,LATE,New
105753,11/05/2026,12,Sthlm,Burgers,"202,0",30,On Time,New
111523,2026-07-28,17,Stockholm,burgers,244.0,34,On time,New
111868,02.08.2026,18,Göteborg,Burgers,131.0,43,On time,New
100560,2 Mar 2026,19,Stockholm,Kebab ,268 SEK,46,Late,Returning
105880,2026-05-13,17,Stockholm,THAI,"252,0",34,On time,New
106116,2026-05-16,17,Malmö ,Burgers,150.0,44,On time,New
105325,2026-05-05,13, Malmö,Thai,160.0,42,On time,Returning
100598,02/03/2026,16,uppsala, Burgers,163 kr,33,On time,Returning
112506,10 Aug 2026,16,Göteborg,Pizza,324,41,ON TIME,Returning
108701,2026-06-20,18,GÖTEBORG,Pizza,235 SEK,36,On time,Returning
111983,2026-08-03,12,Malmö ,Sushi,348.0,31,On time,New
104692,2026-04-27,12,Stockholm,Indian,"286,0",43,Ontime,Returning
104109,2026-04-19,19,Stockholm,Burgers,217.0,59,Late ,New
110473,14 Jul 2026,11,Malmö,Kebab,293.0,43,ON TIME, Returning
101148,10.03.2026,17,Stockholm, Indian,"284,0",18,On time,New
112704,2026-08-13,17,Göteborg,Indian,"204,0",31,On time,New
105227,2026-05-04,12,STOCKHOLM,Pizza,224.0,46,Late,RETURNING
106439,2026-05-20,17,Lund,Salad,249.0,23,On time,RETURNING
110972,2026-07-21,12,Göteborg,Sushi,"269,0",28,ON TIME,Returning
111550,2026-07-28,9,Uppsala,Thai,317.0,50,late,Returning
106459,2026-05-21,19,Göteborg,Vegan,115.0,33,On time,New
104779,28 Apr 2026,17,Malmö,Pizza,150.0,37,On time,Returning
109608,2026-07-03,17,Göteborg,pizza,270.0,54,Late,Returning
101577,16.03.2026,13,,Sushi,121 kr,67,LATE,Returning
105386,06/05/2026,21,Malmö,Pizza,265.0,29,On time,Returning
104606,2026-04-26,11,Göteborg,Sushi,200.0,37,On time,Returning
105531,8 May 2026,10,Malmö,Pizza,251,46,Late,Returning
101121,2026-03-09,21,Lund,Pizza,205.0,45,On time,Returning
113110,2026-08-18,19,Stockholm,Thai,245,23,On time,returning
103098,2026-04-05,13,Uppsala,Indian,283.0,53,Late,Returning
101092,2026-03-09,20,Stockholm,Sushi,299 kr,44,On time,Returning
103502,11 Apr 2026,18,,Vegan,"283,0",38,On time,New
109935,7 Jul 2026,19,Malmö ,Thai,"185,0",52,LATE,RETURNING
109606,3 Jul 2026,12,Göteborg,Burgers,271.0,37,Ontime,Returning
107328,2026-06-01,12, Uppsala,Pizza,309 kr,49,late,New 
102469,28 Mar 2026,11,Uppsala,Pizza,270,41,On time,Returning
109695,4 Jul 2026,11,Stockholm,Sushi,209.0,47,Late,Returning
107905,09.06.2026,15, Malmö,Pizza,213.0,38,ON TIME,Returning
111939,2 Aug 2026,23,Lund,Vegan,300.0,63,Late,Returning
110245,2026-07-11,21, Lund,Burgers ,89.0,35,On time, new
102152,2026-03-24,12,stockholm,Pizza,182.0,49,Late,Returning
100760,2026-03-05,14,Stockholm,Salad,328 SEK,46,Late,Returning
101604,2026-03-16,12,Malmö,Indian,SEK 302,35,On time,Returning
110126,10.07.2026,12,Stockholm,Pizza,235.0,31,On Time,New
100869,06.03.2026,11,Uppsala,kebab,319 SEK,37,ON TIME,New
109030,25/06/2026,18,Göteborg,Pizza,"220,0",27,On time,Returning
109967,2026-07-08,17,Göteborg,Sushi,278.0,37,On time,New
110867,2026-07-19,17,MALMÖ,PIZZA,263 SEK,48,LATE,Returning
111564,2026-07-29,22,Göteborg,Kebab,"225,0",46,Late,Returning
110185,11.07.2026,20,Göteborg,Thai,283,41,On time,New
101626,17 Mar 2026,20,Göteborg,Pizza,216.0,54,LATE,Returning
108679,19 Jun 2026,13,Uppsala,Kebab ,243.0,58,Late,Returning 
104593,26.04.2026,10,Göteborg,INDIAN,253 SEK,33,On Time, new
108532,2026-06-17,12,Uppsala,Burgers,210.0,19,On time,Returning
110256,2026-07-12,19,Göteborg,Burgers,304.0,41,On time,Returning
103735,14 Apr 2026,20,Göteborg,pizza,260.0,21,ON TIME,Returning
105068,2026-05-02,21,Malmö,Salad,200.0,29,on time,RETURNING
112983,2026-08-16,15,Malmö,thai,186.0,29,on time,Returning
109613,2026-07-03,15,Gbg,Thai,240 SEK,18,ON TIME,New
105270,2026-05-04,12,Uppsala,Salad,238.0,25,On time,New
101808,19/03/2026,14,Uppsala,Thai ,240 kr,43,On time,New
106593,2026-05-22,12, Uppsala,Sushi,369,26,On time,Returning
102189,2026-03-25,19,Göteborg,Sushi,233.0,28,On time,New
101799,19/03/2026,10,MALMÖ,Pizza,254.0,34,on time ,Returning
109609,2026-07-03,13,Göteborg,Thai,294.0,43,On time, Returning
113215,20 Aug 2026,11,Göteborg,Pizza,256 kr,52,Late ,New
109629,03/07/2026,20,Stockholm,PIZZA,"225,0",49,Late,Returning
102729,2026-04-01,20,Göteborg,Indian,240.0,37,On time,New
100853,2026-03-06,18,Malmö,Salad ,311 SEK,37,On time,RETURNING
110164,2026-07-10,18,Uppsala,Burgers,"217,0",39,On Time, Returning
102977,2026-04-04,22,Stockholm,Indian,180.0,47,Late,Returning
111297,2026-07-25,12,Stockholm,Indian,226,27,On time,New
106039,2026-05-15,11,Malmö,Pizza,"202,0",46,LATE,New
111285,2026-07-25,10,Stockholm,BURGERS,"351,0",43,on time ,Returning
100710,4 Mar 2026,16,Stockholm,BURGERS,212.0,24,On time,NEW
109119,2026-06-26,16,Stockholm,Burgers,251.0,16,On time,New
103486,2026-04-11,13,Göteborg,Pizza,227.0,38,On time,Returning
103314,2026-04-08,14,Uppsala,Burgers,165.0,46,Late,RETURNING
103903,16 Apr 2026,9,Stockholm,Kebab,264.0,47,Late,Returning
104936,2026-04-30,11,Lund,thai,312,51, late,returning
100662,2026-03-03,18,MALMÖ,Salad,269.0,-5,,Returning
107269,01/06/2026,22,Gbg, Burgers,321.0,33,On time,Returning
109808,5 Jul 2026,13,Uppsala,Sushi,190,45,On time,Returning 
112729,13 Aug 2026,12,Malmö,Pizza,171.0,15,on time ,Returning
102379,27 Mar 2026,10,Malmö,Kebab,165.0,38,On time,Returning
108374,2026-06-15,17,Stockholm,Pizza,"202,0",51,Late,Returning
106747,2026-05-24,21,uppsala,Burgers,309 kr,55,Late ,Returning 
105230,2026-05-04,12,Stockholm,Pizza,241.0,31,On time,New
110199,11.07.2026,14, Stockholm,Burgers,261 kr,34,On time,New
105713,10/05/2026,20,Uppsala,Sushi,157 kr,33,On time,new
101297,2026-03-12,18,Stockholm,Burgers,325,50,Late ,Returning 
106320,2026-05-19,19,Göteborg,Sushi,SEK 261,22,On time,Returning
100292,27 Feb 2026,15,Göteborg ,Pizza,328.0,48,Late,New
106447,21 May 2026,20,Göteborg,Thai,237.0,24,on time , Returning
102643,2026-03-31,10,Göteborg,Indian,266 kr,26,Ontime,RETURNING
109280,2026-06-28,18,Sthlm,Vegan,162.0,53,Late,Returning
100589,2026-03-02,14,Malmö,Pizza,169.0,31,On time,Returning
109800,2026-07-05,18,Malmö,Sushi,308.0,63,Late,New
109306,28 Jun 2026,20,Malmö,Pizza,310.0,28,On time,New
105231,2026-05-04,13,Stockholm ,Burgers ,329.0,32,On time,New
108896,22 Jun 2026,14,Uppsala,Kebab,282.0,38,On time,Returning
107565,2026-06-05,19,,Pizza,SEK 136,50,Late,New
100964,2026-03-08,13,Göteborg,Salad,176.0,36,On time,Returning
105401,6 May 2026,20,uppsala,Sushi,"202,0",34,Ontime,RETURNING
111444,2026-07-27,20,Göteborg,Burgers,245.0,15,On time,New
112263,07.08.2026,17,STOCKHOLM,Burgers,102.0,44,On time, Returning
107703,6 Jun 2026,14,Lund,Sushi,238 SEK,45,On time,Returning
106498,21.05.2026,23,Malmö,Thai,302.0,32,on time ,Returning
112165,2026-08-06,19,Stockholm,Sushi,333.0,29,on time ,Returning
102299,2026-03-26,20,Malmö,Sushi,294 kr,34,On time,RETURNING
106105,2026-05-16,18,Stockholm,Kebab,299.0,53,Late,Returning
110524,15 Jul 2026,14,Stockholm,Burgers,326.0,42,On time,New
100050,2026-02-23,12,Malmö,Indian,SEK 271,41,On time,Returning 
101727,2026-03-18,13,malmö, Thai,273.0,34,On time,Returning
111512,2026-07-28,16,Stockholm,Sushi,200,21,On time,Returning
107669,6 Jun 2026,13,Stockholm, Pizza,297.0,19,On time,Returning
102328,2026-03-27,11,Göteborg,Sushi,173.0,32,On time,New
106875,26 May 2026,18,STOCKHOLM, Kebab,283.0,30,On time,Returning
102539,29.03.2026,12,Stockholm,Vegan,198,42,on time,New
113183,2026-08-19,20,Malmö,Sushi,336.0,39,On time,Returning
104595,2026-04-26,19,göteborg,pizza,202 kr,46,Late,Returning
100932,07.03.2026,18,Malmö,Thai,"213,0",36,On time,New
109660,2026-07-03,11,Uppsala,Indian,327,40,On time,New
108808,2026-06-21,15, Stockholm,Burgers,264.0,34,On time,Returning
102415,28 Mar 2026,10,Göteborg,Pizza,239,41,ON TIME,Returning
105307,2026-05-05,20,Stockholm,Kebab,"247,0",50,Late,Returning
104467,24 Apr 2026,19,stockholm,Pizza,300.0,27,ON TIME,Returning 
112934,16 Aug 2026,18, Stockholm,Kebab ,234 kr,39,On time,RETURNING
103701,2026-04-13,16,,Thai,272.0,41,On time,RETURNING
104793,2026-04-28,14,Lund,Sushi,215 SEK,999,,Returning
102612,2026-03-30,19,Stockholm,Indian ,165 SEK,37,On time,new
111545,2026-07-28,20,Malmö,THAI,298.0,55,Late,Returning
103618,2026-04-12,20,malmö,PIZZA,223.0,37,On time,Returning
109186,27/06/2026,10,Stockholm ,Thai,230.0,29,On time,Returning
109201,2026-06-27,12,Stockholm,THAI,277.0,36,On time,Returning
111208,2026-07-24,20,Stockholm,Burgers,262 kr,48,Late,Returning
107647,6 Jun 2026,18,Stockholm,Burgers,168.0,36,On time,Returning
100971,2026-03-08,11,Gbg,BURGERS,269,31,On time,Returning
102326,2026-03-27,13,Göteborg,Kebab,225 SEK,37,On time,Returning
106695,24/05/2026,19,Stockholm,Kebab ,SEK 258,40,On time,Returning
109769,5 Jul 2026,13,Stockholm,Salad,171.0,40,On time,Returning
100783,2026-03-05,13,Malmö,PIZZA,SEK 224,47,late,Returning
107690,2026-06-06,11,malmö,Indian,204.0,30,On time,Returning
108477,2026-06-16,18,Lund,Kebab,265.0,34,On time,New 
110098,2026-07-09,12, Uppsala,Vegan,198.0,40,On time,Returning
112887,2026-08-15,11, Malmö,Salad,154,52,Late ,New
107535,2026-06-04,18, Uppsala,Burgers,359.0,36,On time,New
104035,18.04.2026,15,Stockholm,Thai,200.0,30,On Time,Returning
106561,2026-05-22,13,Stockholm, Thai,316.0,22,On time,Returning
101252,12 Mar 2026,12,Göteborg,Pizza,260 SEK,23,On time,New
101071,2026-03-09,21,Sthlm,Indian,216,49,Late,Returning
105135,2026-05-03,20,Stockholm,salad,"155,0",39,On time,New
100382,2026-02-28,12,Göteborg,indian,242,56,Late,Returning
100155,2026-02-25,11,Göteborg,Sushi,249.0,17,On time, Returning
111478,2026-07-27,13,Malmö,PIZZA,203.0,45,On time,Returning
110050,2026-07-09,20,Göteborg,Salad,319.0,41,On time,Returning
108128,12.06.2026,13,Uppsala,Thai,273.0,41,On time,Returning
102054,23 Mar 2026,21,Göteborg,BURGERS,238 SEK,32,On time,New 
107541,2026-06-04,11,Lund,Thai,289.0,35,On time,New
112030,2026-08-04,12,Stockholm,Salad,212,29,On time,Returning 
103119,06.04.2026,14,Göteborg,Pizza,182 kr,46,Late , Returning
104384,2026-04-23,13,Göteborg,SUSHI,216 SEK,42,On time,Returning
112360,2026-08-08,23,Stockholm,Vegan,223.0,28,On time,New
104296,21 Apr 2026,13,Uppsala,SUSHI,210 SEK,35,On time,New
109503,2026-07-01,12,Stockholm,Pizza,261,42,On time,RETURNING
105853,12 May 2026,13,Lund,Thai,302.0,31,On time,Returning
112471,2026-08-09,14,Malmö,Indian,"229,0",45,On time,Returning
105738,11 May 2026,19,Göteborg,Pizza,359.0,36,On time,Returning
103804,2026-04-15,13,Göteborg,Pizza,"243,0",44,On time,New
102450,2026-03-28,10,Malmö,Burgers,353,43,On time,NEW
113358,22.08.2026,12,Göteborg,Pizza,"307,0",38,On time,New
110001,2026-07-08,11,Stockholm,Salad,302 kr,61,Late,Returning
106629,2026-05-23,21,Stockholm, Thai,258,36,On time,Returning 
102354,27 Mar 2026,18,stockholm,THAI,271.0,43,On time,Returning
109243,2026-06-27,14,Uppsala,Burgers,270.0,40,On time,Returning
112703,2026-08-13,15,Göteborg,Pizza,232 kr,43,On time,Returning
111920,2 Aug 2026,14,Malmö,Thai,242,34,on time,New
112176,06/08/2026,14,Stockholm,Pizza,273 kr,27,On Time,Returning
109299,2026-06-28,18,Malmö,Thai,294.0,38,On time,Returning
102167,24.03.2026,16,Malmö,Pizza,227.0,41,On time,Returning
102380,27 Mar 2026,18,Malmö,Kebab,203 kr,24,On time,Returning
107133,2026-05-30,11,Stockholm,Pizza,"244,0",32,On time,Returning
108861,22 Jun 2026,12,Göteborg,Burgers,240.0,34,On time,Returning
106541,2026-05-22,12,Göteborg, Burgers,277.0,31,On time,Returning
100106,24 Feb 2026,19,Stockholm,Pizza,147 kr,44,On time,New
105723,10 May 2026,10,Uppsala ,Burgers,"335,0",55, late,NEW
108520,2026-06-17,18,Stockholm,burgers,196.0,43,On time,Returning
107976,2026-06-10,11,Stockholm,Pizza,210.0,40,Ontime,Returning
113317,2026-08-21,19, Stockholm,Salad,302.0,18,On time,Returning
112608,2026-08-11,12,Malmö,Kebab,260.0,21,on time ,Returning
101296,12/03/2026,12,Stockholm,pizza,250.0,32,On time,Returning
112277,07.08.2026,12,Malmö,Pizza,216.0,31,On time,New
104087,19.04.2026,16,Göteborg,Pizza,273 kr,38,On time,Returning
104571,2026-04-25,19,Malmö,Salad,229.0,48,Late ,Returning
103133,2026-04-06,11,Stockholm,Pizza,"270,0",22,On time,Returning
106853,26 May 2026,13,Sthlm,Pizza,213.0,37,On time,Returning
106439,2026-05-20,17,Lund,Salad,249.0,23,On time,returning
104091,2026-04-19,14,Göteborg,Indian,222.0,36,on time ,Returning
104059,2026-04-18,11,,Pizza ,225.0,28,On time,Returning
110378,13/07/2026,12,Stockholm,Kebab,227,54,Late,Returning
110977,21 Jul 2026,11,Stockholm, Indian,277 SEK,45,On time,New
104440,2026-04-23,22,Lund ,Pizza,"235,0",37,on time ,New
100389,28.02.2026,11,Sthlm,Indian,"224,0",30,On time,Returning
104713,27 Apr 2026,13,Malmö,Kebab ,274 kr,61,Late,Returning
100891,2026-03-07,20,Göteborg,Burgers,"230,0",43,on time,Returning
106687,2026-05-24,10,Göteborg,Burgers,185,27,On time,New
111556,2026-07-28,11, Lund,Vegan,"165,0",48,Late,Returning
100052,2026-02-23,13,Malmö,Burgers,234.0,54,Late,Returning
108617,19 Jun 2026,18,Göteborg,Kebab,249.0,41,On time,New 
110396,2026-07-13,11,Malmö,Sushi ,"323,0",52,Late,New
103141,2026-04-06,18, Stockholm,Burgers,"235,0",34,On time,Returning
105555,2026-05-09,18,GÖTEBORG,Kebab ,250.0,45,On time,New
108091,2026-06-12,19, Stockholm,Burgers,248 SEK,52,Late,New
103583,12.04.2026,13,Stockholm,Kebab,228.0,53,Late,New
102291,2026-03-26,16,Stockholm, Sushi,"293,0",31,on time,Returning 
113060,17 Aug 2026,21,Lund ,Burgers,SEK 304,41,on time,Returning
110138,10/07/2026,15,STOCKHOLM,Burgers,223.0,37,On time,New
109236,27 Jun 2026,15,Malmö,Pizza,160 SEK,17,On time,Returning
100283,2026-02-26,21,Lund ,Vegan,243 kr,40,On time,Returning
108579,18 Jun 2026,21,Malmö,Sushi,"222,0",56,Late ,Returning
111937,02.08.2026,14,uppsala,Pizza,312 SEK,35,on time,New
111999,3 Aug 2026,20,Lund,Burgers,328,16,On time,New
106011,2026-05-15,11,Göteborg,Pizza,246.0,31,On time,New
100268,2026-02-26,13,Malmö,Indian,353,53,Late,Returning
110159,2026-07-10,22,Malmö,burgers,205.0,16,On time,Returning
101350,2026-03-13,20,Stockholm,Indian,254.0,30,On time,Returning
112679,12 Aug 2026,12,Uppsala,Burgers,191.0,31,ON TIME,New
100187,2026-02-25,18,Sthlm,Thai,216.0,30,Ontime,Returning
100749,5 Mar 2026,17,GÖTEBORG,Thai,"108,0",31,On time,New
100319,27 Feb 2026,11,Stockholm,Burgers,243 SEK,47,late,New 
111711,2026-07-31,11,Göteborg,Pizza,SEK 413,44,On Time,Returning
107980,2026-06-10,11,MALMÖ,Kebab,270.0,43,On time, Returning
109626,2026-07-03,16,Stockholm,Kebab,210,55,Late,New
101417,2026-03-14,17,Stockholm ,Burgers,276,38,On time,New
101754,19.03.2026,10,Göteborg,Indian,287.0,31,On time,New
106492,2026-05-21,11,Stockholm,Thai ,301,17,ON TIME,New
113113,2026-08-18,12,Stockholm,Burgers,376.0,36,On Time,new
102805,2026-04-02,12,Göteborg,Burgers,288 SEK,35,on time ,Returning
109523,2026-07-01,14,Uppsala,Burgers,272.0,33,On time,New
105958,14 May 2026,17,Stockholm,Salad,254 kr,28,On time,returning
112784,14/08/2026,18,Stockholm,Kebab ,189 kr,27,ON TIME,RETURNING
109590,2026-07-02,19,,THAI,"228,0",35,On time,Returning
112890,2026-08-15,13,Malmö,Kebab,210.0,34,On time,Returning
110141,10 Jul 2026,14,Stockholm,Salad,328.0,55,Late,Returning
100484,2026-03-01,19,Stockholm,Sushi,SEK 242,38,ON TIME,New
111861,2026-08-02,18,GÖTEBORG,Thai,299.0,17,on time,Returning
112431,09.08.2026,18,Stockholm,Burgers,236.0,31,on time ,Returning
103511,2026-04-11,18,Stockholm,Kebab,SEK 299,39,On time,Returning
103896,2026-04-16,9,Stockholm, Sushi,"247,0",29,On time,New
100090,24/02/2026,21,,Pizza,"194,0",45,On time,Returning
107840,2026-06-08,15,Malmö, Kebab,243.0,22,on time,Returning
107035,2026-05-29,11,Göteborg,Burgers,251.0,45,On time,New
109940,2026-07-07,23,Malmö,Indian,211 kr,39,On Time,New
103551,2026-04-11,13,Lund,Burgers ,343.0,49,Late,Returning
105792,2026-05-11,11,Uppsala,Kebab,191.0,32,on time ,Returning 
111163,23.07.2026,12,Lund,Kebab,226.0,30,On time,New
108277,14/06/2026,19,Stockholm ,Indian,321,23,On time,RETURNING
102318,26 Mar 2026,11,Uppsala,Sushi,179.0,29,On time,Returning
107334,02/06/2026,17,Göteborg,burgers,294 kr,50,Late ,New
102139,2026-03-24,17,Stockholm,Sushi,237.0,42,On Time, Returning
108537,2026-06-17,19,Uppsala,Thai,226.0,34,On time,Returning
113524,2026-08-23,14,Lund,Indian,SEK 149,39,On time,Returning
107069,2026-05-29,12,,Pizza ,SEK 165,26,On Time,new
106623,2026-05-23,20,Stockholm,Burgers,277,19,On time,Returning
106391,2026-05-20,12,Stockholm,Vegan,348 SEK,34,On time,New
109015,24/06/2026,11,Uppsala,Vegan,248.0,25,On time,Returning
105031,2026-05-02,16, Stockholm,pizza,285.0,43,On Time,New
101108,9 Mar 2026,11,Malmö,Vegan,168.0,35,On time,Returning
101798,2026-03-19,15,Malmö,Sushi,159.0,34,On time,New 
110295,2026-07-12,15,Stockholm,Burgers,"200,0",62,LATE,New
108506,17 Jun 2026,19,STOCKHOLM,Thai ,240 kr,32,On Time,Returning
106705,2026-05-24,20,Stockholm,Sushi,250.0,42,On time,RETURNING
102847,2026-04-02,19,Malmö,PIZZA,270.0,42,On time,New
113303,2026-08-21,12,Stockholm,Salad,SEK 264,42,On time,New
102982,2026-04-04,12,Stockholm,Pizza ,193,34,On time,New
112665,2026-08-12,15,Malmö,Thai,245.0,27,On time,New
103417,2026-04-10,15,Göteborg,Thai,272.0,54,Late,Returning
108581,2026-06-18,13,Malmö,sushi,363.0,27,on time ,Returning
109389,2026-06-29,11,Uppsala,Kebab,287.0,27,On Time,New
107244,31.05.2026,22,Malmö,Pizza,278.0,46,Late,RETURNING
106474,2026-05-21,18,Sthlm,Kebab,221.0,26,On time,New
109120,2026-06-26,14,Stockholm,vegan,89.0,53,Late,New
109073,25 Jun 2026,12,Malmö,Burgers,236.0,41,On time,Returning
100625,03.03.2026,12,Stockholm ,SUSHI,171.0,32,On time,New
107094,2026-05-30,12,Gbg,Burgers,340.0,35,on time,New
107241,2026-05-31,12,Malmö,Salad,256.0,20,Ontime,New
110730,18 Jul 2026,16,Stockholm,Salad,167 kr,28,On time,Returning
102879,2026-04-03,17,Stockholm,Indian,"291,0",36,ON TIME,Returning 
103218,2026-04-07,10,Stockholm,Salad,260.0,51,late,Returning
103873,16.04.2026,19,Göteborg, Indian,199.0,32,On time,Returning
113281,2026-08-20,15,Lund ,pizza,225,26,On time, Returning
107526,2026-06-04,17,Malmö,Pizza ,254.0,30,On Time,Returning
112183,2026-08-06,12,Stockholm,Burgers,269,22,On time,Returning
113062,2026-08-17,13,Lund,Kebab,SEK 269,26,On time,Returning
104226,2026-04-20,21,Uppsala,Thai,242.0,30,On time,Returning
113253,2026-08-20,12,,Burgers,208.0,42,On time,NEW
102412,2026-03-28,18,,Sushi,234.0,36,On time,Returning
111970,2026-08-03,20,Stockholm,Kebab,239,38,ON TIME, Returning
106364,2026-05-19,14,lund,Sushi,222.0,38,On time,New
111765,2026-07-31,15,Lund,Thai,149,48,Late,returning
103286,8 Apr 2026,11,Sthlm, Burgers,209.0,37,On time,Returning
110975,21 Jul 2026,19,Göteborg , Pizza,"177,0",26,on time,New
104424,2026-04-23,17,Malmö,Kebab,300,39,On time,New
100367,2026-02-28,12,Göteborg,Pizza,224.0,42,On time,New
110592,2026-07-16,20,Stockholm,Pizza,SEK 249,45,On time,New
101404,14/03/2026,14,Stockholm,Kebab ,253 kr,19,On time,Returning
109482,2026-07-01,17,Göteborg,Vegan,304.0,40,On time,Returning
111937,2026-08-02,14,Uppsala,Pizza,SEK 312,35,On time,New
107436,3 Jun 2026,17,Stockholm,thai,281 kr,37,Ontime,Returning
103466,10 Apr 2026,16,,Burgers,226.0,0,,New
110888,19.07.2026,19,Lund,Burgers,283,43,On time,Returning
111087,2026-07-22,17,Malmö,Pizza,181,32,On time,New
113083,18/08/2026,17,Stockholm,Pizza,194,29,On time,Returning
108429,2026-06-16,19, Stockholm, Sushi,279 SEK,41,On time,Returning
102863,03.04.2026,13,Göteborg, Pizza,236.0,33,On Time,New
100384,2026-02-28,18,Stockholm ,Burgers,344.0,31,on time ,Returning
106736,24/05/2026,18,Malmö,INDIAN,282.0,32,on time,Returning 
108347,15.06.2026,12,stockholm,Sushi,"189,0",36,On time,New 
109567,2 Jul 2026,20,Stockholm,Thai,312.0,34,On time,New
105074,2026-05-02,20, Malmö,Burgers,189.0,31,On time,Returning
106732,2026-05-24,10,malmö,Vegan,89.0,48,Late,Returning
107781,2026-06-07,16,Malmö,Pizza,325,39,On time,Returning
111084,2026-07-22,10, Malmö,Sushi ,167.0,33,On time,New
108395,15 Jun 2026,19, Uppsala,Vegan,190.0,35,On Time,RETURNING
104717,2026-04-27,10,Malmö,Sushi ,251.0,41,On time,Returning
110482,2026-07-14,11,uppsala,Burgers,298.0,22,on time ,Returning 
103811,2026-04-15,12,Göteborg,Kebab,160.0,19,On time,Returning
104807,29 Apr 2026,19,Göteborg,Kebab,198.0,47,Late,New
105719,2026-05-10,11,Uppsala,Sushi,284,27,On time,Returning
107008,2026-05-28,11,,Indian,140.0,42,on time ,New 
110130,2026-07-10,14, Stockholm,BURGERS,382.0,55,Late,Returning
103663,2026-04-13,12,Göteborg,Vegan,305,25,on time,Returning
108601,2026-06-18,11,Lund,Thai,248.0,29,Ontime,New
111004,2026-07-21,15,Stockholm,Kebab ,192.0,23,On time,Returning
109841,6 Jul 2026,18,Sthlm,Sushi,251.0,31,ON TIME,Returning
107413,2026-06-03,17,Göteborg,Salad,245.0,27,on time,New
106750,24/05/2026,12,Uppsala,Pizza,233.0,32,On time,New
110411,2026-07-13,18,Uppsala,Burgers,SEK 230,41,On time,New
102159,2026-03-24,14,STOCKHOLM, Pizza,250.0,250,,Returning
111770,01/08/2026,19, Göteborg,Kebab,299,250,,New
112625,12.08.2026,11,Göteborg,Thai ,230 SEK,41,On time,New
106902,2026-05-27,13,Göteborg ,Sushi,318.0,44,On time,Returning
108593,2026-06-18,12,Uppsala,Pizza,"267,0",39,On time,Returning
106191,2026-05-17,12,,Pizza,155.0,30,On time,New
106275,2026-05-18,16,Stockholm,Indian,275,36,On time,new
104733,2026-04-28,19,Göteborg,Burgers,300 SEK,42,On time,Returning
107679,2026-06-06,11,Malmö,Vegan,263.0,38,ON TIME,RETURNING
105712,2026-05-10,19,Malmö,Indian,276 SEK,33,On time,New
109023,2026-06-24,18,Lund,Sushi,314.0,36,On time,Returning
103132,06.04.2026,13,Stockholm,Pizza,274,40,On time,Returning
103474,2026-04-10,23,Lund,Burgers,305.0,36,On time,Returning
104951,01/05/2026,16,Göteborg,KEBAB,233.0,30,on time,Returning
103914,2026-04-16,17,Malmö, Pizza,233.0,20,ON TIME,New
107230,31/05/2026,13,Stockholm,Pizza,373 SEK,37,On Time,Returning
109728,4 Jul 2026,13,Uppsala,Pizza,273,45,On time,New
106130,2026-05-16,15,Uppsala,Pizza,274 kr,27,On time,New
108007,2026-06-11,20,Göteborg,Pizza,305.0,40,On time,New
110177,2026-07-11,13,Göteborg,INDIAN,260.0,43,On time,New
100970,8 Mar 2026,17,Göteborg,Vegan,232.0,50,Late,Returning
105041,2026-05-02,21,Stockholm,Pizza,128.0,35,On time,Returning
101419,14 Mar 2026,12,Stockholm,Salad,133.0,43,On time,New
100703,04.03.2026,20,Stockholm,Burgers,281 SEK,56,late,returning
104914,2026-04-30,12,Malmö,Pizza,281 kr,36,On time,Returning
106520,21 May 2026,12,Lund,Pizza,213.0,26,On time,Returning
105666,10.05.2026,19,Stockholm,Sushi,364.0,36,On time,New
106245,18 May 2026,17,Göteborg, Vegan,261,35,On time,New
107883,2026-06-09,19,Stockholm,THAI,269,25,ON TIME,returning
107676,2026-06-06,20,Malmö,Thai,262,50,Late,Returning
104350,2026-04-22,14,Stockholm,PIZZA,262.0,38,on time,Returning
111137,2026-07-23,13, Stockholm,PIZZA,180.0,47,Late,Returning
103554,2026-04-11,20,Lund, Kebab,336.0,31,On time,Returning
100450,01/03/2026,12,Göteborg,Sushi,SEK 211,30,On time,Returning
102183,2026-03-24,11,lund,pizza,"323,0",35,On time,Returning
110889,2026-07-20,20, Göteborg,Pizza ,240 SEK,31,On time,New
112419,2026-08-09,15,Sthlm,indian,269.0,49,Late,Returning
108972,24.06.2026,12,Göteborg,Thai,273.0,41,On time,Returning
109974,2026-07-08,14,Göteborg,Sushi,256.0,34,ON TIME,New
103535,2026-04-11,20,Malmö,Thai,183 SEK,23,ON TIME,New
108753,2026-06-20,10,Uppsala,Kebab,244.0,38,On time,Returning
102815,2026-04-02,18,Stockholm,Thai,239,47,Late,RETURNING
112056,2026-08-04,20, Malmö,Pizza,283.0,35,On time,Returning
107483,2026-06-03,10, Lund,Burgers,151.0,30,On time,Returning
103109,2026-04-05,9,Uppsala,Salad,159.0,36,On time,Returning
105021,2026-05-02,13,Göteborg, Burgers,212.0,39,On time,New
102267,2026-03-26,17,,Burgers,295 kr,42,On Time,Returning
100317,27 Feb 2026,22,Stockholm,Burgers,SEK 262,42,On time,Returning
107356,2026-06-02,17,Sthlm,Pizza,257,25,On time,Returning
108097,12/06/2026,11,Stockholm,Kebab,263.0,29,On time,Returning
110930,2026-07-20,20,Stockholm ,Sushi,"306,0",38,On time,Returning
105566,2026-05-09,18,Göteborg,Pizza,299.0,37,On time,New
107910,9 Jun 2026,12,Malmö,Pizza,"334,0",39,ON TIME,New
106914,2026-05-27,12,GÖTEBORG,Burgers ,"350,0",43,On time,New
101610,2026-03-16,13, Lund,Indian ,207.0,43,On time,Returning
101730,2026-03-18,13,Malmö,Burgers,301.0,31,On time,Returning
108704,20/06/2026,18,Göteborg,Sushi,304.0,51,Late,New
108665,2026-06-19,19,Malmö,Burgers,218.0,40,On time,Returning
101543,2026-03-15,18,Lund,Burgers,309 SEK,52,Late,Returning
109351,2026-06-29,20,Stockholm,Pizza,210,41,On Time,Returning
101277,2026-03-12,21,Stockholm,Burgers,390.0,46,LATE,Returning
100640,2026-03-03,16, Stockholm,Indian,298.0,38,On time,New
107376,02.06.2026,10,Stockholm,Kebab ,"289,0",45,On time,Returning
105850,12/05/2026,21, Lund,Sushi,245.0,38,On time,Returning
111740,31/07/2026,13,Stockholm,Indian,182.0,40,On time,Returning
103396,2026-04-09,19,Uppsala,Indian,270,45,On time,RETURNING
108658,2026-06-19,13,Stockholm,Burgers,218.0,41,On time,Returning
112681,2026-08-12,10,Lund,Pizza,221.0,41,On time,New
108789,2026-06-21,18,Stockholm,Burgers,335.0,-5,,New
113314,2026-08-21,15,Stockholm, Vegan,226.0,22,On time,Returning
102696,2026-03-31,18,Stockholm ,Kebab,349 SEK,26,On time,New
102624,2026-03-30,18,Malmö,BURGERS,203 kr,30,Ontime, Returning
112695,13.08.2026,18,Göteborg,Pizza,SEK 249,36,On time,New
112722,13 Aug 2026,17,Stockholm,PIZZA,SEK 226,33,On time,Returning
105112,03/05/2026,21,Göteborg,BURGERS,197.0,36,On time,Returning
106027,2026-05-15,12, Stockholm,Thai,278.0,31,On time,Returning
105127,03.05.2026,9,Stockholm ,PIZZA,233,54,Late,Returning
109009,2026-06-24,21,Malmö,Indian,267.0,29,On time,New
113199,2026-08-19,13,Lund,Pizza,SEK 185,32,On time,Returning
101217,2026-03-11,14, Stockholm,Pizza,193.0,31,On time,Returning
106789,2026-05-25,19, Stockholm,Thai,204.0,36,On time,New
100429,2026-02-28,12,Malmö,Burgers,265,51,Late,RETURNING
104780,28 Apr 2026,16,malmö,Pizza,183 SEK,23,On time,New
112249,2026-08-07,14,Stockholm,Salad,339,30,Ontime,New
109195,27/06/2026,22,Stockholm,Kebab,162,28,On time,Returning
104143,2026-04-19,14,malmö,Burgers ,245.0,20,On time,New
108688,19 Jun 2026,12,Lund, Thai,155,23,On time,Returning
103566,12/04/2026,22,Göteborg,Vegan ,"201,0",44,on time,New
102512,2026-03-29,17,Stockholm,Pizza,276.0,26,On time,Returning
103429,10.04.2026,13,Stockholm,Indian ,"334,0",35,On time,New
109293,28 Jun 2026,11, Malmö,Pizza,247.0,38,ON TIME,Returning
110659,2026-07-17,9,Stockholm,Burgers,189.0,32,On time,Returning
102991,4 Apr 2026,19,Malmö,Vegan,286 SEK,62,Late,NEW
105550,9 May 2026,12, Göteborg,Pizza,247.0,37,On time,Returning
112995,2026-08-16,19,Lund,Salad,203,27,On time,New
110896,2026-07-20,20,GÖTEBORG,Burgers,297.0,26,On time, new
105992,2026-05-14,12,Lund,Salad,236 SEK,51,Late,Returning
105219,2026-05-04,21,göteborg,Kebab,273.0,37,On time,New
113221,20/08/2026,11, Göteborg,Pizza,333.0,39,On time,Returning
107852,08/06/2026,17,Uppsala,Pizza,176 kr,31,On time,Returning
109069,25 Jun 2026,11,Malmö,SALAD,270,42,On time,new
102567,2026-03-29,15,Lund, Vegan,285.0,36,On time,RETURNING
102362,2026-03-27,19,Stockholm,Vegan,232.0,52,Late,Returning
104921,2026-04-30,22,Malmö,Pizza,270.0,25,On time,NEW
109463,2026-07-01,13,Göteborg,Pizza,223 SEK,36,On time, Returning
110428,14 Jul 2026,15,Göteborg,Burgers ,183,37,On time,New
112099,2026-08-05,19,Stockholm,Indian,294 SEK,-5,,Returning
113019,2026-08-17,13,Stockholm,sushi,SEK 227,38,On time,Returning
109354,2026-06-29,12, Stockholm,Sushi,262.0,49,Late,Returning
101634,17.03.2026,20,Stockholm,Kebab ,197,0,,New
102845,2026-04-02,11,malmö,Burgers,222,27,On time,Returning
110558,2026-07-15,22,Uppsala,Sushi,350 kr,34,ON TIME,Returning
108373,2026-06-15,19,stockholm,Sushi,89,44,On time, Returning
105668,2026-05-10,12,Stockholm,Sushi,314.0,37,ON TIME,Returning
103289,2026-04-08,16,Stockholm,Kebab,270 SEK,45,On time,RETURNING
102055,23 Mar 2026,18,Göteborg,Pizza,230,40,On time,New
101500,2026-03-15,21,stockholm,Indian,360 kr,42,On time, Returning
107805,2026-06-08,17,Göteborg,Sushi,207.0,23,On time,Returning
100063,23/02/2026,19,Uppsala,Pizza,296.0,37,On time,New
103758,14 Apr 2026,12,Stockholm ,Pizza,349,37,On time,Returning
103531,11.04.2026,20,Malmö,Kebab,"265,0",37,On time,Returning
105510,2026-05-08,9,Stockholm,pizza,241.0,18,On time,Returning
110072,09/07/2026,11,Stockholm,Pizza,353.0,46,Late,Returning
108094,12 Jun 2026,12,Stockholm, Sushi,"227,0",26,On Time,Returning
104465,2026-04-24,11,Stockholm,Kebab,SEK 260,40,On time,New
103391,2026-04-09,13,uppsala,Burgers,268.0,30,On time,New
105446,2026-05-07,12,Stockholm,Pizza,264.0,21,On time,Returning
100396,28.02.2026,14, Stockholm,Pizza,313.0,50,Late ,Returning 
106311,2026-05-19,15,Göteborg,Thai,328.0,999,,Returning
105962,14 May 2026,14,Stockholm ,Indian,273.0,33,On Time,returning
107761,7 Jun 2026,12,Sthlm,Salad,262.0,29,ON TIME,Returning
111804,1 Aug 2026,14,Stockholm,Kebab,241,21,On time,Returning
108253,2026-06-14,11,Stockholm, Pizza,248.0,36,On Time,New
103227,07.04.2026,19,Malmö,Burgers,229.0,35,On time,Returning
107463,2026-06-03,13, Malmö, Burgers,SEK 236,47,Late,New
103861,15.04.2026,12,Lund,Sushi ,233.0,0,,Returning
105317,2026-05-05,17,STOCKHOLM,sushi,"303,0",43,On time,New
109170,2026-06-27,13,GÖTEBORG,Pizza,299.0,27,Ontime,Returning
102666,2026-03-31,20, Stockholm,Sushi,300 kr,30,On time,Returning
111755,31 Jul 2026,14,Malmö,Thai,184 kr,35,On time,Returning
112301,2026-08-08,13,Göteborg,Sushi,144.0,50,Late,Returning
100114,2026-02-24,12,Stockholm,Pizza,347,15,ON TIME,Returning
112552,2026-08-10,13,uppsala,Pizza,268,33,On time,New
103354,9 Apr 2026,21, Stockholm,Pizza,287.0,47,Late,Returning
106224,2026-05-17,13,Uppsala,Sushi,"322,0",51,Late,New
113346,2026-08-21,13,Lund,Pizza,209.0,24,On time,New
111578,29 Jul 2026,17,Stockholm,Kebab,270.0,34,On time,Returning
104573,2026-04-25,13,Malmö,Burgers,SEK 193,63,Late,returning
102525,2026-03-29,18,Stockholm,Sushi,281.0,47,Late,New
102529,2026-03-29,12,Stockholm,Pizza,201.0,24,On time,Returning
105642,2026-05-10,14,Gbg,Sushi ,259.0,35,On time,Returning
104956,2026-05-01,18,STOCKHOLM,Thai,SEK 141,38,Ontime,Returning
104252,2026-04-21,11,Göteborg,Thai,158.0,39,On time,RETURNING
108760,2026-06-20,18,Lund,Pizza,221.0,54,Late,NEW
103585,2026-04-12,18,Stockholm,INDIAN,266,32,On time,New
104818,2026-04-29,10,Stockholm,Kebab,"142,0",26,On time,New
110297,2026-07-12,20,Stockholm,Pizza,182.0,38,On time,Returning
106536,2026-05-22,22,Göteborg,Kebab,SEK 276,31,On time,New
110168,10 Jul 2026,21,Lund,Indian,166.0,31,On time,New
108634,2026-06-19,16,Sthlm,Burgers,191,28,on time ,Returning 
112117,05/08/2026,18,Stockholm,Vegan,316,24,On time,Returning
110077,09/07/2026,20,stockholm,Indian,369.0,30,on time,Returning
111334,2026-07-25,10,Lund,Burgers,295 kr,40,On time,NEW
105560,9 May 2026,12,Göteborg,Pizza,320,41,On time,New
107022,28 May 2026,11,Uppsala,Indian,239.0,40,On time,New
108554,2026-06-18,13,Göteborg ,Sushi,219.0,52,Late, Returning
105747,2026-05-11,20,Göteborg,Kebab,214.0,29,ON TIME,Returning 
102794,02/04/2026,11,Göteborg,BURGERS,286 kr,38,On time,Returning
102642,2026-03-30,16,Lund,Salad,254.0,37,ON TIME,New
111884,2026-08-02,19,Stockholm ,Sushi,210 SEK,36,On time,Returning
104065,2026-04-18,19,Lund,Kebab,350.0,29,On time,RETURNING
108122,2026-06-12,12,Malmö,Sushi,SEK 221,21,On time,Returning
101234,2026-03-11,16,Malmö,Kebab,315 kr,36,On time,New
108193,13.06.2026,12,Stockholm,Indian,154.0,34,on time,Returning
103427,2026-04-10,10,STOCKHOLM,Burgers,248.0,25,On time,New
112126,2026-08-05,18,Malmö,thai,"285,0",37,On time,Returning
101169,2026-03-10,17,Malmö,Indian,171.0,39,On time,new
101885,21 Mar 2026,23,Göteborg,Burgers,204.0,33,On time,RETURNING
112494,2026-08-10,11,Göteborg,Kebab,"217,0",35,On time,New
100646,2026-03-03,22,STOCKHOLM,indian,340 SEK,43,On time,Returning
103841,15 Apr 2026,17,Malmö,Kebab,"233,0",51,LATE,New
101882,21/03/2026,12,Göteborg,Kebab,255 kr,41,on time,Returning
110901,2026-07-20,16,GÖTEBORG,Sushi,254,35,ON TIME,New
105942,14.05.2026,11,Stockholm,Kebab,"243,0",47,Late,Returning
112634,2026-08-12,20,Göteborg,Pizza,211.0,47,Late,Returning
106840,2026-05-26,19,Göteborg,Burgers,"317,0",33,On time,New
113003,2026-08-17,18,Göteborg,Sushi,302,30,On time,New
100690,2026-03-04,16,Göteborg,Indian,328,40,On time,New
100578,02.03.2026,19,Stockholm,Burgers,SEK 202,31,On time,Returning
106553,2026-05-22,17,Stockholm, Indian,205.0,34,On time,New
104798,2026-04-29,16,Göteborg,Thai,206,41,On time,Returning
109876,2026-07-06,11,Lund,Pizza,179.0,34,On time,Returning
113210,2026-08-20,19,Göteborg,Kebab,298.0,32,On Time,Returning
104928,30/04/2026,12,Uppsala,SUSHI,257.0,37,On time, Returning
100004,23.02.2026,12,Göteborg,Kebab,SEK 247,36,On time,Returning
111734,2026-07-31,11,STOCKHOLM, Burgers,250.0,49,Late,New
107648,2026-06-06,13,Stockholm,Burgers,268,30,On time,Returning
110455,2026-07-14,15,Stockholm,Thai,274,36,On time,Returning
101693,18/03/2026,20,Göteborg,Salad,255 kr,999,,Returning
103381,2026-04-09,23,,kebab,"284,0",42,On time,New
100469,2026-03-01,11,Göteborg ,Thai,242.0,29,On time,Returning
100078,23 Feb 2026,21,lund,Pizza,228.0,49,Late, new
112842,15/08/2026,19,Stockholm,Kebab,"339,0",50,LATE,Returning
112999,2026-08-17,14,göteborg,Pizza,232.0,38,on time ,New
109176,27 Jun 2026,21,Göteborg,Pizza,243.0,27,On time,New
108396,2026-06-15,18, Lund,Pizza,296.0,21,On time,Returning
108283,14 Jun 2026,13,Stockholm,Indian,253.0,51,Late,Returning
111607,2026-07-29,19,Malmö, Vegan,SEK 221,30,On time,Returning
104529,25.04.2026,13,Göteborg,Burgers,124 SEK,46,Late,returning
102692,31 Mar 2026,20,Stockholm,Sushi,"286,0",33,On time,New
107702,06/06/2026,20,Uppsala,Sushi,137.0,37,ON TIME,New
110810,2026-07-19,18,göteborg,Pizza,SEK 331,31,on time,New
106220,17.05.2026,17,Uppsala,Pizza,179,32,On time,New
113126,2026-08-18,19,Uppsala,Pizza,SEK 382,27,On time,Returning 
112170,2026-08-06,12,,Thai,242.0,27,On time,Returning
104984,2026-05-01,11,Stockholm,Burgers ,260.0,32,On time,Returning
111474,27.07.2026,15,Malmö,Sushi,192,47,Late,New
109028,2026-06-25,16,Göteborg,pizza,301 SEK,23,On time,Returning
110070,2026-07-09,15, Stockholm,Vegan ,336.0,25,On time,New
103905,16 Apr 2026,11,Malmö,Burgers,247.0,44,On time,New
102865,3 Apr 2026,19,Göteborg,salad,205,38,On time,New 
107137,2026-05-30,19,Stockholm,Pizza,SEK 250,32,Ontime,Returning
110815,2026-07-19,18,Göteborg,Pizza,"266,0",39,On time,Returning
104295,2026-04-21,10,Uppsala, Sushi,307 SEK,35,On time,New
105494,2026-05-08,21,Göteborg,SALAD,268,41,On time,Returning
107524,2026-06-04,19,Malmö,Burgers,303 kr,25,On time,new
108786,21 Jun 2026,11,Göteborg,Burgers,239.0,37,On time,Returning
108111,12.06.2026,18,Stockholm,Vegan,288.0,28,On time,Returning
109442,2026-06-30,17,Malmö,Thai ,"300,0",51,Late,Returning
113181,2026-08-19,21,Malmö,Pizza,250,38,On time,New
112484,2026-08-09,19,Lund,Indian,292.0,19,on time,Returning
100285,26.02.2026,13,lund,Pizza,196.0,44,On time,Returning
100919,07.03.2026,12,Stockholm,Indian,"270,0",31,On time,New
108249,2026-06-14,20, Stockholm,Pizza,341 kr,33,On Time,Returning
100702,04/03/2026,19,STOCKHOLM,Thai,209.0,38,on time,New
100761,2026-03-05,19,Stockholm,Pizza,300 SEK,27,on time ,Returning
111684,30.07.2026,19,Malmö,Sushi,303.0,49,Late,New
108684,19/06/2026,20,Lund,Indian,236.0,33,On time,New 
102127,2026-03-24,16,Göteborg,Sushi,294.0,47,Late, Returning
103301,08/04/2026,12,Malmö,Kebab,224.0,999,,Returning 
101488,2026-03-15,12,Stockholm,Pizza ,223.0,25,On time,Returning
107004,2026-05-28,18,Stockholm,Salad,"227,0",40,On time,Returning
109472,01.07.2026,10,Göteborg,Kebab,"284,0",30,On time,Returning 
102878,2026-04-03,13,Göteborg,Sushi,338.0,17,On time, new
102436,2026-03-28,17,Stockholm,Vegan,207 kr,58,Late,Returning
102133,2026-03-24,15,GÖTEBORG,Sushi,211 SEK,49,Late,Returning
112601,11 Aug 2026,21,Malmö,Kebab,303.0,25,On time,NEW
103338,9 Apr 2026,17,Göteborg,Sushi,298.0,40,on time ,Returning
108841,21.06.2026,18,Lund,Pizza,240.0,24,on time,Returning
105110,03.05.2026,10,Göteborg,Sushi,182,22,On time,Returning
104433,23.04.2026,13,Uppsala,Burgers,313.0,41,On time,Returning
106383,20 May 2026,11,Göteborg,Sushi,265,23,On time,Returning
100913,07.03.2026,16,Stockholm,Pizza,290,32,On time,Returning
104686,2026-04-27,18, Stockholm,Kebab,244,40,On time,Returning
108628,19 Jun 2026,12,Stockholm,Pizza,353.0,37,On time,New
107774,2026-06-07,11,Malmö, Salad,193.0,28,On time,New
106417,2026-05-20,18,Stockholm,Pizza,256.0,36,On time,New
102739,2026-04-01,16,Göteborg,Vegan,231 kr,35,On time,Returning
100943,2026-03-07,19,Malmö,Sushi ,233,55,Late,Returning
113432,22/08/2026,11,Lund,Burgers,290,45,On time,New
105870,2026-05-13,12,Göteborg,sushi,317,37,on time ,Returning
104190,20.04.2026,18,Stockholm, Sushi,232.0,40,On time,New
111250,2026-07-25,19,göteborg,Sushi,247.0,38,ON TIME,New
110421,14 Jul 2026,10,Göteborg,Burgers,200.0,38,On time,New
104597,2026-04-26,11,,Sushi,266.0,37,On time,Returning
102261,26/03/2026,10,Göteborg,Kebab,299.0,41,On time,Returning
104163,2026-04-19,18,Lund,Vegan,216.0,42,On time,Returning
111086,22 Jul 2026,10,Malmö,Kebab,"216,0",24,On time,Returning
112097,05/08/2026,12,Stockholm,Indian,295.0,42,ON TIME,Returning
101323,12 Mar 2026,18,Lund,Burgers,297.0,44,On time,New
106462,21.05.2026,19,Stockholm,Burgers,290.0,52,Late,New
100369,2026-02-28,12,Göteborg,Pizza,200.0,37,On time,New
108727,2026-06-20,17,Stockholm,Thai ,239.0,59,Late,Returning
109924,2026-07-07,16,Stockholm ,Salad ,308.0,28,On time,Returning
110357,2026-07-13,19,GÖTEBORG,Burgers,179.0,41,on time,Returning
109557,2026-07-02,13,Stockholm ,pizza,SEK 265,44,ON TIME,Returning
106588,22 May 2026,19,Uppsala,Burgers,262.0,27,On time,Returning
101592,16/03/2026,19,Malmö,Burgers,299.0,26,On time,New
100494,1 Mar 2026,17,Stockholm,Sushi,127.0,37,On time,Returning
104329,22.04.2026,18,Stockholm,Sushi,232.0,50,Late,New
111260,2026-07-25,20,Göteborg,VEGAN,296,31,On Time,New
111979,2026-08-03,19, Stockholm,Salad,281.0,54,late,New 
107684,6 Jun 2026,14,Malmö,Thai,229 kr,38,On time,New
108029,2026-06-11,17,Stockholm,Sushi,265 SEK,44,On time,Returning
107966,2026-06-10,10,Stockholm,Burgers,"262,0",53,Late,Returning
103258,08.04.2026,18,Göteborg,Indian,217.0,41,On time,New
109270,2026-06-28,16,Göteborg, Indian,207.0,28,On time,Returning
101459,2026-03-14,12,Lund,Kebab,229.0,35,On time,Returning
106851,2026-05-26,20,Stockholm,Sushi,"169,0",36,On time,Returning
101618,17 Mar 2026,20, Göteborg,Indian,218.0,29,On time,Returning
101558,2026-03-16,19, Göteborg, Burgers,339,37,On time,Returning
112584,11 Aug 2026,19,stockholm,burgers,298.0,44,On time,Returning
112079,2026-08-05,12,Göteborg,Indian,310.0,37,On time,Returning
102126,24 Mar 2026,22,Göteborg,Thai,286.0,29,On time,New
112756,14.08.2026,18, Göteborg,Salad,321.0,32,on time ,New
105393,2026-05-06,11,Malmö,Burgers,301,33,Ontime,New
104640,26 Apr 2026,16,Malmö ,burgers,178,42,On time,Returning
106790,2026-05-25,15,Stockholm,Thai,230.0,26,on time ,New
100349,2026-02-27,19,Malmö,Vegan,199.0,33,On time,New
113289,2026-08-21,18,Göteborg,Burgers,196 kr,22,On time,new
105752,2026-05-11,12,,Kebab,185.0,17,On time,Returning
110839,19/07/2026,20,Sthlm,Indian,232,42,On time,Returning
100423,28.02.2026,19,Malmö,Burgers,186.0,34,On Time,Returning
111323,25.07.2026,19,,Pizza,274,33,On time,NEW
104110,2026-04-19,17,Stockholm,KEBAB,328,58,Late,NEW
106236,18 May 2026,11,Göteborg,Kebab,267.0,34,On time, Returning
107323,2026-06-01,21,uppsala,Kebab,298.0,45,On time,Returning
110516,2026-07-15,11,Stockholm, Indian,248.0,45,On time,Returning
108167,13 Jun 2026,12,Stockholm,Burgers ,235.0,54,Late,Returning
112143,05.08.2026,9,Lund,Indian,"252,0",43,on time,New
107943,10.06.2026,12,Göteborg,Burgers,299.0,37,On time,Returning
100993,08/03/2026,13,Stockholm,Pizza,252.0,22,On time,New 
112741,2026-08-13,14,malmö,Sushi,"220,0",36,On time,New
100141,24.02.2026,11,Lund,Pizza,368 kr,43,On time, Returning
108121,12/06/2026,12,Malmö,Burgers,193.0,21,on time,Returning
110733,18 Jul 2026,22,Stockholm,Burgers,258,49,Late,Returning 
100072,2026-02-23,19,Uppsala,Pizza,312.0,37,On time,Returning
102297,2026-03-26,11,Malmö,Kebab,"182,0",36,On time,New
112531,2026-08-10,14,Stockholm,Pizza,295.0,28,On time,Returning
100661,2026-03-03,13, Malmö,Salad,"255,0",44,On time,New 
103335,09/04/2026,11,Göteborg,Thai,140.0,29,On time, Returning
110202,11/07/2026,13,Stockholm,Kebab,294.0,36,On time,Returning
106727,24.05.2026,10,Stockholm,thai,356 kr,36,ON TIME,Returning
111140,2026-07-23,14,,Thai,219.0,44,On time,New
105274,4 May 2026,12,Uppsala,Sushi,226.0,28,On Time,New
110671,2026-07-17,15,Sthlm,SUSHI,355.0,42,On time,New
107250,2026-05-31,11,Uppsala , Vegan,190,40,On time,RETURNING
101792,2026-03-19,11,Stockholm,Burgers,238.0,36,On time,New
106258,18/05/2026,19, Stockholm,Burgers,228,28,On time,New
107908,9 Jun 2026,13,Malmö,Pizza,294.0,33,On time,New
106582,22.05.2026,16,Malmö,vegan,184,45,On time,NEW
106335,2026-05-19,17,Stockholm,indian,292 SEK,26,On time,Returning
107821,2026-06-08,17,STOCKHOLM,Thai,216.0,32,On Time,Returning 
101082,2026-03-09,11,Stockholm,Pizza,344,51,Late,Returning
100177,25 Feb 2026,14,Stockholm,Burgers,197.0,59,Late,New
111196,24.07.2026,21,Stockholm,Kebab,236.0,28,On time,Returning
103346,2026-04-09,12,Sthlm,Kebab,"208,0",23,On time,New
103371,2026-04-09,22,Stockholm ,Burgers,239 kr,54,Late,Returning
107003,28.05.2026,23,Stockholm,Kebab,"340,0",33,on time,Returning
104166,2026-04-19,21,Lund,Burgers,213 SEK,46,Late,Returning
113029,2026-08-17,18,Stockholm,Burgers,238.0,27,Ontime,Returning
103235,07.04.2026,9,Malmö,Sushi,326,22,On time,Returning
106520,21 May 2026,12,Lund,Pizza,213.0,26,On time,Returning 
113082,18 Aug 2026,11, Göteborg, Burgers,SEK 328,53,LATE,Returning
113127,2026-08-18,22,Uppsala,KEBAB,257,0,,Returning 
109920,7 Jul 2026,18,Stockholm,Vegan,320.0,40,on time ,New
103251,2026-04-08,21,Göteborg,Pizza,"289,0",22,On time,Returning
103718,2026-04-13,16,Uppsala,Kebab,315,34,on time,Returning
100480,2026-03-01,21,Stockholm,Sushi,207 SEK,38,Ontime,New
112069,2026-08-04,17,Lund, Salad,"289,0",40,On time,New
112463,2026-08-09,18,Malmö,Pizza,255 kr,24,On time,New
100577,2026-03-02,20,,Pizza,166.0,35,ON TIME,RETURNING
101820,2026-03-20,13,Göteborg,Pizza,212.0,43,on time,New
104601,2026-04-26,20,göteborg,Thai,"281,0",44,on time,Returning
101497,15.03.2026,21,STOCKHOLM,BURGERS,259.0,31,On time,New
101336,2026-03-13,13,Göteborg,Pizza,224.0,37,On time,Returning
107585,2026-06-05,11,Stockholm,Salad,SEK 212,35,On time,Returning
101396,14 Mar 2026,16,Göteborg, Burgers,214 SEK,23,On time,New
110474,14 Jul 2026,18,Malmö,Sushi,281 SEK,35,On time,Returning
107457,2026-06-03,21,Stockholm,sushi,254.0,25,On time,New
103019,2026-04-05,9,Göteborg,Sushi,208.0,42,On time,New
102893,2026-04-03,16,Stockholm,Thai,236 SEK,27,On time,Returning
110282,2026-07-12,20,Stockholm, Pizza,272.0,50,Late,Returning
107184,2026-05-31,19,Göteborg,Kebab,371.0,41,On time,New 
106167,2026-05-17,20,Stockholm,Kebab,354.0,45,Ontime,Returning
100876,2026-03-06,18,Lund,pizza,191 kr,29,On time,New
106484,2026-05-21,10,Stockholm,Pizza,289.0,33,On time,Returning
107358,2 Jun 2026,12,Stockholm ,Thai,302.0,44,On time,Returning
102734,2026-04-01,20,Göteborg,Kebab,206.0,33,On time,Returning
110012,08.07.2026,11,Malmö,Kebab,249.0,45,On time,Returning
109839,2026-07-06,10,Sthlm,Indian,"221,0",40,On time,New
110908,2026-07-20,17,Stockholm,Sushi,215,48,Late,Returning
100238,2026-02-26,13,Göteborg,Kebab,345,28,On time,Returning
111925,2026-08-02,15,Malmö,Burgers,277.0,37,On time,Returning
106438,2026-05-20,10,Uppsala,Salad ,160.0,32,On time,New
106532,22/05/2026,16,Göteborg,Sushi ,184.0,49,LATE,Returning
110824,2026-07-19,12,STOCKHOLM,Kebab,247 SEK,42,On time,Returning
108723,2026-06-20,11,Sthlm,Pizza,271.0,31,on time,Returning
100029,23 Feb 2026,13,Stockholm,Kebab,102.0,43,On time,New
105493,2026-05-08,19,GÖTEBORG,Kebab,188.0,44,On time,New
103372,2026-04-09,18,Stockholm,burgers,SEK 268,44,On Time,new
111225,24.07.2026,14,Malmö,sushi,"333,0",44,On time,Returning
107820,2026-06-08,19,Stockholm,Pizza,243.0,57, late,returning
107581,2026-06-05,12, Stockholm,Sushi,219,34,On time,Returning
112558,10/08/2026,19,Lund,Burgers,277.0,18,On time,New
102283,2026-03-26,9, Stockholm,Pizza,"256,0",39,On time,Returning
105498,8 May 2026,16,Stockholm,Thai,SEK 216,62,Late,Returning
110062,2026-07-09,14,Stockholm,Vegan,"168,0",38,On time,New
112640,2026-08-12,20,Stockholm,Kebab,133 kr,56,Late,New
111216,2026-07-24,20,Stockholm,Thai ,247.0,24,On time,Returning
104358,22.04.2026,18,Malmö,Kebab,248.0,44,On time,Returning
112205,2026-08-06,11,Malmö,Pizza,288,36,On Time,Returning
103040,2026-04-05,13,Stockholm,Sushi,"206,0",34,On time,Returning
110547,2026-07-15,20, Malmö,Pizza ,321.0,24,On time,Returning
106701,2026-05-24,20,Stockholm,Thai,220.0,15,On time,Returning
113093,2026-08-18,18,Stockholm,Pizza,371.0,30,On time,Returning
103924,16.04.2026,12,Lund, Burgers,195.0,42,On time,New
103927,17 Apr 2026,19,GÖTEBORG,Vegan,228 kr,39,On time,Returning
100558,2026-03-02,22,Stockholm,Indian,241.0,30,On time,Returning
108394,2026-06-15,16,Uppsala,Kebab,"233,0",55,Late,RETURNING
112237,2026-08-07,13,Göteborg,Pizza,354.0,33,On time,Returning
100184,2026-02-25,20,Stockholm,Thai,204,28,On time,returning
101682,2026-03-17,18,Lund,Burgers ,269 SEK,29,On time,Returning
113106,18.08.2026,21,Stockholm,Burgers,"286,0",45,On time, Returning
104635,2026-04-26,11,Stockholm,Burgers,299 kr,26,ON TIME,Returning 
106982,2026-05-28,10,Göteborg,Thai,243.0,31,On time,New
103644,12 Apr 2026,13, Lund,Vegan,270.0,44,On time,Returning
113170,2026-08-19,16,Sthlm, Pizza,"290,0",35,ON TIME, Returning
106603,23 May 2026,12,Göteborg,Sushi,"314,0",27,On time,New
106843,26 May 2026,18,GÖTEBORG,Burgers,"291,0",31,On time,New
101451,2026-03-14,12, Uppsala,Burgers,"197,0",44,On time,New
113189,19.08.2026,18,Malmö,SALAD,364.0,40,On time,Returning
101429,2026-03-14,14,Malmö ,Sushi,184.0,35,On time,Returning
106424,2026-05-20,11,Malmö,Pizza,278 SEK,32,On time,Returning 
112868,15 Aug 2026,20,Stockholm,Thai ,332,46,Late,Returning
110893,20 Jul 2026,18,Göteborg,Sushi,"246,0",21,On time,Returning
104583,2026-04-25,16,Uppsala,Pizza,329,42,On time,Returning
111715,2026-07-31,14,Göteborg, Vegan,207 SEK,35,On time,New
112252,07.08.2026,19,Sthlm,Salad,305 kr,36,On time,New
112353,8 Aug 2026,22,Stockholm,Pizza,221.0,40,On time,Returning
109987,2026-07-08,17,Stockholm,Burgers,234 kr,26,On time,Returning
108445,2026-06-16,19,Sthlm,Indian,297.0,22,On time,Returning
107601,2026-06-05,13,Malmö,Sushi,301.0,999,,New
109989,8 Jul 2026,11,Sthlm,Pizza,216 kr,46,Late,New
110606,2026-07-16,19,Stockholm,Sushi,310.0,31,On time,New
103716,2026-04-13,12,Uppsala,Kebab,273.0,-5,,returning
100813,2026-03-06,17,GÖTEBORG,Burgers,354,32,On time,New
103241,7 Apr 2026,11,Uppsala,Burgers,SEK 232,45,On time,Returning
106090,16 May 2026,20,Stockholm,Kebab,316.0,28,on time ,Returning
112490,2026-08-10,14,Göteborg,Indian,"283,0",50,Late,Returning
105675,2026-05-10,14,Stockholm,Thai,264.0,35,On time,Returning
101581,2026-03-16,13,Stockholm,Pizza,335.0,29,On time,Returning 
110607,16.07.2026,20,Stockholm,Pizza,"256,0",32,On time, Returning
101544,15.03.2026,18,Lund ,Salad,173,45,On time,Returning
104641,26.04.2026,17,Malmö,Vegan,"308,0",19,On time,Returning
107208,31.05.2026,12,Stockholm,Salad,"289,0",26,on time ,New
104566,25.04.2026,12, Stockholm,Pizza,SEK 282,36,On time,NEW
109371,2026-06-29,11,Stockholm,Kebab,"277,0",36,On time, Returning
109512,2026-07-01,12,MALMÖ,Pizza,236.0,27,on time,Returning
108043,2026-06-11,11,Stockholm,Kebab,"279,0",34,On time, new
100551,2026-03-02,11,Göteborg,Sushi,256,50,Late,New
104085,19.04.2026,19, Göteborg,Indian,258.0,45,On time,NEW
109233,2026-06-27,20,Malmö,Sushi,295,24,On time,Returning
101875,2026-03-20,12,Lund,Burgers,"226,0",51,Late ,New
102307,2026-03-26,19,Malmö,SUSHI,302.0,30,On time,Returning
111207,2026-07-24,11,Stockholm,Pizza,260.0,47,Late,Returning
101891,2026-03-21,19,Göteborg,Thai,272.0,36,ON TIME,Returning
112768,2026-08-14,13,Göteborg,Pizza,196.0,42,on time ,Returning
100553,2026-03-02,12,Göteborg, Thai,253 kr,25,On time,RETURNING
104830,2026-04-29,14,Stockholm,Pizza,259.0,49,Late,New
101702,2026-03-18,17,STOCKHOLM,Pizza,"233,0",55,Late,Returning
110017,2026-07-08,22,Uppsala,Pizza,"335,0",31,on time ,New
112653,2026-08-12,20,Stockholm,Pizza,243.0,45,On time,Returning
108009,11/06/2026,18,Göteborg,Indian,247.0,45,On time,New
103524,2026-04-11,15,Malmö,Kebab,94.0,45,On time,New
108056,11 Jun 2026,17,Malmö,THAI,336.0,44,On time,Returning
112781,14.08.2026,13,Stockholm,Pizza,354.0,21,On Time, Returning
108510,17.06.2026,12,Stockholm,Burgers,251.0,58, late,Returning
100056,2026-02-23,12,Malmö,Kebab,"266,0",36,on time, Returning
106861,2026-05-26,13,Stockholm,Burgers,267,32,On time,Returning
105422,07.05.2026,13,Göteborg,Burgers,237.0,42,On time,Returning
109514,2026-07-01,19,Malmö,Pizza,238.0,30,On Time, Returning
111634,30 Jul 2026,12,GÖTEBORG, Salad,311 kr,32,ON TIME,New
112264,2026-08-07,11,Stockholm,Pizza ,223.0,47,Late, Returning
109466,01.07.2026,12,,kebab,"337,0",48,Late ,New
112378,08/08/2026,20,Malmö,sushi,172.0,49,Late,Returning
100660,3 Mar 2026,15,Malmö , Vegan,251 SEK,30,On time,RETURNING
111797,01/08/2026,21,Sthlm,Kebab,251.0,40,On time,Returning
112437,2026-08-09,18,stockholm,Pizza,237.0,50,Late,New
106310,2026-05-19,22,Gbg,Burgers,331,47,Late,Returning
111184,24 Jul 2026,20,Gbg,Kebab,240.0,32,On time,New
104273,21 Apr 2026,17,Stockholm,Burgers,"301,0",30,On time,New
102954,2026-04-04,21,Stockholm,Sushi,295.0,51,Late,Returning
107432,2026-06-03,20,Stockholm,Pizza,190.0,38,On time,RETURNING
101970,22 Mar 2026,18,Göteborg,Burgers,242.0,65,Late,Returning
109727,2026-07-04,18, Uppsala,Indian,238,51,Late,Returning
105336,5 May 2026,20,Uppsala,Indian,197 kr,39,On time,New
103600,12.04.2026,10,Stockholm,Salad,206.0,36,ON TIME,Returning
110223,2026-07-11,18,Stockholm,Kebab,183 kr,46,Late,Returning
113408,22.08.2026,10,Malmö,Sushi,"222,0",44,On time,Returning
108625,2026-06-19,13,Stockholm, Pizza,222.0,29,On time,Returning
101635,2026-03-17,12,Stockholm,Salad,294.0,39,On time,Returning
113252,20/08/2026,19,Stockholm,Thai,356.0,250,,New
103820,2026-04-15,12, Stockholm,Burgers,263.0,35,on time,New
103629,2026-04-12,18,Malmö,Sushi,"210,0",38,On time,RETURNING
103485,11/04/2026,12,göteborg,Indian,209.0,24,On time,New
105415,2026-05-07,20,Göteborg,Burgers,168.0,26,On time,Returning
108543,2026-06-18,13, Göteborg,Pizza,"260,0",48,late,Returning
103163,2026-04-06,12,Malmö,Vegan,246.0,30,On time,Returning
112134,2026-08-05,13,Uppsala, Thai,254 kr,38,On time,NEW
107055,2026-05-29,20,Stockholm ,Pizza,284,27,On time,Returning
108550,18.06.2026,19,Göteborg,Sushi,330.0,35,On time,Returning
107975,2026-06-10,12,Stockholm,Vegan,301.0,46,Late,Returning
109187,2026-06-27,18,Stockholm,Salad,320.0,44,On time,New
105697,10 May 2026,14,Malmö, Burgers,SEK 301,27,On time,Returning
112716,2026-08-13,20,,PIZZA,209.0,54,Late,Returning
104134,2026-04-19,12,Malmö,Kebab,257 kr,21,On time,Returning
106672,23/05/2026,16,Lund,Salad,SEK 160,44,On time,Returning
104820,29 Apr 2026,20,Stockholm,Pizza,227.0,38,On time,New 
106931,2026-05-27,11, Stockholm, Sushi,"290,0",33,On time,New
100418,2026-02-28,18,Malmö,Pizza,228,45,On time, Returning
112093,05.08.2026,11,Göteborg,Burgers,271.0,19,On time,Returning
113123,2026-08-18,12,Malmö,Vegan,142 SEK,41,On time,New
102853,2026-04-02,14,Uppsala,Pizza,197.0,31,On time,new
104122,2026-04-19,11,Stockholm,Indian,297 kr,24,On time,Returning
105451,2026-05-07,13,Stockholm,Salad,222,40,On time, new
109875,06/07/2026,23,Lund,Indian,229.0,45,On time,New
103826,15 Apr 2026,20,Stockholm,Sushi,270.0,41,On time,RETURNING
100069,2026-02-23,18,Uppsala,Sushi,234.0,47,Late,Returning
112012,2026-08-04,11, Göteborg,Pizza,308.0,33,On time,Returning
109491,01.07.2026,11,Stockholm, Thai,"188,0",26,On time,New
103384,2026-04-09,19,Malmö,Burgers,233.0,46,late,New
103993,18 Apr 2026,22,Göteborg,Pizza,SEK 228,250,,New
105176,03.05.2026,12,MALMÖ,Indian,156.0,-5,,New
106644,23.05.2026,19,Stockholm, Burgers,206.0,35,On time,Returning
109643,2026-07-03,12,Stockholm,Pizza,248.0,34,ON TIME,returning
113459,23 Aug 2026,17,Stockholm,Indian,290.0,39,On time,New
105183,2026-05-03,9,uppsala,Kebab,257,44,On time,New 
102313,26/03/2026,10,Uppsala,Sushi,162.0,46,Late,New
108694,2026-06-20,20,Göteborg,Pizza,105,46,Late,New 
102903,2026-04-03,19,Stockholm,Burgers,264,48,Late,Returning
108978,2026-06-24,17,Göteborg ,Pizza,266.0,51,Late,Returning
106202,17.05.2026,12,MALMÖ,Kebab,325.0,31,On time,Returning
108539,2026-06-17,16,Lund,Salad,334.0,44,On time, Returning
112397,2026-08-08,12,lund,Burgers,196.0,38,On time,New
100632,03.03.2026,19,Stockholm,Pizza,"291,0",49,Late,New
111367,2026-07-26,18,Stockholm ,Kebab,284.0,27,on time ,New
107141,2026-05-30,13,Stockholm,Indian,251.0,41,on time ,Returning
104373,2026-04-22,17,Uppsala,Kebab,183.0,47,Late,Returning
112413,09/08/2026,14,Göteborg,Sushi,268.0,36,On time,New
100098,24 Feb 2026,15,Stockholm,Burgers,251 SEK,24,On time,RETURNING
100603,2 Mar 2026,18,Lund, Thai,206 kr,21,On time,New
106933,27.05.2026,12,Stockholm,Burgers,"285,0",41,On Time,Returning
101738,18.03.2026,18,Uppsala,Salad,229.0,20,On time,New
107109,2026-05-30,11,Göteborg,Pizza,271.0,48,Late,returning
103226,2026-04-07,11,malmö,Kebab,200.0,38,On time,Returning
112661,12 Aug 2026,19,stockholm,Sushi,177 kr,43,On time,Returning
103787,14 Apr 2026,19,uppsala,Salad,256.0,47,Late,New
108287,2026-06-14,19,,Vegan,168.0,34,On time,Returning
101696,18.03.2026,18,Göteborg,Pizza,201,30,On time,Returning
104837,2026-04-29,20,Stockholm,Burgers,"274,0",999,,New
110081,2026-07-09,14,Malmö,Thai,292.0,16,On time,Returning
101526,2026-03-15,11,Malmö,Sushi,266.0,26,On time,Returning
111338,25.07.2026,12,Lund,Pizza,220 SEK,41,On time,Returning
110705,2026-07-17,19, Lund,Pizza,195.0,40,On time, Returning
106772,2026-05-25,11,Göteborg,Vegan,SEK 209,37,on time,Returning
109792,2026-07-05,19,Malmö,Kebab,204.0,47,late,New
105844,12/05/2026,12,Uppsala ,Thai,265 SEK,37,On time,Returning
107037,2026-05-29,17,GÖTEBORG,Indian,303 SEK,0,,Returning
112116,2026-08-05,11,Stockholm,Thai,225.0,21,On time,Returning
104452,24/04/2026,20,Göteborg,Pizza,"212,0",26,On time,Returning
105045,2 May 2026,20,STOCKHOLM,Pizza,180.0,56,LATE,New
108538,2026-06-17,12, Uppsala,Sushi,273.0,38,On time,Returning
103263,2026-04-08,23,Göteborg ,Pizza ,285.0,45,On time,Returning
106905,27 May 2026,16,Göteborg,Kebab,178,46, late,Returning
101949,2026-03-21,18,Uppsala,Kebab,298.0,35,On time,Returning
108948,2026-06-23,13,Uppsala ,Sushi,258.0,33,On time,New
109329,2026-06-29,20,GÖTEBORG,Burgers,SEK 168,32,On time,New
102231,25/03/2026,19,Malmö,Sushi,300 kr,46,Late,Returning
112129,5 Aug 2026,12,Malmö,Indian,308.0,36,On time,New
109447,2026-06-30,21,Malmö,Sushi,163.0,45,On time,New
109993,2026-07-08,20,STOCKHOLM,Burgers,236.0,57,Late,Returning
100911,2026-03-07,19,Stockholm,Sushi,269.0,32,On time,New
108877,22/06/2026,9,Stockholm,Kebab,279 SEK,48,Late,New
102392,27 Mar 2026,16,Uppsala,pizza,SEK 228,21,ON TIME,Returning
111761,2026-07-31,15,Uppsala,Pizza ,305.0,39,on time , Returning
108102,12 Jun 2026,12,Stockholm,Kebab,203.0,31,On time, new
111736,2026-07-31,14,stockholm,Vegan,201.0,37,ON TIME,Returning
106534,2026-05-22,13,Göteborg,Sushi,212.0,44,On time,Returning
101193,2026-03-11,18,Göteborg,Pizza,173.0,35,On time,Returning
102832,02.04.2026,18,Stockholm,Pizza,244.0,36,Ontime,Returning 
104364,22 Apr 2026,13, Malmö,Burgers,263.0,31,On time,New 
112946,2026-08-16,20,Stockholm,Sushi,281.0,24,ON TIME,New
101574,2026-03-16,21,Stockholm,Burgers,297 kr,28,On time,Returning
100335,27.02.2026,9,stockholm,Thai,"217,0",37,On time, Returning
101883,2026-03-21,13,Göteborg,PIZZA,330.0,31,On time,Returning
106928,2026-05-27,18,Stockholm,Pizza,253.0,30,On time,Returning
113508,23.08.2026,18,Malmö,Vegan,308 kr,30,On time, new
101444,14.03.2026,12,Malmö,Kebab,202.0,49,Late,Returning
109091,2026-06-26,18,Göteborg,KEBAB,264 kr,35,On time,New
107518,2026-06-04,12,STOCKHOLM,Thai,208.0,60,Late,Returning
106009,15 May 2026,13,Göteborg, Kebab,189 SEK,44,On time,New
111820,2026-08-01,18,Stockholm,Burgers,223.0,50,Late,Returning 
113017,17 Aug 2026,10,Stockholm,Burgers,"339,0",23,On time,Returning
102098,23 Mar 2026,17,Uppsala,Indian,162.0,15,On time,Returning
111660,30 Jul 2026,12,Stockholm,Sushi,"264,0",30,on time ,Returning
104757,2026-04-28,20,Stockholm,indian,260,31,On time,Returning
102395,27.03.2026,14,Lund,Pizza,106.0,30,On time,Returning
103088,05/04/2026,11, Malmö,PIZZA,"236,0",41,On time,Returning
102356,27 Mar 2026,20,Stockholm,Burgers,298.0,21,On time,Returning
113212,2026-08-20,11,Göteborg ,Sushi,247.0,40,On time,Returning
109347,29/06/2026,23,Stockholm,Pizza,299.0,43,On time,Returning
103345,2026-04-09,12,Göteborg ,Pizza,"274,0",49,Late,Returning
106057,2026-05-16,21,Göteborg ,Pizza,417 kr,43,On time,Returning
111183,2026-07-24,19,Göteborg, Vegan,271.0,45,On time,New
109281,2026-06-28,20, Stockholm,Burgers,"165,0",45,On time,Returning
100181,2026-02-25,10,STOCKHOLM,Pizza,213 SEK,30,On time,Returning
111804,1 Aug 2026,14,Sthlm,Kebab,241,21,ON TIME,Returning
113515,2026-08-23,10,Uppsala,Pizza,182.0,26,On time,New
106649,2026-05-23,12,Malmö,Indian,193.0,26,Ontime,Returning
111228,24.07.2026,16,Uppsala,pizza,320.0,40,On time,New
113410,2026-08-22,11,Malmö ,Burgers,217.0,56,Late,Returning
109705,2026-07-04,13,Stockholm ,Indian,282.0,40,On time,New
112635,12/08/2026,20,göteborg,Burgers,"272,0",38,On time,New 
104132,2026-04-19,21,Malmö,indian,298,43,On time,Returning
112624,2026-08-12,16, Göteborg,Burgers,176,39,On time,RETURNING
104221,2026-04-20,10, Malmö,Indian,323.0,39,ON TIME,Returning
104067,18 Apr 2026,20,Lund,Pizza,211.0,44,On time, new
111267,2026-07-25,22,Stockholm,Sushi,"248,0",40,On time,New
110665,17/07/2026,18,Stockholm,Thai,225.0,33,On time,Returning
110260,12 Jul 2026,11,GÖTEBORG,Indian,249 SEK,61,Late,New
107657,2026-06-06,17,Stockholm,Pizza ,181.0,27,On time,New
109303,28.06.2026,13,MALMÖ,vegan,258.0,45,on time ,Returning
111669,2026-07-30,13,Stockholm,Thai,249,42,On Time,Returning
109189,27 Jun 2026,18,Sthlm,Kebab,"198,0",25,On time,New
111592,29 Jul 2026,15,Stockholm,Indian,295.0,38,On time,Returning
108056,11 Jun 2026,17,malmö,Thai,336,44,On time,RETURNING
105648,10 May 2026,11,Göteborg,burgers,336.0,45,on time ,new
110809,2026-07-19,9, Göteborg,Burgers,250.0,34,On time,New
104854,29.04.2026,20, Uppsala,Sushi,211.0,42,On time,returning
108413,16 Jun 2026,12,Gbg,thai,257,48,Late,New
107644,6 Jun 2026,13,Stockholm,Burgers,"192,0",31,On time,RETURNING
103079,05.04.2026,11,MALMÖ,SALAD,150.0,46,Late,Returning
102114,2026-03-24,15,Göteborg,Sushi,"190,0",50,Late,RETURNING
107584,05/06/2026,13,stockholm,Kebab,"293,0",38,On Time,Returning
108652,2026-06-19,12,Stockholm,Thai,259.0,40,Ontime,New
107369,2026-06-02,21,STOCKHOLM,Indian,255.0,44,On time,Returning
107610,2026-06-05,13,Uppsala,Thai,172.0,31,On time,New
100076,2026-02-23,17, Lund,Indian,245.0,17,On time,New
109167,2026-06-27,19,göteborg,Burgers,244 SEK,39,On time,Returning
108439,2026-06-16,20,STOCKHOLM,Vegan,"257,0",46,Late ,new
101074,9 Mar 2026,18,Stockholm,Vegan,198.0,58,Late,Returning
110013,08/07/2026,12,Malmö,VEGAN,277.0,28,on time ,Returning
108437,16 Jun 2026,14,Stockholm,Pizza,268.0,34,On time,Returning 
102041,2026-03-22,11,lund,salad,240.0,49,Late,Returning
103204,07/04/2026,9,Stockholm,Pizza ,149.0,29,On Time,RETURNING
105316,5 May 2026,11,Stockholm,Burgers,171.0,25,on time,new
102690,31.03.2026,19,Stockholm, Kebab,242.0,35,On time,New
102385,2026-03-27,12,Uppsala,Burgers,188.0,32,On time,New
110679,17 Jul 2026,12,Stockholm, Thai,249.0,39,On time,New
113256,2026-08-20,15,Stockholm,Thai,299.0,52,Late,New
111262,2026-07-25,18,Stockholm,Thai,210.0,48,Late,Returning
110279,2026-07-12,18,Stockholm,Burgers,208.0,43,On time,Returning
100671,3 Mar 2026,15,Uppsala,Salad,243.0,19,On time,Returning
107477,2026-06-03,9,Uppsala,Pizza,296.0,33,On time,New
108155,2026-06-13,10,Göteborg,Indian,SEK 314,43,On time,Returning
113428,22 Aug 2026,9,Lund,Kebab,278.0,48,Late,returning
111802,2026-08-01,18,Stockholm,Pizza,210,16,On time,New
107977,2026-06-10,19, Malmö,Indian,188.0,41,On time,Returning
103547,11.04.2026,10,Uppsala,Burgers,148.0,40,On time,Returning
111537,28.07.2026,10, Malmö,SUSHI,362.0,46,late,Returning
111812,01.08.2026,17,Stockholm,Indian,"292,0",46,Late,Returning
109033,25 Jun 2026,11,Göteborg,Pizza,SEK 288,49,Late,New
104172,2026-04-20,12,Göteborg,Pizza,263.0,38,on time ,Returning
112802,2026-08-14,17,malmö,Burgers,166.0,37,On time,Returning
106631,2026-05-23,11,Stockholm,Pizza,"244,0",32,Ontime,Returning 
110548,15/07/2026,19,MALMÖ,Indian,304.0,32,On time,Returning
101097,2026-03-09,19,Stockholm,Vegan,131.0,31,On Time,New
111845,2026-08-01,18, Uppsala,Sushi,262 kr,24,On time,Returning
110952,20 Jul 2026,13,Uppsala,Sushi,226.0,37,On time,Returning
106735,2026-05-24,18,Malmö,Vegan,222,46,Late,Returning 
107340,2026-06-02,19,GÖTEBORG,Thai,185.0,17,On time,New
103522,11.04.2026,12,malmö, Indian,246.0,28,On time,Returning
104503,2026-04-24,13, Uppsala,Kebab,SEK 246,38,On time,Returning
103008,04/04/2026,21,Uppsala,Burgers,258.0,38,On time,Returning
107117,2026-05-30,15,Stockholm,Indian,291.0,33,Ontime,New
100318,2026-02-27,17,Stockholm,Sushi,277.0,44,on time,Returning 
110932,2026-07-20,17,Malmö,Sushi,231.0,40,On time,Returning
106385,2026-05-20,16,Gbg,Vegan,232.0,43,On time,New
105744,2026-05-11,16,Göteborg,Sushi,200.0,26,On time,New
110876,2026-07-19,19, Uppsala,Burgers,188.0,35,On time,Returning
107232,2026-05-31,18,Stockholm,Thai,323.0,27,On Time,Returning
103913,2026-04-16,16,Malmö,KEBAB,"245,0",43,On time,Returning
110023,2026-07-08,14,,Sushi,216.0,24,On time,RETURNING
109831,2026-07-06,13,GÖTEBORG,kebab,173 SEK,41,On time,Returning
105205,2026-05-04,15,Göteborg,Vegan,175.0,31,on time ,Returning
101191,2026-03-11,18,Göteborg ,Burgers,155.0,21,On time,Returning
108096,2026-06-12,10,Sthlm,Pizza,270 SEK,43,on time ,Returning
103053,05/04/2026,14,Stockholm,sushi,264 kr,42,On time,Returning
105131,2026-05-03,17,Stockholm,Kebab,227.0,35,On time,New
101400,14.03.2026,18,Stockholm,SUSHI,311.0,50,Late,Returning
101833,2026-03-20,10,GÖTEBORG,Pizza,249 kr,30,On time,New
105507,2026-05-08,12,STOCKHOLM,Thai,153.0,47,Late,New
112945,2026-08-16,13,Stockholm,Pizza,248.0,18,On time,New
110859,2026-07-19,20,Stockholm,Kebab,265.0,35,On time,Returning
106964,27.05.2026,18,uppsala,Kebab,265 kr,26,On time,New
106026,15.05.2026,19,STOCKHOLM,Kebab,272,27,on time,New
112161,2026-08-06,18,Göteborg,Vegan,256.0,33,On time,New 
107410,2026-06-03,20,Göteborg,Burgers,SEK 284,31,On time,New
104007,18 Apr 2026,21,Stockholm,burgers,283.0,43,Ontime,Returning
100945,7 Mar 2026,12,Malmö,Pizza,"164,0",29,On time,New
101964,2026-03-22,10,Göteborg,Burgers,326.0,49,Late,New
104945,2026-05-01,15,Göteborg,pizza,"284,0",35,ON TIME,New
104333,2026-04-22,19,Stockholm,Burgers,158.0,29,On time,new
113359,2026-08-22,13,Göteborg,Sushi,212.0,28,On time, Returning
112327,2026-08-08,11,Stockholm,Pizza,287.0,35,On time,Returning
103926,2026-04-17,13,Göteborg,Thai,267 kr,21,ON TIME,Returning
109308,2026-06-28,12,Malmö, Indian,217.0,999,,returning
108489,2026-06-17,13, Göteborg,Indian,203.0,24,On time,Returning
102794,2026-04-02,11, Göteborg,Burgers,286.0,38,On time,Returning
102329,2026-03-27,19,Göteborg,Pizza,165,35,On time,New
109231,27 Jun 2026,10,Malmö,Indian,246,41,On time,Returning 
104072,2026-04-19,20,Göteborg,Indian,220.0,41,On time,Returning
100563,2026-03-02,12,Stockholm,Pizza,255.0,31,on time ,returning
109260,2026-06-28,19,Göteborg,Thai,"239,0",37,On time,Returning
110127,2026-07-10,19,Stockholm,Pizza,216.0,42,On time,Returning
108584,2026-06-18,13, Malmö,Salad ,292.0,41,On time,Returning
112008,2026-08-04,11,Göteborg,Indian,184.0,31,On time,New
101999,2026-03-22,21,Stockholm,Burgers,218.0,36,On time,Returning
111238,2026-07-24,20,lund, Burgers,SEK 288,37,On time,Returning
113133,2026-08-18,21,Lund,Salad,186,24,On time,Returning
105686,2026-05-10,18,Stockholm,Indian,235.0,38,On time,New
109274,2026-06-28,22,Stockholm,Sushi,300 kr,51,Late,Returning
107869,09/06/2026,13,Göteborg,pizza,261.0,34,On time,Returning
100737,2026-03-04,19, Lund,Burgers,341 SEK,44,On time,Returning
101142,10 Mar 2026,17,STOCKHOLM,Kebab,113.0,33,on time,Returning
101651,2026-03-17,19,Stockholm,sushi,287 SEK,46,Late,RETURNING
103647,12/04/2026,17,Lund,Pizza ,232 kr,29,on time ,Returning
106506,2026-05-21,20,,Pizza,172 kr,32,On time,New
101588,2026-03-16,15,Stockholm,Burgers,364.0,15,On time,Returning
105339,5 May 2026,19,Uppsala,Salad,243 kr,53,Late,New 
111151,2026-07-23,18,Malmö,Burgers,"337,0",52,Late,New
108459,16/06/2026,18,Malmö,Pizza,263.0,36,On time,Returning
112409,2026-08-09,18,Göteborg,Salad,258.0,41,Ontime,New 
105389,06.05.2026,18,Malmö,Indian,274,29,On time,New
107991,10/06/2026,19,Uppsala,Thai,207 SEK,45,On time,New
112678,2026-08-12,18,Uppsala ,Sushi,"227,0",51,LATE,New
103973,17.04.2026,19,malmö,Sushi,194.0,51,Late,New
109889,2026-07-07,13,Gbg,Sushi,221,52,Late,Returning
103669,13 Apr 2026,13,Göteborg, Sushi,228.0,42,On time,New
108320,2026-06-15,13,göteborg,SALAD,216.0,43,On time,Returning
101880,2026-03-21,21,Gbg,Sushi,"343,0",46,Late,New
105524,2026-05-08,17,,Burgers,292,48,late,Returning
100288,2026-02-27,17,Göteborg,Kebab,"208,0",44,On time,Returning
103736,2026-04-14,13,Göteborg,Kebab,366.0,38,On time,New
102001,2026-03-22,18,Stockholm,Thai,261.0,33,on time ,Returning
107624,2026-06-06,9,Göteborg,SUSHI,"271,0",51, late,New 
100265,2026-02-26,19,Malmö ,Kebab,257.0,19,On time,returning
103983,17 Apr 2026,9, Lund,BURGERS,SEK 276,30,On time,Returning
104867,2026-04-30,13,göteborg,Pizza,297 SEK,48, late,New 
102532,2026-03-29,14,Stockholm,Pizza,220 kr,29,on time ,NEW
108222,13/06/2026,16,Lund, Burgers,242 kr,43,On time,Returning
108915,23/06/2026,11,Gbg,Kebab,219.0,22,On time,Returning
103929,2026-04-17,13,Göteborg,Pizza,189.0,36,On time,New
104157,2026-04-19,12,Uppsala,Burgers,280 kr,38,On time,returning
110761,2026-07-18,12,Sthlm,Salad,191.0,55,Late,Returning
100160,2026-02-25,12,Göteborg,Sushi,336 kr,56,Late,New
110131,2026-07-10,11,Stockholm,Pizza,215.0,50,Late,Returning
106066,16/05/2026,16,Göteborg,Burgers,260 kr,24,On time,Returning
105286,2026-05-05,18,Göteborg,Sushi,218.0,31,On time,Returning
108312,2026-06-14,14,Lund,Pizza,276 kr,26,On time,New
107200,2026-05-31,14,Göteborg,Burgers,256.0,36,On time,Returning
100321,27.02.2026,14,stockholm,Burgers,152,26,On time,Returning
100340,27 Feb 2026,19,Malmö,Burgers ,333 SEK,25,On Time,Returning
105394,2026-05-06,19,Malmö,Pizza,89.0,34,On time,New
103110,5 Apr 2026,22,Lund,Thai,207.0,34,On time,Returning
107706,06.06.2026,11,lund,Sushi,245.0,38,On time, new
103455,10 Apr 2026,20,Malmö,Pizza,229,21,On time,New
112791,2026-08-14,18,Stockholm,Burgers,294,47,Late,Returning
107864,2026-06-09,16,Göteborg,pizza,269,34,On time,New
107119,30.05.2026,14,stockholm,pizza,293.0,43,on time,Returning
102891,2026-04-03,21,Stockholm,Pizza,222.0,27,on time,Returning
110016,2026-07-08,13,Malmö ,Burgers,256 kr,33,On time, Returning
104578,25 Apr 2026,11,Malmö,Sushi,191,22,on time, Returning
111453,27 Jul 2026,16,Stockholm,Burgers,266.0,30,On time,Returning
105930,2026-05-14,11,Stockholm,Pizza,295.0,29,On time,Returning
103709,2026-04-13,20,Malmö,Vegan,171.0,30,On time,NEW
109932,2026-07-07,20, Malmö,Pizza,"286,0",39,Ontime,New
104404,2026-04-23,19,Stockholm,Indian,"278,0",38,On time,Returning
106555,2026-05-22,22,Stockholm,Vegan,266,47,Late,Returning
113440,2026-08-23,19,Göteborg,Indian,229,57,Late,New
106325,2026-05-19,12,STOCKHOLM,Kebab,291 kr,47,Late,Returning
108812,2026-06-21,21,Stockholm,Pizza,203.0,34,On time,Returning
108274,14/06/2026,13,Stockholm,BURGERS,272.0,31,on time,Returning
102727,2026-04-01,12,Göteborg,Kebab,282.0,30,On time,Returning
108939,2026-06-23,18,Malmö,Pizza,SEK 234,44,On time,New
102632,2026-03-30,23, Uppsala,Kebab,188,20,On time,New
101489,2026-03-15,13,Stockholm,Sushi,231.0,29,On time,New
112613,2026-08-11,11,Uppsala,Sushi,"145,0",27,On time,Returning
111282,25.07.2026,18,Stockholm,Vegan,241.0,24,On time,Returning
112246,7 Aug 2026,12,Stockholm,Pizza,329.0,36,On time,Returning
107000,2026-05-28,9,Stockholm,Pizza,152,41,On time,Returning
108942,2026-06-23,13,Malmö,Kebab,SEK 222,45,On time,Returning
112797,2026-08-14,12,Stockholm,Burgers,249.0,38,on time,Returning
101006,2026-03-08,12,Stockholm,Burgers,179.0,54,LATE,Returning
106355,2026-05-19,21,Malmö,Thai,264 SEK,46,Late,New
105155,2026-05-03,19,Stockholm,Vegan,"254,0",39,On time,Returning
110942,2026-07-20,12,MALMÖ,Sushi,346,27,On time, Returning
102310,2026-03-26,16,Malmö,Thai,224.0,20,On time,Returning
106492,21.05.2026,11,Stockholm,Thai,301.0,17,On time,New
109990,2026-07-08,18,Stockholm,Indian,277.0,38,On time,Returning
100191,25.02.2026,13,Malmö,Indian,243.0,48,Late,Returning
108799,2026-06-21,23,Stockholm ,Vegan,"333,0",35,On time, Returning
107707,6 Jun 2026,14,Lund,Pizza,"274,0",25,On time,New
112480,2026-08-09,17,uppsala,Burgers,228 kr,34,On time,Returning
108291,14.06.2026,13,Malmö,Pizza ,198.0,34,On Time,returning
105146,3 May 2026,11,Stockholm,Pizza ,224.0,42,On time, Returning
103000,2026-04-04,16,Uppsala ,kebab,"283,0",30,On time,Returning
113270,2026-08-20,18, Uppsala,Pizza,186.0,25,On time,New
109138,26/06/2026,11,Malmö,Pizza,194.0,41,on time ,Returning
108574,2026-06-18,13,Stockholm ,Burgers,146.0,29,On time,Returning
106341,19.05.2026,13,Stockholm,Indian,228.0,23,On time,New
110852,19.07.2026,15,Stockholm ,Burgers,226.0,34,On time,Returning
111482,2026-07-27,18,uppsala,Burgers,273.0,31,On time,Returning
112282,07.08.2026,18,Uppsala,Burgers,284 kr,40,On Time,New
105694,2026-05-10,12,Stockholm,Pizza,343.0,44,On time,RETURNING
106737,2026-05-24,19,Malmö,Kebab,265,34,On time,RETURNING
112111,5 Aug 2026,13,Stockholm ,Pizza,222,38,On time,Returning
100083,24.02.2026,13,Göteborg,Kebab,191.0,28,On time,Returning
103764,2026-04-14,16,Stockholm,Kebab,186.0,39,On time,Returning
110611,2026-07-16,21,Stockholm,Salad,266.0,35,On time,new
100818,2026-03-06,19,Stockholm,Pizza ,185.0,36,On time, Returning
104759,28 Apr 2026,18, Stockholm,Burgers,150.0,43,On time,Returning
110069,9 Jul 2026,16,Stockholm,Sushi,SEK 203,38,On time,New
107953,2026-06-10,21,Stockholm,Sushi,293.0,45,On time,Returning
103817,2026-04-15,19,stockholm,Indian,250.0,20,On time,Returning
101677,2026-03-17,14,Uppsala,Kebab,SEK 272,42,On time,Returning
110920,2026-07-20,15,Stockholm ,Pizza,"286,0",27,on time,New 
104935,30.04.2026,14,lund,Kebab,"349,0",18,On time,New
101639,2026-03-17,17,Stockholm,BURGERS,260.0,-5,,new
111154,2026-07-23,10,Malmö,PIZZA,192 kr,44,On time,Returning
103721,13.04.2026,20,Uppsala,Pizza,234,26,On time,Returning
100393,2026-02-28,19,Stockholm,Pizza,288,27,Ontime,New
104674,27 Apr 2026,11,Göteborg, Indian,"285,0",25,On time,New
106587,2026-05-22,12,Uppsala ,Indian ,211.0,56,Late,Returning
111531,2026-07-28,13,Stockholm,Pizza,264 SEK,49,LATE,New
110355,13 Jul 2026,18,Göteborg,Salad,SEK 232,20,On time,Returning
100126,24.02.2026,10,Malmö,Thai,253,28,On time,New
107692,6 Jun 2026,11,Uppsala,sushi,201.0,24,On time,NEW
104463,2026-04-24,18,Stockholm,pizza,"315,0",42,ON TIME,New
112224,2026-08-07,17,Göteborg, Sushi,191.0,42,On time,New
104643,26.04.2026,14,Malmö,Pizza,317,36,On time,Returning
106907,2026-05-27,17,Göteborg,Kebab ,198.0,50,Late, Returning
104335,2026-04-22,15,Stockholm,salad,"376,0",40,On time,Returning
104427,2026-04-23,13,Malmö,Pizza,304 SEK,31,On time,Returning
105604,2026-05-09,14,Stockholm,Burgers,262.0,48, late,Returning
113310,2026-08-21,20,Stockholm,Pizza,"254,0",44,Ontime,New
111319,25.07.2026,12,malmö,Thai,216 kr,25,On time,Returning
102668,2026-03-31,20,Stockholm,Thai,199.0,19,On time,Returning
103054,2026-04-05,20,Stockholm,Vegan,238.0,35,On time,New
113163,19.08.2026,22,Stockholm,Thai,187.0,26,On time,New
104668,27/04/2026,12,Gbg,Pizza,232 kr,41,On time,Returning
108487,17.06.2026,16,Göteborg,Kebab,147.0,15,on time,Returning
111936,2 Aug 2026,12,Uppsala,Pizza,261.0,250,, Returning
104920,30/04/2026,13,Malmö,Thai,252.0,52,Late, Returning
103767,2026-04-14,13,,Burgers,175.0,28,On time,Returning
105399,06.05.2026,19,Malmö,Pizza,271.0,32,On time,New
106910,2026-05-27,13,Göteborg,Burgers,242,20,On Time,New
112230,2026-08-07,14, Göteborg,Kebab,182.0,45,On time,Returning
112864,2026-08-15,16,Stockholm,Burgers,"295,0",25,On time,Returning
103357,2026-04-09,16,Stockholm,Burgers,"290,0",42,On time,New
110836,19 Jul 2026,10,Stockholm,Salad,267 kr,38,On time,Returning
107309,01.06.2026,13,Stockholm,Pizza,189.0,58,Late,New
100791,2026-03-05,22,Uppsala,Thai,243,42,On time,New
109087,25.06.2026,13,Lund,Sushi,"189,0",46,Late,Returning
112823,15 Aug 2026,21,Göteborg, Kebab,277.0,52,late,Returning 
103995,2026-04-18,11,Göteborg,Pizza,283.0,24,On time,Returning
110148,10 Jul 2026,20,Malmö,Thai,231.0,30,On time,New
111506,2026-07-28,20,Göteborg,Kebab,276,47,Late,Returning
106201,2026-05-17,20,Malmö,Sushi,218.0,31,On time,New
104923,2026-04-30,20,Malmö ,Indian,320 SEK,32,on time ,returning
110475,14.07.2026,18,Malmö,Sushi,247 kr,32,on time ,Returning 
108368,2026-06-15,12,Stockholm,Vegan,"141,0",35,On time,Returning
103181,2026-04-06,20,Lund,Pizza,SEK 229,30,On time,Returning
102062,2026-03-23,15,Stockholm,Sushi,251,-5,,Returning
110473,14 Jul 2026,11,Malmö,Kebab,293.0,43,On time,Returning
104011,18.04.2026,22,Stockholm,Sushi,286.0,27,on time,returning
110898,2026-07-20,18,Göteborg,PIZZA,"235,0",46,Late,returning
102540,29.03.2026,18,Stockholm,burgers,131.0,35,On time,Returning
110900,2026-07-20,18,Göteborg,Kebab,219 SEK,36,On time,New
111854,2026-08-01,17, Lund,Salad,194.0,38,On Time,returning
113304,2026-08-21,19, Stockholm,VEGAN,251.0,38,On time,Returning
102766,2026-04-01,23,MALMÖ,Burgers,"194,0",48,Late,returning
106820,25 May 2026,10,Uppsala,Thai,242 kr,34,On time,New
105145,2026-05-03,20,Stockholm,KEBAB,305 kr,51,Late,New
104253,2026-04-21,10,Göteborg,Burgers,156.0,30,On time,New 
107577,05/06/2026,12,Stockholm,Thai,289.0,38,On time,New 
103892,16.04.2026,12,Stockholm,Indian,230,38,On time,Returning
102560,2026-03-29,15,Uppsala,Pizza,242 SEK,37,On time,Returning
104603,26 Apr 2026,12,Gbg,Vegan,203.0,49,Late,Returning
103142,06/04/2026,18,Stockholm,Pizza,172,42,On time,Returning
110615,2026-07-16,11,Malmö,Burgers,178.0,42,Ontime,New
100523,2026-03-01,20,Uppsala ,Burgers,"212,0",20,On time,New
101700,2026-03-18,12, Stockholm,Pizza,324.0,45,On time,New
106229,17.05.2026,16,Lund,Pizza,SEK 204,32,On time,Returning
102886,2026-04-03,18,Stockholm,Salad,176.0,38,On time,New
104915,30 Apr 2026,11,Malmö,Sushi,150,26,On time,New
112346,2026-08-08,13,stockholm,Burgers ,"129,0",30,On time,Returning
109248,2026-06-27,17,Lund,Salad,234.0,32,ON TIME,Returning
112045,04.08.2026,9,Stockholm, Indian,251.0,37,On Time,New
106106,2026-05-16,20,Stockholm,Burgers,229,35,On time,RETURNING
110614,16/07/2026,17,Malmö,Pizza ,287,-5,,New
110688,2026-07-17,21,,Pizza,"200,0",40,Ontime,Returning
110765,2026-07-18,20,STOCKHOLM, Salad,241,30,On time,New
103100,5 Apr 2026,11,Uppsala,Burgers,224.0,44,On time,Returning
101535,2026-03-15,20,Malmö,Kebab,202 SEK,43,ON TIME,Returning
103698,2026-04-13,12,Stockholm,Pizza,350.0,27,on time ,New
107645,2026-06-06,17,Stockholm,Pizza,240,41,Ontime,New
106318,2026-05-19,12,Göteborg,Sushi,284 SEK,44,On time,Returning
105590,9 May 2026,13,Stockholm,Pizza,173 SEK,41,On time,Returning
105835,2026-05-12,16,Malmö,Indian,228.0,16,on time ,New
111336,2026-07-25,15,Lund,Thai,216.0,47,Late,Returning
109140,2026-06-26,12,Malmö,BURGERS,303,27,On time,Returning
109298,28/06/2026,17,Malmö,Salad,237.0,43,ON TIME,New
106973,2026-05-27,19,Lund,Kebab,"322,0",22,On time,new
112652,2026-08-12,19,Stockholm,Pizza,281.0,38,on time,returning
104767,2026-04-28,16,stockholm,Burgers,161.0,39,on time, new
104489,24 Apr 2026,13,Malmö,Pizza,379.0,39,On time,Returning
109904,2026-07-07,23,Stockholm,Thai,308,25,On Time,New
107593,2026-06-05,18,malmö,Thai,"257,0",42,On Time,returning
107937,10.06.2026,12,Göteborg,Sushi,275.0,35,On time,New
107095,30/05/2026,12,Göteborg ,Thai,165.0,29,On Time,New
109741,05.07.2026,17,Göteborg,pizza,209.0,45,On time,Returning
101422,2026-03-14,11, Stockholm,Salad,237,35,On time,New
101322,2026-03-12,11,Lund,Pizza,"343,0",35,Ontime, Returning
112589,2026-08-11,11,Stockholm,Vegan,285 kr,50,late,new
110349,2026-07-13,16,Gbg,Burgers,SEK 238,49,Late,New
108580,2026-06-18,17,Malmö,Thai,178.0,41,On time,returning
107652,2026-06-06,19,Stockholm,Kebab,248 kr,28,On time,New
107294,2026-06-01,16,Stockholm,Pizza,183.0,40,On time,New
100902,2026-03-07,18,Stockholm,Burgers,199,39,On time,Returning
106970,27 May 2026,20,Lund,Pizza,157.0,34,On Time,New
112581,2026-08-11,12,Stockholm,Pizza,"259,0",49,Late ,Returning
111606,29.07.2026,18, Malmö,sushi,"303,0",27,ON TIME,new
102693,2026-03-31,13,Stockholm,Salad ,225.0,42,On time,New
113206,2026-08-20,19,Göteborg, Sushi,251 kr,53,Late,New
103603,12/04/2026,11,Stockholm,Salad,286 kr,28,On time,Returning
107810,2026-06-08,19,GÖTEBORG,Pizza,291 SEK,50,Late,New
109526,01.07.2026,14,Lund,Thai,317.0,35,On time,New
109483,01.07.2026,12,Göteborg,Sushi,SEK 231,27,On time, new
104537,25/04/2026,11,Stockholm,Salad,"253,0",34,On Time,New
108809,2026-06-21,15,Stockholm,Pizza,230,34,On time,Returning
110144,2026-07-10,21,STOCKHOLM,Pizza,282.0,27,On time,New 
113484,2026-08-23,10,Stockholm,Vegan,192 kr,44,On time,New
101717,18 Mar 2026,18,Stockholm,Thai,"231,0",35,On time,New
102974,2026-04-04,17,Stockholm,Sushi,296,37,On time,RETURNING
100676,2026-03-03,19,Lund,Sushi,SEK 234,47,Late,Returning
113072,18/08/2026,18,Göteborg,Pizza,222.0,55,Late,New 
103447,2026-04-10,18,stockholm,Thai,427,41,Ontime,New
105298,2026-05-05,11,Göteborg,Pizza,239.0,34,On time,Returning
100378,28 Feb 2026,13,Göteborg ,Pizza ,329.0,40,On time,Returning
104177,2026-04-20,18,göteborg,Indian,289.0,29,On time,Returning
103448,2026-04-10,18,Sthlm,Pizza,267.0,42,On Time, Returning
102552,2026-03-29,17,Malmö,Burgers,209.0,25,On time,new
110386,2026-07-13,18,STOCKHOLM,Thai,296.0,39,On time,returning
112981,2026-08-16,12,MALMÖ,Pizza,348.0,38,On time,Returning
108882,22 Jun 2026,14, Malmö,Indian,"179,0",47,Late,Returning
101493,2026-03-15,12, Stockholm,Indian,307.0,33,on time ,returning
102764,2026-04-01,17,Malmö,Vegan,185.0,29,ON TIME,Returning
111037,22/07/2026,21,Göteborg,Burgers,187.0,37,On time,New
102795,02.04.2026,12,Göteborg,Burgers,223.0,32,On time,New
109273,2026-06-28,17,stockholm,Salad,214.0,46,Late,Returning
112050,04/08/2026,11,malmö,Pizza,210 SEK,35,On time,New
100225,2026-02-26,17,Gbg,Indian,148,31,on time ,Returning
101040,2026-03-08,16,uppsala,Kebab,334.0,36,On time,Returning
102587,30/03/2026,17,GÖTEBORG,Vegan,255.0,38,On Time,New
107434,2026-06-03,21,Stockholm,Pizza,146.0,33,On time,New
107941,2026-06-10,10,Göteborg,Burgers,"168,0",26,On time,Returning
108137,12.06.2026,11,Lund,Vegan,SEK 210,26,On time,Returning
107161,2026-05-30,10,Malmö,Burgers,263.0,32,On time,Returning
112916,2026-08-16,9,Göteborg,Burgers,213.0,39,On time,New
102715,31 Mar 2026,19,Lund,Salad ,290,39,on time,returning
101520,2026-03-15,12,Malmö,Indian,198.0,37,on time,Returning
101438,2026-03-14,16, Malmö,Kebab ,285.0,38,On time,New
109234,2026-06-27,16,Malmö,Pizza,242,24,On time,Returning
110963,2026-07-21,13,Göteborg,Pizza,214,29,On time,New
100445,2026-02-28,12,Lund,Thai,204.0,27,On time,New
106923,27 May 2026,21,Stockholm,Burgers,227 kr,48,Late,Returning
112737,2026-08-13,19,Malmö,salad,265.0,36,On time,Returning
106328,19 May 2026,17,Stockholm,Pizza,149.0,42,Ontime,Returning
108613,2026-06-19,9,GÖTEBORG,Salad,"266,0",26,On time,Returning
100672,2026-03-03,13,Uppsala,Indian,327,61,Late,New
113118,18/08/2026,12, Malmö,Salad,241,49,late, Returning
108168,2026-06-13,20,Stockholm,Pizza,196,39,on time ,Returning
107236,2026-05-31,18,stockholm, Salad,269,46,Late,Returning
102268,26/03/2026,11,Göteborg,Sushi,281 kr,24,On time,Returning
108331,2026-06-15,19,Göteborg,Kebab,268,42,On time,Returning 
103702,2026-04-13,20,Malmö,pizza,310.0,39,On time,NEW
108740,2026-06-20,13,Malmö ,kebab,"331,0",33,On time,RETURNING
102294,26 Mar 2026,12,Stockholm,Sushi,312.0,37,On time,New
101087,2026-03-09,11,Stockholm,sushi,"237,0",49,LATE,Returning
110118,2026-07-10,16,Göteborg ,Salad,368.0,38,On time,Returning
108042,11 Jun 2026,13,,Kebab,241.0,28,On time,New 
111795,1 Aug 2026,18,Stockholm,KEBAB,"192,0",37,On time,Returning
106445,2026-05-21,14,Göteborg,Thai ,290,39,On time,Returning
111340,2026-07-26,11,Göteborg,Kebab,247.0,35,On time,Returning
111365,26.07.2026,11,Stockholm,Kebab,196.0,37,On time,Returning
100305,27.02.2026,9,Göteborg,Burgers,"285,0",43,On time,Returning
111472,2026-07-27,13,Malmö, Kebab,SEK 250,35,On time,New
103578,2026-04-12,12,göteborg,Thai,258.0,50,Late,New
107589,5 Jun 2026,10,Stockholm,Sushi,265.0,23,On time,New
109656,03.07.2026,20,Uppsala,PIZZA,205.0,31,On time,RETURNING
104213,20.04.2026,19,Stockholm,Vegan ,309.0,28,On time,Returning
104208,20 Apr 2026,20,Stockholm,Salad,265.0,33,On time,Returning
108893,2026-06-22,10,Uppsala,Pizza,238 kr,27,On time,Returning
109902,7 Jul 2026,12,Stockholm,PIZZA,196.0,42,On time,New
113463,23.08.2026,10,Stockholm,Indian,324.0,35,On time,New
108485,2026-06-17,19,Göteborg ,Vegan,178.0,36,On time,New
101470,2026-03-15,11,Göteborg ,Sushi,163.0,51,Late,Returning
112260,2026-08-07,13,STOCKHOLM,Pizza,306.0,41,On time,New
110484,2026-07-14,21,Uppsala,Pizza,224.0,36,On time,Returning
105088,02.05.2026,21,Lund,burgers,243.0,45,On time,New
103242,2026-04-07,20,Uppsala ,Burgers,147,40,On time,New
101129,10 Mar 2026,13,Göteborg,Burgers ,225.0,36,On time,new
100398,2026-02-28,13,Stockholm ,Salad,231,32,On time,New
107886,2026-06-09,19,Stockholm,Sushi,238 kr,37,On time,New 
111610,2026-07-29,12,Uppsala,Pizza,187.0,29,On time,Returning
105004,2026-05-01,19, Lund,Vegan,262.0,49,Late,New
103939,17 Apr 2026,17,Gbg, Burgers,245 kr,37,On time,New
112885,2026-08-15,19,Malmö,Thai,258.0,40,on time,Returning
101498,15 Mar 2026,15,Stockholm,Pizza,268.0,40,On time,Returning
110784,18/07/2026,14,Uppsala,Sushi,"295,0",32,On time, Returning
111838,2026-08-01,16,Malmö,Kebab,277,47,Late,Returning
104418,2026-04-23,18,Malmö,PIZZA,315 SEK,44,on time,returning
112841,15.08.2026,21,Stockholm,Pizza,248.0,42,On time, Returning
109884,2026-07-07,10,Göteborg,salad,217.0,43,On time,Returning
100557,2026-03-02,18,Stockholm,Pizza,245.0,59,Late,Returning
103760,14.04.2026,13,Stockholm,Pizza,314.0,25,On time,Returning
106497,2026-05-21,17,Malmö,Sushi,264.0,36,On time,Returning
108397,2026-06-15,21,lund, Sushi,340.0,38,ON TIME,New
109897,2026-07-07,16,Stockholm,Pizza ,239.0,24,On time,Returning
111473,27 Jul 2026,18,Malmö,Salad,214.0,35,On Time,Returning
104792,28 Apr 2026,14,Lund,Vegan,201.0,24,On time,Returning
104397,2026-04-23,14,Göteborg,Kebab,391.0,44,On time,RETURNING
101843,2026-03-20,13,Stockholm,Indian,280,33,on time ,Returning
110033,2026-07-09,18,GÖTEBORG,Pizza,136.0,40,On time,New
109748,2026-07-05,12, Göteborg,Thai,"125,0",999,,Returning
103337,09.04.2026,19,Göteborg,Burgers,265.0,30,on time ,Returning
100683,04.03.2026,22,Göteborg,Burgers,194.0,42,On time, Returning
105941,14 May 2026,13,STOCKHOLM,Kebab,232 SEK,32,On time,Returning
104498,24 Apr 2026,17, Malmö,Indian,252 SEK,55,Late,Returning
108960,2026-06-23,9,Lund,Thai,200.0,34,On time,Returning
112384,2026-08-08,12,Uppsala,pizza,160.0,45,On time,New
102803,2 Apr 2026,13,göteborg,Thai,254 kr,22,Ontime,Returning
103630,2026-04-12,18,Uppsala,Kebab ,291.0,43,on time,Returning
103004,2026-04-04,17,Uppsala,Vegan,338.0,42,Ontime,New 
102174,2026-03-24,12,malmö,Burgers,290.0,38,ON TIME,Returning
112223,2026-08-07,20,Göteborg,Indian,253.0,34,On time,Returning
108777,21 Jun 2026,13,Göteborg,Burgers,"249,0",24,On time,Returning
105710,2026-05-10,20, Malmö,Burgers,271,42,ON TIME,New
104075,19 Apr 2026,18,Gbg,Sushi,118.0,42,On time,Returning
104218,20/04/2026,19, Malmö,Indian,300.0,47, late,Returning
109693,04/07/2026,19,Stockholm,Indian,324.0,33,Ontime,Returning
103086,05.04.2026,17,malmö,Salad,"217,0",15,On time,Returning
106574,22.05.2026,13,Stockholm,Sushi,207 kr,34,On time,New
112861,2026-08-15,11,Stockholm,Kebab,262.0,26,On time,Returning
112416,9 Aug 2026,16,Göteborg,Indian ,"227,0",32,ON TIME,Returning
113512,23 Aug 2026,10, Malmö,Pizza,315.0,33,On time,Returning
101632,17/03/2026,12,STOCKHOLM,Sushi,261,39,On time,new
105315,2026-05-05,13,Stockholm,Sushi,291.0,48,Late,Returning
111972,2026-08-03,11,Stockholm,Burgers,210.0,39,On time,Returning
104464,24.04.2026,19,STOCKHOLM, Indian,232.0,29,On time,Returning
111187,24 Jul 2026,17,Stockholm,Kebab,269 kr,47,Late,New
100258,2026-02-26,15,,Indian,356.0,46,Late,Returning
108702,2026-06-20,23,GÖTEBORG,Vegan,301.0,35,On time,New
101569,2026-03-16,19,Göteborg,Indian,275 kr,31,on time, new
110283,12 Jul 2026,16,Stockholm,Pizza,"232,0",31,Ontime,New
106042,15/05/2026,22,Malmö,Sushi,249.0,37,On time,Returning
105276,2026-05-04,18,Uppsala,Burgers,158.0,28,On time,New
110983,21.07.2026,14,Stockholm,Burgers ,209 kr,33,On time,New
112443,2026-08-09,20,Stockholm,Pizza,288.0,34,On time,New
102583,2026-03-30,16,Göteborg,Sushi,228.0,15,On time,Returning 
107798,2026-06-07,11, Lund,sushi,167.0,39,On Time,New
113031,2026-08-17,11,Sthlm,Sushi,312.0,32,On time,Returning
108792,21.06.2026,18,stockholm, Vegan,230,32,On time,Returning
103833,15 Apr 2026,18,Stockholm,Kebab,213 kr,34,Ontime,Returning
110135,2026-07-10,19,STOCKHOLM,Kebab,198.0,31,on time ,New
111408,2026-07-26,16,Uppsala,Kebab,SEK 354,30,On time,Returning
111732,31/07/2026,12,Stockholm,Kebab,218,36,Ontime,Returning
109222,2026-06-27,12,Stockholm,Kebab ,367,34,On time,Returning
110759,2026-07-18,12,Stockholm,Pizza,216.0,30,ON TIME,Returning
111784,1 Aug 2026,20,Göteborg,Pizza ,303.0,45,On time,Returning
111749,31 Jul 2026,10, Malmö,Burgers,347,32,On time,RETURNING
102635,2026-03-30,19,Uppsala,Kebab,"243,0",35,On time,Returning
104897,2026-04-30,11,Stockholm ,Pizza,239.0,43,On time,Returning
106367,2026-05-19,18,Lund,Thai,254.0,34,On time,Returning
111233,2026-07-24,19,Uppsala ,pizza,236.0,34,On time,New
112133,2026-08-05,11,uppsala,Pizza,236.0,50,Late,Returning
110783,2026-07-18,12,Uppsala,Pizza ,348.0,25,On time,New
103985,2026-04-17,12, Lund,Thai,323.0,39,On time,Returning
100649,2026-03-03,19,Malmö,Burgers,259.0,35,On time,Returning
105833,12 May 2026,19,malmö,Burgers,226 kr,44,On Time,Returning
104328,2026-04-22,12,Stockholm,Pizza,"237,0",42,On time,Returning
103919,2026-04-16,20,Uppsala,Sushi,181.0,31,On time,New
109759,2026-07-05,19, Stockholm,Kebab,288.0,25,on time,Returning
113136,2026-08-18,17,Lund,Thai,277.0,31,On time,New
113165,19 Aug 2026,12,stockholm,Pizza,366.0,33,Ontime,New
108901,2026-06-22,13,lund,Pizza ,196 kr,47,Late,Returning
104429,23/04/2026,12,Uppsala,Burgers,245.0,53,Late,Returning
110491,14 Jul 2026,12,Lund,Sushi ,285 kr,37,On time,Returning
110520,2026-07-15,12,Stockholm,Vegan,264.0,18,On time,New
106038,15/05/2026,13,Malmö,Sushi,SEK 273,32,On time,Returning
106074,2026-05-16,13,Stockholm,Pizza ,"338,0",40,On time,returning
101791,2026-03-19,21,Stockholm,Pizza,"249,0",37,On time,New
113229,2026-08-20,22,Stockholm,Kebab ,243 SEK,39,On time,Returning
102496,2026-03-29,12,Göteborg,Burgers,260.0,47,Late, Returning
110209,11 Jul 2026,13,Stockholm,Burgers,356.0,47,late,Returning
100253,26 Feb 2026,19,Stockholm,Pizza,219.0,33,On time,RETURNING
110800,18/07/2026,11,Lund,Pizza,"191,0",38,Ontime,Returning
102817,02/04/2026,17,Stockholm,sushi,247 kr,38,On time,Returning
109469,2026-07-01,18,Göteborg,Indian,292.0,50,late,Returning
102565,29.03.2026,15,lund,Burgers,"259,0",50,late,Returning
110208,2026-07-11,21,Stockholm,Salad,381.0,39,ON TIME,New
107653,06/06/2026,13,Stockholm,Salad,300.0,33,On time,New
104422,2026-04-23,17,Malmö,Pizza,197,32,ON TIME,Returning
109724,2026-07-04,20, Uppsala,Sushi,202.0,46,Late,Returning
108762,2026-06-20,10,Lund,Thai,218.0,21,On time,New
109494,2026-07-01,14,Stockholm,Sushi,"149,0",36,Ontime,Returning
112740,13.08.2026,14,Malmö,Thai,278.0,23,On time,New
112028,2026-08-04,12, Stockholm,Sushi ,261.0,44,On time,New
110257,2026-07-12,11,Göteborg,Pizza,280.0,42,On time,New
103748,14.04.2026,16,Stockholm,Pizza,257.0,43,on time ,Returning
111543,28 Jul 2026,13,Malmö,Burgers ,269,24,On time,New
104698,2026-04-27,21,Stockholm,Kebab,278 kr,44,ON TIME,Returning
111830,01/08/2026,17,Malmö,BURGERS,271.0,22,ON TIME, Returning
106147,2026-05-17,11,Göteborg,Thai,"292,0",48,Late,Returning
110324,2026-07-12,11,Malmö,Salad,"264,0",37,On time,New 
100673,2026-03-03,17,Uppsala,Pizza,"262,0",25,Ontime,Returning
105945,2026-05-14,18,Stockholm,Pizza,166,38,On time,Returning
104963,2026-05-01,17,Stockholm,Sushi,275.0,44,On time,Returning
104644,26 Apr 2026,12,Malmö,INDIAN,"376,0",26,On time,New
106137,2026-05-16,21,Lund,Kebab,232.0,45,On time,Returning
101164,10 Mar 2026,23,Malmö,Indian,297.0,17,On time,returning
103706,13 Apr 2026,10,Malmö,Pizza,327.0,36,On time,Returning
104661,2026-04-26,14,Lund,Burgers,249.0,48,Late,New
108052,2026-06-11,14, Malmö,vegan,306.0,30,On time,Returning
111748,2026-07-31,19,Malmö,Indian,329 kr,37,On time,New
100186,25 Feb 2026,13,Stockholm,Thai,236.0,34,on time, Returning
105948,2026-05-14,19,Stockholm,Burgers,201.0,36,On time,RETURNING
102409,28.03.2026,9, Göteborg,pizza,SEK 352,25,On time,RETURNING
101650,2026-03-17,10,Stockholm,Vegan,353.0,15,On time,New
112951,16 Aug 2026,19,Stockholm,burgers,264.0,33,On time,New
104035,2026-04-18,15,Stockholm,Thai,200 kr,30,On Time,Returning
100228,2026-02-26,11,Göteborg,Salad,211 SEK,36,On time,New
113025,2026-08-17,11,,Pizza,330,51,Late,RETURNING
106253,18 May 2026,13,Göteborg,Burgers,273.0,44,on time,Returning
107866,2026-06-09,13,Göteborg,Burgers,196.0,44,on time ,Returning
109561,02.07.2026,19,Stockholm,Burgers,195 kr,44,On time,Returning
111247,2026-07-25,17,Göteborg,Pizza,268 kr,43,On time,Returning
107209,31.05.2026,12,Stockholm,Burgers,251.0,25,On time,Returning
106198,17/05/2026,13,Malmö,Burgers,242 kr,59, late,Returning
111076,2026-07-22,19,Stockholm,Kebab,180,34,On Time,Returning
102218,2026-03-25,13,stockholm,Sushi,265.0,39,ON TIME, Returning
105337,2026-05-05,20,Uppsala,Sushi,255.0,34,On time,Returning
104436,2026-04-23,12,Lund,Burgers,259.0,46,Late ,Returning
101572,2026-03-16,19,Stockholm,Pizza,214 SEK,36,On time,New
100992,2026-03-08,19,Stockholm ,Sushi,105.0,18,On time,Returning
111796,2026-08-01,19,Stockholm,Indian,"230,0",35,On time,New
112838,2026-08-15,14,Göteborg,Pizza,214.0,38,on time,New
110535,15/07/2026,22,Stockholm,Burgers,"267,0",25,on time ,new
106687,2026-05-24,10,Göteborg,burgers,185.0,27,On time,New
111655,2026-07-30,12,Stockholm,Burgers,295 SEK,999,,Returning
102035,2026-03-22,19,Lund,Thai,210.0,33,On time,new
103239,07/04/2026,14,Uppsala,Burgers,"279,0",41,On time,Returning
100006,23.02.2026,12,GÖTEBORG,Pizza,244,41,On time,Returning
111456,2026-07-27,12,,Indian,169.0,26,On time,Returning
103526,11 Apr 2026,18,Malmö,burgers,268 SEK,45,Ontime,New
104309,2026-04-22,12,GÖTEBORG,Sushi,293.0,39,On time,Returning
103685,2026-04-13,9,Stockholm,pizza,211 kr,40,On time,Returning
105462,2026-05-07,19,malmö,burgers,393.0,40,On time,New
101747,18.03.2026,13,Lund,Thai,252,44,On time,New
104626,2026-04-26,13,Stockholm ,Pizza,252 SEK,29,Ontime,New
101907,2026-03-21,13,Stockholm,Pizza,332 kr,37,On time,Returning
106708,2026-05-24,17,Stockholm,Indian,247.0,44,Ontime,New
104211,20.04.2026,11,Stockholm, Kebab,232.0,23,On time,Returning
105838,12/05/2026,18,Malmö,Kebab,"266,0",54,Late,Returning
105874,2026-05-13,20,Stockholm ,Kebab,290.0,43,On time,New
102841,2 Apr 2026,13,Stockholm,Burgers,274 SEK,35,On time,Returning
101785,19 Mar 2026,14,stockholm,Vegan,245.0,28,On time,Returning
108680,19/06/2026,12, Uppsala,Pizza,304.0,47,Late,Returning
107867,2026-06-09,17,Göteborg,Kebab,"195,0",35,On time,New
102551,2026-03-29,10,Malmö,Kebab,321.0,45,On time,new
102418,2026-03-28,19,Göteborg,Vegan,316.0,999,,Returning
109294,28 Jun 2026,14,Malmö,Sushi,220.0,41,On time,Returning
100033,2026-02-23,20,Stockholm,Vegan,SEK 247,37,On time,New
110537,2026-07-15,17,Stockholm,Burgers,210,37,On time,New
107171,30.05.2026,11,Uppsala,Sushi,SEK 228,38,On time,Returning
111467,27.07.2026,20,Stockholm,Pizza,252.0,250,,New 
108247,2026-06-14,14,Göteborg,Burgers,143.0,47,Late,Returning
108073,2026-06-11,11,Lund,Kebab,295.0,33,On time,Returning
108077,2026-06-12,17,Göteborg,Thai,254.0,45,On time,Returning
110416,2026-07-13,13,Lund,Vegan,153.0,52,late,Returning
102528,2026-03-29,11,Sthlm,Burgers ,240.0,33,On time,New
108157,2026-06-13,12,Göteborg,SUSHI,224.0,41,On time,Returning
108653,2026-06-19,12,Stockholm,Sushi,"259,0",50,Late,New
103108,05/04/2026,16,Uppsala,Pizza,155.0,51,LATE,Returning
112147,2026-08-06,19,Göteborg,VEGAN,262.0,35,On time,New
100454,2026-03-01,18,Göteborg,Thai,185.0,30,On time,Returning
100147,2026-02-25,21, Göteborg,Salad,290.0,22,On time,Returning
106984,28.05.2026,12,Göteborg,Kebab,"447,0",43,On time,RETURNING
101591,2026-03-16,13,Stockholm,Sushi,"270,0",18,On time,Returning
101136,2026-03-10,12,Göteborg,Salad,221 kr,36,On time,Returning
100723,2026-03-04,11,Malmö,Kebab,338.0,27,On time,Returning
112227,2026-08-07,12,Göteborg,Vegan,261.0,29,on time,Returning
102744,2026-04-01,12,Stockholm,Kebab,251 kr,33,On time,Returning
111254,25 Jul 2026,9,Göteborg,pizza,164 SEK,30,ON TIME,Returning
108289,2026-06-14,15,Malmö,Indian,281.0,48,Late,Returning
110895,2026-07-20,12,Göteborg,Thai,137.0,42,On time,New
101428,2026-03-14,18,Stockholm,Thai ,"307,0",37,On time,Returning
111745,31 Jul 2026,15,Stockholm,Thai,SEK 264,48, late,Returning
100636,03/03/2026,22,Stockholm,sushi,214.0,24,On time, Returning
107591,2026-06-05,18,Stockholm,Sushi ,254.0,36,Ontime, Returning
102090,23.03.2026,11,Malmö, Pizza,298 kr,29,on time ,NEW
110483,2026-07-14,19,Uppsala,Thai,"206,0",40,On time,Returning
102151,24 Mar 2026,13,Stockholm,Kebab,253.0,48,Late,New
109311,2026-06-28,13,MALMÖ,Burgers ,213.0,25,On time,Returning
103210,07/04/2026,18,Stockholm,BURGERS,167,42,On time,Returning
108382,2026-06-15,18,,Vegan,"119,0",23,on time,RETURNING
112655,2026-08-12,16,Stockholm,thai,"254,0",55,Late,Returning
112336,2026-08-08,17,Stockholm,Pizza,195.0,32,On time,New
107770,2026-06-07,11, Malmö,PIZZA,233.0,48,Late,Returning
109877,2026-07-06,11, Lund,Salad,"284,0",48,LATE,Returning
109116,26 Jun 2026,12,Stockholm,Salad,288.0,27,On time,Returning
106178,2026-05-17,19,Stockholm,Salad,348.0,38,On time,Returning
101338,13 Mar 2026,19,Stockholm,Pizza,205.0,18,ON TIME,New
111373,2026-07-26,10,Stockholm,SUSHI,335.0,250,,Returning
100286,26 Feb 2026,18,Lund,Pizza,"309,0",38,on time,NEW
110616,2026-07-16,11, Malmö,Indian,239.0,27,On time,Returning
111001,2026-07-21,10,stockholm,Burgers,"191,0",37,on time,Returning
106158,2026-05-17,9,Göteborg,pizza,239,38,on time,New
108973,2026-06-24,10,Göteborg,Pizza,188.0,41,On time,New
105953,14 May 2026,22,Stockholm,Kebab,267 kr,42,On time,New
105738,11/05/2026,19,Göteborg,Pizza,359.0,36,On time,Returning
102131,2026-03-24,14,göteborg,Indian ,"296,0",38,on time ,Returning
102718,2026-03-31,17,Lund,Pizza,226.0,46,Late,New
108876,2026-06-22,16,Stockholm,Pizza,SEK 237,42,On time,Returning
105544,8 May 2026,19, Lund,Salad,214.0,24,On time,Returning
104579,2026-04-25,18,Uppsala,Burgers,288,29,ON TIME,New
108115,12 Jun 2026,11,Stockholm,Burgers ,274.0,37,On time,Returning
100392,2026-02-28,12,Stockholm,Sushi,281.0,35,On Time,Returning 
108610,2026-06-19,12,Göteborg,Pizza,287.0,37,ON TIME,Returning
104877,30/04/2026,18,GÖTEBORG,Sushi,309.0,48,LATE,new
112647,2026-08-12,11,Stockholm,Thai,263.0,40,On time,Returning
109481,1 Jul 2026,12,Göteborg,Pizza,371.0,36,on time ,Returning
104510,2026-04-24,18,Lund ,Pizza,"334,0",49,Late,Returning
113102,2026-08-18,16,Stockholm,Thai,381.0,41,On time,New
105170,2026-05-03,17,Malmö,Vegan,313.0,46,late,Returning
112863,15 Aug 2026,19,Sthlm, Salad,265 SEK,28,On time,Returning
112011,2026-08-04,11,Göteborg,Pizza,277,25,On time,Returning
107547,05.06.2026,11,Göteborg ,Sushi,216.0,35,On time,Returning
106599,2026-05-22,20,Lund,Pizza,135.0,44,On time,Returning
101380,2026-03-13,12,lund,Vegan ,190.0,22,On time,New
102770,1 Apr 2026,9,Malmö,Thai,178,37,On time,New
109142,2026-06-26,19,Malmö,Burgers,254 kr,33,on time ,New
100296,2026-02-27,12,Göteborg,Pizza,372,29,On time,Returning
100390,2026-02-28,18,Stockholm,Kebab,SEK 211,29,On time,Returning 
111661,2026-07-30,16,Stockholm,pizza,"259,0",46,Late,New
101277,2026-03-12,21,STOCKHOLM,Burgers,SEK 390,46,Late,Returning
113014,2026-08-17,20,Stockholm,Salad,157,33,On time,Returning
103813,15 Apr 2026,19,Stockholm,Indian,335,33,On time,Returning
111112,23.07.2026,18,Gbg,Sushi,"230,0",28,On time,Returning
112163,2026-08-06,12,Göteborg,Vegan,"327,0",40,On time,Returning
110367,13 Jul 2026,20,STOCKHOLM,SUSHI,151.0,26,ON TIME,New
100704,2026-03-04,13,Sthlm,Sushi,215.0,60,LATE,NEW
101541,2026-03-15,12,Lund,Burgers,199.0,32,On time,New
112267,2026-08-07,17,Malmö,Pizza,208.0,21,on time ,Returning 
100453,2026-03-01,17,Göteborg,Kebab,327 SEK,32,On time,Returning
100483,2026-03-01,19,Stockholm,vegan,"266,0",27,On time,New
108025,2026-06-11,9,STOCKHOLM,Sushi,228.0,38,On time,Returning
106337,2026-05-19,19,Stockholm,Kebab,185.0,31,On Time,New
109081,2026-06-25,11,Uppsala,pizza,289.0,27,on time,Returning 
108622,2026-06-19,16, Göteborg,Burgers,309 kr,47,Late,New
113506,2026-08-23,13,Malmö,Vegan,258 SEK,43,On time,Returning
112529,2026-08-10,12,Stockholm,vegan,295.0,36,ON TIME,Returning
102828,2026-04-02,18,Stockholm,Pizza,294.0,39,On time,Returning
112879,2026-08-15,16, Malmö,Pizza,272 SEK,51,Late,New
112777,2026-08-14,12,Stockholm,Kebab,280,45,On time,Returning
107872,2026-06-09,12,Göteborg,THAI,280 kr,47,Late ,New
106550,2026-05-22,12, Stockholm,Pizza,313.0,35,On time,New
110286,2026-07-12,23,Stockholm,Burgers,277.0,58,Late,Returning
106759,25 May 2026,20,Göteborg,Pizza,256,39,On time,Returning
111946,2026-08-03,19,Göteborg, Pizza,279.0,21,On time,Returning
107475,2026-06-03,14,Uppsala,Pizza,267 kr,54,Late,Returning
112130,2026-08-05,20,Malmö,BURGERS,"201,0",51,Late,Returning
108890,22.06.2026,11,Malmö,Salad,267.0,38,On time,RETURNING
113264,20 Aug 2026,13,Malmö,Pizza ,178.0,35,On time,New
109516,2026-07-01,12,Malmö,Kebab,"189,0",26,On time,Returning
102760,01/04/2026,17, Stockholm,Sushi,187 SEK,53,Late,New
108571,2026-06-18,13,stockholm,Burgers,285.0,38,ON TIME,RETURNING
110996,21/07/2026,11,Stockholm,Pizza,"255,0",28,On time,Returning
104379,2026-04-22,21,Lund ,Burgers,322.0,28,on time,Returning
107670,2026-06-06,10, Stockholm,Kebab,274 SEK,44,On time,Returning
107423,2026-06-03,17,Göteborg,Burgers,254,35,On time,New
112475,2026-08-09,15,Uppsala,Pizza,233.0,15,On time,new
107272,1 Jun 2026,18,Göteborg, Thai,"292,0",15,On time,New
112852,2026-08-15,15,Stockholm,Pizza,"89,0",20,On time,Returning
107898,2026-06-09,17,Stockholm, Burgers,"276,0",25,On time,New
109036,2026-06-25,12,göteborg,Burgers,270.0,38,ON TIME,RETURNING
103075,05/04/2026,12,Stockholm,Vegan,"249,0",34,ON TIME,New
106669,23/05/2026,19,Uppsala,Kebab,183 kr,43,On time,New
101542,2026-03-15,19, Lund,burgers,212.0,26,on time,Returning
103661,2026-04-13,14,Göteborg,Thai,248.0,36,On time,Returning
100162,2026-02-25,17,Göteborg,KEBAB,264 kr,24,On time,Returning
107287,2026-06-01,19,Stockholm,Burgers,181,48,Late,NEW
102314,26/03/2026,12,Uppsala,Kebab,353.0,24,On time,New
111973,3 Aug 2026,16,Stockholm,Kebab,244 kr,33,On time,Returning
111157,23 Jul 2026,20,Uppsala ,Indian,261.0,52,Late ,New
100675,2026-03-03,19, Lund,Indian ,"234,0",44,On time,Returning
100855,6 Mar 2026,14,Malmö ,thai,324.0,44,on time ,Returning
109324,29/06/2026,19,göteborg,Burgers,232.0,50,late,New
102808,02/04/2026,18,GÖTEBORG,Kebab,SEK 291,39,on time,Returning
113492,2026-08-23,18,Malmö,BURGERS,"328,0",30,On time,Returning 
101373,2026-03-13,18,Uppsala ,Vegan,245.0,38,On time,Returning
103737,14/04/2026,11,Göteborg,BURGERS,286 SEK,15,On time,Returning
110827,2026-07-19,17,stockholm,Sushi,282 SEK,30,ON TIME,New
109012,2026-06-24,10,Malmö,Sushi,"206,0",0,,Returning
106398,2026-05-20,23,Stockholm,Burgers,287.0,48,Late,New
102572,2026-03-30,18,göteborg,Burgers,298.0,999,,New
105951,14.05.2026,15,Stockholm ,Pizza,"347,0",35,On time,Returning
108525,17/06/2026,21,Malmö,Pizza,338 SEK,31,On time,New
108955,23/06/2026,11,Lund,Kebab,249.0,48,Late,Returning 
105535,2026-05-08,14,Uppsala,Burgers,156.0,43,On time, Returning
103945,17/04/2026,12, Göteborg,SUSHI,204.0,32,On time,Returning
108677,2026-06-19,14, Uppsala,Burgers,273.0,45,On time, Returning
100736,2026-03-04,20,Lund ,burgers,189,36,On time,New
107927,2026-06-09,20,Lund,Pizza,408.0,49,Late,Returning
107790,7 Jun 2026,12,Uppsala,Pizza,138,43,On Time,Returning
103975,17.04.2026,14,Uppsala,Pizza,259,34,On time,New
104051,18.04.2026,18,Malmö, Kebab,169.0,43,On Time, Returning
101705,18/03/2026,17,Stockholm,Sushi,252 kr,29,On time,New
111825,2026-08-01,13,Stockholm, Sushi,302.0,27,On time,Returning
100325,27 Feb 2026,18,Stockholm,Pizza,234.0,26,On time,Returning
105985,2026-05-14,16,Uppsala,Salad,278.0,33,on time,RETURNING
104859,29 Apr 2026,11,Lund,Pizza,271.0,41,Ontime,Returning
102765,1 Apr 2026,14,Malmö,Burgers,234.0,37,On time,Returning
102904,2026-04-03,17,Stockholm,Indian ,SEK 225,36,On time,New
108966,2026-06-24,21,GÖTEBORG,Kebab,271.0,30,Ontime,Returning
109934,2026-07-07,14,Malmö,Sushi,310.0,20,On time,Returning
112527,10.08.2026,20,Stockholm ,Pizza,"282,0",32,On time,Returning
103796,2026-04-14,17, Lund,Pizza,383 SEK,34,On time,New
101652,2026-03-17,22,Stockholm, Vegan,354.0,46,Late ,Returning
104202,20/04/2026,19,Stockholm,Thai,381.0,52,Late,Returning
104518,2026-04-25,11,Göteborg,Kebab ,359.0,32,On time,Returning
100829,2026-03-06,10,Stockholm,Burgers,312.0,16,On time,New
104170,20 Apr 2026,20,Göteborg,Sushi,192.0,30,On time, Returning
109101,2026-06-26,10,Göteborg,Sushi,291,31,On time,Returning
111034,2026-07-22,20,Göteborg,Kebab,239.0,17,On time,New
105470,7 May 2026,17,uppsala,Sushi,282.0,31,On time,New
110243,2026-07-11,19,Lund,Thai,"206,0",41,On time,Returning
104515,2026-04-25,20,GÖTEBORG,Pizza,290.0,40,On time,Returning
104473,2026-04-24,12, Stockholm,Thai,119.0,46,Late,Returning
102986,04.04.2026,13,Malmö,Burgers,"319,0",53,LATE, new
111862,2026-08-02,21,Göteborg,Pizza,262.0,38,On time,New
104857,29.04.2026,15,Lund,Sushi,307.0,38,ON TIME,Returning
111350,2026-07-26,13,Göteborg,Pizza ,296.0,35,ON TIME,New
104322,2026-04-22,17,Stockholm,KEBAB,262,30,ON TIME,New
112797,2026-08-14,12,Stockholm,Burgers,249,-5,,returning
112019,2026-08-04,13,Göteborg,Burgers,317.0,45,On time,Returning
108035,11 Jun 2026,18,Stockholm,Vegan,224.0,40,ON TIME,Returning
100610,2026-03-03,20,Göteborg,Kebab,267.0,33,On time,New
102876,3 Apr 2026,19,Göteborg,Burgers,269.0,41,On time,New
102285,26 Mar 2026,19,Stockholm,Vegan,250 kr,30,On time, Returning
105632,2026-05-09,21,Uppsala,Burgers,SEK 197,46,Late,New
112234,07.08.2026,12,Göteborg ,Thai ,277.0,47,Late ,Returning
111164,2026-07-23,10,Lund ,Burgers,236.0,15,On time,NEW
102859,2 Apr 2026,19,Lund,Sushi,"219,0",33,On time,Returning
109452,2026-06-30,23,Uppsala ,Thai,244.0,37,on time,New
102203,2026-03-25,10,Göteborg,Kebab,319.0,26,On time,Returning
105084,2 May 2026,16,Uppsala,Burgers,233 SEK,39,On time, Returning
103038,2026-04-05,12,Stockholm,Pizza,211.0,37,on time ,New
106431,20.05.2026,19, Malmö,Kebab,232.0,42,On time,Returning
107899,9 Jun 2026,19,stockholm,Burgers,246.0,43,On time,Returning
104461,24 Apr 2026,13,Stockholm,Indian,171,33,on time ,Returning
104804,2026-04-29,9,Göteborg,Burgers,183,34,On time,Returning
101220,11.03.2026,21,Stockholm,kebab,112.0,23,Ontime,Returning
113244,20/08/2026,19,Stockholm,Thai,"141,0",30,On time,New
113101,2026-08-18,21,STOCKHOLM,Kebab,210.0,44,On time,New
101719,2026-03-18,21,Stockholm,Sushi ,383 SEK,40,On time,Returning
110801,18.07.2026,19,Lund,Indian,239.0,45,On time,Returning
107936,2026-06-10,18,Göteborg,Thai,229.0,39,On time,New
107466,2026-06-03,20,MALMÖ,Sushi,256,38,On time,Returning
104512,24/04/2026,12,Lund,salad,203.0,27,On time,Returning
110956,2026-07-20,9,Lund,Burgers,301,31,On time,returning
100161,25/02/2026,14,Göteborg,Indian,180.0,33,On time,Returning
110513,2026-07-15,12,Stockholm,Vegan,345.0,36,On time,Returning
101849,2026-03-20,11,Stockholm ,Kebab,180.0,35,On time,Returning
109910,2026-07-07,13,Stockholm,Burgers,271.0,58,Late,New
111896,2026-08-02,13,Stockholm,Burgers,139.0,38,On time,Returning
113504,23.08.2026,13,Malmö , Sushi,268.0,35,On time,Returning 
111867,2 Aug 2026,19,Göteborg,burgers,106.0,46,LATE,New 
106719,24/05/2026,10,Stockholm,Kebab,"252,0",42,On time,Returning
106048,2026-05-15,19,Uppsala,Kebab,"222,0",50, late,Returning
104737,28/04/2026,16,Göteborg,Sushi,325.0,41,on time ,Returning
109282,28 Jun 2026,18,stockholm,Indian,235.0,27,on time, Returning
104833,2026-04-29,10,Stockholm,Kebab,173.0,37,ON TIME,RETURNING
110551,2026-07-15,12,Malmö,Kebab,176.0,28,On time,Returning
112899,2026-08-15,18,Uppsala,Indian,224.0,38,On time,Returning
103671,2026-04-13,23,Göteborg ,Pizza,205.0,35,On time,Returning
104237,21/04/2026,18,Göteborg,Burgers,SEK 288,32,On time,Returning
112994,16/08/2026,12,Lund,PIZZA,"222,0",39,On time,Returning
105144,2026-05-03,11, Stockholm,Burgers,285.0,27,On time,New
106726,2026-05-24,14,Stockholm,Burgers,245.0,44,On time,Returning
102238,2026-03-25,11,Malmö,Pizza,291.0,43,On time,Returning
111729,31.07.2026,11,stockholm, Indian,219.0,49,late,NEW
104340,2026-04-22,16,Stockholm,SALAD,208.0,44,On time,New
111882,2026-08-02,20,Stockholm,Pizza,263.0,47,Late,Returning
106293,2026-05-18,11,Malmö,Sushi,273.0,48,late,New
102280,26/03/2026,14,Stockholm,Kebab,310.0,0,,Returning
112408,2026-08-09,10,Göteborg,Sushi,258,41,On time,Returning
103001,2026-04-04,14,Uppsala,PIZZA,281.0,46,Late,New 
113374,2026-08-22,19,Stockholm,Pizza,SEK 316,45,Ontime,returning
108590,18/06/2026,12,Malmö,Kebab,175.0,34,On time, Returning
106850,26 May 2026,22,Stockholm,Indian,264.0,51,Late,New
102364,27.03.2026,20,Stockholm,Pizza,244.0,40,on time,RETURNING
108254,14.06.2026,15,Sthlm,Pizza,189.0,28,On time,Returning
107609,2026-06-05,10,Uppsala,Burgers,252.0,46,Late ,New
108409,16 Jun 2026,13,Gbg,Sushi,125.0,38,On Time, new
100040,23.02.2026,12,Stockholm ,Pizza,241.0,22,On time,Returning 
104771,2026-04-28,16,Sthlm,Kebab,299.0,36,On time,returning
110990,21 Jul 2026,12,, Sushi,207.0,42,On time,Returning
100505,2026-03-01,15,MALMÖ,Sushi,309,28,On time,Returning
105489,08.05.2026,14,Göteborg,Burgers,206,34,On time,Returning
109627,2026-07-03,18,Stockholm,Vegan,258,42,On time,New
109432,2026-06-30,17, Stockholm,Kebab,102 SEK,37,On time,New
109339,29 Jun 2026,22,Gbg,Sushi,278.0,49,Late,Returning
101930,2026-03-21,11,MALMÖ,Kebab,330 kr,38,On time,New
112279,2026-08-07,13,Malmö,Indian,223.0,33,On time,Returning
109083,2026-06-25,14,Lund,Sushi,280.0,46,Late,New
108611,19.06.2026,17,,Sushi,351,29,on time,Returning
105482,08/05/2026,17,Göteborg, Burgers,264.0,30,ON TIME,New 
102003,22 Mar 2026,14,Stockholm,Pizza,209.0,46,Late,Returning
109197,2026-06-27,20,Stockholm,Sushi,196.0,57,late,Returning
110055,9 Jul 2026,17,STOCKHOLM,kebab,281.0,22,On time,Returning
105965,14 May 2026,20,Malmö,Sushi ,295.0,31,On time,Returning
105780,2026-05-11,16,Malmö,Vegan,"203,0",44,On time,Returning
111343,2026-07-26,21,Göteborg,Burgers,198.0,21,Ontime,Returning
111752,2026-07-31,15,Malmö,Kebab,199.0,45,On time,Returning
108851,2026-06-22,19,GÖTEBORG,Thai,227.0,41,On time,Returning
107675,6 Jun 2026,17,Stockholm,Pizza,243 SEK,33,Ontime,New
105364,2026-05-06,13,Stockholm, Sushi,303 SEK,36,On time,Returning
106955,2026-05-27,19,Malmö,Kebab,219,35,On time,RETURNING
111116,2026-07-23,13,Göteborg,Vegan,183.0,29,On Time,Returning
111766,2026-07-31,13,lund,Burgers,278.0,44,ON TIME,Returning
107965,2026-06-10,18,Stockholm,Pizza,211.0,47,Late,New
104614,2026-04-26,19,Stockholm,Thai,"212,0",37,On time,Returning
103570,2026-04-12,13,Göteborg,Kebab,186.0,36,On time,Returning
101510,2026-03-15,19,STOCKHOLM,Burgers,"195,0",38,On time,New
107718,2026-06-07,17,Göteborg,Pizza,206.0,28,On time,RETURNING
104985,2026-05-01,17,Malmö,Kebab,211 kr,59, late,Returning
106227,2026-05-17,20,Lund, Burgers,219.0,27,On time,Returning
100763,2026-03-05,18,Stockholm,Indian,177.0,53,Late,Returning
102254,2026-03-26,19,Göteborg,Vegan,301.0,39,On time,New
107945,2026-06-10,12,Göteborg,Burgers,181,45,on time,New
112936,16 Aug 2026,22,Stockholm,Vegan,272 kr,15,On time,Returning
104056,2026-04-18,13,Uppsala,Pizza,299.0,40,On time, Returning
106931,2026-05-27,11,Sthlm,Sushi ,290 SEK,33,On time,New
111552,2026-07-28,20,Uppsala ,Sushi,240.0,50,Late,Returning
113470,23.08.2026,20,Stockholm,Pizza,174.0,25,On Time,New
104570,2026-04-25,19,Malmö,Pizza,325.0,49, late,Returning
108350,2026-06-15,13,Stockholm,INDIAN,198.0,32,On time,New
110019,2026-07-08,10,Uppsala,Pizza,284 kr,33,On time,Returning
104633,2026-04-26,11,Stockholm,Pizza,263.0,35,On time,New
107470,3 Jun 2026,13,Malmö,Sushi,156.0,29,On time,New
113162,2026-08-19,9,Sthlm,Indian,203.0,39,On time,Returning
111603,2026-07-29,17,Malmö,Burgers,"263,0",41,On time,New
109427,2026-06-30,11,STOCKHOLM, Sushi,249 SEK,-5,,Returning
110124,10/07/2026,18,Sthlm,Thai,"189,0",37,On time,New
105609,09/05/2026,12,STOCKHOLM,Burgers,231.0,39,On time,New
103840,15 Apr 2026,12,Malmö,Kebab,305.0,25,On time,New
109197,2026-06-27,20,stockholm,Sushi ,196.0,57,Late, Returning
102365,2026-03-27,12,Stockholm,Sushi,345 SEK,21,On time,Returning
105037,02.05.2026,22,Stockholm,Pizza,189.0,43,On time,NEW
107834,2026-06-08,13,Stockholm,Pizza,238 SEK,26,On time,returning
107842,2026-06-08,18,Malmö,Burgers,"171,0",41,On time,New
100736,04.03.2026,20,Lund,Burgers ,"189,0",36,on time,New
111221,2026-07-24,19,Malmö,Pizza,"284,0",39,On time,New
107562,05.06.2026,19,göteborg,Indian,165.0,51,Late,New
111521,28 Jul 2026,13,Stockholm,Pizza,174.0,55,LATE,New
109054,25.06.2026,20,Stockholm,Sushi,301.0,43,Ontime,New
112023,4 Aug 2026,18,Göteborg,Thai,169.0,41,on time ,New
101383,2026-03-14,11,Göteborg,Thai,"256,0",29,On time, Returning
101461,15 Mar 2026,13,Göteborg,Thai ,195.0,31,On time,New
112708,13.08.2026,11,Stockholm,Sushi,150 kr,37,On Time,Returning
100727,4 Mar 2026,13,Malmö, Pizza,277 kr,46,Late,Returning 
109077,25.06.2026,12,Uppsala ,Sushi,345.0,44,On Time,New
103368,09/04/2026,22,Stockholm, Pizza,303.0,46,Late,New
110675,17 Jul 2026,12,Stockholm,Kebab ,200.0,31,On time,Returning
113140,19/08/2026,10,göteborg,PIZZA,329.0,34,On time,New
111379,2026-07-26,20,Sthlm,Pizza,425,39,On time,new
111352,26/07/2026,20,Göteborg,kebab,"296,0",63,Late ,New
112835,15.08.2026,21,Göteborg,Pizza,"181,0",40,on time,Returning
101532,2026-03-15,12,Malmö,Kebab,300.0,41,On time,Returning
100023,2026-02-23,11, Stockholm, Pizza,194 kr,46,Late,New
109921,2026-07-07,12,Stockholm,Burgers,184,47,late,New
111125,23.07.2026,11,Stockholm,Burgers,SEK 350,36,On time,Returning 
106958,2026-05-27,19,Malmö ,BURGERS,"239,0",41,on time,Returning
103728,2026-04-14,15,Göteborg, Pizza,"334,0",30,on time,New
109856,2026-07-06,10,MALMÖ,Burgers,246.0,36,On time,New
112617,2026-08-11,10,lund,sushi,245 kr,23,On time,Returning
111056,22/07/2026,12,Stockholm,Salad,166.0,34,On time,Returning
104351,2026-04-22,12,Malmö,Vegan ,258.0,28,On time,NEW
110726,2026-07-18,13,Göteborg,Burgers,239.0,31,On time,Returning
102570,30.03.2026,19,Göteborg,Pizza,215.0,54,Late,Returning
108283,2026-06-14,13,Stockholm, Indian,253.0,51,Late,Returning
110233,2026-07-11,19,Malmö,Kebab,198.0,32,On time,Returning
110779,2026-07-18,12,Malmö,THAI,"280,0",25,On time,Returning
106570,22/05/2026,11,,Pizza,310,39,Ontime,Returning
113195,19.08.2026,9,Uppsala,Thai,297 SEK,34,On time,New
112280,2026-08-07,11,Malmö,Thai,196 kr,43,On time,returning
100842,2026-03-06,12,Sthlm,Pizza,172.0,29,On time,New
101663,2026-03-17,11,Malmö, Pizza,"213,0",30,On time,NEW
103248,2026-04-07,12,Lund,Vegan,249,53,Late,returning
104315,2026-04-22,13,,Sushi,334.0,35,on time ,Returning
110582,2026-07-16,19,Stockholm,Pizza,SEK 240,40,Ontime,New
101147,2026-03-10,18,stockholm,Burgers,343 SEK,16,On time,Returning
113296,21.08.2026,10,Göteborg,Burgers,324.0,23,On time,Returning
106081,16 May 2026,15,Stockholm,Indian,209 kr,37,On time,Returning
101547,2026-03-15,12,Lund,Pizza,223.0,-5,,Returning 
109952,07/07/2026,12, Lund,Indian,217 SEK,42,On time,New
104630,2026-04-26,18,Stockholm,thai,155,29,Ontime,Returning
111974,3 Aug 2026,18,Stockholm,indian,223.0,42,on time,Returning
104987,2026-05-01,12,Malmö,Thai,"201,0",26,On time,new
108997,24/06/2026,11,Stockholm,SALAD,159.0,46,Late,New
100303,2026-02-27,22,Göteborg, Pizza,296.0,58, late,Returning
107895,09/06/2026,12,,Pizza,"254,0",34,On time,Returning
111002,21 Jul 2026,9,Stockholm,PIZZA,"294,0",31,On time,New
112150,2026-08-06,12,Göteborg,Sushi,170.0,24,On time,Returning
112840,2026-08-15,18,,Kebab,"241,0",37,on time ,NEW
104098,19.04.2026,17, Göteborg,BURGERS,104.0,47,Late,Returning
101043,2026-03-08,16,Lund,Sushi,275.0,41,On time,New
105774,2026-05-11,11,STOCKHOLM,Pizza,238,21,on time,New
111460,27 Jul 2026,22,STOCKHOLM,PIZZA,272.0,22,On time,returning
112362,2026-08-08,20,stockholm,Burgers,266.0,48,Late,Returning
110353,2026-07-13,12,göteborg,Kebab,243 SEK,30,On time,New
108534,2026-06-17,19,Uppsala, Salad,189 kr,23,On time,New
110198,2026-07-11,13,Stockholm ,Burgers,288,48,Late ,Returning
106983,2026-05-28,19,Göteborg,Pizza,230,41,on time ,New
101254,2026-03-12,12,Gbg,Vegan,267 kr,32,on time ,RETURNING
110132,10/07/2026,18,Stockholm,Kebab,248 kr,56,Late,New
104600,2026-04-26,16,Göteborg,Vegan,228.0,27,On time,Returning
103322,8 Apr 2026,19, Lund,vegan,232.0,31,On time,NEW
108386,15 Jun 2026,11,Malmö,Burgers,345.0,32,ON TIME,New
106794,25 May 2026,19,Stockholm,Thai,200.0,39,On time,Returning
109966,2026-07-08,19,GÖTEBORG,Sushi,291.0,52,Late,New
110825,2026-07-19,13,Stockholm,Kebab,290,27,ON TIME,Returning
103291,2026-04-08,12,Stockholm,Burgers,"212,0",46,Late,Returning
108734,20 Jun 2026,19,Malmö,Kebab ,239 SEK,27,Ontime,Returning
101583,16 Mar 2026,10,Stockholm,Kebab,304.0,29,on time ,Returning
112231,2026-08-07,17,GÖTEBORG,Thai,109.0,42,On time,Returning
100359,27 Feb 2026,14,Lund,Indian,278.0,37,On time,Returning
110094,2026-07-09,21,,Pizza,285.0,38,On time,Returning
108667,2026-06-19,13,Malmö,Pizza,259.0,20,On time,New
111714,2026-07-31,19,göteborg,Pizza ,SEK 216,42,On time,New
112942,2026-08-16,18,Stockholm,PIZZA,293.0,51,Late,New
105516,08/05/2026,16,stockholm,Sushi,"364,0",40,On time,Returning
108381,15 Jun 2026,18,MALMÖ,Burgers,280.0,36,On time,Returning
112077,2026-08-05,11,Göteborg,Indian,153.0,47,Late,Returning
105264,2026-05-04,13,malmö,Burgers,209 kr,-5,,New
107297,1 Jun 2026,15,Stockholm, Kebab,256 SEK,55,Late,New
106010,15.05.2026,11,Göteborg,Vegan,229.0,40,On time,Returning
101830,2026-03-20,14,Göteborg,Salad,197 SEK,27,On time,New
113411,2026-08-22,14,Malmö,Thai,362.0,23,On time,Returning
105714,10 May 2026,12,Uppsala,Burgers,"238,0",23,On time, Returning
106140,2026-05-17,21, Göteborg,Indian,299.0,46,Late,RETURNING
100635,2026-03-03,13,Stockholm,Pizza,114.0,38,On time,Returning
105308,2026-05-05,12, Stockholm,PIZZA,"314,0",38,on time,New
106268,2026-05-18,13,Sthlm,SALAD,221 kr,38,On time,RETURNING
108088,2026-06-12,19,Göteborg,Thai,220 kr,36,on time,New
103640,2026-04-12,12,Lund,Pizza,325.0,42,On time,Returning
105324,2026-05-05,16,Malmö,Thai,229 kr,43,On time,Returning
103524,2026-04-11,15,Malmö,Kebab,94.0,45,on time , new
110258,12/07/2026,19,Göteborg,Burgers,298.0,45,On time,New
107203,2026-05-31,12,Stockholm,pizza,201.0,21,Ontime,RETURNING
103093,2026-04-05,18,Malmö,Thai,96.0,45,On time,Returning 
101014,08.03.2026,14,Stockholm,Indian ,245.0,33,On time,New
107164,30/05/2026,20,Malmö ,Pizza,266,47,Late,Returning
106974,27.05.2026,18,Lund,BURGERS,293.0,37,On Time,New
107497,2026-06-04,11,Göteborg,Indian,283,45,On time,Returning
107579,5 Jun 2026,12, Stockholm,Salad,260.0,36,On time,New
112454,9 Aug 2026,15,Stockholm,Indian,"232,0",15,On time,Returning
111088,22 Jul 2026,16,Malmö,Sushi,316.0,58,Late ,New
113130,2026-08-18,19, Uppsala,Thai,156.0,29,On time,Returning
105039,2026-05-02,12,stockholm,Thai,231,38,On time,New
106329,2026-05-19,20,Stockholm,Pizza,305 SEK,29,on time,Returning
104222,20 Apr 2026,13,Malmö,Thai,SEK 326,44,On time,Returning
103151,2026-04-06,20,Stockholm,Burgers,245.0,54,Late,Returning
109863,2026-07-06,12,Uppsala ,BURGERS,188 SEK,32,Ontime,New
109203,27 Jun 2026,16,Stockholm,PIZZA,285,42,On time,Returning
104740,28.04.2026,20,Göteborg,Pizza,192 SEK,45,On time,New
109827,06/07/2026,11,Göteborg,Indian,321.0,250,,Returning
111219,24 Jul 2026,17,Malmö,Burgers,215.0,59,Late,Returning
113228,2026-08-20,22,Stockholm,Burgers ,333.0,39,On time,Returning
103994,18.04.2026,15,Göteborg,Indian,"285,0",28,On time,RETURNING
104239,2026-04-21,19,Göteborg,Pizza,326.0,43,Ontime,Returning
105132,2026-05-03,15,Stockholm,Sushi,235.0,40,On time,Returning
109572,2026-07-02,20,Stockholm ,Burgers,269,53,late,New
107750,7 Jun 2026,16,Stockholm,Vegan,271 SEK,41,on time ,Returning
109499,2026-07-01,19,stockholm,Indian,267,30,on time,Returning
106775,2026-05-25,9,Stockholm,Indian,"284,0",46,Late,Returning
111378,2026-07-26,14,Sthlm,Salad,182.0,40,On time,Returning
104994,2026-05-01,9,Malmö,Burgers,277 SEK,31,On time,Returning
101178,10 Mar 2026,20,Uppsala , Burgers,151.0,26,On time,New
111146,2026-07-23,18,,kebab,245.0,33,On time,New
110690,2026-07-17,18,Malmö,Thai,285.0,25,On time,new
108990,24.06.2026,23,Stockholm,Sushi,330.0,0,,Returning
103246,2026-04-07,21, Lund,Burgers,355,19,On time,Returning
113361,2026-08-22,12, Göteborg,Pizza ,252,38,On time,Returning
108836,2026-06-21,12,uppsala,Burgers,250.0,46,Late,new
112341,8 Aug 2026,21,Stockholm,Salad,183.0,52, late,Returning
113455,23 Aug 2026,12,Stockholm ,sushi,306.0,36,On time,New
111997,2026-08-03,19, Uppsala,Thai,224.0,27,On time,Returning 
107762,07.06.2026,19,Stockholm,Thai,306 SEK,37,On time,Returning
100822,2026-03-06,18,Stockholm,Sushi,190,37,On time,Returning
108848,22.06.2026,12,göteborg,Burgers,177.0,43,On time,New
103231,2026-04-07,17,Malmö,Pizza,264.0,53,late,Returning
101075,2026-03-09,17,Stockholm,indian,"242,0",36,On time,New
104532,2026-04-25,19,Göteborg,Pizza,"89,0",43,On time,returning
104605,2026-04-26,13,Göteborg,Indian,315 SEK,31,On time,New
108422,2026-06-16,20,Stockholm,Pizza,269.0,37,On time,Returning
103523,11.04.2026,13,Malmö,Burgers,394.0,34,On time,Returning
108150,13.06.2026,12,Göteborg,KEBAB,192.0,42,On time,Returning
102590,2026-03-30,12,Stockholm,Thai,"243,0",41,Ontime,New
102597,30.03.2026,21,Stockholm,Thai,228.0,28,on time,Returning
112905,15.08.2026,13,Lund,Sushi,181,52,Late,New
110328,12/07/2026,18,Uppsala,Pizza,288.0,27,On time,returning
100173,2026-02-25,11,Stockholm, Kebab,"242,0",52,Late,Returning
108335,2026-06-15,20,Göteborg,Burgers,154.0,24,On time,Returning
109760,05/07/2026,18,Stockholm,Thai,263 kr,49,Late,New
112109,2026-08-05,20,Stockholm,BURGERS,398.0,27,On time,New
104650,2026-04-26,15,Malmö,Indian,"221,0",32,On time,Returning
102661,2026-03-31,13,Stockholm,Burgers,283.0,34,Ontime,Returning
107441,2026-06-03,10,Stockholm,Pizza,310,40,On time,returning
110218,2026-07-11,19,Sthlm,Sushi,"156,0",38,On time,RETURNING
111546,2026-07-28,12, Malmö,Sushi,99.0,42,on time ,Returning
107560,2026-06-05,19,Gbg, Vegan,273.0,38,On time,New
112583,2026-08-11,11,Stockholm,Pizza,163.0,26,On time,Returning
112343,2026-08-08,13,Stockholm,Pizza,147.0,27,On time,New
112794,2026-08-14,12,Stockholm,Indian,271,42,On time,Returning
107901,2026-06-09,18,stockholm,Burgers,230.0,40,On time,Returning
104402,2026-04-23,19,Stockholm,Pizza,294.0,52,Late,Returning
104006,2026-04-18,13,Stockholm,Burgers,300.0,35,On time,New
111923,02.08.2026,9,Malmö,Indian,198.0,24,On time,Returning
113409,2026-08-22,12,MALMÖ, Burgers,314.0,36,On time,New
108848,2026-06-22,12,Göteborg ,Burgers,"177,0",43,ON TIME,New
111006,2026-07-21,14,Stockholm ,Kebab,295.0,43,On time,Returning
108190,13 Jun 2026,17,Stockholm,Indian,303 SEK,25,On time,New
105081,2026-05-02,21,Uppsala,SUSHI,"263,0",45,On time,New
106357,19 May 2026,21,Uppsala,Burgers,210.0,999,,Returning
101368,2026-03-13,18,Malmö,Pizza,108 kr,33,On time,Returning
112298,2026-08-08,12,Göteborg,Kebab,248,36,On time,NEW
112976,2026-08-16,19,Malmö,Kebab,313,31,On time,Returning
102076,2026-03-23,10,Stockholm,THAI,220.0,51,Late,Returning
102118,24 Mar 2026,14,Göteborg,Burgers,264,40,on time , Returning
108211,13.06.2026,13,Malmö,salad,147.0,44,On time,NEW
111681,2026-07-30,22,malmö,Pizza,244.0,24,On time,New
113366,2026-08-22,20,Göteborg,Pizza,227.0,51,Late,New
103390,9 Apr 2026,18,Uppsala,Burgers,253.0,38,On time,Returning 
110826,2026-07-19,12,Stockholm ,Burgers,325,32,On time,Returning
100244,2026-02-26,19,Stockholm,Kebab,274.0,46,Late,New
112813,2026-08-14,12,uppsala,Vegan,156.0,56,Late,Returning
113392,2026-08-22,14,Stockholm,Pizza,"269,0",51,Late,New
106015,15 May 2026,10,Stockholm,Sushi,298.0,29,Ontime,New
103965,2026-04-17,19,Malmö,Burgers,199.0,37,On time,Returning
105034,02.05.2026,17,Stockholm,Vegan,210.0,44,On time,New
104774,28 Apr 2026,11, Malmö,Sushi,287 SEK,43,On time,New
107256,2026-05-31,23,Uppsala,Burgers,293,48,late,Returning
109949,2026-07-07,15,Uppsala ,Pizza,189,31,On time,Returning 
104535,2026-04-25,16,Göteborg,Thai,215 kr,36,On time,New
113022,2026-08-17,20,Stockholm,Indian ,276,36,On time,Returning
109635,2026-07-03,13,Stockholm,Indian,"188,0",42,On time,New
109869,2026-07-06,12,Uppsala,Vegan,277,46,Late,Returning
101288,12 Mar 2026,17,STOCKHOLM,Burgers,231 kr,27,on time,Returning
100865,2026-03-06,13,Uppsala ,sushi,382,45,On time, Returning
100111,2026-02-24,19,Stockholm ,Thai,189.0,52,Late,Returning
100209,2026-02-25,18,Uppsala ,Sushi,298.0,40,On time,New
105319,5 May 2026,11,Stockholm, Pizza,293.0,38,on time, Returning
108076,2026-06-12,19,Göteborg,Kebab,320.0,41,On time,Returning
107590,05.06.2026,9, Stockholm,Sushi,SEK 249,42,ON TIME,Returning
101575,16.03.2026,9,Stockholm,Salad,"180,0",26,On time,New
102960,04.04.2026,20,Stockholm,Thai,"219,0",39,On time,Returning
110240,11 Jul 2026,23,Uppsala,Pizza,211,42,On time,New
111354,26.07.2026,11,Gbg,Burgers ,264 SEK,39,On time,New 
108981,2026-06-24,11,Stockholm,Indian,"183,0",43,On time,new
105849,12 May 2026,20, Uppsala,Indian,251.0,33,On time,Returning
107464,2026-06-03,11,Malmö ,Kebab,222.0,46,late,New
101329,2026-03-13,22,Göteborg,Burgers,277.0,39,On time,Returning
100048,23/02/2026,17,Stockholm,Vegan,215.0,20,On time,New
113389,2026-08-22,10,Stockholm,Pizza,221.0,38,On time, Returning
101530,2026-03-15,18,MALMÖ,Salad,376.0,36,ON TIME,New 
105717,2026-05-10,15,Uppsala,BURGERS,237.0,41,On time,New
106908,2026-05-27,15,Göteborg,Burgers,191.0,51,Late,Returning
101432,14.03.2026,20,Malmö,Sushi ,294 SEK,51,Late ,Returning 
104063,18.04.2026,9,Lund, Vegan,261.0,37,On Time,Returning
106242,2026-05-18,18,Göteborg,Sushi,335 kr,31,On time,Returning
109401,2026-06-30,18,Göteborg,Thai,257.0,47,Late ,Returning
106715,2026-05-24,16,Stockholm,PIZZA,SEK 284,16,On time, new
113474,23 Aug 2026,19,Stockholm,Vegan,"199,0",37,On time,Returning
101557,2026-03-16,19,Göteborg,Pizza,214 SEK,47,Late,Returning
102286,26 Mar 2026,17,STOCKHOLM,PIZZA,268.0,55,Late,NEW
112033,2026-08-04,12,Stockholm,Pizza,184,27,On time,Returning
103037,2026-04-05,22,Stockholm,Kebab,294.0,60,Late,Returning
108758,2026-06-20,17,Lund ,Indian,292.0,32,On time,Returning
106397,2026-05-20,19,Stockholm,Vegan,"309,0",31,On time,Returning
112282,7 Aug 2026,18, Uppsala,burgers,284.0,40,On time,New 
102284,2026-03-26,11,Stockholm,Salad,236.0,33,On time,RETURNING
113178,19/08/2026,19,Stockholm,Kebab,258 kr,55,LATE,New
100084,2026-02-24,12,Göteborg,Sushi,341.0,36,On time,Returning
100722,04/03/2026,11,Malmö ,Pizza,"270,0",47,Late,Returning
111054,2026-07-22,21,Stockholm,Burgers,160.0,40,on time ,Returning
101267,2026-03-12,13,Göteborg,Sushi,232.0,41,on time ,Returning 
103968,2026-04-17,19,Malmö,Pizza,311.0,29,On time, new
107134,2026-05-30,9,STOCKHOLM,Sushi,242.0,49,Late,Returning
111383,2026-07-26,11,stockholm,Burgers,179 kr,29,On time,RETURNING
109915,2026-07-07,20,Stockholm,Indian,312 kr,31,On time,Returning
105543,2026-05-08,18,Lund,Indian,333.0,31,On time,Returning
102115,24 Mar 2026,16,Gbg,Sushi,254.0,32,On time,Returning
113135,18 Aug 2026,12,Lund,Thai,212 kr,52,Late,Returning
100011,23.02.2026,18,Göteborg,Burgers ,293.0,38,On time,Returning
106233,17 May 2026,12,Lund,Kebab,289.0,39,On time,Returning
104862,30/04/2026,19,göteborg,Thai,105.0,45,On time,Returning
100806,2026-03-06,20,Göteborg,Salad,"210,0",32,On time,Returning
108467,16/06/2026,11,Uppsala ,Pizza,253.0,34,On time,Returning
111935,2026-08-02,18,Uppsala, Pizza,234.0,39,On time,New
107904,2026-06-09,18,Stockholm,Pizza,SEK 181,44,On time,Returning
112886,2026-08-15,20,Malmö,Sushi,131 SEK,36,On time,New
100670,2026-03-03,19,,Pizza,313,42,On time,New
110203,2026-07-11,12,Sthlm,Indian,243,46,Late,New
111859,2026-08-02,17,Göteborg,Sushi,225 SEK,45,On time,New
112807,14 Aug 2026,13,Malmö,Indian ,235,49,Late,New
103500,11.04.2026,12,Stockholm,Pizza,"224,0",42,On time,Returning
107894,2026-06-09,21,Stockholm,Burgers,239.0,42,On time,NEW
106901,2026-05-27,12,Göteborg,Pizza,189.0,34,Ontime,New
107536,2026-06-04,19,Uppsala,Thai,187 kr,39,On time,NEW
108839,2026-06-21,10,Lund ,Pizza,266,31,on time ,Returning
101039,2026-03-08,15, Uppsala,Burgers,270.0,38,on time ,New
104981,2026-05-01,9,Stockholm ,Indian,173,32,On time,Returning
104548,25 Apr 2026,12,Stockholm,Burgers,"259,0",38,On time,Returning
100973,2026-03-08,13,göteborg,Burgers,136.0,31,On time,New
107687,2026-06-06,12,Malmö,Indian,"284,0",48,Late,New
112966,2026-08-16,11,Stockholm,Indian,186.0,18,On time,Returning
113023,2026-08-17,12,Stockholm,Sushi,211,41,Ontime,returning
111448,2026-07-27,19,Sthlm,Sushi ,SEK 358,39,On time,New
103768,2026-04-14,20,Stockholm,Pizza,341 kr,30,ON TIME,Returning
104962,01.05.2026,18,Stockholm,Pizza,290 kr,35,On time,New
113076,2026-08-18,18,Göteborg,Kebab,279,25,On Time,New
110323,2026-07-12,19,Malmö,Sushi,185.0,31,On time,New
102971,2026-04-04,21,Stockholm,Pizza,209,23,On time,New
104052,18/04/2026,10,Malmö,Vegan,214.0,37,On time,Returning
106615,2026-05-23,14,Göteborg,Vegan,249,32,On time,New
111156,23.07.2026,11,Uppsala,Indian,275.0,50,Late,Returning
112560,10.08.2026,10,Lund,Sushi,336.0,19,On time,returning
100279,26/02/2026,12,Uppsala,Burgers,210.0,34,On time,Returning
110498,15.07.2026,12,Göteborg, Indian,272.0,46,Late,Returning
101346,2026-03-13,21,Stockholm,Thai,433.0,39,On time,New
107128,2026-05-30,11,Stockholm,Salad,230.0,50,Late,Returning
104566,25/04/2026,12,,Pizza,282.0,36,On time,New
110407,13 Jul 2026,19,Uppsala,kebab,280.0,38,On time,New
105341,5 May 2026,12,Uppsala,Pizza,330 SEK,43,On time,New
106713,24.05.2026,14,Stockholm,Burgers,202.0,37,On time,RETURNING
100914,2026-03-07,12,Stockholm,Thai,259 kr,250,,Returning
104445,24 Apr 2026,14,GÖTEBORG,Thai,232.0,46,Late ,Returning
104872,2026-04-30,20,Göteborg,Burgers,218 kr,36,On time,Returning
113405,2026-08-22,20,Malmö,BURGERS,"233,0",39,On time,New
110382,2026-07-13,13,Stockholm,Sushi,175 SEK,45,Ontime,New
104324,22 Apr 2026,13,Stockholm,Kebab,198 kr,46,Late, new
102216,25/03/2026,9,stockholm,Kebab,"160,0",42,on time,New
108714,20.06.2026,11,Stockholm,Salad,178.0,27,On time,Returning
108062,2026-06-11,14,Malmö,Thai,209.0,52,LATE,New
109061,25.06.2026,18,stockholm, Indian,255.0,22,On time,Returning
104296,2026-04-21,13,Uppsala,sushi,210 kr,35,On time,New
110527,2026-07-15,19,Stockholm,Kebab,278 kr,49,Late,Returning
101063,09/03/2026,14,Göteborg,Pizza,198.0,35,On time,Returning
100799,05/03/2026,18,,Pizza,249,19,On time,Returning
112450,2026-08-09,18,Stockholm,Burgers,241.0,42,On time,New
106922,27 May 2026,10,,Kebab,294,36,ON TIME,New
100263,2026-02-26,9,Stockholm,Kebab,266,26,On time, Returning
103165,6 Apr 2026,18,Malmö,Vegan,235.0,29,On time,Returning
106128,2026-05-16,21, Uppsala,Vegan,318 kr,18,On time,Returning
106021,2026-05-15,19,Stockholm,Thai,288.0,33,On time,New
110359,13.07.2026,18,Gbg,Kebab,"279,0",28,On time,Returning
108079,2026-06-12,14,göteborg,Salad,287,15,On time,Returning
102454,28 Mar 2026,17,Malmö,Vegan,228.0,42,On time,RETURNING
104102,2026-04-19,14,Stockholm ,Burgers,239.0,42,On time,New
102670,2026-03-31,14,Stockholm,Pizza,202.0,32,On time,New
105206,2026-05-04,9,Göteborg,Thai,296,23,On time,Returning
111982,2026-08-03,13,Malmö,Pizza,354 kr,46, late,New
113158,2026-08-19,12,Stockholm,Indian,305.0,33,On time,New
110227,11 Jul 2026,13,Malmö,Indian,276.0,34,On time,New
106818,2026-05-25,19,Uppsala,Thai,237.0,40,on time ,New
103917,2026-04-16,12,uppsala,Pizza,190.0,47,Late,Returning
110155,10.07.2026,12,Malmö,Sushi,272.0,32,On time,New 
111687,30 Jul 2026,11,Uppsala,Sushi,245,35,On time,Returning
108431,16 Jun 2026,20,Stockholm,Pizza,259.0,44,On time,New
102421,2026-03-28,16,Sthlm,Kebab,281 kr,30,On time,Returning
107804,8 Jun 2026,17,Göteborg,Pizza,290.0,30,On time,New
101708,2026-03-18,11,Stockholm,Sushi,267,47,Late,Returning
111994,2026-08-03,19,Uppsala,Thai,244.0,40,On time,New
103540,2026-04-11,22,Uppsala,Kebab,234.0,28,On time,Returning
106946,27 May 2026,11,Stockholm ,Pizza,212.0,34,On time,New
105350,2026-05-06,17,Göteborg,Pizza,"284,0",48,Late,Returning
104986,01/05/2026,12,Malmö ,Thai,332 SEK,37,On time,RETURNING
102637,2026-03-30,11,Uppsala,Kebab,191.0,21,On time,New
100549,2026-03-02,20,Göteborg,Pizza,263.0,36,On time,Returning
101960,2026-03-22,20,Göteborg,Kebab,260,59,Late,Returning
102880,03.04.2026,18,Stockholm,Vegan,204.0,41,On time,New
105793,2026-05-11,18,Uppsala,Pizza,267 kr,25,On time,Returning
101971,22 Mar 2026,23,Göteborg,Burgers,341.0,52,Late, Returning
101641,2026-03-17,13,Stockholm,Burgers,301 kr,40,On time,New
106402,2026-05-20,18,Stockholm,Sushi,182,32,On time,Returning
110022,8 Jul 2026,12,Uppsala,Burgers,375.0,56,Late,New
104215,20.04.2026,12,Stockholm,Salad,"262,0",43,On time,Returning
108279,2026-06-14,20,Stockholm,kebab,373.0,32,On time,Returning
112110,2026-08-05,10,,Thai,"303,0",34,On time,New
107602,5 Jun 2026,12,Malmö,Sushi,"295,0",34,On time,Returning
103113,5 Apr 2026,18,Lund,Burgers,246,28,Ontime,Returning
109706,04.07.2026,20,Stockholm,Kebab,308.0,59,Late,New
100812,2026-03-06,11,Göteborg,Thai,226.0,22,On time,Returning
110451,14.07.2026,18,Stockholm,Pizza,264.0,38,On time,Returning
104261,21.04.2026,13,stockholm,Indian ,189,41,On time,Returning 
110216,2026-07-11,12,Stockholm,Sushi,289,33,On time,returning
107215,31 May 2026,13,Stockholm,Sushi,207.0,31,On Time,Returning
107448,2026-06-03,13,Stockholm,Sushi,"209,0",36,On Time,New
106393,2026-05-20,17,Stockholm ,INDIAN,"153,0",47,Late,RETURNING
102111,24 Mar 2026,11,Göteborg,Burgers,190,32,On time, Returning
110924,2026-07-20,12,Stockholm,Vegan,144.0,45,On time,New
106852,2026-05-26,21,Stockholm,Pizza,265.0,34,On time,Returning
111205,24 Jul 2026,20,stockholm,Burgers,213.0,41,Ontime,Returning
101509,15/03/2026,11,Stockholm,Kebab,"202,0",250,,New
104787,2026-04-28,14,uppsala,Pizza,"250,0",38,On time,Returning
106572,2026-05-22,14,Stockholm ,Salad,306 kr,27,On time, Returning
102046,2026-03-23,17,Göteborg,Kebab,216.0,32,On time,Returning
110179,2026-07-11,17,Göteborg,Thai,"306,0",44,On time,New
108879,22/06/2026,18, Stockholm,Pizza,209 kr,37,On time,Returning
111615,2026-07-29,10,uppsala,Salad,275.0,42,On time,New
110918,20 Jul 2026,11,Stockholm,Sushi,271.0,26,On time,Returning
108648,2026-06-19,19,Stockholm,Pizza,183.0,36,On Time,New
104283,21/04/2026,15,Malmö, Thai,237,46,Late,returning
110235,2026-07-11,18,uppsala,Salad,169.0,16,On time,Returning
103645,12/04/2026,14,Lund,Pizza,192.0,47,Late,Returning
108378,15 Jun 2026,16,Malmö,Pizza,175.0,24,On time,Returning
105468,07/05/2026,17,Malmö,Kebab,"247,0",45,On time,Returning
106734,2026-05-24,17,malmö, Kebab,362 kr,35,On time,New
110660,17.07.2026,18,Stockholm,Pizza,"160,0",36,On time,New
108807,2026-06-21,19,Stockholm,Pizza,267 kr,35,On time,Returning
113321,21 Aug 2026,20,Malmö ,Burgers,276,46,Late,New
101083,2026-03-09,13,Stockholm,Pizza,195 kr,32,On time,Returning 
103783,2026-04-14,18,Malmö,Kebab,226.0,17,On time, Returning
107632,2026-06-06,12,Göteborg ,Sushi,272 kr,53,late,Returning
108237,2026-06-14,12,Göteborg,Pizza,248 kr,31,On time,Returning
111863,02.08.2026,12,Göteborg,Burgers,279,35,on time,Returning
107494,2026-06-04,15,Göteborg,Kebab,194.0,34,On time,Returning
104617,2026-04-26,20,Stockholm,Pizza,227.0,45,On time,NEW
102705,31 Mar 2026,17,Malmö,Burgers ,216.0,63,Late,New
107582,5 Jun 2026,14,Stockholm ,Burgers,273.0,39,on time ,Returning 
100064,2026-02-23,19,Uppsala, Pizza,123.0,40,On time,Returning
102332,2026-03-27,12,Göteborg,Vegan ,226.0,47,Late,Returning
101377,2026-03-13,22,uppsala,Pizza,352.0,48,Late,Returning
103916,16.04.2026,11,uppsala,Salad,288 kr,33,On time,New
108179,2026-06-13,20,Stockholm,Kebab,214,21,on time,New
107699,2026-06-06,12,uppsala,burgers,191 kr,31,On time,New
103457,10 Apr 2026,14,MALMÖ,Thai,239.0,35,On time,Returning
100344,2026-02-27,13,malmö,Pizza,207.0,30,On Time,New
103441,10.04.2026,16,Sthlm,Indian ,345.0,38,On time,Returning
101766,19 Mar 2026,11,Gbg,Thai,295 kr,29,On time,New
101617,17.03.2026,10,Gbg,Burgers,174.0,42,On time,Returning
101284,2026-03-12,14,Stockholm,Indian,224,32,On time,Returning
100657,2026-03-03,11,MALMÖ,Burgers,153.0,41,On time,New
113160,2026-08-19,17,Stockholm ,SUSHI,226.0,37,On time,Returning
100281,2026-02-26,15,Uppsala ,Pizza ,140.0,53,Late,Returning
102712,2026-03-31,18,Uppsala,Burgers,224.0,33,on time,Returning
108558,2026-06-18,11,Stockholm,Salad,234.0,32,On time,RETURNING
105302,2026-05-05,13,stockholm,Vegan ,265 kr,38,On time,Returning
103299,2026-04-08,10,Stockholm,vegan,140.0,36,On time,New
106429,2026-05-20,17,Malmö ,Pizza,279.0,35,On Time,Returning
105066,2026-05-02,17,Malmö,Pizza,261.0,42,On time,New
100201,25 Feb 2026,10,MALMÖ,Sushi,SEK 295,38,On time,New
107125,2026-05-30,18,Stockholm,Pizza,315,35,On time,Returning
107829,8 Jun 2026,16,Stockholm,SUSHI,324,25,On time,New
100750,5 Mar 2026,21,Göteborg ,THAI,251.0,37,On time,Returning
110066,9 Jul 2026,18, Stockholm,Pizza,190 kr,39,On time,Returning
109241,27.06.2026,19,Uppsala,Sushi,179.0,41,On time, new
100776,05/03/2026,13,Malmö, Kebab,"289,0",19,On time, Returning
101974,2026-03-22,18,Göteborg,Pizza,"284,0",31,On time,New
109600,2026-07-03,19,Göteborg,Burgers,194.0,32,On time, Returning
103613,12 Apr 2026,18,Stockholm,Kebab,259.0,52,Late,RETURNING
107501,4 Jun 2026,20, Göteborg,Thai,274.0,26,On time,Returning
109823,2026-07-05,19,Lund, Pizza,297.0,39,On time,Returning
105873,13/05/2026,11,Stockholm,Sushi,325.0,53,late,Returning
111475,27.07.2026,18,Malmö ,Kebab,240.0,31,On time,New
101759,19.03.2026,14,Göteborg,Burgers,326.0,35,Ontime,Returning
101141,2026-03-10,15,Stockholm,Sushi,"258,0",47,Late,Returning
107116,2026-05-30,10,Stockholm,Thai,216.0,38,On time,Returning
107146,2026-05-30,15,,Pizza,155,48,Late,Returning
111500,2026-07-28,23,Göteborg,Vegan,309.0,45,On time,Returning 
108208,2026-06-13,10,malmö,Pizza,211.0,36,On time,New
107432,2026-06-03,20,Stockholm,Pizza,190.0,38,On time,Returning
101120,09.03.2026,22,Lund,Burgers,145 kr,34,On time,New 
107234,2026-05-31,16,stockholm,Thai,283.0,24,On time, Returning
105178,2026-05-03,18,Malmö ,Indian,212,22,On time,Returning
100541,2026-03-02,14,Gbg,Pizza,280 kr,41,On time,Returning
112291,07/08/2026,23,Lund ,Thai,291,48,Late,Returning
107012,28/05/2026,12,Malmö,Pizza,184.0,31,ON TIME, new
109113,26 Jun 2026,16,,KEBAB,282.0,34,On time,Returning
106209,2026-05-17,19,Malmö,Pizza,297,50,Late ,Returning
101909,2026-03-21,13,Stockholm ,Pizza,"273,0",42,on time ,Returning
106946,2026-05-27,11,,Pizza,"212,0",34,On Time,New
108984,24.06.2026,13,Stockholm,Kebab,367,32,on time ,New 
108499,17/06/2026,18,Stockholm,Burgers,345.0,46,Late,Returning
107330,2026-06-01,13,Lund, Sushi,"239,0",37,On time,Returning
102898,2026-04-03,10,Stockholm,Pizza,244,34,On time,New
103818,2026-04-15,14,Stockholm,Burgers,SEK 221,21,On time,New
103986,2026-04-17,12,Lund,Thai,"237,0",36,On time,New
109500,1 Jul 2026,14,Sthlm,Sushi,217.0,48,late,Returning
109944,2026-07-07,16,Uppsala,Pizza,343,38,On time,Returning 
101022,08.03.2026,11,Malmö ,Sushi,280,37,On time,Returning
108454,2026-06-16,13,Sthlm,Pizza,290.0,38,on time , Returning
107693,2026-06-06,19,Uppsala ,Pizza,246.0,45,On time,RETURNING
110677,2026-07-17,13,Stockholm,Burgers,159.0,39,Ontime,Returning
102943,04.04.2026,11,Göteborg ,Pizza,212.0,43,On time,Returning
113150,19.08.2026,13, Göteborg,Vegan ,"288,0",35,On time,Returning
101275,12.03.2026,21,Stockholm,Thai,273.0,50,Late ,Returning
102430,2026-03-28,18,Stockholm,Sushi,"286,0",44,On time,Returning 
112446,2026-08-09,19,Stockholm ,Burgers,257.0,34,On time,Returning
105848,12 May 2026,16,Uppsala,Burgers,"189,0",37,Ontime,New
108140,12/06/2026,9,Lund,Pizza,"240,0",40,On time,Returning
103870,2026-04-16,11,Göteborg,PIZZA,"189,0",25,On time,Returning
104758,2026-04-28,11,Stockholm,Vegan,112.0,30,Ontime,New
105551,2026-05-09,10,Göteborg,Indian,SEK 308,32,On time,New 
105407,6 May 2026,19,Lund,Kebab,311.0,47,Late,New
107921,2026-06-09,13,,Thai,"349,0",43,On time,Returning
103097,2026-04-05,20,Malmö,Burgers,310.0,49,Late,New
107919,2026-06-09,19,Uppsala,Pizza ,331.0,37,On Time,New
107909,9 Jun 2026,19,Malmö,Burgers,292,44,On time,New
109536,2026-07-02,13,göteborg,Indian,300.0,49,Late,Returning
109579,2026-07-02,21,malmö,Burgers,216.0,44,On time,New
110661,2026-07-17,18,Stockholm,Burgers,285.0,39,On time,Returning
109159,2026-06-27,18,Göteborg,SUSHI,236.0,25,on time ,New
105613,2026-05-09,17,Stockholm,Salad,SEK 260,28,ON TIME,Returning
109758,2026-07-05,12,stockholm, Thai,291,21,On time,RETURNING
113435,2026-08-22,11,Lund,Salad,335.0,31,On time,Returning
100868,2026-03-06,17,Uppsala,Pizza,"256,0",42,On time,New
102775,2026-04-01,13,Malmö ,Sushi,234,31,On time,NEW
101224,2026-03-11,14,Malmö,Burgers,"254,0",36,On time,Returning
102296,26 Mar 2026,10,Malmö,Burgers,136,35,On time,Returning
105982,14.05.2026,13,uppsala,Indian,270.0,40,On time,Returning
106089,2026-05-16,10,Stockholm,Burgers,231.0,44,On time,New
106180,17 May 2026,14,Stockholm,Indian,"328,0",37,On time,Returning
112140,2026-08-05,12,lund,Burgers,"197,0",48,Late,Returning
103990,18.04.2026,13,Göteborg ,Thai,"238,0",32,on time,new
109804,2026-07-05,14,Uppsala,Kebab,167.0,28,On time,Returning
106879,2026-05-26,13,Malmö,Thai ,"234,0",36,On time,new
105802,2026-05-12,13,göteborg,Thai,287.0,29,On time,new
112952,2026-08-16,12,Stockholm ,Burgers,246,23,On time,Returning
113481,2026-08-23,10,Stockholm,Pizza,194.0,49,Late,Returning 
113344,2026-08-21,15, Lund,sushi,"299,0",28,On time, Returning
106036,15 May 2026,18,Malmö,Indian,SEK 228,28,On time,Returning
104880,2026-04-30,21,Göteborg,Burgers,151.0,39,On time,Returning
110263,2026-07-12,18,Göteborg,Pizza,"319,0",18,On time,New 
104356,22.04.2026,12,Malmö,Burgers,219,28,On time,Returning
102623,2026-03-30,13,Malmö,Kebab,261.0,42,On time,Returning
109207,2026-06-27,12,Stockholm,Sushi,271.0,25,On time,Returning
100487,2026-03-01,19,Stockholm,Pizza,"327,0",32,On time,New
105057,2026-05-02,17,Malmö, Pizza,225.0,41,On time,Returning
105541,08.05.2026,17,Uppsala,Burgers,192.0,44,On time,Returning
112869,2026-08-15,18,Stockholm, Kebab,277 kr,35,On time,New
102957,2026-04-04,13,Stockholm,Burgers,285,31,On time,New
105525,08.05.2026,19,Malmö ,Kebab,"297,0",46,Late ,Returning
103731,14.04.2026,18,Göteborg,Burgers,263,58,Late,RETURNING
108222,13 Jun 2026,16,Lund, Burgers,242.0,43,on time,Returning
101545,2026-03-15,19,Lund,Pizza,"279,0",38,On time,Returning
111258,2026-07-25,18,göteborg,Indian,361.0,34,On time,Returning
112138,05/08/2026,18,Uppsala,Sushi,302.0,30,On time,New
110336,2026-07-12,16,Uppsala,Pizza,352,32,On time,NEW
109457,30/06/2026,12,Lund,Pizza,232 SEK,23,On time,returning
100738,4 Mar 2026,21,Lund,Burgers,146.0,34,On time,New
110957,20.07.2026,18,Lund,Pizza,SEK 253,40,On time,Returning
106142,2026-05-17,19,Göteborg,Sushi,"233,0",21,On time,Returning
100807,06/03/2026,22,Göteborg,Pizza,265.0,26,On time,Returning
107060,29.05.2026,9,Stockholm,Salad,287.0,44,On time,Returning
107153,30 May 2026,17,Malmö,Indian,367.0,33,On time,new
113068,18/08/2026,20,Göteborg ,Kebab,335,34,On time,Returning
102548,29 Mar 2026,15,Malmö,Thai,171.0,41,On time,returning
108410,2026-06-16,23,Gbg,Salad,218.0,35,On time,New
111018,21 Jul 2026,10,Malmö,Sushi,296.0,31,On time,Returning
109608,03.07.2026,17,Göteborg,Pizza,270 SEK,54,Late,Returning 
103508,11 Apr 2026,11,Stockholm,Indian,230.0,59,Late,Returning
103211,2026-04-07,19, Stockholm,Burgers,224.0,51,Late,Returning
100158,2026-02-25,18,Göteborg , Indian,311.0,29,On time,New
112015,04.08.2026,20,Göteborg,Pizza,208.0,19,On time,Returning
102569,2026-03-30,18,Göteborg,Pizza,225.0,22,On time,Returning
112967,16 Aug 2026,9,,Salad,"188,0",39,Ontime, Returning
100182,2026-02-25,12,Stockholm,Indian,206,34,On time,Returning
109128,26.06.2026,17,Stockholm,Thai,256.0,30,On time,Returning
101666,2026-03-17,19,Malmö,Thai,337 kr,27,On time,New 
112253,2026-08-07,12,Stockholm ,Indian,337.0,31,On time,Returning
109372,2026-06-29,12,Stockholm,Salad ,223 kr,51,Late,New
113041,17 Aug 2026,10,Malmö,INDIAN,200.0,52,Late ,Returning
101282,12 Mar 2026,19,Stockholm,Thai,214 kr,46,Late,New
108535,17 Jun 2026,14,Uppsala, Pizza,232 SEK,25,On time,Returning
113270,2026-08-20,18,Uppsala,PIZZA,"186,0",25,Ontime,New
103602,2026-04-12,11,Stockholm,Vegan,354.0,36,ON TIME,New 
102350,27 Mar 2026,19,Stockholm,Salad,248.0,50, late,Returning
107278,01.06.2026,12,Göteborg,Thai,352 kr,48,Late,Returning
107485,3 Jun 2026,17,Lund,Pizza,166.0,35,On time,returning
102027,2026-03-22,17,Uppsala,Burgers,322.0,38,On time,Returning
106278,2026-05-18,19,Stockholm,Pizza,345.0,51,Late,Returning
108692,20 Jun 2026,9,,SUSHI,206.0,38,On time,Returning
111393,2026-07-26,11,,vegan,230.0,30,On Time,returning
112572,2026-08-11,18,,Burgers,180.0,28,On time,Returning 
109163,27.06.2026,14,Göteborg,Vegan,223,25,On time,Returning
107859,08.06.2026,12,Lund,Thai,259.0,44,On time,New
107885,2026-06-09,23,Sthlm,Kebab,420.0,55,Late,New
104145,2026-04-19,13,Malmö,Pizza,324.0,40,on time,Returning
112302,8 Aug 2026,20,Göteborg,Kebab,89 SEK,31,On time,RETURNING
103168,06.04.2026,18,Malmö,sushi,274,29,On time,New
106799,2026-05-25,22,Stockholm,Burgers,225,30,On time,New
107167,2026-05-30,9,Uppsala,Indian,"323,0",45,On time,Returning
112629,2026-08-12,22,,Sushi,277,43,On time,New
103725,2026-04-13,12,Lund,Vegan,172.0,37,On time,Returning
109164,2026-06-27,18,göteborg,Pizza,349,38,On time,New
108995,24/06/2026,16,Stockholm,Indian,173.0,37,On Time,Returning
104666,2026-04-27,14,Göteborg ,Pizza,177,29,On time,New
100746,2026-03-05,23,Göteborg,BURGERS,255.0,43,On time, new
101188,2026-03-11,20,GÖTEBORG,Sushi,203 SEK,38,On time,New
105578,2026-05-09,17,Sthlm,Indian,211.0,31,on time ,Returning
105674,2026-05-10,19,Sthlm, Salad,180.0,46,late,Returning
105960,2026-05-14,20,Stockholm, Pizza,222,50,late,Returning
111901,2026-08-02,21,stockholm,Pizza,271.0,46,Late,Returning
105405,2026-05-06,19,Lund,Burgers,255.0,39,Ontime,Returning
111586,2026-07-29,15,Stockholm,Pizza,305 kr,45,On time,Returning
100576,2026-03-02,9,Stockholm,Pizza,"190,0",23,On time,Returning
113313,21/08/2026,18,Stockholm,THAI,"203,0",45,Ontime,New
108495,17/06/2026,17,Stockholm,Pizza,293.0,42,On time,returning
110588,2026-07-16,13,Stockholm , Pizza,339.0,38,On Time,New
103124,2026-04-06,19,Göteborg,pizza,258.0,40,On time,Returning
100634,3 Mar 2026,17,Stockholm,pizza,318,46,Late,Returning
104114,2026-04-19,11,Stockholm, Burgers,182,39,On time,New
101010,8 Mar 2026,17,STOCKHOLM,indian,225.0,35,on time ,NEW
103446,2026-04-10,14,Stockholm ,Kebab,183.0,43,On time,RETURNING
109404,2026-06-30,19,göteborg,Burgers,169.0,36,On time,Returning
109257,2026-06-28,19,Göteborg,SUSHI,248.0,37,On time,Returning
103173,06.04.2026,11,Uppsala,Vegan,167.0,50,LATE,returning
111259,2026-07-25,12,Göteborg,PIZZA,199.0,47,Late,New 
108850,22 Jun 2026,18,Göteborg,Pizza,292.0,25,On time,New
103196,7 Apr 2026,19,Göteborg,Vegan,256.0,29,On Time,New
107355,2026-06-02,18,Stockholm,Thai,193.0,36,On time,New
109206,2026-06-27,20,Stockholm, Pizza,282.0,36,On time,New
110479,2026-07-14,11,Uppsala ,Pizza,"342,0",40,On time,returning
111725,2026-07-31,12,Stockholm,burgers,296.0,48,Late,Returning
109998,2026-07-08,11,Stockholm,Burgers,327.0,42,On time,New
111461,2026-07-27,18, Stockholm,Burgers,169.0,61,Late,Returning
101828,20.03.2026,19,Göteborg,Pizza,201.0,35,On time,Returning 
108706,20 Jun 2026,15,Göteborg,Vegan,250.0,38,On time, new
100446,2026-02-28,20,Lund,Kebab,162.0,48,Late,Returning
102402,28 Mar 2026,18,Göteborg ,Thai,187.0,31,On time,Returning 
104934,30 Apr 2026,14,Lund,SUSHI,"271,0",41,On time,Returning
101882,21 Mar 2026,12,Göteborg,KEBAB,255 kr,41,On time,Returning
101585,2026-03-16,12,Stockholm,Indian,239.0,48,Late, new
109350,2026-06-29,17,Stockholm,Pizza,241.0,32,ON TIME,New
112002,2026-08-03,14,Lund,Thai,328 SEK,51,Late,Returning
104887,2026-04-30,13,Stockholm,Indian,307.0,33,On time,Returning
101154,2026-03-10,11,Stockholm,Sushi,SEK 202,20,On time,Returning
103323,2026-04-08,22,lund,Burgers,"296,0",22,On time,New
110446,14.07.2026,11,Stockholm,Kebab,227.0,31,On time,Returning
101898,21/03/2026,10,Stockholm ,Indian,226.0,40,On time,New
108592,2026-06-18,11,Uppsala,Salad ,318.0,21,On time,New
104491,2026-04-24,21,Malmö,Kebab,"295,0",42,On time,New
108389,2026-06-15,19,Uppsala,Kebab,118.0,35,On time,New
110846,19.07.2026,23,Sthlm,INDIAN,267,38,on time ,Returning
107831,2026-06-08,21,Stockholm ,Pizza,322.0,44,on time,New
107392,2 Jun 2026,13,Uppsala ,Kebab,257 kr,49,Late,Returning
100828,06.03.2026,18,Stockholm,Salad,"259,0",42,On time,NEW
104290,2026-04-21,22,Uppsala,Burgers,301.0,42,On time,New
101241,11 Mar 2026,20,Uppsala,Burgers,318.0,31,On time,New
111147,2026-07-23,19,, Pizza,172.0,38,On time,Returning
106455,2026-05-21,18,Göteborg,Vegan,"256,0",36,On time,Returning
107085,29.05.2026,11,Uppsala, Pizza,"89,0",48,Late ,Returning
113142,2026-08-19,11,Göteborg,Kebab,213.0,30,On time,Returning
101922,2026-03-21,15,Stockholm,Sushi,"216,0",30,On time,New
109157,27 Jun 2026,16,Göteborg,Kebab,178.0,25,On time,Returning
103212,7 Apr 2026,20,Stockholm,Indian,271.0,39,On time,Returning
113394,22 Aug 2026,14,Stockholm,Pizza,249 kr,42,On time,New
100682,2026-03-04,20,Göteborg,Pizza ,190.0,33,On time,Returning
104691,27 Apr 2026,17,Stockholm,Burgers,"263,0",47,Late,Returning
106392,2026-05-20,15,Stockholm,Sushi,219.0,18,On time,Returning
103451,2026-04-10,18,Malmö,Thai,265,42,On time,New
102407,2026-03-28,15,Göteborg,Thai,243.0,42,On time,Returning
113154,2026-08-19,13,Stockholm,pizza,234.0,35,On time,returning
112712,13.08.2026,17,STOCKHOLM,Sushi,280.0,33,On time,Returning
106930,2026-05-27,15,Stockholm,Burgers,"311,0",32,on time,Returning
107611,2026-06-05,19,Uppsala,Vegan,177.0,37,On time,Returning
103944,17 Apr 2026,12,Göteborg,Kebab,204.0,31,On time,Returning
102042,2026-03-23,17,Göteborg,Burgers,304.0,28,On time, new
106856,2026-05-26,19,Stockholm,Indian,229.0,30,On Time,Returning
108653,2026-06-19,12,Stockholm,Sushi,259,50,Late,New
100952,2026-03-07,12,Uppsala,Burgers,260,41,on time,Returning
112825,2026-08-15,13,Göteborg,Kebab ,222,30,on time ,Returning
109751,5 Jul 2026,19,Göteborg,INDIAN,200.0,28,On time,returning
112434,2026-08-09,13,Stockholm,Kebab ,282.0,39,On time,Returning
101872,20.03.2026,11,Uppsala,Burgers,150.0,42,On time,Returning
111894,2 Aug 2026,18,Stockholm,Kebab,258.0,35,On Time,Returning
104888,2026-04-30,10,Stockholm,Vegan,105 kr,23,ON TIME,new
107897,9 Jun 2026,21,Stockholm,Indian,267.0,53,Late,New
103741,14 Apr 2026,16,Gbg,Pizza,212 SEK,48,Late,New
108407,16/06/2026,14,Göteborg,thai,152.0,46,Late,New
113315,21 Aug 2026,13, Stockholm,Burgers,"163,0",39,On time,Returning
109703,2026-07-04,11,Stockholm,Pizza,"355,0",38,On time,New
110512,15 Jul 2026,17,Göteborg,Thai ,319,34,On time,Returning
105779,11 May 2026,11,Malmö,Pizza,164,49,Late,Returning
109053,25 Jun 2026,14,Stockholm,Pizza,183.0,38,On time,Returning 
100644,2026-03-03,13,Stockholm,Salad,"262,0",40,On time,New
102278,26.03.2026,19,Stockholm,Burgers,297.0,44,On time,Returning
102129,2026-03-24,11,göteborg,Kebab,259.0,43,On time,Returning
107301,01/06/2026,14,Stockholm,Vegan,251.0,40,On time,New
109814,2026-07-05,20,Uppsala,Salad,271.0,38,On time,New
101582,2026-03-16,15,Stockholm, Indian,227 SEK,29,Ontime,Returning
103367,2026-04-09,21,Stockholm,Kebab,248.0,43,On time,Returning
100255,26/02/2026,11,Stockholm,Pizza,285.0,35,On time,returning
109240,27 Jun 2026,18,Uppsala,THAI,276.0,38,On time,Returning
112721,2026-08-13,14,stockholm,Kebab,224,31,On time,New
112182,06.08.2026,21,Stockholm,Salad,"303,0",24,On time,Returning
108104,2026-06-12,17,Stockholm,Vegan,373 SEK,23,On time,Returning
107382,2026-06-02,12,Malmö,Pizza,328,20,On time,new
110034,2026-07-09,13,Göteborg,Vegan,278.0,40,On time,Returning 
109247,2026-06-27,14, Lund,Vegan,258.0,39,On time,Returning
112415,2026-08-09,18,Göteborg,Pizza,291.0,39,On time,New
112572,2026-08-11,18,Göteborg,Burgers,180,28,On time,Returning
113471,2026-08-23,17,Stockholm,Thai,SEK 283,32,On time,Returning
105818,2026-05-12,15,Stockholm, Sushi,157.0,36,On time,Returning
101178,2026-03-10,20,,Burgers,151.0,26,On time,New
101139,2026-03-10,11,GÖTEBORG,Pizza,134,34,On time,New
101308,2026-03-12,13,Malmö,Salad,265,48,Late,Returning
109532,2026-07-02,13,Göteborg,Pizza,89,36,On time,Returning 
108398,2026-06-15,19,lund,Sushi,228.0,45,Ontime,Returning
103622,12 Apr 2026,14,Malmö,Indian,237.0,26,On Time,Returning
107261,31 May 2026,13,Lund ,Burgers,223.0,30,On time,Returning
109470,2026-07-01,11,Göteborg,Pizza ,302.0,22,On time,New
103619,2026-04-12,17,Malmö,Kebab,"278,0",40,on time,Returning
113273,20/08/2026,20,Uppsala,PIZZA,203.0,32,On time,New
110384,13 Jul 2026,19,Stockholm,thai,289.0,29,on time ,Returning
100020,2026-02-23,22,Stockholm,Indian,152 SEK,29,On time,Returning
105638,09.05.2026,13,Lund, Burgers,244.0,29,on time,Returning
113438,2026-08-23,20,Göteborg,pizza,183.0,25,On Time,Returning
112193,2026-08-06,20,Stockholm,sushi,287 SEK,34,On time,Returning
109010,24 Jun 2026,20,MALMÖ,Salad,147.0,42,ON TIME,New
108651,2026-06-19,18,STOCKHOLM,Thai,"197,0",38,On time, new
108075,11.06.2026,11,Lund,Indian ,267.0,52,LATE,Returning
105363,2026-05-06,20,Stockholm, Indian,194 kr,50,late,New
102801,2026-04-02,19,Göteborg,Sushi,182.0,28,on time, Returning
106571,2026-05-22,19,STOCKHOLM,Salad,351.0,29,on time,Returning
107248,31 May 2026,18,Malmö,Pizza,SEK 277,55,Late,New
105812,2026-05-12,22,stockholm,Pizza,283,15,On time,Returning
107143,2026-05-30,11,Stockholm,Burgers,271.0,36,On time,Returning
107023,28.05.2026,16, Uppsala,BURGERS,243.0,50,Late,Returning
103770,2026-04-14,20,Malmö,Pizza,164.0,31,On time,New
112643,2026-08-12,12,Sthlm,Pizza,187.0,39,On time,Returning
106399,2026-05-20,21,Stockholm,kebab,175.0,46,Late, Returning
108923,2026-06-23,10,Stockholm,sushi,214.0,33,On Time,NEW
104567,2026-04-25,12,Malmö ,Burgers,238 SEK,51,Late,New
110868,2026-07-19,10,malmö,Salad,"217,0",47,Late,Returning
102147,2026-03-24,12,Stockholm ,Sushi,206 SEK,46,Late,Returning
109017,2026-06-24,19,Uppsala,Indian,267.0,52,Late,Returning
109226,27 Jun 2026,18,Stockholm,Pizza,289.0,53,Late,Returning
100438,2026-02-28,12,Uppsala,Kebab,167,43,On time,New
112720,2026-08-13,11,Stockholm,Indian,213.0,46,Late,Returning
111743,2026-07-31,13, Stockholm,Vegan,201.0,56,late,New
107159,30/05/2026,12,Malmö ,SUSHI,270 kr,41,On time,Returning
107047,29 May 2026,11,Göteborg,Vegan,256,43,On time,Returning
101905,2026-03-21,14,Stockholm, Pizza,273.0,42,ON TIME,Returning
104752,28 Apr 2026,13,Stockholm ,Sushi,384.0,23,On time,New
106287,2026-05-18,9,Malmö,Kebab,221.0,30,ON TIME,Returning
105718,2026-05-10,17,Uppsala,Pizza,298,42,on time ,Returning
112986,2026-08-16,18,Uppsala ,Thai,278.0,49,LATE,New
105861,2026-05-13,18,Göteborg,Burgers,199 kr,41,On time,Returning
108202,2026-06-13,20,Malmö,Burgers,300.0,26,On time,Returning
111385,2026-07-26,18,Stockholm,Indian,251.0,34,On time, new
105689,10 May 2026,18,Stockholm,Salad,"263,0",42,On time,Returning
111123,23.07.2026,15,STOCKHOLM,Sushi,274 SEK,32,On time,Returning
103789,14.04.2026,12, Uppsala,Indian,"322,0",22,On time,Returning
107791,2026-06-07,21,Uppsala ,Sushi,225.0,50,Late,Returning
108403,16 Jun 2026,13,Göteborg, Pizza,240.0,40,On time,New
100156,2026-02-25,18,Göteborg,Kebab,286,36,On time,Returning
107755,2026-06-07,11,Sthlm,Salad,"168,0",40,On time,Returning
108892,22 Jun 2026,18,Uppsala,Salad,SEK 237,48,Late,Returning
106827,2026-05-25,11,lund,Pizza,208.0,37,On time,Returning
107373,02.06.2026,10,Stockholm,Burgers,246,45,On time,Returning
105896,2026-05-13,12,Malmö,burgers,310.0,36,On time,New
107993,2026-06-10,18,Lund,Burgers,397.0,58,Late,New
101927,2026-03-21,13,Malmö,Burgers ,271.0,33,on time,Returning
104401,23.04.2026,16,Stockholm,Indian,296.0,29,On time,New
108481,2026-06-17,11,Göteborg,Sushi,357.0,52,Late ,New
102226,2026-03-25,11,Stockholm,Sushi,276.0,47, late,new
103380,2026-04-09,14,Malmö,Pizza,300,39,On time,Returning
102721,31 Mar 2026,14,Lund,Burgers,262,39,On time,Returning
104527,2026-04-25,9,Göteborg,PIZZA,222.0,31,On time,Returning
104264,21/04/2026,12,Stockholm,Pizza,269,37,On time,Returning
101920,2026-03-21,19, Stockholm,Burgers,154.0,32,ON TIME,Returning
105552,2026-05-09,12,Göteborg,Burgers,206.0,41,On time,Returning
102757,2026-04-01,20,Stockholm,Indian,SEK 264,33,on time ,Returning
101764,2026-03-19,19,Göteborg,Kebab ,193.0,30,On time,Returning
108219,13.06.2026,10,Uppsala,Burgers,279.0,41,On time,Returning
100567,2026-03-02,10, Stockholm,Salad,315,40,On Time,Returning
101590,16/03/2026,16,Stockholm ,Burgers,338.0,31,On time, Returning
113349,2026-08-22,19,Göteborg,Pizza,217.0,38,ON TIME,Returning
102958,04.04.2026,19,Stockholm,Salad,"180,0",34,On Time,Returning
102726,1 Apr 2026,10,Göteborg,Indian,330,66,Late,Returning
104366,22.04.2026,19, Malmö,Pizza,198.0,53,Late,RETURNING
105998,2026-05-15,11,Göteborg,Burgers,311 kr,44,On Time,Returning
104363,22 Apr 2026,12,Malmö,Salad,243.0,43,On time,New
108759,2026-06-20,14,Lund,pizza,429.0,36,On time,RETURNING
111952,2026-08-03,11,Göteborg,Burgers,178.0,39,on time,New
109969,8 Jul 2026,22,Gbg,Burgers,317.0,45,On time,New
106568,2026-05-22,19,Sthlm, Thai,SEK 151,41,On time,Returning
110409,13 Jul 2026,12,,Kebab,"258,0",41,On time,New
104147,2026-04-19,21,Malmö,Pizza,374.0,32,On time,New
102094,2026-03-23,9,Malmö, Thai,198.0,28,ON TIME,Returning
105310,5 May 2026,21,Stockholm,Pizza,283.0,47,Late,returning
102087,2026-03-23,18,Stockholm,Kebab,211,44,On Time,New
109640,3 Jul 2026,10,Stockholm,Salad,222.0,52,Late,New
109439,30.06.2026,12,Malmö,Burgers,220 SEK,31,On time,New
109599,2026-07-02,12,Lund,Kebab,186.0,48,Late, Returning
106131,2026-05-16,21,lund,Kebab,238.0,44,On time, new
102851,2026-04-02,19,Malmö ,Burgers,238 SEK,33,On time,New
112321,2026-08-08,11,Stockholm,salad,196 kr,35,On time,Returning
109109,26 Jun 2026,13,Stockholm,Vegan ,209.0,23,On time,returning
110866,19/07/2026,19,Malmö,Sushi,277.0,46,late,new
105419,2026-05-07,11,Göteborg,sushi,238 kr,15,On time,Returning
103334,2026-04-09,23,Göteborg,Thai,222,32,On time,New
100603,2026-03-02,18,Lund,Thai,206,21,On time,New
112418,2026-08-09,21,Stockholm,Sushi,261,36,On time,Returning
103080,2026-04-05,12,Malmö,Thai,271 SEK,54,Late,Returning
103971,17.04.2026,12,Malmö,Sushi,279.0,31,On time,New
110831,2026-07-19,17,Sthlm,Burgers,234.0,48,Late, Returning
100845,6 Mar 2026,12,Stockholm,Burgers,253.0,28,on time,Returning
110735,2026-07-18,20,Stockholm,Pizza,"144,0",36,On time,Returning
108708,20.06.2026,20,Stockholm,KEBAB,182.0,24,Ontime,Returning
100308,27.02.2026,17,Stockholm,Burgers,240.0,44,On time,Returning
112512,10.08.2026,11,Stockholm,Salad,308,44,On time,Returning
102404,2026-03-28,19,Gbg,Sushi,274.0,36,On time,New
102242,2026-03-25,13,,Burgers,SEK 216,34,on time,Returning
101466,2026-03-15,18,Göteborg,Pizza,176.0,50, late,Returning
106770,2026-05-25,9,Göteborg,Sushi,"362,0",63,Late,Returning
111926,2026-08-02,12,,Kebab,278,43,ON TIME,returning
105396,06/05/2026,19,Malmö,Kebab ,273.0,34,On time,New 
106714,2026-05-24,13, Stockholm,kebab,220.0,36,On time,Returning
107140,2026-05-30,12,Stockholm,Burgers,293.0,43,On time, Returning
106869,2026-05-26,22,,Kebab,"202,0",50,Late,returning
106348,19 May 2026,19,Malmö,Kebab,"260,0",50,Late,Returning
110222,2026-07-11,9,Sthlm,Kebab,297.0,28,On time,New
111769,2026-08-01,11,GÖTEBORG,Salad ,269.0,35,On time,Returning
104813,2026-04-29,17,Stockholm,pizza,SEK 170,25,On time,Returning
110015,08.07.2026,11,Malmö,Salad,345.0,32,On time,New
100250,2026-02-26,16,Sthlm,Indian,264 SEK,42,On time,Returning
106626,23/05/2026,11,Stockholm,Pizza,223.0,34,on time,New
105481,2026-05-07,17,Lund,Burgers,329.0,40,On time,Returning
105236,4 May 2026,12,Stockholm,Burgers,247.0,36,On time,Returning
102227,25.03.2026,13, Stockholm,Burgers,221.0,40,on time,RETURNING
108133,12.06.2026,10,Uppsala,Sushi,259 kr,41,On time,New 
104918,2026-04-30,20,Malmö,VEGAN,283,54,Late, Returning
103664,2026-04-13,19,Göteborg,Burgers,207,42,On time,New
102975,2026-04-04,11,Stockholm,BURGERS,222,45,On time,Returning 
111241,2026-07-24,12,Lund,Kebab,296,27,On time,New
105180,2026-05-03,12,Malmö,Pizza,"264,0",43,on time ,New
106305,18 May 2026,20,Lund,SALAD,197,64,Late,Returning
109454,2026-06-30,18,Uppsala,Kebab,230 kr,47,Late,Returning
112195,06/08/2026,17,Malmö,Kebab,377,48,Late,Returning
108163,13.06.2026,14,Stockholm,Pizza,278.0,30,On Time,Returning
103478,10 Apr 2026,11,Lund,Sushi,277.0,36,On time,Returning
113218,20 Aug 2026,13,Göteborg,Pizza,231.0,34,On time,New
101223,2026-03-11,18,Stockholm,Vegan,165.0,53,Late,Returning
106935,2026-05-27,12, Stockholm,Pizza,298.0,53,Late,Returning 
112201,2026-08-06,14, Malmö,Burgers,192.0,33,On time,Returning
110906,20.07.2026,14,Stockholm,Salad ,327.0,51, late,Returning
112049,2026-08-04,17,Malmö,Pizza,201 kr,31,On time,New
111580,2026-07-29,19,Stockholm,Salad,"243,0",25,On time,New
109145,26 Jun 2026,11,Uppsala,Sushi,380.0,48,Late,Returning
103963,2026-04-17,19, Stockholm,Sushi,270 SEK,25,On time,returning
107694,06/06/2026,13,Uppsala,Pizza,218 SEK,35,On time,Returning
112786,14/08/2026,18,Stockholm,Pizza,250 kr,41,On time,New
109630,2026-07-03,12,Stockholm,Sushi,336.0,45,On time,Returning
103608,2026-04-12,12,Stockholm,Kebab,208.0,48,Late,Returning
111699,2026-07-30,17,Lund ,Kebab,283.0,37,On time,returning
107634,2026-06-06,11,Göteborg,Kebab,"254,0",42,On time,New 
105915,13.05.2026,11,Lund,Pizza,300,38,On time,New
108377,2026-06-15,14,Malmö,Burgers,182,44,ON TIME,New
110261,12/07/2026,16,Göteborg ,Salad,"259,0",34,ON TIME,Returning 
113525,23/08/2026,19,Lund,Kebab,250 SEK,22,On Time,RETURNING
109169,27 Jun 2026,9,Gbg,Sushi,281,28,On Time,Returning
107471,2026-06-03,10,MALMÖ,Pizza,313 SEK,35,On time,NEW
108466,2026-06-16,14,Uppsala,Kebab,"176,0",38,On time,Returning
106231,2026-05-17,20,Lund,Indian,292.0,29,On time,Returning
104687,2026-04-27,13,Stockholm,Indian,"194,0",52,Late,New
102776,2026-04-01,11,MALMÖ,Thai,335.0,0,,New
103473,2026-04-10,10,Uppsala,Salad,228.0,26,On time,NEW
104871,30 Apr 2026,17,Göteborg,Pizza,SEK 249,36,On time,Returning
102559,2026-03-29,10,,Salad,314.0,45,On time,Returning
108835,2026-06-21,19,Uppsala ,Burgers,264.0,25,ON TIME,New
105082,2 May 2026,12,Uppsala,Pizza,240 SEK,32,On time,Returning
101911,2026-03-21,17,Stockholm,burgers,254.0,40,On time,New
106641,2026-05-23,17,Stockholm,Thai ,255.0,35,On time,New
112855,2026-08-15,12,Stockholm,Thai,285.0,46,Late,Returning
105022,2026-05-02,21,Göteborg,Indian,265.0,22,ON TIME,RETURNING
100115,2026-02-24,11,Stockholm,Kebab,253.0,48,Late,Returning
111922,2026-08-02,13,Malmö,Sushi,188.0,30,On Time,New
109198,2026-06-27,18,Stockholm,Burgers,"266,0",46,Late,Returning
101294,2026-03-12,10,Stockholm,Sushi,321.0,31,On time,New
102287,2026-03-26,15,Sthlm,Pizza,269,29,On time,Returning
102184,24 Mar 2026,11,Lund,Burgers,223.0,16,On time,Returning
109429,30 Jun 2026,9,Stockholm,Thai,244.0,28,On time,New
108140,2026-06-12,9,Lund,Pizza ,240,40,On time, Returning
103470,10/04/2026,20,uppsala,Indian,262.0,51,Late,Returning
101080,9 Mar 2026,22,Stockholm,Kebab,289.0,30,On time,returning
111630,2026-07-30,19,Göteborg,Burgers,246.0,34,On time,returning
104154,2026-04-19,14,Uppsala,Burgers,340.0,34,On time,returning
109002,2026-06-24,19,Stockholm,Burgers,350.0,50,Late,Returning
100395,2026-02-28,12,Sthlm,Pizza,296.0,27,On time, Returning
101244,2026-03-11,11,Lund,Burgers,154.0,35,ON TIME,Returning
112923,16/08/2026,12,Gbg,Sushi,243.0,250,,Returning
112121,05/08/2026,19,Sthlm,Burgers ,322.0,23,On time,Returning 
110030,2026-07-09,11,Göteborg,Burgers,"310,0",42,On time,Returning
112912,15/08/2026,16,Lund,Pizza,306.0,33,On time,New
111881,2 Aug 2026,16,Stockholm,Sushi,294,40,On time,Returning
111306,25 Jul 2026,13,Stockholm,Burgers,293,51,LATE,Returning
102408,28.03.2026,21,Gbg,Pizza,250.0,15,ON TIME,Returning
104334,2026-04-22,12,Stockholm,Pizza,171.0,41,On time,New
108793,2026-06-21,14, Stockholm, Sushi,242.0,33,on time,New
104140,19.04.2026,20,Malmö,Pizza,313.0,36,on time ,Returning
103348,2026-04-09,9,Sthlm,Burgers,234.0,32,On time,Returning 
111404,26 Jul 2026,13,Uppsala,salad,280.0,41,On time,Returning
110411,13.07.2026,18,Uppsala,Burgers,230 SEK,41,On time,New
105263,04.05.2026,23,Malmö,Pizza,"198,0",45,On time,Returning
105963,2026-05-14,17,STOCKHOLM,Burgers,237.0,40,On time,New
109191,27 Jun 2026,18,Stockholm,Pizza,268 SEK,46,Late ,Returning
103161,2026-04-06,19,Malmö,Burgers,238.0,38,ON TIME,New
108543,18.06.2026,13,Göteborg,Pizza,260.0,48,Late,Returning
108522,2026-06-17,10,Malmö,KEBAB,298.0,40,on time,New
110476,14 Jul 2026,19,,Pizza,146 SEK,27,On time,New
110923,20.07.2026,11,Stockholm,Sushi,165.0,31,On time,Returning
106418,2026-05-20,18,Stockholm,Kebab ,"194,0",38,On time,Returning
112790,2026-08-14,21,Stockholm,Pizza ,324,54,Late,Returning
101881,2026-03-21,14,Göteborg,Sushi,298.0,38,On time,Returning
111568,2026-07-29,21, Göteborg,Pizza,349.0,38,On time,Returning
110213,11 Jul 2026,20,Stockholm,kebab,260.0,33,On time,New
106893,26.05.2026,13,Uppsala,Sushi,"307,0",39,ON TIME,New
109460,2026-06-30,12,Lund,Sushi,253.0,47,Late,New
101213,2026-03-11,11,Stockholm,Thai,231.0,31,On time,Returning
110108,2026-07-10,20,Göteborg,Pizza,253.0,22,On time,New
107507,2026-06-04,17,stockholm,Sushi,"382,0",31,Ontime,Returning
108843,21 Jun 2026,17,Lund,Salad,142,37,On time,Returning
110248,2026-07-11,11,lund,kebab,145.0,43,On time,Returning
103825,2026-04-15,12,Stockholm,Pizza,186.0,45,On time, Returning
102408,28 Mar 2026,21,Göteborg,Pizza,250.0,15,ON TIME,Returning
108112,2026-06-12,13,Stockholm,Burgers,241.0,40,On time,Returning 
104542,25 Apr 2026,17,Stockholm,Salad,145.0,50, late,New
113077,2026-08-18,14,Göteborg, Thai,308,32,On time,Returning
105168,2026-05-03,18,Malmö ,Kebab,215.0,19,On time,Returning
102137,2026-03-24,11,Stockholm,Sushi,215.0,18,On time,Returning
100457,2026-03-01,19,Göteborg,burgers,208.0,34,On time,Returning
103302,8 Apr 2026,19,Malmö,Pizza,228.0,58,Late,Returning
106683,2026-05-24,16,,Thai,200,35,On time,New
109313,2026-06-28,20,uppsala,Vegan,190,38,On time,Returning
110624,2026-07-16,12,MALMÖ,Pizza,259.0,43,On time,New
100963,2026-03-07,17,Lund,Sushi,217.0,43,On time,New
106806,25 May 2026,19,malmö,Indian,241,29,On time,Returning
112016,2026-08-04,16, Göteborg,Vegan,262,44,On time, Returning
109347,29 Jun 2026,23,Stockholm,Pizza,299 kr,43,On time,Returning 
112457,9 Aug 2026,13,Stockholm,Thai,"228,0",25,On time,Returning
104078,19 Apr 2026,12,GÖTEBORG,Thai,172 kr,38,On Time, Returning
113390,2026-08-22,12,Stockholm,Pizza,264 kr,31,On time,New
105474,2026-05-07,11, Uppsala,Sushi,282 kr,32,On time,Returning
107041,2026-05-29,10,Göteborg,Sushi,214,34,On time,Returning
106537,22.05.2026,14,Göteborg,Kebab,223,19,On time,NEW
108962,2026-06-24,13,Göteborg,Pizza,"216,0",35,On time,Returning
105562,2026-05-09,20,Göteborg,Pizza,183.0,27,On time,Returning
105162,2026-05-03,10,Stockholm,Sushi,304.0,22,on time ,returning
111870,2026-08-02,22,Göteborg,Burgers,258 SEK,25,on time,New
103687,2026-04-13,12,Sthlm,Indian,308.0,36,On time,New
109050,2026-06-25,18,Stockholm,sushi,252.0,39,On time,Returning
113501,2026-08-23,20,Malmö,burgers,264.0,48,Late,Returning
100478,01/03/2026,15,Stockholm,Pizza,289.0,53,Late,Returning
101448,2026-03-14,20,Uppsala, Vegan,263.0,33,On time,Returning
110250,12 Jul 2026,19,Göteborg,Burgers,189.0,39,On time,Returning
101004,2026-03-08,11,Stockholm,KEBAB,254.0,46,Late,Returning
108823,21.06.2026,19,malmö,SUSHI,178.0,34,On time,Returning 
104996,01.05.2026,12,Malmö ,Sushi,309.0,45,On time,Returning
104610,2026-04-26,11,stockholm,Burgers,228.0,36,On time,Returning
105099,2026-05-03,17,Göteborg ,Sushi,195.0,30,On time,New
102426,28/03/2026,19,Stockholm,Salad,330.0,33,On time,New
112468,2026-08-09,15,Malmö,Pizza,260,29,On time,Returning
110125,2026-07-10,16,stockholm,Pizza,302.0,40,On Time,New
111742,31 Jul 2026,10,STOCKHOLM,Sushi,258 SEK,39,ON TIME,Returning
110497,2026-07-15,20,Göteborg,Burgers,369,43,On time,New
106529,2026-05-22,13,Göteborg,Salad,287.0,31,On time,New
104887,30.04.2026,13,stockholm,Indian,307.0,33,On time,Returning
106327,19/05/2026,20,Sthlm,Burgers,291.0,54,Late,New
106285,2026-05-18,20,Stockholm,Pizza,298.0,51,Late,New
101038,2026-03-08,10,Uppsala,Pizza,264 SEK,47,Late,Returning 
112985,2026-08-16,13,Uppsala,Indian,250,39,On time,returning
101433,14.03.2026,12, Malmö,Burgers ,"197,0",36,On time,Returning
108838,21.06.2026,20,lund,Thai,280,42,On time,Returning
109699,04.07.2026,12,Stockholm,Thai,154 SEK,49,Late ,NEW
108551,2026-06-18,15,Göteborg,Pizza,136 kr,31,On time,Returning
104557,2026-04-25,13,Stockholm, Sushi,284.0,35,On time,Returning
102320,2026-03-26,12,Lund,Salad,221.0,34,On time,New
111114,2026-07-23,13,Göteborg,Pizza,200.0,25,On time,Returning
109903,2026-07-07,20,Stockholm,Sushi,261.0,42,On time,Returning
105770,2026-05-11,13,Stockholm,salad,306.0,27,On time,Returning
107431,3 Jun 2026,13,,Thai,339.0,24,On time,Returning
109502,1 Jul 2026,18, Stockholm,thai,"226,0",38,On Time, new
113382,22 Aug 2026,19,Stockholm,Kebab,211.0,35,On time,New
105153,2026-05-03,17,Stockholm,Burgers,"270,0",27,On time,Returning
103057,5 Apr 2026,13,Stockholm ,Kebab,254.0,39,On time,Returning
112153,2026-08-06,16,Göteborg ,Burgers,253.0,42,On time,Returning
100922,2026-03-07,11,Sthlm,Thai,323 kr,28,On time,Returning
103844,2026-04-15,13,Malmö,Pizza,276.0,24,On time,New
105536,8 May 2026,13,Uppsala ,Burgers,"236,0",42,On time,Returning
111251,2026-07-25,13,Göteborg, Kebab,297 kr,34,On time,returning
101606,16.03.2026,19,Uppsala,Burgers,192.0,38,On time,New
108344,2026-06-15,11,Stockholm,Salad,223.0,35,on time ,New
107990,10 Jun 2026,10,uppsala,Pizza,303.0,40,On time,Returning
106175,17.05.2026,12,Stockholm ,Pizza,266.0,34,On time,New
111055,22 Jul 2026,13,STOCKHOLM,Pizza,232 SEK,52, late,returning
107561,2026-06-05,17,Göteborg,Kebab,"159,0",33,On time,RETURNING
112856,2026-08-15,20,,Sushi,132.0,48,Late,Returning
110652,2026-07-17,18,Göteborg,Salad,142,43,On time,Returning
108196,13.06.2026,17,Malmö,Burgers,281 SEK,38,on time,Returning
113097,18/08/2026,16,Stockholm,Indian,196.0,41,on time ,Returning 
102556,29 Mar 2026,18,Uppsala,Kebab,266.0,28,On time,New
111862,2 Aug 2026,21,Göteborg,Pizza,262 kr,38,on time,New
105868,13 May 2026,19,Göteborg ,Thai,"330,0",31,ON TIME,New
103085,5 Apr 2026,20,Malmö,Kebab,234.0,32,On Time,Returning
105083,2026-05-02,19,Uppsala,Pizza ,152.0,35,On time,Returning
105241,2026-05-04,17,Stockholm,Vegan,324.0,19,Ontime,New
104960,2026-05-01,13,Stockholm,Pizza,248,51,Late,Returning
110151,2026-07-10,16,Malmö,Pizza ,265,250,,New
102881,2026-04-03,15,Stockholm,Burgers,325.0,19,On time,New
108862,22/06/2026,12,Stockholm,Thai,"337,0",32,On time,New
106586,22.05.2026,9,Malmö,Burgers,267.0,30,On Time,RETURNING
105183,03.05.2026,9,Uppsala,Kebab,"257,0",44,On time,New
101140,10.03.2026,11,Göteborg,vegan,256,40,On time,Returning
101923,21 Mar 2026,19,Stockholm,Pizza,274.0,40,on time ,Returning
101395,14 Mar 2026,14,Gbg,Burgers,310.0,27,On time,RETURNING
100859,2026-03-06,20,MALMÖ,Sushi,248.0,34,On time,Returning
103315,08.04.2026,13,Uppsala,Burgers,"256,0",25,On time,Returning
104001,2026-04-18,20,Göteborg,Burgers ,185,51,Late,returning
113045,17 Aug 2026,17,Malmö,Burgers,279.0,39,On time,Returning
109870,2026-07-06,14,Uppsala,Salad,SEK 287,45,On time,returning
113516,2026-08-23,16,Uppsala,Burgers,"194,0",32,on time ,Returning
107039,2026-05-29,19,göteborg,Kebab,291.0,44,On time, Returning
100906,7 Mar 2026,17,STOCKHOLM,Thai,281.0,32,Ontime,Returning
102590,30.03.2026,12,Stockholm,Thai,243.0,41,On time,New
107640,2026-06-06,19,Stockholm,Vegan,202.0,36,On time,RETURNING
110302,2026-07-12,18,Stockholm,Sushi,SEK 275,33,On time,Returning
112238,07/08/2026,19,Göteborg,Salad,148,46,Late,Returning
100867,2026-03-06,17,Uppsala ,salad,267.0,33,On time,Returning
102906,3 Apr 2026,13,Malmö,Pizza ,304.0,35,On time,NEW
104045,18.04.2026,17,Malmö,Kebab,136.0,39,On time,New
112284,7 Aug 2026,18,uppsala, Kebab,180.0,37,On time,Returning
109044,2026-06-25,10,Stockholm,Thai,152.0,40,On time,Returning
102076,23 Mar 2026,10,Stockholm,Thai ,220 kr,51,Late,returning
107548,05/06/2026,13,GÖTEBORG,Indian,"129,0",26,On time,New
110857,2026-07-19,20,Stockholm,Burgers,244 SEK,36,On time, Returning
110944,20 Jul 2026,10,Malmö, Sushi,225.0,24,on time ,Returning
106319,2026-05-19,18,Göteborg,Pizza,333.0,43,On time,New
107362,02/06/2026,22,Stockholm,Pizza,"292,0",32,On Time,Returning 
101536,2026-03-15,13,uppsala,Burgers,286.0,53,Late ,Returning
109962,2026-07-08,13,Göteborg,Indian,249.0,45,On time,New
104721,2026-04-27,12, Uppsala,Pizza,SEK 309,46, late,Returning
110802,18/07/2026,17,Lund,Burgers,"341,0",46, late, Returning
102976,2026-04-04,19,Stockholm ,Kebab,296 kr,39,On time,Returning
103121,2026-04-06,23,Göteborg,Salad,349.0,15,On time,New
104919,2026-04-30,19, Malmö,pizza,266,24,On time,Returning
111949,03.08.2026,18,Göteborg,Pizza,287.0,40,On time,New
103397,2026-04-09,21,Uppsala,Sushi,307.0,36,On time,New
101216,11 Mar 2026,12,Stockholm,Pizza,281.0,26,on time,New
110570,2026-07-16,16,Göteborg,Thai,250 kr,35,On time,New
111977,3 Aug 2026,10,Stockholm, Sushi,206.0,46,Late,Returning
108574,18 Jun 2026,13,Stockholm,Burgers,146,29,On time,Returning
104929,30.04.2026,17,Uppsala,Salad,294 kr,45,on time ,Returning
103134,2026-04-06,23,Stockholm ,Pizza,"176,0",57,Late,Returning
112832,2026-08-15,12,Göteborg,Kebab,297.0,33,On time,New
102912,2026-04-03,19,Malmö,Salad,132,52,Late,New
111801,2026-08-01,20,Stockholm,Sushi,298.0,46,Late,Returning 
106064,2026-05-16,20, Göteborg,Sushi,263.0,38,On time,Returning
107239,2026-05-31,19,Malmö,Thai,313.0,15,On time,New 
108124,12/06/2026,16,MALMÖ,Indian,313,48,Late,Returning
101341,13/03/2026,11,Stockholm,INDIAN,"307,0",30,Ontime,new
100364,2026-02-28,12,Göteborg,Salad,182 SEK,34,On time,Returning
110401,13 Jul 2026,11,MALMÖ,Pizza ,317.0,34,On time, Returning
111673,30 Jul 2026,18,Malmö,Sushi ,324.0,18,On time,New
108090,12/06/2026,17,Göteborg,salad,290.0,30,On time,returning
105808,2026-05-12,21,Göteborg,Vegan,SEK 210,37,On time,New
103951,2026-04-17,21,Stockholm,Indian,232 kr,30,On time,Returning
104175,2026-04-20,11,Göteborg,Burgers,214 SEK,46,Late,Returning 
105907,2026-05-13,12,Uppsala,Indian,246.0,53,Late ,Returning
109192,2026-06-27,17,Stockholm,Pizza,197.0,22,On time,Returning
104022,2026-04-18,11,stockholm,Pizza,226,43,On time,Returning
103301,2026-04-08,12, Malmö,Kebab,224.0,28,On time,Returning
106918,27 May 2026,11,göteborg,Sushi,240.0,38,On time,New
109750,2026-07-05,19, Göteborg,Sushi,253.0,55,Late,Returning
111442,2026-07-27,19,Gbg,Kebab,324.0,48,Late,Returning
105444,2026-05-07,20,stockholm,Pizza,231.0,46,late,Returning
105065,2 May 2026,20,Malmö,Kebab,368 SEK,38,on time ,Returning
103033,5 Apr 2026,16,Göteborg ,vegan,"229,0",34,On time,Returning
102837,02/04/2026,19,Stockholm,Sushi,"191,0",42,On time,New
101182,2026-03-10,12,Lund,Sushi,270.0,50,late,Returning
108697,2026-06-20,22,Göteborg,Sushi,"282,0",29,On time,New
111607,2026-07-29,19,Malmö,VEGAN,221.0,30,ON TIME,Returning
112654,2026-08-12,12,STOCKHOLM,Indian,364.0,40,on time,Returning
106939,2026-05-27,12,,Indian,266.0,33,On time,New
107477,03.06.2026,9,Uppsala ,Pizza ,296.0,33,On time,New
108641,2026-06-19,21,Stockholm,Sushi,201 kr,32,On time,New
104124,2026-04-19,11,Stockholm,Pizza,277 kr,51, late,Returning
113366,22.08.2026,20,Göteborg,Pizza,227.0,51,Late,New
100387,28 Feb 2026,12,Stockholm,pizza,311,47,Late,Returning
105408,6 May 2026,21,Lund,Sushi,306.0,36,On time,Returning
105699,2026-05-10,20,Malmö,Pizza,196.0,23,On time,New
106801,2026-05-25,14, Stockholm,Burgers,265,31,On time,Returning
103808,2026-04-15,19,Göteborg ,Thai,"214,0",30,On time,RETURNING
107854,2026-06-08,17,,burgers,"199,0",39,On Time, Returning
112052,2026-08-04,18,Malmö,Kebab,256.0,33,On time,New
101105,09.03.2026,11,Malmö,Indian,267.0,49,Late,Returning
104165,2026-04-19,11,Lund,Indian,232.0,31,On time,Returning
108302,2026-06-14,13,uppsala,Salad,161.0,47,Late,New
113233,2026-08-20,14,STOCKHOLM,Kebab,237.0,48,Late,New
102225,25.03.2026,12,Stockholm,Burgers,251.0,32,On time,Returning
111738,2026-07-31,20, Stockholm,Thai,262.0,22,On time,Returning
111985,2026-08-03,18,Malmö, Sushi,279.0,27,On time,New
101274,12 Mar 2026,18,Stockholm,Thai,271,44,On time,Returning 
100400,2026-02-28,19,Stockholm,Kebab,237.0,50,Late,New
110090,9 Jul 2026,18,Malmö,Pizza,262.0,41,On time,Returning
110905,2026-07-20,19,Stockholm,Pizza,248 SEK,34,On time,new
112727,13 Aug 2026,14,Stockholm,Sushi,235 kr,28,ON TIME,RETURNING
101221,2026-03-11,13, Stockholm,Kebab,229.0,39,On time,returning
103418,2026-04-10,19,Göteborg,Thai,331.0,30,On time,Returning
110702,2026-07-17,17,Lund ,thai,133.0,46, late,Returning
110327,12.07.2026,16,Uppsala,Pizza,329 SEK,28,On time,New
110560,2026-07-15,18,Uppsala,Sushi,307.0,24,On time,New
112180,06.08.2026,18,stockholm,Sushi,205.0,19,On time,Returning
103576,2026-04-12,14, Göteborg,Pizza,"210,0",39,on time,New
110217,11.07.2026,12,Stockholm,Thai,"350,0",33,On time,New 
109348,2026-06-29,11,Stockholm,BURGERS,243.0,24,On time,Returning
108356,2026-06-15,13,Stockholm,Burgers,193.0,32,on time,Returning
111346,26 Jul 2026,13,,Pizza,234.0,54,Late,New
113419,2026-08-22,19, Uppsala,Sushi ,330.0,44,On time,Returning
113161,19.08.2026,21,Sthlm,Pizza,150.0,53,Late,New
110936,20.07.2026,14,Malmö ,pizza,"238,0",43,On time,Returning
107350,2026-06-02,9,Stockholm,Pizza ,"211,0",44,On Time,New
111576,29.07.2026,12,Stockholm ,Pizza,374,47,Late,new
105936,2026-05-14,11,Stockholm,Sushi,316,49,late,Returning
101192,11 Mar 2026,11,göteborg,Indian,181.0,23,On time,New 
112123,05.08.2026,11,Malmö,Pizza,350.0,39,On time,New
100371,2026-02-28,18,Göteborg,Kebab,"268,0",38,On time,Returning 
109484,2026-07-01,11,Stockholm,Sushi,313.0,37,On time,Returning
108891,22 Jun 2026,13,Uppsala,Burgers,407.0,37,On time,New
104396,2026-04-23,12,Göteborg,Kebab,288.0,23,on time ,Returning
100442,2026-02-28,12,Lund,Salad,"281,0",46,Late,New
106728,24 May 2026,10,Malmö,Burgers,315,42,On time,new
100282,2026-02-26,18,,Burgers,183.0,35,On time,Returning
109801,2026-07-05,13,Malmö,indian,242.0,15,On time,Returning
107291,01/06/2026,21,Sthlm,indian,235 kr,53,Late,Returning
105349,6 May 2026,12,Göteborg,THAI,216.0,24,ON TIME,Returning
100898,7 Mar 2026,13,Stockholm,Kebab ,221.0,32,On time,Returning
108542,2026-06-18,11,Göteborg,Kebab,"288,0",23,On time,Returning
107907,09/06/2026,12,Malmö ,Indian,254,33,On time,Returning
107238,2026-05-31,12,Malmö,Burgers,246.0,56,Late,Returning
104151,2026-04-19,12, Uppsala,thai,268.0,15,On time, Returning
109330,2026-06-29,22,Göteborg,Salad,307 SEK,44,on time ,Returning 
100745,5 Mar 2026,13,göteborg,Vegan,282.0,42,On time,New
104159,2026-04-19,11,Uppsala,Sushi,279 kr,25,On time,New
101912,2026-03-21,12,Stockholm,Pizza,"272,0",45,ON TIME,New
103612,2026-04-12,17,Sthlm,SUSHI,264 kr,25,ON TIME,New
112648,12 Aug 2026,12,Stockholm,Pizza,239.0,45,On time,New
103427,2026-04-10,10, Stockholm,Burgers,248.0,25,On time,New
110811,19 Jul 2026,11,Göteborg,Pizza,277.0,48,Late ,Returning
101272,2026-03-12,13,Stockholm,Indian,236.0,42,on time ,Returning
113197,2026-08-19,18,Uppsala,Sushi,190.0,39,On time,New
105209,2026-05-04,10,,Kebab,307.0,33,On time,Returning
105224,04/05/2026,12, Stockholm,Vegan,305.0,41,On time,Returning
101671,17 Mar 2026,11,Malmö,Burgers,373,32,On time,Returning
101714,2026-03-18,11,Stockholm,Pizza ,266.0,29,On time,Returning
106480,2026-05-21,20,Stockholm,Indian,187.0,34,On time,Returning
102862,2026-04-03,17,Göteborg,Indian,267.0,28,On time,New
112510,2026-08-10,13,Stockholm,Pizza ,358,35,On time, Returning
101165,10 Mar 2026,15,Malmö,Sushi,265.0,28,On time,New
112491,2026-08-10,21,Göteborg, Vegan,"200,0",28,On Time,Returning
109289,28/06/2026,19,Stockholm,Sushi,336.0,21,On time,Returning
100744,2026-03-05,19,GÖTEBORG,Kebab,280,30,ON TIME,Returning
106706,2026-05-24,16,Stockholm,Kebab,"222,0",37,On time,Returning
108060,2026-06-11,21,Malmö ,Thai,300.0,35,On time, Returning
106559,2026-05-22,16,Stockholm,Salad,289,41,on time ,Returning 
110725,18.07.2026,20, Göteborg,Pizza,257 SEK,31,On time,Returning
111317,2026-07-25,14,MALMÖ,Kebab,192.0,45,Ontime,New
101973,22 Mar 2026,12,Göteborg,Kebab,274.0,42,on time,Returning
110309,2026-07-12,13,Stockholm, Kebab,296 SEK,44,On time,New
104339,2026-04-22,12,Stockholm,Pizza ,280 kr,60,Late,New
101247,2026-03-11,19,Lund,Kebab,315,35,On time,Returning
111650,2026-07-30,13,, Kebab,190.0,28,On time, new
107136,2026-05-30,20,Stockholm,Pizza,237.0,27,on time,New
103516,2026-04-11,13,Stockholm,Thai,413 kr,23,On time, new
104870,30/04/2026,19,Göteborg,Sushi,299,42,On time,New
111085,22 Jul 2026,19,Malmö,Burgers,292.0,42,On time,Returning
104645,2026-04-26,18,Malmö,Pizza,232.0,53,Late,Returning
106989,28 May 2026,12,GÖTEBORG,Burgers,"270,0",26,ON TIME,New
103349,2026-04-09,12,Stockholm,burgers,196,31,on time,Returning
110885,19 Jul 2026,18,Lund,Burgers,SEK 211,30,On Time,Returning
113033,17/08/2026,10,Stockholm,Indian,274.0,43,On Time,Returning
100123,2026-02-24,18,Malmö,Pizza,275.0,40,On time,NEW
102073,23/03/2026,9,STOCKHOLM,Thai,191.0,34,On time,New
111185,2026-07-24,20,Gbg,Kebab,259.0,15,On time,New
102068,2026-03-23,10,Stockholm ,PIZZA,302.0,45,On time,New
108624,19 Jun 2026,20,Stockholm,Sushi,239.0,26,Ontime,Returning
112359,8 Aug 2026,20,Stockholm,Pizza,177.0,31,On time,New
101085,2026-03-09,20,Stockholm ,Kebab,191.0,39,On time,New 
105990,2026-05-14,20,Lund,Sushi,"236,0",34,on time ,New
111836,2026-08-01,18,Malmö,SUSHI,302.0,30,On time,New
105024,2026-05-02,17,Göteborg,Pizza,312.0,38,On time,Returning
108828,2026-06-21,13, Uppsala,Sushi,395,34,On time,Returning
107550,2026-06-05,19,Göteborg,THAI,195.0,31,On time,Returning
103696,13/04/2026,17,Stockholm,Pizza,318.0,41,on time ,New
105425,7 May 2026,21,Gbg,SALAD,224 kr,47,Late,Returning
109256,28/06/2026,11,Göteborg,Pizza,305,42,On time,New 
100507,2026-03-01,20,MALMÖ,Thai,210.0,15,On time,Returning
100380,2026-02-28,18,Göteborg,Kebab,278 kr,44,On time,New
109909,2026-07-07,11,Stockholm,Indian,271 SEK,39,Ontime,Returning
103526,2026-04-11,18,Malmö,Burgers,268 kr,45,On time,New
113262,20 Aug 2026,21,Malmö,Pizza,253.0,27,On time,Returning
108787,2026-06-21,11, Stockholm,Kebab,166,43,On time,Returning
104239,21.04.2026,19,Göteborg,Pizza,326.0,43,On time,returning
100236,2026-02-26,21,Göteborg, Pizza,359.0,39,On time,New
101196,2026-03-11,13,Stockholm,Vegan,266.0,46,Late, new
111651,2026-07-30,13,Stockholm,Pizza,244 kr,34,On time,New
109230,2026-06-27,18,Malmö,Sushi,232.0,35,On time,returning
111519,2026-07-28,12,Stockholm,Thai,214 kr,34,ON TIME,Returning
104282,21/04/2026,13,Malmö,Salad,SEK 262,44,on time ,new
100164,2026-02-25,16,Stockholm,Kebab,275.0,45,On time,Returning
101924,2026-03-21,11,Malmö,Thai,206.0,31,On time,Returning
101394,2026-03-14,15, Göteborg, Burgers,254 SEK,35,Ontime,Returning
108880,2026-06-22,12,Stockholm,Sushi,218.0,39,On time,Returning
112107,05/08/2026,17,Stockholm, Sushi,"260,0",44,On time,New
100753,05.03.2026,11,Göteborg,Pizza,379.0,30,On time,New
103432,2026-04-10,19,Stockholm,Pizza,227.0,35,Ontime,New 
108057,11/06/2026,12, Malmö,Burgers,312.0,33,On time,returning
105820,2026-05-12,11,STOCKHOLM,Kebab,204.0,48,Late,Returning
111178,24.07.2026,11,Göteborg,Salad ,288 SEK,28,Ontime,Returning
106509,2026-05-21,17,Uppsala ,Pizza ,309.0,45,On time,New
110787,18.07.2026,12,Uppsala,Pizza,262.0,40,On time,Returning
101146,10.03.2026,16,Stockholm,Kebab,273,48,Late,Returning
104969,2026-05-01,12,Stockholm,Burgers,230 SEK,33,On time,Returning
104225,2026-04-20,21,Uppsala,Burgers ,226.0,39,On time,Returning
101030,2026-03-08,21,Malmö,Kebab ,"259,0",35,On time,Returning
104168,2026-04-20,20,Göteborg,Salad,261.0,43,On time,returning
111858,2026-08-02,21, Göteborg,Sushi,254 kr,30,On time, Returning
104718,2026-04-27,18,malmö,Pizza,"224,0",42,On time,Returning
113307,2026-08-21,19,Stockholm ,Kebab,257 kr,48, late,Returning
111587,2026-07-29,22,Sthlm,Sushi,182,35,On time,Returning 
104312,22.04.2026,12,Gbg,Sushi,244 SEK,47,Late,New
102950,2026-04-04,12,Stockholm,Pizza,259.0,42,Ontime,New
111602,2026-07-29,19,Malmö,KEBAB,"213,0",27,On time,Returning
101915,2026-03-21,18,Stockholm,Pizza,"261,0",38,On time,New
101453,14/03/2026,15, Uppsala,Pizza,314.0,38,On time,Returning
109461,2026-06-30,12,Lund,Thai,163 SEK,40,ON TIME,Returning
100148,2026-02-25,12,Göteborg,Pizza,"235,0",27,On Time,Returning
110550,2026-07-15,13,Malmö ,Pizza,190 kr,33,On time,new
111062,2026-07-22,11,Stockholm,Sushi,291.0,31,On time,Returning
102188,24/03/2026,10,Lund ,Thai,255 kr,29,On time,Returning
112365,2026-08-08,19,Stockholm,Thai,270.0,31,On time,Returning
109005,2026-06-24,20,Stockholm,Kebab,SEK 286,46,Late,Returning
107130,2026-05-30,18,Stockholm,indian,241.0,29,On time,Returning
104896,2026-04-30,17,Stockholm,Sushi,273,32,On time,New
108354,2026-06-15,18,Sthlm,Pizza,275.0,24,On time,Returning 
101736,2026-03-18,11,Uppsala, Salad,"244,0",33,on time,Returning
105439,7 May 2026,12,Stockholm,Thai,286.0,33,On time, Returning
112358,2026-08-08,22,Stockholm,Indian,176 kr,29,On time,New
106757,2026-05-25,12,Göteborg,Burgers,337 kr,50,Late, Returning
105842,2026-05-12,10,Uppsala,Vegan,205.0,46,Late,Returning
100884,7 Mar 2026,19,Göteborg,Burgers,"283,0",-5,,Returning
109736,2026-07-04,18,Lund,Thai ,205,44,On time,Returning
109700,4 Jul 2026,17,Stockholm,VEGAN,262.0,42,On time,Returning
111371,26.07.2026,13,Stockholm,Burgers,267.0,28,ON TIME,New
109900,07.07.2026,17,Stockholm,Thai,272.0,36,On time,Returning 
104082,2026-04-19,13,Göteborg,Burgers,319.0,37,On time,Returning
109973,08.07.2026,11,Göteborg,Salad,310.0,44,On Time,Returning
107795,7 Jun 2026,22,Uppsala ,Pizza,186.0,40,On time,New
104279,21 Apr 2026,20,Stockholm,Pizza,152.0,27,Ontime,returning
110437,2026-07-14,18,Göteborg,Pizza,220 SEK,40,ON TIME,Returning
112809,2026-08-14,20,Uppsala, Pizza,222.0,43,on time ,Returning
102162,2026-03-24,20,Stockholm, Pizza,164 kr,25,On time,New
100684,4 Mar 2026,19,Göteborg,PIZZA,"240,0",40,On time,Returning
104695,27/04/2026,11,Stockholm,Pizza,"268,0",38,On time,Returning
107792,2026-06-07,15,Uppsala,Vegan,200.0,35,On time,Returning 
112020,04/08/2026,13, Göteborg,Indian,253.0,43,On time,RETURNING
101620,2026-03-17,21,Göteborg ,Kebab,214 kr,26,On Time,RETURNING
107986,10/06/2026,11,Uppsala,Burgers,"234,0",43,On time,Returning
103177,2026-04-06,14,Lund,SALAD,185 kr,43,On time,Returning
104466,24 Apr 2026,14,Stockholm , Salad,265.0,42,On time,New
102240,2026-03-25,12, Uppsala,Salad,297,37,On time,Returning
100516,01/03/2026,13,Uppsala,Kebab,316.0,44,ON TIME,New 
112229,2026-08-07,13,Göteborg ,Pizza,278,35,On time,Returning
109446,2026-06-30,19,MALMÖ,Salad,"296,0",49,Late,New
109441,30.06.2026,12, Malmö,Sushi,160.0,24,ON TIME,New
107158,2026-05-30,18,Malmö,KEBAB,296.0,39,On time,Returning
108278,2026-06-14,12,Stockholm,Vegan,292.0,45,On time,Returning
101597,2026-03-16,23,Malmö,Pizza,327.0,28,On time,Returning
111942,02.08.2026,16,Lund ,Sushi,279.0,38,On time,Returning
104636,26.04.2026,20,Stockholm,Burgers,271.0,47,Late,Returning
113330,2026-08-21,13,Malmö,Indian,231.0,28,On time,Returning
112422,9 Aug 2026,11,Stockholm,Kebab,249,33,ON TIME,Returning
110554,2026-07-15,17,Uppsala,KEBAB,"256,0",37,On time,New
105160,3 May 2026,18,Stockholm,Sushi,283.0,32,on time,Returning
107098,2026-05-30,10,Göteborg,Kebab,197.0,27,On time,Returning
103517,2026-04-11,12,Stockholm,Sushi,"215,0",44,On time,New
108979,2026-06-24,16,Göteborg,Sushi,292.0,48,Late,New
110005,2026-07-08,12,Malmö ,Sushi,248.0,34,on time,New
100407,28 Feb 2026,11,Stockholm,Pizza,291.0,40,On time,Returning 
103490,2026-04-11,19,Göteborg,burgers,SEK 292,24,On time,New
112663,12/08/2026,19,stockholm,Salad,235.0,29,On time, Returning
109517,01.07.2026,17,Malmö,Vegan,296 SEK,35,On time,Returning
111032,21 Jul 2026,20,Lund,Kebab,316.0,39,On Time,Returning
101502,15.03.2026,11,Sthlm,Pizza,156.0,39,On time,New
106663,23/05/2026,12,Uppsala,Kebab,270.0,44,on time ,New
107259,31 May 2026,17, Uppsala,Kebab,"260,0",37,ON TIME,Returning
110503,15 Jul 2026,10,,Kebab ,132.0,33,ON TIME,New
104053,2026-04-18,11,Uppsala,burgers,381,31,On time,Returning
113124,18.08.2026,16,Malmö ,indian,SEK 182,28,On time,new
106774,25 May 2026,18,Stockholm, Pizza,282.0,250,,New
101034,2026-03-08,13,Uppsala,Sushi,319.0,47,late,New
110205,2026-07-11,16,Stockholm,Burgers,"269,0",37,On time,New
100256,2026-02-26,13,Stockholm ,Vegan,285.0,31,on time,Returning
109868,6 Jul 2026,12,Uppsala,Salad,275,54,Late,New
104664,26.04.2026,12,Lund,Pizza,215 kr,40,On Time,Returning
106414,2026-05-20,12,Stockholm,pizza,251.0,48,Late,New
102179,2026-03-24,23,Uppsala,Burgers,317.0,39,On time,New
108608,19/06/2026,22,Göteborg,Burgers,225,43,On time,Returning
112484,2026-08-09,19,Lund,Indian,292.0,19,On time,Returning
104195,20 Apr 2026,11,STOCKHOLM,Burgers,284.0,32,on time,Returning
108938,2026-06-23,19,Malmö,Salad,218.0,33,On time,New
109397,2026-06-29,16,Lund,Sushi,308.0,39,On time,NEW
105828,2026-05-12,11,Malmö,Pizza,334.0,21,On Time,Returning
110061,2026-07-09,11,Sthlm,Kebab,190,32,On time,Returning
111786,2026-08-01,20,Göteborg,Kebab,246.0,50,Late,New
107405,2026-06-03,17,Göteborg,SUSHI,304.0,30,On time,RETURNING
102951,4 Apr 2026,20,Stockholm,Pizza,SEK 215,32,On time,Returning
101685,17/03/2026,9,Lund ,Sushi,199.0,28,On time,RETURNING
107333,02.06.2026,11,GÖTEBORG,PIZZA,265.0,57,Late,Returning
109476,2026-07-01,10,Göteborg,Pizza,317 kr,22,On time,New
107267,2026-05-31,20,Lund,Sushi,270.0,34,On time,Returning
106513,2026-05-21,19, Uppsala, Vegan,233 SEK,34,On time,New
107862,9 Jun 2026,9,göteborg,Burgers,202,30,On time,New
101175,2026-03-10,15,Uppsala,Burgers,303.0,36,On time,Returning
111688,30.07.2026,12,Uppsala,Indian,301.0,43,On time,Returning
112367,8 Aug 2026,14,Stockholm,Kebab,212.0,29,On time,Returning
101824,2026-03-20,12, Göteborg,Burgers,221 kr,41,On time,New
112242,2026-08-07,11, Stockholm,Thai,204.0,38,On time,New
111017,21 Jul 2026,17,Malmö,Pizza,"311,0",27,on time ,Returning
101533,15.03.2026,20,,Kebab,297 kr,44,ON TIME, Returning
112758,2026-08-14,21,Göteborg,Pizza,"216,0",26,On time,Returning
109404,30 Jun 2026,19,Göteborg,Burgers,169.0,36,On time, Returning
102826,2026-04-02,17,Stockholm,Burgers,"317,0",42,On time,New
101494,15.03.2026,11,Stockholm ,Pizza,"370,0",40,On time,New
103130,2026-04-06,14,Göteborg,Salad,308.0,32,On time,Returning
101376,13 Mar 2026,13,Uppsala,Kebab,271 kr,39,On time,New
101748,2026-03-19,14,Göteborg,Pizza,146.0,38,On time,New
108643,19/06/2026,12,Stockholm,Burgers,SEK 275,41,On time,Returning
108779,21 Jun 2026,19,Göteborg,Sushi,227.0,35,On time,RETURNING
109969,2026-07-08,22,göteborg,Burgers,317.0,45,On time,New
101892,2026-03-21,12,Gbg,Kebab,237,29,On time,New
100059,2026-02-23,13, Malmö,Salad,184.0,25,On time,Returning
112860,15.08.2026,12,Stockholm,Sushi,185.0,39,On time,New
109829,6 Jul 2026,15,Göteborg, Kebab,220.0,50,Late,New
106767,2026-05-25,19, Göteborg,Kebab ,321 kr,46,Late,Returning
107322,2026-06-01,12,Uppsala ,Indian,234.0,31,On time,New
108507,17.06.2026,20,Stockholm,Indian,307,37,On time,Returning
105278,04.05.2026,18,Lund,Sushi,231,39,On time,Returning
104092,2026-04-19,13,Göteborg,Sushi,209.0,30,on time ,Returning
113416,22 Aug 2026,11,Malmö,Vegan,223.0,39,On time,Returning
111351,2026-07-26,19,Göteborg,Burgers,330.0,46,Late, Returning
109136,2026-06-26,17,Malmö,Salad,240 SEK,28,On time,New
108434,16/06/2026,17,Stockholm,sushi,"169,0",22,On time,Returning
109000,24 Jun 2026,11,Stockholm,SUSHI,302 SEK,44,On time,Returning
112564,2026-08-11,19,Göteborg,Sushi,"217,0",38,ON TIME,New
112198,2026-08-06,20,Malmö,vegan,205 kr,43,On time,New
106981,2026-05-28,19,GÖTEBORG,Burgers,SEK 223,48,Late,Returning
107321,2026-06-01,16,MALMÖ, Burgers,161.0,44,on time,Returning
111231,24/07/2026,11,uppsala,Vegan,327 SEK,27,On time,New
106913,2026-05-27,21,Göteborg,Kebab,260.0,41,On time,Returning
101256,2026-03-12,12,,Indian,210.0,43,on time ,Returning
110536,15.07.2026,17,Stockholm,Pizza,123.0,41,On time,New 
112244,2026-08-07,14,stockholm,Pizza,277.0,56,Late, Returning
103859,2026-04-15,11,lund,Burgers,202.0,54,Late ,Returning
102601,30 Mar 2026,11,STOCKHOLM,Salad,239.0,29,On time,Returning 
103347,2026-04-09,11,Stockholm,Pizza,276.0,25,On time,Returning
111872,2026-08-02,12,Göteborg , Pizza,288 kr,35,on time ,New 
104261,2026-04-21,13,Stockholm,Indian ,189.0,41,On time,Returning
100437,28/02/2026,17,Uppsala,Salad,273.0,33,on time,new
106881,26.05.2026,13,Malmö,Pizza,"323,0",37,On time,New
101027,2026-03-08,11,Malmö,Salad ,182,33,on time ,Returning
106788,2026-05-25,13,Sthlm,Indian ,215 kr,50,Late, Returning
107794,7 Jun 2026,10,Uppsala,Sushi,272.0,33,On time,Returning
100943,2026-03-07,19,MALMÖ,Sushi,233.0,55,Late, Returning
102887,2026-04-03,20,Stockholm,Pizza,227 SEK,31,On time,Returning
109098,2026-06-26,13,Göteborg,Pizza,251.0,30,On time,New
106578,2026-05-22,9,,Vegan,249,64,Late,New
101866,20.03.2026,17,Uppsala,Thai,197.0,28,On time,Returning
102919,2026-04-03,16,Uppsala,Pizza,292.0,28,On time,New
112287,2026-08-07,18,Uppsala,Kebab,259 kr,38,On time,New
112053,04.08.2026,12,Malmö,Thai,280.0,46,late,Returning
101718,18.03.2026,12,Stockholm ,Burgers,256.0,54,Late,Returning
111823,2026-08-01,18,Stockholm,BURGERS,"293,0",54,Late,Returning
106154,17 May 2026,14,Göteborg,Pizza,310.0,48,Late,Returning
108270,14.06.2026,13,Stockholm,Burgers,179.0,24,On time, Returning
111240,2026-07-24,20,Lund,Kebab,254.0,30,On time,Returning
109253,28 Jun 2026,11,Göteborg,burgers,310.0,36,On time,New
101166,10 Mar 2026,11,Malmö,Vegan,145,32,ON TIME,Returning
106218,2026-05-17,17,uppsala,Kebab,278.0,30,On time,RETURNING
102099,23/03/2026,13,Uppsala,Burgers,312.0,18,on time,New
109333,29/06/2026,12,Göteborg,Sushi,255.0,24,ON TIME,Returning
101623,2026-03-17,10,Göteborg,Vegan,318 kr,30,On time,Returning
100983,2026-03-08,19,Göteborg,kebab,198.0,28,On time,New
103140,06.04.2026,18,Stockholm,Sushi,250 SEK,36,On time,Returning
100110,2026-02-24,12,stockholm,BURGERS,196.0,17,On time,New
103188,2026-04-07,18,Göteborg ,Sushi,290.0,35,On time,New
100981,8 Mar 2026,12,Göteborg,Indian,"281,0",24,On time,Returning
102791,1 Apr 2026,18,Lund,kebab,273.0,30,On time,RETURNING
111359,2026-07-26,20,Göteborg,Pizza,229,45,On time,New
112191,2026-08-06,15,Stockholm,Burgers,324 SEK,49,Late, Returning
107040,29.05.2026,19,Göteborg,Kebab,308 kr,27,on time ,Returning
101281,12/03/2026,12,Stockholm,Vegan,159.0,68,Late,New
106149,2026-05-17,18,Göteborg,Vegan,"157,0",43,On time,New
108801,2026-06-21,12,Stockholm,Kebab,247.0,32,On time,Returning
111132,2026-07-23,11,Stockholm,Sushi,"304,0",35,On time,Returning
112063,2026-08-04,17,Uppsala ,SUSHI,267.0,55,Late,Returning
100493,2026-03-01,11,Stockholm ,Pizza,175.0,34,On time,Returning
101308,2026-03-12,13,Malmö,Salad,265.0,48,Late,Returning
108215,2026-06-13,13,uppsala,Kebab,233.0,32,On time,Returning
107982,10.06.2026,16,Malmö,Sushi,"224,0",61,Late,RETURNING
102177,24.03.2026,16,Uppsala,Burgers,209.0,33,On time,Returning
103359,9 Apr 2026,20,Stockholm,Sushi,206.0,17,On time,Returning
100019,2026-02-23,12,Stockholm,Kebab,326,33,On time,New 
101721,18 Mar 2026,21,Stockholm,burgers,252.0,24,On time, Returning
108147,2026-06-13,17,Göteborg,Pizza,313 SEK,42,On time,New
101186,2026-03-11,23,Göteborg,Thai,313.0,30,On time,Returning
106371,20 May 2026,19,Göteborg,Kebab,244.0,50,Late,New
108001,11.06.2026,14,,Burgers,246.0,33,On time,Returning
108468,16.06.2026,11,Uppsala,Pizza,215.0,39,On time,Returning
108484,2026-06-17,20,Göteborg,Sushi,260.0,40,On time,Returning
104228,20 Apr 2026,14,uppsala,Pizza,"208,0",38,On Time,returning
107176,2026-05-30,11,Lund,Pizza,293.0,36,On time,Returning
106387,20 May 2026,16,,PIZZA,296 SEK,44,On time,Returning
109227,2026-06-27,12,Stockholm,pizza,272.0,55,LATE,Returning
101931,21 Mar 2026,19,Malmö,Kebab,254,41,On time,New
110339,12/07/2026,11,Lund,Burgers,186.0,33,On time,Returning
108989,2026-06-24,13,Stockholm,Sushi,308.0,34,On time,Returning
100332,27.02.2026,12,Stockholm,Pizza ,295.0,34,On time,returning
111232,24 Jul 2026,13,Uppsala,Indian,305.0,41,On time,Returning
111011,2026-07-21,11,Malmö,Vegan,307,41,On time,Returning
102964,2026-04-04,13,STOCKHOLM,Indian,333.0,50,Late,Returning
106942,2026-05-27,23,Stockholm,Pizza,283.0,21,On time,Returning
112978,2026-08-16,14,Malmö,Kebab,SEK 272,58,Late,Returning
106499,2026-05-21,20,Malmö, Pizza,290.0,45,Ontime,Returning
107017,28 May 2026,18,Malmö,Indian,254.0,37,On time,Returning
113117,2026-08-18,11,Malmö,kebab,217.0,39,On time,Returning
109595,2026-07-02,11,Lund,Pizza,267.0,0,,Returning
112112,05.08.2026,10, Stockholm,Vegan,216.0,38,On time,New
101106,9 Mar 2026,21,MALMÖ,Pizza,188,40,on time,New
102021,2026-03-22,11,Malmö,Thai,301,49,Late,New
104948,1 May 2026,14,Göteborg,Pizza,176,44,On time,Returning
110860,2026-07-19,13,Stockholm ,Burgers,350.0,34,On time,new
112532,10 Aug 2026,13,,Kebab,221.0,42,On time,Returning
112435,2026-08-09,10,Stockholm,Burgers,"187,0",15,On time,NEW
110025,2026-07-08,22,Lund,Kebab,319.0,28,on time,Returning
112404,09/08/2026,19,GÖTEBORG,Kebab,263.0,40,On time,New
101413,2026-03-14,12,Stockholm,Burgers,235.0,36,On time,New
104973,2026-05-01,15,Stockholm, Burgers,"208,0",34,On time,Returning
107775,2026-06-07,20,MALMÖ,Burgers,179.0,999,, new
106406,2026-05-20,10,Stockholm,Burgers,263 SEK,44,On time,new
107132,30.05.2026,18,Stockholm,Burgers,220.0,41,On time,New
100137,2026-02-24,19, Uppsala,Pizza,SEK 319,43,On time,Returning
100915,2026-03-07,13,Stockholm, Salad,342.0,27,On time,New
104560,25.04.2026,19,Stockholm,Sushi,"204,0",36,On time,Returning
108911,2026-06-23,20,Göteborg,Thai,248.0,23,On time,Returning
101823,2026-03-20,12,Göteborg,Thai ,199 kr,51,late,New 
104107,2026-04-19,19,Stockholm,Burgers,242.0,30,on time ,New
102453,28.03.2026,14,Malmö,kebab,213 kr,28,On time,New
107955,2026-06-10,9,Stockholm, Pizza,"263,0",36,On time,New
111248,2026-07-25,18,Göteborg, Pizza,266,37,On time,New
100546,2026-03-02,19,Göteborg,Salad,318.0,30,On time,Returning
107736,2026-06-07,15,Göteborg,Sushi,220.0,41,On time,Returning
101100,9 Mar 2026,17,Malmö, Salad,SEK 264,47,Late,New
101016,08.03.2026,13,Sthlm,Pizza,319 SEK,41,On time,Returning
109135,26 Jun 2026,18,Malmö,Vegan,278.0,49,Late,Returning
111224,24.07.2026,12,Malmö,Pizza,309.0,41,On time,Returning
112968,2026-08-16,15,Stockholm,Thai,211.0,25,On time,New
110300,2026-07-12,13,Stockholm,Pizza,268.0,32,On time,New
112329,2026-08-08,17,Stockholm,Thai,220.0,34,On time,New
105897,2026-05-13,17,Malmö,Kebab,291 kr,30,On time,New
113120,2026-08-18,13,Malmö,Thai,300.0,27,On time,Returning
105315,2026-05-05,13,Stockholm,Sushi,291 kr,48,Late,Returning
106769,2026-05-25,12,Göteborg,Thai,SEK 332,0,,Returning
112372,08.08.2026,11,Malmö,Burgers,324.0,55,Late,Returning
105789,2026-05-11,19,Uppsala,Kebab,224.0,36,on time,New
102393,2026-03-27,18,Uppsala,Burgers ,275.0,33,on time ,New
102787,2026-04-01,19,Lund,indian,288.0,40,On time,Returning
108199,2026-06-13,19,Malmö,Thai,"298,0",35,ON TIME,Returning
101929,2026-03-21,19,Malmö,Salad,289,29,On time,Returning
112726,2026-08-13,12,Stockholm ,Pizza,241.0,35,On time,Returning
101226,2026-03-11,11,Malmö,Burgers,268 kr,28,On time,Returning
103321,2026-04-08,12,Lund,Pizza,212.0,33,On time,Returning
107262,2026-05-31,12,Lund ,Pizza,351.0,35,On time,New
109359,29 Jun 2026,15,Stockholm ,Sushi,SEK 236,45,On time,Returning
111951,03/08/2026,17, Göteborg,Indian,252.0,53,Late,New 
109631,2026-07-03,12,Stockholm,Indian,200.0,32,on time ,Returning
106565,2026-05-22,17,Stockholm,Vegan,243.0,49,Late,New
113163,2026-08-19,22,Stockholm,THAI,187.0,26,On time,new
107222,2026-05-31,21,Stockholm,Thai,352.0,51,Late,New
108784,2026-06-21,21,Göteborg,Burgers,263,23,On time,Returning
106597,2026-05-22,20,Lund,PIZZA,248.0,999,,Returning
102737,2026-04-01,23,Göteborg,Pizza,319,42,On time,Returning
104711,27 Apr 2026,10,Malmö,Burgers,328.0,35,On time,New
107170,2026-05-30,10,Uppsala,Kebab,274.0,28,Ontime,Returning
101348,2026-03-13,11,Stockholm,Salad,223 SEK,33,On time,Returning
104876,30 Apr 2026,12,GÖTEBORG,thai,"275,0",28,On time,New
106073,16 May 2026,21,Göteborg,Indian,"336,0",45,On time,New
105370,6 May 2026,21,Stockholm,Sushi,387.0,41,On time,Returning
101838,2026-03-20,20,Stockholm,Burgers,337.0,29,On time,New 
108924,23 Jun 2026,12,Stockholm,Pizza,255 kr,28,On time,New
111528,28/07/2026,16,STOCKHOLM,Pizza ,234 kr,32,on time ,Returning
112815,2026-08-14,17,Uppsala ,Kebab,"264,0",30,On time,NEW
108819,2026-06-21,11,Malmö,Pizza,328.0,52,Late,New
106373,2026-05-20,12,Gbg,Pizza,200.0,56,Late ,Returning
106345,19 May 2026,13,Malmö,Pizza,203.0,41,on time,Returning
105423,2026-05-07,20,Göteborg,Pizza,228.0,46,Late,New
106870,26 May 2026,19,stockholm,Burgers,288.0,44,On time,Returning
112836,2026-08-15,20,göteborg,Pizza,245.0,59,Late,Returning
111911,2026-08-02,13,Stockholm,Pizza,133.0,39,on time,RETURNING
108161,2026-06-13,10, Göteborg,Thai,277,39,On time,New
108606,2026-06-19,9,GÖTEBORG,Pizza,245,55,Late,new
111022,21.07.2026,18,Malmö,Pizza,261,39,on time,Returning
104801,2026-04-29,18,göteborg,Pizza,248.0,29,On time,Returning
109171,2026-06-27,15, Göteborg,pizza,300.0,46,Late,New
101319,12.03.2026,12,Lund,Kebab,SEK 150,29,On time,Returning
100030,2026-02-23,10,,Burgers,242.0,39,On time,Returning
108548,2026-06-18,18,Göteborg,Thai,267 kr,43,Ontime,returning
107463,2026-06-03,13,Malmö,Burgers,236.0,47,Late,New
109214,27.06.2026,16,Stockholm,Thai,277,48,Late, Returning
102092,2026-03-23,21,Malmö,Pizza,240.0,31,On time,New
101464,2026-03-15,14,Göteborg ,Kebab,166,35,on time ,New
108273,14 Jun 2026,18,stockholm,Kebab,298 kr,31,On time,Returning
103798,2026-04-15,21,Göteborg,Burgers,197.0,43,on time ,Returning
102066,2026-03-23,11,Stockholm,Salad,"279,0",31,On time,New
110941,2026-07-20,12,Malmö,Pizza,189 kr,22,On Time,New
100323,2026-02-27,12,Stockholm,Pizza,"238,0",35,On time,RETURNING
109055,2026-06-25,14,stockholm,pizza,237.0,46,Late,Returning
103200,2026-04-07,13,Stockholm,Pizza,292.0,32,On time, Returning
112566,11 Aug 2026,17,Göteborg,Burgers,129 kr,35,On time,Returning
105614,2026-05-09,18,Stockholm,Salad,"306,0",55,Late,Returning
103910,16 Apr 2026,13,Malmö,Kebab,245 SEK,33,On Time,New
109928,2026-07-07,19,Stockholm,Indian,238.0,32,On time,New
103461,2026-04-10,18,Malmö,Thai,"220,0",51,Late,New
111876,2026-08-02,20,Stockholm,pizza,"215,0",42,on time,Returning
113472,23 Aug 2026,10,Stockholm,Vegan,388 kr,22,On time,Returning
100067,23 Feb 2026,9, Uppsala,Kebab,190,50,Late,New
110692,2026-07-17,13,Malmö,Pizza,249.0,35,On time,Returning
113482,23.08.2026,12,Stockholm,Burgers,261,36,On time,RETURNING
102337,27/03/2026,13,Göteborg,sushi,168,35,On time,Returning
112423,09/08/2026,20,Stockholm,Pizza,239.0,41,On Time,Returning
106307,2026-05-18,21,Lund,Sushi,296.0,52,Late,New
113495,2026-08-23,14,Malmö,KEBAB,276 kr,40,On time,New
103574,12 Apr 2026,12,Göteborg,Vegan,220.0,29,On time,New
106848,2026-05-26,11,stockholm,Kebab,204.0,32,On time,Returning
102639,30 Mar 2026,12,Lund,Kebab,252,43,On time,Returning
102390,2026-03-27,12,Uppsala,BURGERS,SEK 246,46,Late,Returning
100574,2 Mar 2026,17,Stockholm, Pizza,130,38,On time,New
108645,2026-06-19,16,stockholm,BURGERS,99.0,28,On time, Returning
106596,22.05.2026,20,lund,Salad,268.0,27,On time, Returning
111551,28 Jul 2026,17,Uppsala,Kebab,222.0,29,On time,Returning
112895,2026-08-15,10, Uppsala,Kebab,273.0,22,On time,Returning
106457,2026-05-21,11,Göteborg,Sushi,"259,0",42,On time,Returning
110095,2026-07-09,21,uppsala,KEBAB,272.0,37,On time,Returning
101074,09.03.2026,18,Stockholm,Vegan,198.0,58,Late,Returning
103058,2026-04-05,17, Stockholm,Burgers,261 kr,19,On time,Returning
103382,2026-04-09,13,Malmö,pizza,258.0,48,Late,New
105376,2026-05-06,9,Stockholm ,sushi,254.0,33,On time,Returning
112993,16 Aug 2026,19,Lund,Burgers,276.0,39,on time,Returning
110292,2026-07-12,12,Stockholm,Burgers,304.0,29,On time, new
101276,12/03/2026,17,Stockholm ,Burgers,309.0,33,on time,Returning
103705,2026-04-13,17,Malmö,sushi,SEK 313,42,On time,New 
101090,09.03.2026,19,Stockholm,Pizza,213 kr,48,Late,Returning
101687,18 Mar 2026,16,Göteborg,Kebab,"334,0",49,Late,New
105237,2026-05-04,20,Stockholm,Pizza,221,27,On time,Returning
101787,2026-03-19,11,Stockholm,Sushi,141.0,43,On time,New
107725,2026-06-07,10,Gbg,PIZZA,266 kr,54,Late,New
105109,2026-05-03,12,Göteborg,Burgers,244.0,31,On time,Returning
108785,2026-06-21,19,Göteborg,Thai,299.0,31,On time,New
105140,03.05.2026,19,Stockholm,salad,131.0,39,On time,New
107374,2026-06-02,22,Stockholm,Thai,281.0,57,Late,returning
111762,2026-07-31,20,Uppsala,Sushi,218.0,38,On Time,Returning
101697,2026-03-18,18,Göteborg,Pizza,348.0,42,On time, new
112042,2026-08-04,18,Stockholm,Vegan,236.0,34,on time,Returning
104179,2026-04-20,18,Göteborg,Burgers,205.0,40,On time,New
104270,2026-04-21,9,Stockholm,BURGERS,243.0,29,On time,Returning
102464,28.03.2026,15,Uppsala,Burgers,194,48,Late,returning
106665,23 May 2026,18,Uppsala,Sushi,199.0,40,On time,New
101710,2026-03-18,12,Stockholm,Pizza,341,34,On time, new
113487,23 Aug 2026,13,Stockholm,Kebab,273.0,43,On time,New
111775,2026-08-01,20,Göteborg,burgers,221.0,38,on time,Returning
106263,2026-05-18,22,Sthlm,Burgers,229,34,On time, new
109122,2026-06-26,22,Stockholm, Burgers,230,36,On time,returning
111744,2026-07-31,21,Stockholm,Thai,314.0,38,On time,New
109975,08.07.2026,9,Göteborg,Kebab,289.0,37,On time,Returning
102913,03.04.2026,11,Malmö, Burgers,"262,0",34,On time,RETURNING
110508,2026-07-15,13,Göteborg,Pizza,214.0,48, late,New
110492,2026-07-14,11,lund,Sushi,250.0,40,On time,Returning
109029,2026-06-25,16,Göteborg,Salad,265.0,23,on time ,returning
103984,2026-04-17,11,Lund,Pizza,244 kr,40,On time,Returning
113167,2026-08-19,20, Stockholm,Pizza,277.0,52,Late,NEW
106483,2026-05-21,19,Stockholm ,Indian,247 SEK,33,On time, new
103594,2026-04-12,13,Stockholm,Indian,285,42,On time,RETURNING
103287,2026-04-08,20,Stockholm,Kebab,292,29,On time,returning
103559,2026-04-12,18,Göteborg,Burgers,292.0,46,Late,Returning
111314,2026-07-25,12,Malmö,Sushi,240,39,On time,Returning
109654,3 Jul 2026,15,MALMÖ,PIZZA,224.0,38,On time,New
106292,18 May 2026,12,Malmö,Pizza,268.0,17,On time,Returning 
111144,2026-07-23,14,MALMÖ,Kebab,222.0,38,On time,RETURNING
103065,05/04/2026,11,Stockholm,Pizza,217,49,Late,New
111572,29 Jul 2026,18,Göteborg ,Kebab ,"244,0",46,Late,Returning
101840,20 Mar 2026,18,Sthlm,Pizza,273 SEK,52,Late,New
100784,5 Mar 2026,14,Malmö,Burgers,305.0,0,,Returning
110212,11.07.2026,18,,Indian,398 kr,37,On time,Returning
104572,2026-04-25,11,Malmö,Vegan,241 kr,24,On Time,New 
104519,2026-04-25,15,Göteborg,Burgers,248 kr,39,On time,Returning
113171,2026-08-19,17,Stockholm,Vegan,"260,0",38,On time, new
111048,2026-07-22,14,Göteborg,Indian ,163.0,32,On time,new
110027,2026-07-08,11,Lund,Sushi,277 kr,50,Late,Returning
102983,04/04/2026,17,Stockholm,Burgers,220,41,On time,Returning 
112814,2026-08-14,15,Uppsala,Pizza,"235,0",43,ON TIME,Returning
107936,2026-06-10,18,göteborg,Thai,229.0,39,On time,New
108946,2026-06-23,13,Malmö,Kebab,267.0,999,,New
101005,8 Mar 2026,16,Stockholm,Sushi ,237.0,18,On time,New
111809,01.08.2026,14,Stockholm ,pizza,334.0,40,On time,New
102750,1 Apr 2026,12,Stockholm,Pizza,325.0,15,On time,returning
100741,2026-03-04,17,Lund,PIZZA,218 kr,37,On time,Returning
102044,23.03.2026,17,Göteborg,Thai,310.0,43,On time,New
107073,29.05.2026,21,Malmö,Kebab,362.0,54,Late,Returning
107071,29.05.2026,17,Malmö,Kebab,239.0,17,on time ,New
109504,1 Jul 2026,13,Sthlm,Kebab,219.0,35,On Time,Returning
102685,2026-03-31,12,Stockholm,Sushi,292.0,40,On time,Returning
109121,26/06/2026,18,Sthlm,Sushi,"289,0",40,On time,Returning
107911,2026-06-09,11,malmö,Pizza,SEK 260,17,On time, Returning
104810,2026-04-29,17,Göteborg,Sushi,318.0,49,late,New
112757,14 Aug 2026,12,GÖTEBORG,THAI,294.0,37,On time,Returning
101161,2026-03-10,12,Malmö,Pizza ,"252,0",27,On time,Returning
109269,28 Jun 2026,10,Göteborg ,Pizza,261.0,34,ON TIME,Returning
111958,3 Aug 2026,17,Göteborg , Kebab,"338,0",29,ON TIME,returning
112630,2026-08-12,12,Göteborg,Vegan,328,48,Late,New
110998,21 Jul 2026,15,Stockholm,INDIAN,169 kr,39,On time,Returning
104612,26.04.2026,17,Stockholm,Burgers,292.0,34,On time,Returning
105182,03.05.2026,11,Malmö, Vegan,SEK 297,23,On time,New
110678,2026-07-17,21, Stockholm,Vegan,SEK 314,27,On time, Returning
100420,2026-02-28,21,Malmö ,Kebab,263.0,28,On time,Returning
108169,2026-06-13,9,Stockholm,Thai ,240.0,31,On time,New
109696,4 Jul 2026,13, Stockholm,Sushi,287.0,42,On time,New
113403,22 Aug 2026,15,Malmö,Kebab,210.0,32,On time,Returning
102170,2026-03-24,13,Malmö,Pizza,SEK 275,47,Late,Returning
100928,2026-03-07,20,Malmö,burgers,175.0,40,On time,Returning
104835,29 Apr 2026,12,stockholm,Kebab,151.0,20,On time,Returning
104808,29 Apr 2026,16, Göteborg,Vegan,272.0,31,On time,RETURNING
112519,2026-08-10,20,Stockholm,Pizza,209,52,Late,Returning 
102527,2026-03-29,14, Stockholm,Vegan,246 kr,53,Late,New 
113422,2026-08-22,17, Uppsala,Thai,196,28,On time,New
105559,09.05.2026,11,Göteborg,THAI,234,30,On time,Returning
111025,2026-07-21,15,Uppsala,Burgers,292.0,43,On time,returning
112414,9 Aug 2026,18, Göteborg,Salad ,"282,0",40,On time,Returning
105462,2026-05-07,19,MALMÖ,burgers,393.0,40,On time,New
100935,2026-03-07,21,Malmö ,Kebab ,312.0,43,On time,Returning
104966,2026-05-01,11,Stockholm,Burgers,181,48,LATE,NEW
105637,2026-05-09,10,Lund,Salad,SEK 150,38,On time,Returning
106302,2026-05-18,13,Uppsala,PIZZA,"221,0",41,On time,New 
111142,2026-07-23,11,Stockholm,Kebab ,234,38,On time,New 
113021,2026-08-17,19,STOCKHOLM,Kebab,168.0,45,On time,Returning
103164,06.04.2026,11,Malmö,Pizza,292.0,45,On time,Returning
106240,2026-05-18,12,Göteborg,Pizza,212.0,46,Late,New 
105824,2026-05-12,19,Stockholm,Sushi,275,48,Late,returning
106147,2026-05-17,11,Göteborg,Thai,"292,0",48,Late ,Returning
103317,2026-04-08,12,Uppsala,Pizza,243,37,Ontime,RETURNING
102830,2 Apr 2026,21,Stockholm,Thai,249.0,37,On time,Returning
101990,22 Mar 2026,14,Stockholm,Thai,167.0,36,on time ,New
108490,2026-06-17,17,Göteborg,Pizza,154.0,32,On time,RETURNING
100109,24.02.2026,17,Stockholm,Kebab,"251,0",44,On time,Returning
109711,2026-07-04,14,MALMÖ,Pizza,SEK 337,34,On time,Returning
105314,2026-05-05,18,Stockholm,Thai,248.0,29,On time,New
102743,2026-04-01,18,Stockholm,PIZZA,335,35,On time,New
102674,2026-03-31,13,Stockholm,Thai,209,32,On Time,Returning
105621,2026-05-09,15,Malmö,Vegan,186.0,29,on time,Returning
101749,19 Mar 2026,10,Göteborg,Pizza,258.0,38,On time,New
110191,11.07.2026,15,Stockholm,Thai,303.0,34,On time,New
111109,2026-07-23,17,Göteborg,kebab,303 SEK,40,On time,New
111210,2026-07-24,21,Stockholm,Burgers,183.0,31,On time, Returning
108910,23.06.2026,19,Göteborg ,Sushi,291.0,26,On time,New 
102375,27 Mar 2026,17,Malmö,Kebab,260.0,42,On time, Returning
102373,27 Mar 2026,13,Malmö,Thai,244,39,On time,New
110028,2026-07-08,17,Lund,Burgers,95.0,23,On time,New
105443,2026-05-07,11,Stockholm,Thai,SEK 244,33,On time,Returning
100803,6 Mar 2026,17,Göteborg,PIZZA,277.0,66,Late,new
101684,2026-03-17,17,Lund, Pizza,204 SEK,27,ON TIME,New
110144,2026-07-10,21,Stockholm,Pizza,282,27,On time,New
101089,2026-03-09,20,Stockholm,Pizza,317.0,37,On time,RETURNING
105603,9 May 2026,13,Sthlm,Burgers,"308,0",30,On time,Returning
105708,2026-05-10,11,Malmö,Pizza,333,44,On time,Returning
108434,2026-06-16,17, Stockholm,Sushi,169.0,22,ON TIME,Returning
103898,2026-04-16,13,Stockholm,pizza,"207,0",20,On time,Returning
107564,2026-06-05,21,Göteborg,Sushi,189,15,On time,Returning
113255,20 Aug 2026,19,Stockholm , Kebab,318,40,On time,Returning
110021,08.07.2026,13,Uppsala,Pizza,"219,0",40,On time,Returning
106960,2026-05-27,19,Malmö,salad,275,48,Late,Returning
103586,2026-04-12,11,Stockholm ,Pizza,280.0,41,On time,New
101997,22.03.2026,14,Stockholm ,Pizza,315.0,34,On time,New
104904,30.04.2026,12,Stockholm,Sushi,212.0,42,On Time,New
101561,16 Mar 2026,19,Göteborg,Vegan,224,35,ON TIME,Returning
112268,2026-08-07,12,Malmö,Pizza,172.0,36,On time,Returning
103150,2026-04-06,20,Stockholm ,Indian,252.0,31,On time,New
107139,30/05/2026,17,Stockholm,Burgers,"213,0",53,Late,New
101435,2026-03-14,18,Malmö,Burgers,241.0,31,ON TIME,Returning
111214,2026-07-24,10,Stockholm,Sushi,225.0,31,On Time,New
107108,30 May 2026,19,göteborg,Thai,312 kr,27,On time,Returning
105499,8 May 2026,21,Stockholm,Burgers,"202,0",35,On time,New
101253,2026-03-12,13,GÖTEBORG,Pizza,"314,0",40,On time,Returning
103275,08/04/2026,13,stockholm,Salad,194.0,46,Late,New
110009,2026-07-08,22,Malmö,Vegan,213,39,On time,Returning
101392,2026-03-14,19,Göteborg,Pizza,312 SEK,46,Late,New
105522,2026-05-08,19,Malmö,Kebab,209.0,43,On time,New
103747,2026-04-14,12,STOCKHOLM,Pizza,244.0,-5,,New
112602,2026-08-11,18,Malmö,Pizza ,257.0,37,On time,New
108651,2026-06-19,18,Stockholm,Thai,197 kr,38,On time,New
106544,2026-05-22,17,Sthlm,Burgers,217.0,35,On time,New
104554,2026-04-25,12,Stockholm ,Indian,321.0,29,On time,Returning
110024,2026-07-08,13,Uppsala ,Sushi,218.0,57,Late ,Returning
110946,20/07/2026,11,Uppsala,Kebab,SEK 324,43,On time,Returning
103278,2026-04-08,19,Stockholm,Pizza,302.0,29,On time,Returning
101257,12.03.2026,12,Göteborg,Burgers,239.0,50,Late,Returning
105644,2026-05-10,20, Göteborg,Thai,297 SEK,54,Late,New
106977,2026-05-28,12,Göteborg,sushi,222.0,43,on time ,Returning
101745,2026-03-18,13,Lund,Salad,352,37,On time,RETURNING
111782,01/08/2026,11,Göteborg, Thai,245.0,34,On time,Returning
112511,2026-08-10,18,Sthlm,Thai ,328.0,27,On time,returning
100376,2026-02-28,15,Göteborg,Thai,301.0,44,On time,Returning
105919,2026-05-14,19,Göteborg,THAI,259.0,37,On Time,returning
108315,14 Jun 2026,14,Lund,Kebab,280.0,46,Late,returning
105459,2026-05-07,16,Malmö,Kebab,"220,0",36,ON TIME,New
109718,2026-07-04,16, Malmö,Sushi,267.0,40,On time,new
107697,2026-06-06,21,Uppsala,Vegan,246.0,40,On time,Returning 
111899,02.08.2026,11,Stockholm,Indian,306,31,On time,Returning
105737,11.05.2026,22,Göteborg,Salad,329 SEK,43,on time,Returning
113245,20/08/2026,11,Stockholm,Indian,158.0,33,Ontime,Returning
112808,2026-08-14,18,MALMÖ,Thai,280.0,32,Ontime,New
111333,2026-07-25,23,Lund,Pizza,254.0,34,On time,Returning
106340,2026-05-19,18,stockholm,Pizza,448 kr,39,on time,New
107015,28.05.2026,13, Malmö,Kebab,281 kr,36,On time,Returning
110763,18 Jul 2026,23,stockholm,Vegan,296.0,28,On time,New
105158,3 May 2026,18,Stockholm, Sushi,303.0,49,Late,New
105486,2026-05-08,19,Göteborg,Indian,270.0,38,On time,Returning
112214,2026-08-06,20,Uppsala,Sushi,256,39,On time,Returning 
102747,2026-04-01,19,Stockholm,Burgers,255.0,21,On time,Returning
107470,2026-06-03,13, Malmö,Sushi,156.0,29,On time, new
103943,2026-04-17,11,Göteborg ,PIZZA,212.0,26,On time,New
102124,2026-03-24,23, Göteborg,Sushi,158,29,On time,New
111411,2026-07-26,19,Uppsala,Pizza,SEK 277,26,On time,Returning
110495,2026-07-15,18,Göteborg,Pizza,300.0,43,On Time,Returning 
100046,23/02/2026,13,stockholm,Pizza,285 SEK,40,On time,Returning
102982,04/04/2026,12,Stockholm,Pizza,193.0,34,On time,New
110674,17 Jul 2026,12,Stockholm,PIZZA,247,44,On time, Returning
110556,15.07.2026,17,Uppsala,Burgers,223 kr,49,Late,Returning
106355,2026-05-19,21,Malmö,Thai,264,46,Late,New
102861,2026-04-02,12,Lund ,Vegan,346.0,31,On time,Returning
111662,2026-07-30,19,Stockholm,Burgers,257.0,43,On time,Returning
106966,2026-05-27,17,Uppsala,Salad,"241,0",39,On time,New
112610,11 Aug 2026,18,Uppsala,Burgers,130,250,, Returning
108818,2026-06-21,21,Malmö,Pizza,247.0,39,Ontime, Returning
101793,19/03/2026,21,Stockholm,Vegan,183,40,on time,Returning
112719,13 Aug 2026,14,Stockholm,SUSHI,225.0,41,On time,Returning
107359,2026-06-02,14,Stockholm,Burgers,255.0,19,On Time, new
110934,20.07.2026,17,Malmö,Burgers,225 kr,49,Late, Returning
101501,15.03.2026,12,Stockholm,Kebab,258.0,39,On time,Returning
108577,2026-06-18,11,Stockholm,Vegan,369.0,38,On time,New 
106442,2026-05-20,13,Lund,Burgers,297.0,35,on time ,Returning
102717,2026-03-31,11,lund,Pizza ,272 SEK,38,On time,Returning
104825,2026-04-29,11,stockholm,Pizza,239.0,36,On time,Returning
109824,6 Jul 2026,10,,Burgers,208.0,37,On time,Returning
111420,2026-07-26,21,Lund,Burgers ,251.0,29,on time , Returning
104289,21.04.2026,12,Malmö,Indian,266.0,38,On time,Returning
111328,2026-07-25,14,Uppsala,Indian,248.0,40,On time,Returning 
110593,16/07/2026,19,stockholm,Thai,294.0,39,Ontime,New
105138,2026-05-03,18,Stockholm,Pizza,274.0,38,On time,Returning
106067,16.05.2026,13,Göteborg,Pizza,315,58,late,Returning
106639,2026-05-23,11,Stockholm,Sushi,307.0,36,On time,Returning
101842,20 Mar 2026,11,Stockholm,Burgers,137.0,26,on time ,New
113402,22.08.2026,19,Malmö,Pizza ,"339,0",39,On time,Returning
103176,2026-04-06,23,Uppsala,Burgers,257.0,44,On time,Returning
102786,2026-04-01,18,lund,Indian,349.0,43,On time,Returning
104281,21/04/2026,13,Stockholm,Vegan,SEK 214,48,Late,Returning
108479,17/06/2026,19,Göteborg,Thai,316,33,On time,Returning
104443,24 Apr 2026,19,,Pizza,305,45,ON TIME,Returning
101918,2026-03-21,20,Stockholm,sushi,139.0,38,On time,New
106577,2026-05-22,12,Malmö,Salad,SEK 282,53,Late,Returning
112892,2026-08-15,19,Uppsala,Burgers,301.0,31,ON TIME,New
101245,11 Mar 2026,12,Lund,Thai,249.0,49,Late,Returning
110573,2026-07-16,19, Göteborg,KEBAB,"271,0",40,On time,Returning
103611,2026-04-12,12,Stockholm,Pizza,245.0,59,Late,New
109649,03.07.2026,18,STOCKHOLM,Salad,183,34,On time,New
106909,27 May 2026,14,,Kebab,218.0,43,On time,New
103014,4 Apr 2026,12,Lund,Kebab,268.0,32,On time,New
110874,19/07/2026,21,Uppsala,Thai,337,40,On Time,New
101716,2026-03-18,19,Stockholm,Vegan,186.0,36,On time,Returning
113511,2026-08-23,12,Malmö,Sushi,165,39,On time,New
103225,07.04.2026,11,Stockholm,Pizza,224.0,47,Late,Returning
105928,14/05/2026,19,Göteborg,Thai,276.0,60,Late,New
109194,2026-06-27,10,Stockholm ,Kebab,"274,0",21,On time,New
105367,2026-05-06,12,Stockholm,Salad,259.0,38,On time,returning
102850,2026-04-02,12,Malmö,Burgers,356,44,On time,New
102040,2026-03-22,13,,Indian,288.0,43,On time,returning
104638,2026-04-26,20,Stockholm,Sushi,244.0,30,On time,Returning
110474,2026-07-14,18,Malmö,SUSHI,281.0,35,On time,Returning
101713,18 Mar 2026,14,Stockholm,VEGAN,"165,0",45,On time,Returning
102202,2026-03-25,12, Göteborg,Sushi,301.0,30,On time,Returning
112136,05.08.2026,10,Uppsala,Pizza,234.0,40,On time,Returning
109542,2026-07-02,12,göteborg,Indian,SEK 203,28,On time,New
104477,2026-04-24,18,Stockholm,Salad,321.0,37,On time,new
111179,24.07.2026,18,Göteborg,Salad,"360,0",43,On time,New
106072,16 May 2026,9,Göteborg,Burgers,303.0,50,Late,Returning
100685,4 Mar 2026,19,Gbg,Vegan,324.0,45,On Time,RETURNING
102006,22.03.2026,19,Stockholm,Vegan,212.0,41,On time,New
112859,15.08.2026,13,STOCKHOLM,Pizza,246.0,36,On time,Returning
105032,2 May 2026,12,STOCKHOLM,PIZZA,"287,0",40,On time,New
112481,9 Aug 2026,13,Uppsala,Burgers,334.0,36,ON TIME,Returning
105042,2026-05-02,18,Stockholm,Vegan,184.0,15,On time,Returning
106625,23 May 2026,12,Stockholm,Burgers,"152,0",36,On time,RETURNING
102662,2026-03-31,14,Stockholm,Burgers ,172,38,ON TIME,New
104058,18/04/2026,17,Uppsala,Vegan,190.0,55,LATE,New
100796,2026-03-05,15,Lund,Pizza,312.0,38,On time,New
104841,2026-04-29,20,,Pizza,393.0,32,On time,New
104679,2026-04-27,23, Göteborg,thai,324 SEK,33,On time, new
105599,2026-05-09,11,STOCKHOLM,Kebab,204,36,On time,New
106696,2026-05-24,13,Stockholm,Burgers,220,47,late,Returning
103956,2026-04-17,19,Stockholm ,Thai,219.0,22,Ontime,Returning
107067,29/05/2026,11,STOCKHOLM,Salad,192.0,41,ON TIME,New
113429,2026-08-22,19,Lund,indian,215.0,34,On time,Returning
110044,09/07/2026,12,Göteborg,Pizza,305.0,44,on time,New
104723,27 Apr 2026,13,Uppsala,Burgers,323.0,33,On Time,Returning
109449,2026-06-30,19,Uppsala,Sushi,240.0,42,On time,New 
100044,2026-02-23,13,Stockholm,Pizza,309.0,50,Late,Returning
109342,29.06.2026,11,Göteborg,Burgers,207.0,28,On time,New
111710,31.07.2026,16,Göteborg,Burgers,288.0,45,On time,Returning
106434,2026-05-20,12,Uppsala,Pizza,300.0,37,On time,Returning
112092,2026-08-05,13,Göteborg,Sushi,"310,0",47,Late,New
103717,2026-04-13,12,Uppsala,Pizza,209,27,ON TIME,Returning
108872,22 Jun 2026,19,Stockholm,Burgers,277.0,42,On time,RETURNING
109352,2026-06-29,12,Stockholm,Salad,"218,0",40,On time,New
101393,2026-03-14,17,Göteborg,Pizza,322.0,27,On time,Returning
106816,2026-05-25,13,malmö,Sushi,222.0,32,On time,Returning
109585,2026-07-02,18,Malmö,Indian ,288 kr,39,On time,returning
110262,2026-07-12,18,Göteborg,Burgers,208.0,32,On time,New
109860,6 Jul 2026,10,Malmö,Burgers,276,28,On time,Returning
105908,13.05.2026,12,Uppsala,Salad,166.0,29,On time,Returning
105608,9 May 2026,21,Stockholm, Kebab,272.0,24,On time,Returning
105577,09.05.2026,17,Stockholm,Burgers,261.0,24,On time,New
100861,6 Mar 2026,12,uppsala, Burgers,214.0,37,On time,New
110299,2026-07-12,13,Sthlm,Kebab,145.0,50,Late,New
110552,2026-07-15,21,Malmö,Pizza,195.0,61,Late, Returning
101309,12 Mar 2026,16,Malmö,Burgers,238.0,30,On time,Returning
102051,23 Mar 2026,21,Göteborg,Burgers,98.0,23,On time,Returning
108399,15/06/2026,18,Lund,Burgers ,225.0,47,Late,New
110242,2026-07-11,20,Lund,Sushi,302.0,31,ON TIME,New
100433,2026-02-28,20,Uppsala ,Burgers,160.0,24,On time,Returning
105097,03.05.2026,18,Göteborg,Indian,338.0,51,Late, Returning
109399,29.06.2026,21,Lund,Sushi,"365,0",56, late,Returning
112222,2026-08-07,23,Göteborg,Kebab,SEK 329,37,On time,returning
112686,2026-08-13,12,Gbg,Sushi,216.0,28,On time,Returning
101439,14.03.2026,12,Malmö,Pizza,257.0,28,On time,Returning
101162,2026-03-10,18,Malmö,Sushi,209 kr,36,On Time,Returning
101259,12 Mar 2026,20,Göteborg,Kebab,252,36,on time ,Returning 
107011,28/05/2026,18,Malmö,Salad,SEK 191,32,On time,New
112240,2026-08-07,13,Stockholm, Burgers,"318,0",21,On Time,Returning
104471,2026-04-24,19,STOCKHOLM,Thai,"228,0",35,On time,Returning
108578,18/06/2026,12,Stockholm,Burgers,232.0,34,On time,Returning
100406,2026-02-28,17,Stockholm,Kebab,214.0,39,On time,Returning
112799,2026-08-14,11,Stockholm,Kebab,276,53,late,Returning
105854,2026-05-13,13,Göteborg,Thai,237.0,38,on time ,New
105762,2026-05-11,16,Stockholm,Burgers,"290,0",38,On time,Returning
104118,2026-04-19,18,STOCKHOLM, Sushi,SEK 211,28,On time,New
109300,28 Jun 2026,20,Malmö,Burgers,276.0,42,ON TIME,Returning
102438,2026-03-28,11, Stockholm,Pizza,357.0,43,On time,Returning
111774,2026-08-01,11,Göteborg,Indian,281 kr,43,ON TIME,Returning
103739,2026-04-14,20,Göteborg,indian,288 kr,42,On time,Returning
105607,2026-05-09,11,Stockholm ,BURGERS,"202,0",38,ON TIME,RETURNING
104076,19.04.2026,18,Göteborg,Pizza,257,33,On time,Returning
110080,2026-07-09,13,Stockholm ,Thai,SEK 160,29,On time,New
105922,14.05.2026,18,Göteborg,Pizza,234.0,42,On time,Returning
106685,2026-05-24,13,Göteborg,Sushi,273.0,34,On time,Returning
103982,2026-04-17,13,Uppsala,Pizza,204.0,22,On time,Returning
111623,2026-07-30,11,Göteborg,Burgers,283.0,51,late,New
100124,24.02.2026,20,Malmö,Burgers,"217,0",50,Late,New
101643,2026-03-17,17,Stockholm ,Salad,245.0,33,On time, new
110545,15 Jul 2026,9,Malmö,Burgers,310,42,On time,Returning
103044,2026-04-05,11,STOCKHOLM,Salad,302.0,48,Late,New
109078,25/06/2026,11, Uppsala,Sushi,"312,0",29,On time,New
107307,01.06.2026,21,Stockholm,Indian,325.0,42,On time,Returning
105020,02.05.2026,19,Göteborg,vegan,301.0,39,On time,New
106083,2026-05-16,10,Stockholm,Indian,272.0,45,On time,New
103373,2026-04-09,18,Stockholm,Burgers,194.0,43,On time, new
103222,2026-04-07,21,Sthlm,Pizza,180.0,40,ON TIME,New
108504,2026-06-17,20,Stockholm ,KEBAB,151,37,On time,Returning
102610,30 Mar 2026,17,Stockholm,Thai,201.0,52,Late,Returning
111741,2026-07-31,20,Stockholm,Salad,SEK 300,37,On time,Returning
111136,2026-07-23,17,Stockholm ,Kebab,240 SEK,24,on time ,New 
107885,2026-06-09,23,Stockholm,Kebab,420.0,55,Late,NEW
105418,2026-05-07,13,Göteborg,Vegan,234.0,24,On time,Returning
104574,2026-04-25,18,Malmö,Burgers,184.0,34,On time,Returning
108400,15.06.2026,16,Lund,Indian,263.0,35,On time,New
105277,2026-05-04,12,Lund,Burgers,265.0,44,On time,Returning
111792,2026-08-01,21,Göteborg,Pizza ,154 kr,45,On time,Returning
104856,2026-04-29,11,lund,Thai,267 SEK,29,On time,Returning
113196,2026-08-19,19,Uppsala,Indian,216.0,32,On Time,New
110768,2026-07-18,21,Malmö,Thai,"244,0",23,on time,Returning
113319,2026-08-21,10,Stockholm,pizza,257 kr,20,On time, new
103274,2026-04-08,12,Stockholm,Vegan ,239.0,35,On time,Returning
111230,2026-07-24,17,Uppsala, Vegan,209 kr,35,On Time,New
108311,14 Jun 2026,18,Lund,Sushi,SEK 168,54,Late,RETURNING
105484,08.05.2026,13,GÖTEBORG,Sushi,SEK 277,41,On time,New
100224,26 Feb 2026,17,GÖTEBORG,Burgers,"262,0",51,Late,New
102736,2026-04-01,20,Göteborg,Pizza,329.0,48,Late,New
111667,2026-07-30,20,Stockholm,Pizza,127.0,32,On time,New
100337,2026-02-27,23,Malmö,Burgers,SEK 243,47,Late,Returning
106475,2026-05-21,13,Stockholm,Burgers,128.0,30,On time,New
101001,08.03.2026,21,,burgers,308.0,28,Ontime,Returning
110341,2026-07-12,21,Lund,Burgers,232.0,55,Late,New
105417,2026-05-07,19, Göteborg,Burgers,179.0,48, late,New
108348,15.06.2026,11,stockholm,Pizza,170.0,37,on time ,Returning
111103,2026-07-22,22,Uppsala,Pizza,"301,0",40,On time,New
102428,2026-03-28,10,Stockholm,Sushi,261.0,47,LATE,New
110873,19/07/2026,18,Uppsala,Sushi,242.0,55,LATE,Returning
113043,2026-08-17,20,Malmö,vegan,242.0,51,Late,New
107614,5 Jun 2026,13,Lund,Pizza,234,47,Late,RETURNING
106600,2026-05-22,19,lund,Burgers,"202,0",32,On time,Returning
103506,11/04/2026,20,Stockholm,Burgers,257 SEK,49,Late,Returning
107009,28 May 2026,19,Malmö,Burgers,279 kr,48,Late,New
107148,2026-05-30,19,MALMÖ,Burgers,285.0,37,On time,New
110118,10/07/2026,16,Göteborg,Salad,368 kr,38,on time ,Returning
101873,2026-03-20,14,Lund,Burgers,229.0,17,On time,New
113039,17.08.2026,11,Malmö,Pizza,204,42,On time,New
100652,3 Mar 2026,14,,pizza,237,20,On time,New
109667,2026-07-03,21,Lund,Indian,334.0,42,On time,Returning
106212,2026-05-17,9,Malmö,Burgers,259.0,38,On Time,New
111504,2026-07-28,13,Göteborg,Sushi,239,43,On time,New
108691,2026-06-20,13,GÖTEBORG,Salad,179.0,21,On time,Returning
110417,2026-07-13,19,Lund,Burgers,"211,0",45,On time,RETURNING
113243,2026-08-20,12,STOCKHOLM,Indian,273.0,40,on time ,Returning
105251,04.05.2026,12,malmö,kebab,379,43,On time,Returning
108275,14/06/2026,20,Sthlm,Pizza,222 kr,24,On time,Returning
105119,2026-05-03,14,Stockholm,Kebab,181.0,40,On time,Returning
102502,29 Mar 2026,18,Stockholm,Burgers,222.0,27,On time,Returning
111676,2026-07-30,18,Malmö,Pizza,173,35,On time,Returning
109218,27/06/2026,12,stockholm,Burgers,247.0,51, late,Returning
103499,11.04.2026,11,Stockholm,Sushi ,231.0,39,on time ,Returning
113027,17/08/2026,19,Stockholm,Indian,"233,0",47,Late,Returning
103300,8 Apr 2026,19,Stockholm,Kebab,243.0,39,On time, new
104604,2026-04-26,17,Gbg,Thai,393,36,On time,Returning
101409,2026-03-14,21, Stockholm,Pizza,262.0,40,On time,New
109978,2026-07-08,13,STOCKHOLM,pizza,300.0,32,On time,Returning 
107553,2026-06-05,12,Gbg,PIZZA,265.0,33,On time,New
106521,2026-05-22,18,Göteborg,Pizza ,SEK 191,26,On time,new
111953,2026-08-03,9,Göteborg,Pizza,269.0,45,On time,New
112184,6 Aug 2026,12,Stockholm,Thai,287.0,48,Late,New
105440,7 May 2026,11,Stockholm ,Thai,237.0,45,On time,Returning
113201,2026-08-19,19,Lund,Thai,315,28,On time,Returning
103312,8 Apr 2026,12,malmö,Kebab,236,35,On time,New 
107356,2026-06-02,17,Stockholm,Pizza,257.0,25,On time,Returning
100972,2026-03-08,13,Göteborg,Indian,312.0,42,On time,Returning
107996,2026-06-10,12,lund,Burgers,305.0,22,on time ,New
108318,2026-06-15,11,göteborg,Sushi,112,38,On time,New
100290,2026-02-27,19,Göteborg,Thai,"278,0",57,Late ,Returning
108325,2026-06-15,13,göteborg,Vegan,282,34,On time,New
104388,2026-04-23,17,,Salad ,320,20,On time, Returning
101915,2026-03-21,18,Stockholm,Pizza,261.0,38,On time,New
102352,2026-03-27,15,Stockholm,Indian,151,37,On time,Returning
113503,23.08.2026,13, Malmö,Thai,310,65,Late, Returning
107682,2026-06-06,20,Malmö ,Sushi,266.0,32,On time,RETURNING
110873,2026-07-19,18,Uppsala,Sushi,242 SEK,55,Late,Returning
109999,2026-07-08,14,Stockholm,Pizza,152.0,27,On time,Returning
108533,2026-06-17,16,uppsala,burgers,233,42,On time,Returning
107731,2026-06-07,12,Göteborg,Sushi,262,38,On time,Returning
110626,2026-07-16,20,Malmö,Thai,250 kr,42,On time, Returning
102036,22 Mar 2026,20, Lund, Sushi,253.0,57,Late,Returning
103480,11 Apr 2026,12,Göteborg,Indian,292 kr,45,on time ,New
111451,27.07.2026,10, Stockholm,Thai,297.0,46,Late,New
112502,10.08.2026,10,Göteborg ,Thai,208.0,42,On time,Returning
106426,2026-05-20,13,Malmö,Vegan,164 kr,50,Late, new
110011,2026-07-08,21,Malmö,Thai,250.0,34,On time,Returning
108162,2026-06-13,12,Göteborg,Sushi,273,40,On time,New
113178,2026-08-19,19,Stockholm,Kebab,258.0,999,,New 
100821,2026-03-06,10,Stockholm,Indian,184 SEK,45,On time,New
103424,2026-04-10,18,Sthlm,Salad,"210,0",51,Late, new
106690,24/05/2026,20,Göteborg,PIZZA,248.0,32,on time ,Returning
112568,2026-08-11,17, Göteborg,Indian,"202,0",37,On time,Returning
104618,26/04/2026,20,stockholm,Pizza,231.0,31,Ontime,Returning 
112856,15/08/2026,20,Stockholm, Sushi,132,48,Late, Returning
107861,2026-06-09,11,Göteborg,Vegan,"252,0",15,On time,Returning
101699,2026-03-18,9,Göteborg ,Salad,"378,0",33,On time,Returning
110650,2026-07-17,13,Göteborg,Burgers,115,37,On Time,Returning
101446,2026-03-14,11,Malmö,Burgers,216 kr,35,On time,New
105392,06.05.2026,19,Malmö,Pizza,175,52,Late,New
102945,04/04/2026,17,Göteborg ,Pizza,285 SEK,44,ON TIME,Returning
112458,2026-08-09,13,Stockholm,kebab,153.0,44,On time,Returning
107814,2026-06-08,11,GÖTEBORG,Vegan,153.0,47,Late,Returning
111361,26.07.2026,12,Stockholm,Kebab,"124,0",21,On time,Returning
102984,2026-04-04,18,Malmö,Kebab,228.0,50,Late, Returning
100846,6 Mar 2026,12,Stockholm,pizza,296.0,33,On time,Returning
103723,2026-04-13,14,Lund,Indian,"334,0",27,On time,Returning
107088,2026-05-29,17,Lund,Burgers,180.0,34,On time,Returning
104835,2026-04-29,12,Stockholm,Kebab,151.0,20,On time,Returning
104036,2026-04-18,19,stockholm,Burgers,298.0,37,ON TIME,New
104630,2026-04-26,18,Stockholm,Thai,155.0,29,On time,Returning
105234,2026-05-04,12,STOCKHOLM,Vegan,310.0,28,On time,Returning
113446,2026-08-23,12,göteborg,Kebab,199.0,22,On Time,New
105580,9 May 2026,17,Stockholm,SUSHI,450 kr,42,On time, new
111348,2026-07-26,18,Göteborg,sushi,146.0,35,ON TIME,Returning
106464,21.05.2026,15,Stockholm,burgers,"214,0",27,On time,new
106817,2026-05-25,17,Uppsala,kebab,SEK 222,32,On time,New
100357,27 Feb 2026,14,Uppsala,Burgers,223.0,44,on time ,Returning
109417,2026-06-30,22,Stockholm,Indian,SEK 218,41,On time,Returning
113013,17.08.2026,19,Stockholm,Burgers,275.0,28,On time,Returning
111690,2026-07-30,11,Uppsala,Burgers,184,46,Late,returning
106157,2026-05-17,18,GÖTEBORG,Burgers,SEK 224,36,On time,New
107705,06/06/2026,10,Lund , Burgers,"255,0",33,On time,New
106614,2026-05-23,21,Göteborg,burgers,288.0,51,Late ,New
105534,8 May 2026,16, Uppsala,Indian,230.0,29,On time,Returning
112980,16 Aug 2026,19,Malmö,Kebab,266.0,30,On time,Returning
109687,2026-07-04,20,göteborg,Pizza,283 SEK,42,on time ,Returning
107367,2026-06-02,11,Stockholm,Thai,266.0,45,On time,returning
101116,09.03.2026,13,Uppsala,Vegan,256.0,28,on time,New
109309,28.06.2026,18,Malmö,Pizza,264.0,33,On time,Returning
106303,2026-05-18,18,Uppsala,Sushi,290.0,22,ON TIME,Returning
111150,23.07.2026,13,Malmö, Pizza,288.0,33,On time,new
100925,07.03.2026,12,Stockholm,Kebab,322.0,30,On time,New
112149,2026-08-06,17,Göteborg,thai,223,44,On time,Returning
100213,25 Feb 2026,12,Uppsala,Salad,291.0,0,,New
107584,2026-06-05,13,Stockholm,Kebab,293.0,38,On time,Returning
101044,2026-03-08,10,Lund,Thai,304.0,60,late,New
101454,14/03/2026,23,Uppsala,Indian,230.0,36,On time,New
108736,20 Jun 2026,18,Malmö,Vegan,"245,0",47,late,New
107509,2026-06-04,23, Stockholm,thai,198.0,39,On time,Returning
103893,16 Apr 2026,12,stockholm,Burgers,198.0,36,On time,Returning
105320,2026-05-05,12,stockholm,Indian,202.0,33,On time,New
109314,2026-06-28,12,Uppsala ,Salad,224.0,26,On time,Returning
102998,2026-04-04,18,Malmö,indian,"265,0",53,Late,Returning
106473,2026-05-21,12,Stockholm,Kebab,252 kr,30,On time,Returning
104896,2026-04-30,17,Stockholm,Sushi,273.0,32,On time,New
107978,2026-06-10,9,malmö,Sushi ,264.0,31,On time,Returning
104167,20 Apr 2026,9, Göteborg,Pizza ,226.0,45,On time,Returning
106844,26.05.2026,18,Göteborg,Salad ,239,34,On time,returning
111117,2026-07-23,17,Göteborg,Burgers,349.0,27,On time,New
110259,2026-07-12,14,Göteborg,Indian,SEK 195,47,late,New
105933,14/05/2026,18,Sthlm,Burgers,192.0,46,Late,Returning
108998,2026-06-24,13,Stockholm,THAI,SEK 181,17,On time,Returning
108197,2026-06-13,20,Malmö,Burgers,251.0,32,On time,Returning
103201,2026-04-07,12,stockholm,Burgers,253.0,43,On time,RETURNING
100345,27/02/2026,13, Malmö,Pizza,337.0,33,On time, Returning
110255,2026-07-12,16,Göteborg,Burgers,328.0,27,On time,Returning
109435,30/06/2026,18,Stockholm,Burgers ,SEK 245,37,On time,New
105646,10/05/2026,12,GÖTEBORG,Burgers,286.0,41,On time,RETURNING
104714,27/04/2026,13,Malmö,Pizza,162.0,38,On time,returning
102462,28 Mar 2026,11,Uppsala,Sushi,SEK 274,46,late,New
104865,30 Apr 2026,13,göteborg,Pizza,281.0,30,on time ,Returning
108175,13/06/2026,12,Stockholm,Thai,301.0,52,Late,Returning
112386,2026-08-08,12,uppsala,Indian,253.0,34,Ontime,NEW
107785,07.06.2026,20,Malmö,Pizza,218.0,49,Late ,Returning
106098,2026-05-16,11,stockholm,Thai,152 SEK,24,On time,Returning
101979,2026-03-22,16,Stockholm,Sushi,254.0,36,On time,New
109988,2026-07-08,15,Stockholm ,Pizza,"282,0",35,Ontime,New
104152,19/04/2026,11,,PIZZA,303.0,32,On time,New
103532,2026-04-11,15, Malmö,thai,302.0,28,On Time,returning
108371,2026-06-15,12,Stockholm,sushi,"202,0",22,On time,Returning
107813,8 Jun 2026,18,Göteborg,Pizza,"354,0",17,On time,Returning
103255,8 Apr 2026,11,Gbg,Pizza,278,23,On time,Returning
101032,2026-03-08,18,Malmö,Pizza,171.0,19,Ontime,RETURNING
111902,2026-08-02,20,Stockholm,vegan,319.0,35,On time,Returning
108830,21 Jun 2026,10,Uppsala,Pizza,"268,0",30,ON TIME,RETURNING
106991,28.05.2026,17,Göteborg,Pizza,149,43,On time,New
113517,23/08/2026,10,Uppsala,Vegan,270.0,37,On time,Returning
111245,2026-07-25,13,Göteborg,Burgers,252.0,58,Late,Returning
100462,2026-03-01,11,Göteborg,pizza,"307,0",40,On time,New
104676,27 Apr 2026,14,göteborg,Sushi,237.0,38,On Time,returning
106920,2026-05-27,16,Göteborg,Thai,279,56,Late,New
105223,4 May 2026,15,,Burgers,315,32,On time,New
105728,10.05.2026,15, Lund,Indian,276.0,40,on time,Returning
101773,2026-03-19,16,Stockholm,Indian,113.0,49,Late,Returning
110390,13.07.2026,12,Malmö,Sushi,235.0,50,Late,Returning
111538,2026-07-28,12,Malmö,Burgers,239,52,LATE,Returning
112207,06/08/2026,20,Uppsala,Salad,357 SEK,50,Late,Returning
100120,2026-02-24,18,STOCKHOLM,Pizza ,365.0,28,On time,New
107849,08.06.2026,18,Uppsala,Salad ,192.0,36,ON TIME, Returning
109043,2026-06-25,14,Stockholm,Vegan,254.0,33,On time,Returning
112137,2026-08-05,22,Uppsala,Vegan,193,58, late,Returning
104201,2026-04-20,11,Stockholm,Kebab,246.0,29,On time,Returning
111229,24 Jul 2026,15,Uppsala ,Sushi,"226,0",36,on time ,Returning
109658,03/07/2026,12,Uppsala,Thai,304.0,34,On time,NEW
112192,06.08.2026,16,Stockholm,Sushi,179.0,30,On time,New
111035,22 Jul 2026,20,Göteborg,Indian,292.0,23,On time,Returning
111746,2026-07-31,18,Malmö,Thai,221 kr,45,Ontime,returning
106916,27/05/2026,12,Göteborg,Sushi,219,43,on time ,Returning
105250,2026-05-04,18,,Sushi,263.0,24,on time,New
111012,21 Jul 2026,11,malmö,Thai,192.0,43,On time,Returning
100231,2026-02-26,17,Göteborg,Pizza,264 SEK,29,On time,Returning
102237,25.03.2026,17,Malmö,Burgers,241 kr,33,On time,New
100430,2026-02-28,14,Malmö,Burgers,249.0,47,LATE,Returning
111278,2026-07-25,14,Stockholm,Indian,"289,0",38,On time,Returning
105340,2026-05-05,12,Uppsala,Sushi,206 SEK,33,ON TIME,RETURNING
108927,2026-06-23,21,STOCKHOLM,BURGERS,216.0,21,On time, Returning
101331,2026-03-13,17,Göteborg,Sushi,119.0,-5,,New
108541,17/06/2026,12, Lund,Pizza,295.0,47,Late,New
108071,11 Jun 2026,17,Uppsala,Burgers,374.0,35,On time,Returning
103206,07/04/2026,19,Stockholm ,Pizza,"117,0",17,On time,Returning
101015,2026-03-08,19,stockholm,kebab,222.0,33,ON TIME,Returning
112254,7 Aug 2026,20,Stockholm,Burgers,154.0,30,On time,New
110006,2026-07-08,12,Malmö,Thai,164.0,25,On time,Returning
101113,09.03.2026,21,Uppsala,Indian,310,28,On time,Returning
100804,2026-03-06,11,göteborg,PIZZA,279.0,44,On time, new
107390,2026-06-02,15,Malmö,Salad,307.0,35,on time,Returning
110713,2026-07-18,10,Göteborg,Salad ,304.0,49,Late,Returning
108531,2026-06-17,18,Malmö,Pizza,272 kr,30,On time,Returning
107409,03.06.2026,17,Göteborg,Kebab,251.0,43,On time,Returning
113468,2026-08-23,20,Stockholm,Sushi,315.0,44,ON TIME,RETURNING
104475,24 Apr 2026,12,stockholm,Thai,"183,0",40,ON TIME,New
111077,2026-07-22,13,Stockholm,Burgers,181.0,30,On time,New
110850,2026-07-19,12,Stockholm,Salad,244,51,Late, new
109754,05/07/2026,13, Stockholm,Salad,255.0,31,On time,Returning
111566,29 Jul 2026,17,Göteborg,Salad,285 kr,24,On time,New
100754,05/03/2026,21,Stockholm ,Thai,197.0,55,Late,Returning
105900,2026-05-13,11,Malmö,Sushi,199.0,38,On time, Returning
102574,30 Mar 2026,15, Göteborg,pizza,296.0,35,On time,New
112904,15 Aug 2026,17,Lund,Burgers,288 SEK,29,On time,New
106652,2026-05-23,13, Malmö,Thai,238 kr,24,On time,Returning
100743,2026-03-05,12,Göteborg ,Pizza,280.0,39,On time,Returning
112730,2026-08-13,21,Malmö,Pizza,198.0,37,On time,Returning
113486,2026-08-23,11,Stockholm,Thai,125.0,43,On time,Returning
104117,19 Apr 2026,12,Stockholm,Pizza,256.0,42,On time,New
102245,25 Mar 2026,22,Lund ,Pizza,288.0,39,ON TIME,New 
102260,26 Mar 2026,13,Göteborg,Salad,250 kr,30,on time ,Returning
106932,2026-05-27,11,Stockholm,KEBAB,253.0,42,On time,Returning
100350,27 Feb 2026,11,Uppsala,Burgers,165 kr,41,On time,Returning
108894,2026-06-22,12,Uppsala,Kebab,194.0,39,On time,returning
102141,24.03.2026,11,Stockholm,Pizza,230 kr,29,On time,New
100081,2026-02-24,18,Göteborg,Kebab,188.0,41,On time, new
110703,17 Jul 2026,11,Lund ,Indian,263.0,33,On time,New
107442,2026-06-03,18,Stockholm,Vegan,"218,0",32,on time ,Returning
101057,2026-03-09,15,Göteborg,Pizza,207.0,33,On time,Returning
107188,2026-05-31,16,Göteborg ,PIZZA,294 kr,46,Late,New
103091,2026-04-05,11,Malmö,Salad,"351,0",33,ON TIME,Returning
102363,2026-03-27,15, Stockholm,Indian ,SEK 260,48,Late,Returning
104864,2026-04-30,19,,Sushi,287 kr,37,ON TIME,Returning
101054,2026-03-09,12,Göteborg,Pizza,178.0,36,On time,New
105734,11/05/2026,11,Göteborg ,Indian,240.0,39,On time,Returning
112849,2026-08-15,19,Stockholm,Pizza,300,0,,New
104678,2026-04-27,12,Göteborg,Pizza,278.0,36,Ontime,Returning
100466,2026-03-01,12,Göteborg,burgers,174.0,27,On time,Returning
112239,7 Aug 2026,14,Stockholm,Indian,282.0,35,On time,Returning
103634,2026-04-12,13,Uppsala,Indian,223,29,On time,New
100200,25 Feb 2026,13,Malmö,Salad,157.0,54,Late, new
109205,27.06.2026,19,Stockholm,Sushi,198.0,29,ON TIME,Returning
103060,2026-04-05,10,stockholm,Burgers,SEK 273,45,On time,Returning
112674,2026-08-12,16,Uppsala,Kebab,321 kr,44,Ontime,Returning
112051,2026-08-04,19,Malmö,Burgers,231.0,44,On time,Returning
106723,24/05/2026,13,Stockholm,Pizza,202.0,32,on time ,Returning
102524,2026-03-29,20,Stockholm,Burgers,"314,0",21,On time,Returning
111930,2026-08-02,18,Uppsala,Burgers,182.0,36,On time,Returning
111790,01/08/2026,13,Göteborg,Sushi,273,44,Ontime,New
108647,19.06.2026,12,Stockholm,Sushi,"333,0",28,On Time,New
101847,2026-03-20,12,Stockholm,Kebab,220.0,60,Late,Returning
104492,2026-04-24,20,Malmö,Pizza,284.0,35,On time,New
100274,2026-02-26,11,MALMÖ,Thai,173.0,42,On time,Returning
103597,12.04.2026,12,Stockholm,Salad,277.0,37,On time,New 
111892,2026-08-02,19,Stockholm,Pizza,246,47,Late,Returning
104961,2026-05-01,13,STOCKHOLM,Burgers,255.0,23,On time,Returning
103237,07.04.2026,21,Malmö,Kebab,239 SEK,29,On time,RETURNING
110578,16 Jul 2026,12,Göteborg,Burgers,"233,0",40,On time,Returning
108098,2026-06-12,21,stockholm, Thai,261.0,24,On time,Returning
111218,24.07.2026,17,Malmö,Thai,232.0,42,On time,new
111516,2026-07-28,21,Stockholm,Pizza,232.0,38,On time,RETURNING
113445,23/08/2026,17,Göteborg,Pizza,202.0,25,On time,New
106564,2026-05-22,19,Stockholm,Vegan,326,44,On time, Returning
113284,2026-08-20,21,Lund,Thai,266.0,36,On time,Returning
107811,8 Jun 2026,9, Göteborg,Thai,103.0,52,Late,Returning
109768,2026-07-05,21,Stockholm,Salad,246.0,54, late,New
109606,2026-07-03,12,Göteborg,Burgers,271.0,37,on time,Returning
108780,21 Jun 2026,17,Göteborg,Pizza,201,38,On time,New
110585,2026-07-16,19,Stockholm,Kebab,SEK 301,27,ON TIME,NEW
111244,2026-07-25,12,Gbg,Pizza,270,17,On time,New
108870,2026-06-22,18,Stockholm,Sushi,SEK 259,41,On time,New
100431,28 Feb 2026,14,Uppsala,Burgers,231,35,On time,Returning
107274,1 Jun 2026,19,Göteborg,Pizza,209.0,32,On time,Returning
103849,2026-04-15,9,uppsala,Indian,159 kr,40,On time,Returning
104611,2026-04-26,17,STOCKHOLM,kebab,290.0,35,On time,Returning
106815,2026-05-25,16,Malmö ,Kebab,309.0,33,On time,Returning
100008,23.02.2026,19,Göteborg,Burgers ,322 SEK,47,Late , Returning
109563,02.07.2026,19,Stockholm,Kebab,269,43,On time,Returning
100063,2026-02-23,19,Uppsala ,Pizza,296 SEK,37,On time,New
110134,2026-07-10,18,Stockholm,INDIAN,224.0,-5,,New 
103852,2026-04-15,12,Uppsala,Sushi,"171,0",21,On time,Returning
111677,2026-07-30,13,Malmö,Kebab,214.0,27,On time,Returning
101149,2026-03-10,11,Stockholm,Pizza,253.0,45,On time,Returning
105079,2026-05-02,14,Uppsala,Pizza ,249 kr,35,On time,Returning
106215,2026-05-17,14,Uppsala ,Burgers,273.0,43,On time,Returning
110786,2026-07-18,13,uppsala,Kebab,279,47,Late,Returning
111495,28/07/2026,10,Gbg,Kebab,123 kr,53,Late,Returning
107769,2026-06-07,21,Stockholm,Indian,293 kr,45,on time,RETURNING
109315,28.06.2026,18,Uppsala,Thai,226.0,41,on time,Returning
103048,5 Apr 2026,23,Stockholm,Sushi,290.0,44,On time,Returning
109277,28.06.2026,12,Stockholm,Kebab,270 SEK,45,On time,New
110154,2026-07-10,10,Malmö,pizza,241,52,late,New
108775,2026-06-21,11,GÖTEBORG,Indian,255.0,41,On time,New
103582,2026-04-12,11,stockholm,Sushi,212.0,38,On time,New
104426,2026-04-23,12,Malmö,Kebab,319.0,35,On time,New
103055,2026-04-05,20,Stockholm,kebab,242 SEK,23,On time,New
102652,2026-03-31,13,Göteborg,Burgers,340.0,15,On time,New 
112505,2026-08-10,11,Göteborg,Pizza,"255,0",29,On time,Returning
103137,2026-04-06,17,STOCKHOLM,Burgers,325.0,45,On time,New
112251,07/08/2026,13,STOCKHOLM,Pizza,262.0,38,On time,New
106519,2026-05-21,18,Lund ,Indian,206,47,late,Returning
101320,2026-03-12,18,lund,Pizza,352 kr,30,Ontime,RETURNING
107081,2026-05-29,11,Uppsala,burgers,243.0,49,Late,Returning
111065,22.07.2026,12,Stockholm,Sushi,271.0,49,Late , Returning
102687,31/03/2026,17,Stockholm , Pizza,198,36,on time,New
103353,2026-04-09,21,Stockholm ,Thai,212.0,40,Ontime, Returning
103095,2026-04-05,12,Malmö ,Pizza,200.0,40,On time, new
107763,7 Jun 2026,11,STOCKHOLM,Pizza,160,55,Late,Returning
106062,2026-05-16,11,Göteborg,Thai,291.0,30,On time,New
105091,2026-05-02,18,Lund,Pizza,226,31,On time,Returning
100522,2026-03-01,17,Uppsala ,Burgers,148.0,41,On time,Returning
111536,2026-07-28,13,Stockholm,Indian,"159,0",25,On time,returning
108460,2026-06-16,12,Malmö,pizza,"180,0",27,On time,Returning
105986,2026-05-14,14,Uppsala,Pizza,321 kr,41,On time,returning
104927,2026-04-30,12,Uppsala,BURGERS,188,29,On time,New
111202,2026-07-24,11,Stockholm,Kebab,213,30,On time,New
112666,2026-08-12,18,malmö,Pizza,313.0,48,Late,New
107992,10/06/2026,20,uppsala,burgers,200.0,36,On time,Returning
108055,2026-06-11,18,malmö,Vegan ,293.0,31,On Time,New
100561,2026-03-02,12,Stockholm,Thai,"309,0",46,Late,Returning
110855,2026-07-19,14,Stockholm,Pizza ,249.0,22,On time,new
109849,06.07.2026,12,Stockholm,Thai,405.0,42,On time,New
112903,15 Aug 2026,18,Lund,Sushi,243.0,45,on time,Returning
111400,2026-07-26,16, Malmö,Sushi,273,44,On time,Returning
106360,2026-05-19,15,Uppsala,Indian,273.0,25,On time,New 
101349,2026-03-13,19,stockholm,Burgers,232.0,35,On time,New
100605,2 Mar 2026,19,Lund ,Pizza,236,34,On time,Returning
100461,2026-03-01,18,Göteborg ,Salad,281 SEK,22,On time,Returning 
106441,2026-05-20,20,Lund,Kebab,323,61,Late,Returning
110211,11 Jul 2026,21,Stockholm,Pizza,215.0,51,Late,Returning 
102427,2026-03-28,20,Stockholm ,Burgers,299 kr,37,Ontime,New
109035,25 Jun 2026,11,Göteborg ,SALAD,269.0,39,on time,Returning
101690,2026-03-18,11,Göteborg ,Kebab,281.0,37,On time,New
106624,23 May 2026,14,,Thai,216.0,35,ON TIME,new
105203,4 May 2026,16,Göteborg,Vegan,251.0,33,Ontime,New
110369,13/07/2026,19,STOCKHOLM,Pizza,292,46,Late,New
110870,19 Jul 2026,19,Malmö,Burgers,182.0,44,On time,New
109927,2026-07-07,13,STOCKHOLM,Indian,"239,0",27,On time,Returning
104894,30 Apr 2026,11,Stockholm,Indian,342,42,On time,Returning
102065,23.03.2026,19,Stockholm,PIZZA,218.0,43,On time,New
101449,2026-03-14,12,uppsala,Thai,255.0,43,on time ,Returning
111098,2026-07-22,17,Uppsala,Pizza,"251,0",33,On time,RETURNING
106829,2026-05-26,16,GÖTEBORG,Sushi,267.0,45,On Time,Returning
113053,17 Aug 2026,13,Uppsala,Sushi,147.0,29,On time,Returning
103834,2026-04-15,19,Stockholm,Thai,229.0,30,On Time,New
104437,2026-04-23,18,,Kebab,350.0,34,On time,Returning
109219,2026-06-27,18,Sthlm,Burgers,213.0,46,Late,Returning
105587,09/05/2026,21,Stockholm,Sushi,231 kr,49,Late,Returning
105910,2026-05-13,18,Uppsala,Kebab,284.0,30,On time,Returning
105634,2026-05-09,21,Lund,Vegan,284.0,37,On time,Returning
106469,21/05/2026,14,Stockholm,Kebab,"324,0",44,On time,New
100852,06/03/2026,11,Malmö,Pizza,238 kr,40,On time,New
100679,2026-03-03,19, Lund,Salad,297,50,Late,New
101351,2026-03-13,10,Stockholm,Indian,261.0,45,On time,Returning
100295,2026-02-27,17,GÖTEBORG,Burgers,SEK 219,39,On time,NEW
105979,2026-05-14,11, Uppsala,Thai,228.0,67,Late,returning
110607,2026-07-16,20,Stockholm,Pizza,256.0,32,on time ,Returning 
104727,2026-04-27,11,Lund,Sushi,327,50,Late,Returning
105600,9 May 2026,22,Stockholm ,Burgers,295.0,33,On time,Returning
109804,5 Jul 2026,14,Uppsala,kebab,167,28,on time,Returning 
109042,25.06.2026,17,Stockholm,Kebab,SEK 261,34,On time,Returning
113306,21 Aug 2026,17,STOCKHOLM, Burgers,186.0,33,On time,Returning
104449,2026-04-24,14,Göteborg,Pizza,207.0,36,On time,Returning
111436,2026-07-27,18,GÖTEBORG,Burgers ,283.0,39,On time,New 
112644,12.08.2026,18,Sthlm,Pizza,294.0,36,On time,Returning
108546,18 Jun 2026,17,Göteborg,Burgers,"305,0",22,on time,Returning
100647,2026-03-03,22,Stockholm,Pizza,277 SEK,19,On time,New
105193,2026-05-03,22,Lund,Kebab,250,29,On time,Returning
103658,13 Apr 2026,18,Göteborg ,Burgers,SEK 249,41,On time,New
110798,2026-07-18,15,Lund,Burgers,245.0,37,On time,New 
108791,21 Jun 2026,12,Stockholm,Pizza,247.0,24,On time,New
110117,2026-07-10,19,Göteborg,burgers,284.0,38,On time,Returning
100217,2026-02-25,13,Lund,Pizza,"223,0",50,Late,NEW
100136,2026-02-24,13,Uppsala,Thai,298.0,26,on time,Returning
100180,2026-02-25,13,Sthlm,Pizza,234.0,40,On time,Returning
101314,12.03.2026,11,Uppsala,Vegan,195.0,46,Late,returning
104944,2026-05-01,16,Göteborg,Kebab,253.0,35,On time,New
104659,2026-04-26,20,Lund,Sushi,289,25,On time,Returning
108903,2026-06-22,16,Lund,sushi,304 kr,27,ON TIME,returning
101266,2026-03-12,17,Göteborg,Burgers,301.0,38,On time,Returning
112399,2026-08-09,13,Göteborg,pizza,239.0,42,On time,Returning
102682,2026-03-31,10, Stockholm,Pizza,273.0,51, late,New
111524,2026-07-28,12,Stockholm,Indian,157.0,31,On time,Returning
107635,6 Jun 2026,12,Gbg,Salad,252.0,37,On time,New
111756,31.07.2026,17,Malmö ,Indian,247,29,On time,Returning
111102,2026-07-22,17,Uppsala,Thai,244,43,On time,Returning
102191,25.03.2026,20,Göteborg,Thai,309,46,late,New
102988,04/04/2026,15,Malmö,Thai ,"334,0",49, late,New
113086,18 Aug 2026,13,Stockholm,Thai,174.0,41,On time,Returning
102992,4 Apr 2026,19, Malmö,Burgers,"263,0",46,Late,Returning
112914,2026-08-16,12,Göteborg,Thai ,277,40,On time,New
103719,2026-04-13,12, Uppsala,Kebab,258.0,40,On time,Returning
100519,01/03/2026,17,Uppsala,Thai,293.0,42,On time,New
104590,25/04/2026,14,lund,Burgers,165.0,59,Late,New
109067,2026-06-25,14,Malmö,Indian,233.0,23,Ontime,Returning
106045,2026-05-15,12,Uppsala,Pizza,255.0,38,On time, Returning
104284,2026-04-21,20,malmö,Pizza,270.0,28,On Time,Returning
103443,2026-04-10,20,Stockholm,Sushi,295 SEK,37,On time,Returning
109031,25/06/2026,19,Göteborg,Pizza,234 kr,37,On time,Returning
101607,2026-03-16,13,Uppsala,Burgers,323,20,On time,New
110848,2026-07-19,21,,Pizza,"216,0",45,On time,Returning
112303,08.08.2026,12, Göteborg, Kebab,SEK 247,26,On time,Returning 
101614,2026-03-16,12,lund,Pizza,287.0,34,On time,New
109588,2026-07-02,18,Uppsala,Pizza,261.0,51,Late,New
102403,2026-03-28,13,göteborg,PIZZA,141,35,on time ,Returning
108950,2026-06-23,11, Uppsala,Vegan,148 SEK,52,Late,Returning
111284,2026-07-25,12,Stockholm ,pizza,"280,0",37,On time,Returning
104142,2026-04-19,21,malmö,Indian,285.0,44,On time,New 
106390,20 May 2026,15,Stockholm,Indian,"199,0",34,On time, Returning
110234,2026-07-11,11,Uppsala,Thai,233.0,33,On time, Returning
109859,06.07.2026,18,Malmö,Pizza,225.0,47,late,New
108878,2026-06-22,13,Stockholm,vegan,221.0,25,On time,Returning
103026,05/04/2026,12,Göteborg,SUSHI,310,44,On time,New
107235,31 May 2026,11,Stockholm,Sushi,217.0,39,On time,Returning
110948,20 Jul 2026,9,Uppsala ,Sushi,329.0,47,Late,Returning
100991,2026-03-08,17,Stockholm,Sushi,"229,0",28,On time,New
103205,2026-04-07,19, Stockholm, Pizza,246.0,31,On time,Returning
104497,24 Apr 2026,21,Malmö,Indian,191 kr,33,On time,RETURNING
100066,23 Feb 2026,14,Uppsala,Pizza,291.0,48,Late,Returning
103051,5 Apr 2026,13, Stockholm,Thai,282,38,On time, Returning
112301,2026-08-08,13,Göteborg,sushi,144.0,50,Late,Returning
108049,2026-06-11,16,Malmö,Vegan,89 SEK,34,On time,Returning
109196,2026-06-27,12,Stockholm, Pizza,236 SEK,37,On time,returning
100215,2026-02-25,18,Uppsala,pizza,290.0,44,On time,New 
100435,28 Feb 2026,11,Uppsala,Pizza,243,38,ON TIME,RETURNING
106322,2026-05-19,18,Stockholm,Indian,"267,0",44,On time,RETURNING
101853,2026-03-20,17,Stockholm,PIZZA,317.0,46,Late ,Returning
105426,2026-05-07,10,GÖTEBORG,Pizza,161,41,On time,New
113478,23 Aug 2026,18,Stockholm ,Pizza,272 kr,41,On time,Returning
106804,2026-05-25,19,Malmö,Burgers,299.0,42,on time,Returning
109554,2026-07-02,19,Sthlm,Burgers,352 SEK,20,Ontime,Returning
101475,15.03.2026,14,Göteborg,Vegan,266.0,35,On time,New
105420,7 May 2026,12, Göteborg,Pizza,230 SEK,43,On time,returning
101866,2026-03-20,17,Uppsala,Thai,SEK 197,28,On time,Returning
107912,2026-06-09,14,Malmö,Sushi,251.0,36,On time,Returning
104547,2026-04-25,21,,Thai ,224.0,23,On time,RETURNING
102564,2026-03-29,13,Lund,Salad,340,49,Late,Returning
110544,2026-07-15,12,malmö,Salad,228 kr,40,On time,Returning
103143,2026-04-06,18,Stockholm,Indian,246.0,39,On time,New
100609,2026-03-03,20,Göteborg,Thai,185.0,27,On time,Returning
107574,2026-06-05,18,stockholm,Sushi,"202,0",38,On time,Returning
104587,25 Apr 2026,20,Lund ,Pizza,323.0,50,Late ,Returning
111175,24.07.2026,21,Göteborg,Salad,155,36,On time,Returning
106662,2026-05-23,15,Uppsala,INDIAN,262,39,On time,RETURNING
110911,2026-07-20,18,Stockholm,Burgers,SEK 330,44,On time,Returning
108802,2026-06-21,10,Stockholm,Kebab ,202.0,45,On time,RETURNING
105841,2026-05-12,18, Malmö,Pizza,300 SEK,37,On time,Returning
104826,2026-04-29,14,Stockholm,Thai,216,36,On time,New
105639,2026-05-09,22,Lund,Pizza,210 SEK,38,On time,Returning
113345,21.08.2026,9,Lund,SALAD,228.0,39,On time,Returning
112220,06.08.2026,11,Lund,Pizza,316,48,Late,New
110457,14 Jul 2026,10, Stockholm,Sushi,320 kr,26,On time,Returning
112168,2026-08-06,18,Stockholm,Thai,"320,0",47,Late,Returning
111509,28 Jul 2026,13,Göteborg,Indian,199.0,45,Ontime,Returning
101769,2026-03-19,11,Stockholm,Salad,211.0,30,On time,Returning
103363,9 Apr 2026,17,Stockholm,Sushi,293.0,45,On time,NEW
104802,2026-04-29,22,Göteborg,Sushi,285.0,43,On time,New
106885,26.05.2026,15, Malmö,Indian,"293,0",32,On time, Returning
106468,2026-05-21,16, Stockholm,Pizza,325 SEK,38,Ontime,New
106177,2026-05-17,13,Stockholm ,PIZZA,223,36,On time,Returning
102885,2026-04-03,17, Stockholm,Salad ,271.0,45,On time,New
107082,2026-05-29,13,Uppsala,Pizza,144.0,46,Late ,New
100979,08/03/2026,13,Göteborg, Indian,193.0,32,On time,Returning
101785,19 Mar 2026,14,Stockholm,Vegan,245.0,28,ON TIME,Returning
101355,13.03.2026,12,Stockholm,Vegan,186 kr,40,On time,New
107855,08/06/2026,21,Uppsala,Salad,243.0,53,Late,Returning
107523,2026-06-04,21,Stockholm,Kebab,294.0,23,ON TIME,Returning
111875,02.08.2026,17,Göteborg,Thai,"320,0",34,On time,Returning
111186,24.07.2026,17,Stockholm,Thai,224.0,45,Ontime,new
113490,2026-08-23,21,STOCKHOLM,Vegan,254.0,29,On time,New
104382,2026-04-23,15,Göteborg,Pizza ,194.0,61,Late,returning
102112,2026-03-24,11,Göteborg,burgers,321.0,35,On time,Returning
105895,13 May 2026,20,Malmö,pizza,271,51,Late,Returning
102048,23 Mar 2026,9,göteborg,Indian,235.0,20,ON TIME,Returning
109546,2026-07-02,20,Göteborg ,Indian,299,15,On time,Returning
106415,20.05.2026,13,Stockholm , Burgers,229.0,44,On time,Returning
103123,6 Apr 2026,12,Göteborg, Pizza,196.0,35,On time,Returning 
103654,2026-04-13,11,Göteborg,Thai ,295,36,On time, Returning
101917,21 Mar 2026,12,STOCKHOLM,Vegan,298.0,34,Ontime,Returning
112340,08.08.2026,11,Stockholm,Burgers,306.0,43,On time,returning
104217,2026-04-20,16,Malmö,Kebab,308.0,41,On time,Returning
108349,2026-06-15,12,Stockholm,Pizza,342.0,53,Late ,Returning
101339,13 Mar 2026,18,Stockholm,Pizza,270.0,19,Ontime,New
100293,2026-02-27,19,Göteborg,Vegan,SEK 267,35,On time,returning
109380,2026-06-29,12,Malmö,Sushi ,110.0,45,On time,Returning
106636,23.05.2026,17,Stockholm,Indian,274.0,47,Late,New
104189,2026-04-20,10,Stockholm,Indian,286.0,52,Late,Returning
100183,2026-02-25,19,Stockholm,Sushi,304.0,15,On time,Returning
105497,08.05.2026,12,stockholm,Burgers,"298,0",18,on time ,Returning
103670,13 Apr 2026,12,Göteborg,Burgers,"167,0",43,On time,Returning
108085,2026-06-12,13,Göteborg,pizza,SEK 181,30,Ontime,Returning
110989,2026-07-21,10,Stockholm,Burgers,222.0,31,Ontime,Returning
108930,2026-06-23,18,Stockholm,Burgers,269.0,15,On time,New
106847,2026-05-26,19,Stockholm,Burgers,"236,0",27,On time,New
110590,16.07.2026,14,Stockholm, Burgers,249.0,37,On time,Returning
111668,2026-07-30,14,Stockholm,Pizza,369.0,46,Late ,Returning
109838,2026-07-06,13,stockholm,Thai,163.0,40,On time,New
102146,24 Mar 2026,17,Stockholm,Pizza,219.0,41,On time,New
111828,01.08.2026,11,malmö,Sushi,338 kr,48,Late,New
113522,23 Aug 2026,17,Lund,Vegan,356 kr,41,On time,Returning
111491,2026-07-27,18,Lund,Thai,196,53, late,Returning 
100334,2026-02-27,9,Stockholm,Pizza,223.0,32,On time,New
105724,10/05/2026,10,Uppsala,Burgers,"235,0",23,on time,Returning
108619,19 Jun 2026,13,Göteborg,Vegan ,213,38,On time,NEW
111895,02.08.2026,21,Stockholm,Pizza,"288,0",42,on time,New
109325,2026-06-29,20,Göteborg ,Sushi,213.0,30,On time,New
102102,23 Mar 2026,12,uppsala,Sushi ,269 SEK,45,On time,returning
110308,12/07/2026,15,STOCKHOLM,kebab,233.0,41,on time,New
100362,2026-02-27,18, Lund,Pizza,294,31,Ontime,Returning
112085,2026-08-05,12,Göteborg,Salad,"188,0",49,LATE,Returning
113483,2026-08-23,11,Stockholm,Pizza,279 kr,32,on time,Returning
107512,4 Jun 2026,19,Stockholm,Kebab ,210 SEK,28,On time,Returning
100771,2026-03-05,19,Stockholm,Thai,175.0,49,Late,New
111553,2026-07-28,17, Uppsala,Thai,259,23,On time,New
100144,24 Feb 2026,14,lund,Thai,267.0,32,On time,returning
105855,13 May 2026,12,Göteborg, Burgers,211,46,Late,New
110603,2026-07-16,20,Stockholm,Burgers,296.0,47,Late,new
102010,22/03/2026,12,Stockholm,Burgers,225.0,52,Late,New
105791,2026-05-11,18,uppsala,Burgers,271 SEK,43,On time,Returning
106164,2026-05-17,12,Stockholm,Kebab,"316,0",37,On time,New
110059,2026-07-09,18,Stockholm,salad,293.0,48,Late,Returning
101753,2026-03-19,15,Göteborg,Kebab,327.0,29,ON TIME,Returning
102158,24 Mar 2026,12,Stockholm,Pizza,323.0,29,On time,New
107533,4 Jun 2026,12,Malmö,Pizza,209.0,44,On time,New
111051,22 Jul 2026,15,Stockholm ,Pizza,273.0,39,On time,Returning
113078,18.08.2026,13,Göteborg, Pizza,203 SEK,41,On time,Returning
112122,05/08/2026,12,stockholm,Thai,214.0,38,On Time,New
112792,14/08/2026,21,Stockholm,Burgers,287.0,54,LATE,Returning
111265,2026-07-25,12,stockholm,Vegan,"247,0",27,On time,Returning
112169,6 Aug 2026,19,Stockholm,sushi,125.0,39,On time,Returning
101366,2026-03-13,21,Malmö,Pizza,162.0,41,On time,New
103776,14 Apr 2026,23,Malmö,Thai,259.0,38,On time,Returning
107649,2026-06-06,13,Stockholm,Pizza,261.0,39,On time,Returning
104405,2026-04-23,18, Stockholm,Pizza,335.0,38,On time, Returning
100411,28.02.2026,19,Stockholm,Pizza,"319,0",31,On Time,Returning
101939,21 Mar 2026,10, Malmö,Salad,296.0,58,Late,Returning 
111307,2026-07-25,12, Stockholm,PIZZA,277 kr,36,On time,New
109624,2026-07-03,20,Stockholm, Kebab,247 SEK,60,Late,Returning
107848,2026-06-08,17,Malmö,Kebab,"306,0",29,On time,Returning
102266,26.03.2026,14,Göteborg,Burgers,235 SEK,26,On time,New
105911,2026-05-13,11, Uppsala,Pizza,311 SEK,18,ON TIME,New
111811,2026-08-01,14,Stockholm,Burgers,258 kr,-5,,New
106807,25 May 2026,10,,Indian,266.0,20,On time,Returning
101519,2026-03-15,11,Malmö,Thai,277.0,999,,returning
108345,2026-06-15,17,Sthlm,Kebab,"166,0",23,On Time,RETURNING
111127,23 Jul 2026,15,stockholm,Burgers ,333 kr,37,On time,New
111466,27 Jul 2026,13,Stockholm,Pizza,294 kr,51,Late,Returning
103503,2026-04-11,11,Stockholm,Pizza,239,59,Late,New
108494,2026-06-17,11,Stockholm, Pizza,213 kr,35,On time,New
104012,18 Apr 2026,19,Stockholm,Pizza,"323,0",56,Late ,Returning
107154,2026-05-30,13,Malmö,Sushi,337,43,On time,New
105089,2026-05-02,12,Lund, Sushi,145.0,31,On time,Returning
113439,2026-08-23,12,Göteborg,Sushi,255.0,23,On time,Returning 
106250,2026-05-18,14,Göteborg,Kebab,233.0,24,On time,Returning
110864,19.07.2026,13,Malmö,Salad,279.0,50,Late,New
110268,12/07/2026,19,Göteborg,Pizza,315.0,33,On time,New 
105267,4 May 2026,23,Malmö,Thai,154.0,30,On time,Returning
111465,2026-07-27,11, Stockholm,Burgers,303 SEK,36,On time,New
100847,2026-03-06,12, Stockholm,Kebab,272.0,42,On time,Returning
112888,2026-08-15,16,malmö,Thai,284,15,On time,Returning
106232,17 May 2026,17,Lund,burgers,177.0,32,On time, new
100051,2026-02-23,15,Malmö,Indian,321 kr,52,Late,New
102239,25/03/2026,21,Uppsala,PIZZA,260.0,45,On time,Returning
106606,2026-05-23,14,Göteborg ,Indian,251,34,On time,Returning
110083,2026-07-09,19,MALMÖ,kebab,296,31,On Time,Returning
105470,2026-05-07,17,Uppsala,Sushi,282.0,31,On time,New
107801,2026-06-07,10,Lund,Kebab,257,25,On time,Returning
101896,2026-03-21,23,Gbg,Kebab,"239,0",37,On time,Returning
106421,2026-05-20,11,Malmö,Pizza,"149,0",26,Ontime,New 
106968,2026-05-27,10,uppsala,Sushi,257.0,34,On time,New
112318,2026-08-08,14,Stockholm,Burgers,252 SEK,37,on time,Returning
101079,2026-03-09,13,Stockholm,Burgers,430.0,48,Late,Returning
101782,19.03.2026,22,Stockholm,Burgers,226.0,34,On time,New 
108501,17.06.2026,12,Stockholm,Sushi,311.0,34,On time,Returning
104817,2026-04-29,13,Stockholm,Pizza,293.0,59,Late ,Returning
102342,2026-03-27,21,Göteborg,Thai,253.0,54,Late,Returning
104909,30.04.2026,20,MALMÖ,Indian,244 kr,57,Late,Returning
112641,12/08/2026,20,Stockholm,Pizza,333,32,On time,New
104932,30.04.2026,10,Lund, Burgers,SEK 297,41,On time,Returning
102934,2026-04-04,11,göteborg,Burgers ,283.0,18,On time,New
100718,04.03.2026,19,Stockholm,Kebab,198,34,on time,Returning
101580,16 Mar 2026,11,Stockholm,Pizza,248.0,45,Ontime,Returning
113061,2026-08-17,12,Lund,Kebab,269.0,43,On time,Returning
104075,2026-04-19,18,Göteborg,Sushi,118.0,42,on time,Returning
100731,04/03/2026,12,Uppsala,Indian ,216,39,On time,Returning
107567,05/06/2026,10,Göteborg,Pizza,"264,0",25,On time,New
100880,2026-03-07,20,Göteborg,Pizza,279.0,41,On time,New
110368,13 Jul 2026,10,Stockholm,Pizza,237.0,35,on time,New
105072,2026-05-02,22,malmö,BURGERS,226.0,33,On time,Returning
104014,18 Apr 2026,14,STOCKHOLM,Thai,324.0,38,On time,New
101249,2026-03-11,12,lund,Sushi,298,42,On time,Returning
104592,2026-04-26,21,Göteborg ,Sushi,228.0,56,Late,Returning
107305,2026-06-01,12,Stockholm,Kebab,255 kr,34,On time,returning
101605,2026-03-16,20,Uppsala,Burgers,SEK 170,46,Late,Returning
112717,13/08/2026,11,Stockholm,Vegan,167.0,38,On time,New
110171,11.07.2026,20,GÖTEBORG,Sushi,195 SEK,48,Late,New
107583,2026-06-05,19,Stockholm,Indian,"286,0",48,Late,New
101950,2026-03-21,18,,Indian,286.0,28,on time,returning
100509,2026-03-01,20,Malmö,Pizza,316 kr,54,Late,New
102425,2026-03-28,23,Stockholm,Burgers,225.0,40,On time,New
106802,2026-05-25,18,Malmö,THAI,"255,0",34,On time,Returning
110201,2026-07-11,12,Sthlm,Vegan,"270,0",32,On time,Returning
102676,2026-03-31,11,Stockholm,Burgers,285 kr,37,On time,Returning
108081,12/06/2026,15,Göteborg ,Sushi,"153,0",57,Late,New
108496,17 Jun 2026,14,Sthlm,Sushi,313 kr,38,On time,Returning
110632,2026-07-16,11,Uppsala,Indian,235.0,42,On time,returning
111914,2 Aug 2026,17,Malmö,Burgers,SEK 207,47,Late,Returning
111751,2026-07-31,19,Malmö,Sushi,230,35,On Time,New
109650,3 Jul 2026,17,MALMÖ,Vegan,"276,0",29,On time,Returning
110446,2026-07-14,11,Stockholm,Kebab,227 kr,31,On time,Returning
103525,2026-04-11,15,Malmö, Pizza,338.0,42,On time,Returning
103874,2026-04-16,15,Göteborg,Thai,219.0,40,On time,New 
104184,20/04/2026,18,göteborg,Sushi,253 kr,36,On time,Returning
110102,9 Jul 2026,16,Lund ,Vegan,192 SEK,41,ON TIME,New
110708,18 Jul 2026,12,göteborg,Burgers,"287,0",29,On time,New
111170,24.07.2026,13,Göteborg,Thai,270.0,49,late,New
100647,03.03.2026,22, Stockholm,pizza,277.0,19,On time, new
102130,24.03.2026,20,GÖTEBORG,Pizza,143.0,38,On time,Returning
109638,2026-07-03,13,Stockholm,Thai,238.0,30,On Time, new
111981,2026-08-03,19,Stockholm,Burgers,276 kr,43,On time,New
103106,5 Apr 2026,12,Uppsala,Kebab,134,47,Late,Returning
103642,12/04/2026,19,Lund ,Burgers,204.0,41,On time,New
109960,2026-07-08,19,Göteborg ,Thai,183.0,41,On time,New
111585,29/07/2026,13,stockholm,Kebab,247 SEK,50,Late,Returning
102072,23 Mar 2026,13,Stockholm, Kebab,186,23,ON TIME,Returning
110966,2026-07-21,20,Göteborg,Indian,249.0,30,On time,Returning
102936,04/04/2026,11,GÖTEBORG,Burgers,238.0,32,Ontime,returning
100838,06.03.2026,19,Stockholm,Kebab,252.0,41,On time,Returning
110693,2026-07-17,20,MALMÖ,Pizza,262.0,42,On time,Returning
102628,30 Mar 2026,11,Malmö,Sushi,"245,0",48,Late,New
111128,2026-07-23,18,Stockholm ,Kebab,283.0,40,On time,Returning
105441,2026-05-07,13,Stockholm,Indian,98.0,33,On time,New
101692,2026-03-18,19,göteborg,Pizza,385.0,44,On Time,New
106403,2026-05-20,11,STOCKHOLM,Sushi,317.0,250,,Returning
103546,11 Apr 2026,13,Uppsala,Burgers,261,37,on time,New
109655,2026-07-03,19,Uppsala,Indian,308,33,On time,Returning
111819,2026-08-01,17,Stockholm,Pizza,247.0,35,On time,Returning
100037,2026-02-23,14,STOCKHOLM,kebab,347.0,47,late,New
109701,2026-07-04,12,stockholm, Kebab,"134,0",28,ON TIME,Returning
110344,2026-07-12,11,Lund,Sushi,236 SEK,39,On time,Returning
110771,2026-07-18,10, Malmö,Pizza,255.0,43,On time,Returning
104766,2026-04-28,13,Stockholm,Thai ,197.0,33,On time,Returning
105069,2026-05-02,23,Malmö,BURGERS,279 SEK,39,On time,New
106821,25 May 2026,19,Uppsala,Kebab,259.0,48,Late,Returning
109182,27 Jun 2026,11,Göteborg,Vegan,SEK 338,28,On time,New
109607,3 Jul 2026,19,Göteborg,Burgers,270 kr,50,Late,Returning
106020,2026-05-15,19,STOCKHOLM,Burgers,240.0,18,On time,Returning
105196,3 May 2026,13,Lund,Vegan,238.0,29,On time,Returning
109283,2026-06-28,14,Stockholm,Pizza,SEK 224,34,On Time,returning
104545,25 Apr 2026,20,Stockholm,Indian,276.0,33,On time,Returning
105198,2026-05-03,12,Lund,Burgers ,318.0,32,On time,RETURNING
110608,16 Jul 2026,12,Stockholm,Vegan,253.0,35,On time,NEW
106321,19/05/2026,12,GÖTEBORG,Kebab ,271,40,on time ,Returning
100907,07.03.2026,18, Stockholm,Sushi,223 kr,35,on time ,New
105914,13.05.2026,23,Lund ,THAI,326,43,On time,New
102032,2026-03-22,20,Uppsala,pizza,316.0,33,On time,New
111462,2026-07-27,18,Stockholm,Pizza,253,41,On time,Returning
112142,2026-08-05,20, Lund,Pizza,247,26,On time,Returning
102494,2026-03-29,17,Göteborg,Sushi,304.0,37,On time,New
109183,27 Jun 2026,9,Göteborg,Pizza,"268,0",39,On time,Returning
107948,10 Jun 2026,14,Göteborg,Sushi,237,48,Late,Returning
105846,12/05/2026,20,Uppsala,kebab,355.0,48,Late,Returning
107970,10/06/2026,19,Stockholm,Sushi,278 SEK,46, late,Returning
109107,2026-06-26,12,Stockholm,Thai,359.0,29,On time,Returning
105093,03.05.2026,9,Göteborg,SUSHI,210.0,32,On time,Returning
100071,23.02.2026,12,Uppsala,Sushi,304.0,37,On time,Returning 
108024,11 Jun 2026,11,Stockholm ,Pizza,111.0,43,On time,New
110540,2026-07-15,18,Malmö, Burgers,251.0,37,On Time,New
109114,2026-06-26,11,Stockholm,KEBAB,275.0,31,On time,Returning
111570,2026-07-29,20,,Burgers,"202,0",49,Late,New
109670,2026-07-04,18,Göteborg,Pizza,205,37,On time,new
112569,2026-08-11,11,Göteborg,Burgers,253.0,27,on time,Returning
107026,2026-05-28,20,Uppsala,Pizza,"274,0",30,On time,New
106458,2026-05-21,17,Gbg, Vegan,"315,0",45,On time,Returning
103708,2026-04-13,11,Malmö,KEBAB,203.0,37,on time,new
108519,2026-06-17,11,stockholm,Pizza,SEK 181,33,On Time,Returning
113109,18.08.2026,11,STOCKHOLM,Indian,246.0,23,On time,New
104636,2026-04-26,20,STOCKHOLM,Burgers,271.0,47,LATE,Returning
102273,2026-03-26,12,Stockholm ,Burgers,313.0,26,On time, new
104131,2026-04-19,12,Stockholm,Pizza,214.0,34,On Time,New
113404,2026-08-22,11,Malmö,Thai,256.0,37,On time, Returning
104881,2026-04-30,18,Stockholm,Thai,180.0,47,Late,New
109156,27 Jun 2026,12,Göteborg,Pizza,280,48,Late,Returning
101379,2026-03-13,19,Lund ,Pizza,178 SEK,26,On time,Returning
105812,2026-05-12,22,Stockholm ,Pizza,"283,0",15,On time,Returning
104684,2026-04-27,12,Gbg,Indian,309,48,Late,Returning
110111,2026-07-10,12,Göteborg,Burgers,359,23,on time,Returning
102586,30/03/2026,13,göteborg,Sushi ,"223,0",40,On time,New
102205,2026-03-25,16, Göteborg,Vegan,312.0,29,On time,Returning
102821,2026-04-02,20,stockholm,Vegan,190.0,35,On Time,New
100575,2 Mar 2026,16,Stockholm,Kebab,310.0,28,on time,New 
100298,27 Feb 2026,18,Göteborg,Pizza,248.0,38,on time,Returning
107124,2026-05-30,10,Stockholm,Kebab,191,23,On time,Returning
109610,03/07/2026,14,Göteborg, Indian,282.0,35,On time,Returning
113153,2026-08-19,19,STOCKHOLM,Kebab,245.0,34,On time,New
104675,2026-04-27,20,Göteborg,Burgers,248.0,31,On time,New
110663,17 Jul 2026,21,Stockholm,Thai,"296,0",47,Late,Returning
102233,25/03/2026,18,Malmö, Pizza,200.0,39,ON TIME,New
106294,2026-05-18,13,Malmö,Kebab,275.0,58,Late, new
110091,2026-07-09,19,Malmö ,Pizza,195.0,30,On time,returning
100766,2026-03-05,9,Stockholm,Burgers,228.0,35,on time,Returning
109822,5 Jul 2026,13,Lund,Kebab,"180,0",47,Late,New 
105549,2026-05-08,17,Lund, Kebab,280.0,30,On time,Returning
111344,26/07/2026,16,GÖTEBORG,Sushi,250.0,39,On time,New
106050,2026-05-15,16,Lund,Kebab ,SEK 248,15,On time,New
100031,23.02.2026,12,Stockholm,Vegan,334.0,17,ON TIME,New
106637,23.05.2026,19,Stockholm,Pizza,209,44,On time,RETURNING
113276,2026-08-20,20,Uppsala ,Burgers,214,32,On time,New
100695,2026-03-04,11,Göteborg, Pizza,299.0,25,On time,New
110076,2026-07-09,11,Stockholm,Thai,319.0,59,Late,Returning
104162,19 Apr 2026,12,Lund,Pizza,317.0,29,On time,Returning
108908,2026-06-23,19, Göteborg,indian,258.0,47,Late,Returning
102153,24 Mar 2026,18,STOCKHOLM,Burgers,188.0,42,On time,returning
105111,2026-05-03,15,,VEGAN,217,34,On time,Returning
106680,2026-05-24,12,göteborg,Indian,268.0,35,On time,Returning
101725,2026-03-18,19,Malmö ,Kebab,182.0,27,On Time,Returning
105716,2026-05-10,20,Uppsala ,Kebab,247,38,On time,New
106448,2026-05-21,9,Göteborg,Indian,278.0,50,Late,Returning
109487,01.07.2026,12,Stockholm,Indian,209,21,On time,New
109465,1 Jul 2026,15,Göteborg,Burgers,275.0,29,On time,Returning
104442,2026-04-24,13,Göteborg,Pizza,"322,0",63,LATE,Returning 
100650,03/03/2026,20,Malmö,Pizza,298 kr,23,On time,Returning
100094,2026-02-24,11,Göteborg,Kebab,361.0,46,Late,New
101720,18/03/2026,21,Stockholm,Pizza,186 kr,22,On Time,Returning
104913,2026-04-30,20,Malmö,Sushi ,276.0,31,On time,Returning
104670,2026-04-27,19,Göteborg,SALAD,172.0,32,On time,New
110096,09.07.2026,20,Uppsala,Sushi,285.0,28,On time,RETURNING
102346,2026-03-27,18,Stockholm,Burgers,357.0,34,On time,New
103829,15.04.2026,11,Stockholm,Pizza,274 kr,20,On time,New
103743,14 Apr 2026,18,Stockholm,Burgers,267.0,21,On time,New
102752,2026-04-01,20,Stockholm ,Burgers,203.0,46,Late,New
108528,2026-06-17,18,Malmö,Pizza,340 kr,26,On time, Returning
100703,2026-03-04,20,stockholm,BURGERS,281.0,56,Late,Returning
106494,2026-05-21,22,Sthlm,Thai,204,44,On time,returning
102488,2026-03-29,10,göteborg,Thai,281.0,54,Late,New
101033,2026-03-08,9,Malmö,Burgers,206 SEK,25,On time,Returning
107389,2026-06-02,11, Malmö,pizza,252.0,42,ON TIME,New
111305,2026-07-25,12,Stockholm,Burgers,"214,0",31,On time,Returning
113489,2026-08-23,17,Stockholm,Kebab,313,35,On time,Returning
111800,2026-08-01,15,Stockholm,Thai,SEK 360,53, late,New
105328,2026-05-05,20,Malmö,Salad,SEK 305,30,On time,Returning
103908,16.04.2026,18,Malmö ,Indian,"312,0",25,on time ,Returning 
111374,26 Jul 2026,10,Stockholm,Salad,180.0,44,On time,new
101158,2026-03-10,17,Stockholm,Sushi,240.0,32,On time,Returning
112911,15 Aug 2026,17,Lund,thai,231 kr,66,Late,Returning
102864,2026-04-03,11,Göteborg,Burgers,247,33,On Time,New
105659,2026-05-10,11,Gbg,KEBAB,212 kr,39,On time,Returning
105260,2026-05-04,19,MALMÖ,Salad ,"259,0",19,On time,New
108627,2026-06-19,12,Stockholm,Thai,295.0,47,Late,Returning
103264,08.04.2026,12,Göteborg,Pizza,262.0,42,On time,RETURNING
100276,2026-02-26,21, Uppsala,Kebab,228.0,43,On time,Returning
111631,30 Jul 2026,20,Göteborg,indian,190,31,On time,NEW
102947,2026-04-04,15,Stockholm,Burgers,425.0,20,On time,New
111440,2026-07-27,20,,Pizza,240.0,35,On time, Returning
100526,2026-03-01,12,Lund , Pizza,"179,0",31,on time ,Returning
112462,2026-08-09,18,Malmö,Thai,333.0,40,On time,New
110149,2026-07-10,13,Malmö,Kebab,232.0,27,On time,Returning
102050,2026-03-23,12,Göteborg,Salad,283.0,32,On time,New
102467,2026-03-28,18,Uppsala ,Pizza,166.0,43,On time,Returning 
111844,01/08/2026,12,uppsala,Indian,283.0,35,On time,Returning
113071,18 Aug 2026,17,Göteborg,Burgers,"294,0",32,On time,New
109747,05.07.2026,12,Göteborg,Pizza,273 kr,56,Late,New
113331,21/08/2026,17,Malmö,Pizza,181,37,On time,Returning 
108991,2026-06-24,11,STOCKHOLM,Indian,291 SEK,34,on time,NEW
102905,03.04.2026,12,Stockholm, Vegan,305.0,46,Late,New
110065,09/07/2026,15,Stockholm,Pizza,238.0,41,On time,Returning
104591,2026-04-26,18,Göteborg ,Kebab,285.0,-5,,New
101904,21 Mar 2026,14, Stockholm,Pizza,"249,0",43,On time,New
106845,2026-05-26,21,Göteborg,Sushi,148.0,54,Late,Returning
101343,2026-03-13,11,Stockholm,Pizza,195 SEK,44,On time,Returning
109085,2026-06-25,9,Lund,Pizza,178,38,On Time,New
110214,2026-07-11,18,Stockholm,Kebab,"277,0",29,On Time,Returning
109206,2026-06-27,20,Stockholm,Pizza,282.0,36,On time,New
100146,25 Feb 2026,18,Göteborg,Sushi,"262,0",74,LATE,Returning
105816,2026-05-12,18,Stockholm,burgers,192.0,37,On time,New
100817,2026-03-06,16,Göteborg,Sushi,352.0,41,On time,Returning
103027,2026-04-05,13,göteborg,THAI,"155,0",42,On time,Returning
104337,22/04/2026,13,Stockholm,Indian,209.0,43,On time,Returning
103408,10.04.2026,19,Göteborg,Burgers,334 kr,27,On time,New 
109506,2026-07-01,17,Stockholm,BURGERS,"253,0",45,On time,Returning
100133,24.02.2026,15,Malmö,Kebab,"270,0",51,late,Returning
106380,20.05.2026,23,Göteborg,Pizza ,255.0,43,On time,Returning
110604,16.07.2026,17,Sthlm,Burgers,117.0,40,On time,RETURNING
109003,24.06.2026,20,Stockholm,Pizza,296.0,45,On time,Returning
112811,2026-08-14,20,Uppsala,Pizza,185,41,On time,New
104348,2026-04-22,17,Stockholm,Thai,275.0,53,Late ,NEW
106061,16.05.2026,12,Göteborg,Kebab,SEK 294,44,On time,New
112476,09.08.2026,11,uppsala,Salad,SEK 303,36,On time,New
100757,2026-03-05,13,STOCKHOLM,KEBAB,335.0,20,On time,NEW
100663,2026-03-03,18,Malmö,SUSHI,"321,0",15,On time,RETURNING
107737,2026-06-07,20,Göteborg,Burgers,227.0,31,On time, Returning
108194,2026-06-13,17,Stockholm ,BURGERS,330.0,51,Late,Returning
104709,2026-04-27,13,malmö,Burgers,202.0,39,on time ,New
102253,2026-03-26,13,Göteborg,Kebab,262 kr,46,Late,Returning
109456,2026-06-30,12,Uppsala,Pizza,226 kr,43,Ontime,Returning
110385,2026-07-13,18,Stockholm,Sushi,228.0,32,On time,Returning
105647,2026-05-10,12,Göteborg,Thai,164.0,28,On time,Returning
100015,2026-02-23,15,Göteborg,Burgers,323.0,42,On time,Returning
110363,2026-07-13,9,Sthlm,Kebab,215.0,55,Late,New
104042,2026-04-18,20,Malmö,BURGERS,172.0,30,On Time,New
106778,2026-05-25,12,Stockholm,Burgers ,245 kr,26,on time,Returning
106346,2026-05-19,12,Malmö,Vegan,221 SEK,54,Late,Returning
101343,2026-03-13,11,Stockholm,Pizza,195.0,44,Ontime, Returning
112509,2026-08-10,15,Stockholm,Burgers,342 kr,36,On time,Returning
112405,9 Aug 2026,10,Göteborg,Kebab,297,21,ON TIME,Returning
100233,26 Feb 2026,18,Göteborg,thai,249,46,Late,Returning
109444,2026-06-30,16,Malmö,Sushi,"290,0",42,On time,Returning
112998,17 Aug 2026,18,Gbg,Indian,275.0,32,On time,Returning
108195,2026-06-13,18,Stockholm,Thai,285.0,40,On time,Returning
110546,2026-07-15,9,Malmö,Thai,155.0,30,On time,New
108615,2026-06-19,16,Göteborg,Thai,"357,0",33,On time,Returning 
112339,8 Aug 2026,17,Stockholm,Sushi,236.0,53,late,New
103906,2026-04-16,12,Malmö,Sushi,282.0,31,On time,Returning
111589,29 Jul 2026,19,Stockholm,Burgers,246.0,31,On time,Returning
107122,30.05.2026,17,Stockholm,Kebab,165.0,42,On time,returning
111293,2026-07-25,12,Stockholm,Thai ,200.0,53,Late,Returning
113005,17.08.2026,17,Göteborg,Thai,369.0,23,On time,Returning
105527,8 May 2026,18,malmö,Pizza,326 kr,30,On time, new
108214,2026-06-13,9, Uppsala,pizza,302,38,On time,Returning
107383,2026-06-02,17,Malmö,Kebab,256.0,42,On time,Returning
103230,2026-04-07,17,Malmö,Indian,271 kr,39,On time,Returning
105009,2026-05-01,20,Lund,Salad,182 kr,39,On time,NEW
101608,2026-03-16,13, Uppsala,burgers,177.0,67,Late,New 
100261,2026-02-26,17,stockholm,Indian,269,50, late,Returning
102613,2026-03-30,11,Stockholm,Burgers,165.0,46,Late, Returning
104183,2026-04-20,12,Göteborg,Burgers,206.0,45,Ontime,returning
105490,2026-05-08,11,Göteborg,Pizza,"325,0",30,On time,Returning
105787,11/05/2026,15,Malmö,Burgers,225.0,39,On time,Returning
112787,2026-08-14,13,Stockholm,salad,301.0,42,On time,New
104673,27/04/2026,14,Göteborg,Sushi,247.0,42,On time,Returning
111777,2026-08-01,17,Göteborg,Kebab,309.0,17,on time ,New
103223,2026-04-07,17,Sthlm,Kebab,348.0,38,On time,Returning
108865,2026-06-22,20,Stockholm , Pizza,"211,0",48,LATE,New 
104967,2026-05-01,18,Stockholm,Sushi,246.0,38,On time,Returning
103530,2026-04-11,9,Malmö,Burgers,262.0,28,On time,New
100060,2026-02-23,22,Malmö,Burgers,"295,0",0,,New
111721,31.07.2026,20,Göteborg,Kebab,342.0,24,On time,New
108144,2026-06-13,14,Göteborg,Kebab,375,50,Late,Returning
111327,2026-07-25,18,Uppsala,Kebab,100.0,50,Late,Returning
101195,2026-03-11,11,Stockholm,Kebab,194.0,39,On Time, Returning
104587,25 Apr 2026,20,Lund,PIZZA,323.0,50,Late,Returning
110959,21/07/2026,21,Gbg,Sushi,251.0,37,On time,Returning
100788,2026-03-05,16,Uppsala,Indian ,"245,0",49,Late,Returning
101111,2026-03-09,12,Malmö,Pizza,"193,0",37,On time,New
106163,17/05/2026,12,stockholm,Thai,320.0,30,On time,Returning
110115,10/07/2026,18,göteborg,Thai,110.0,33,On time,New
110734,18 Jul 2026,19,Stockholm,Burgers ,362 kr,34,on time,New
111702,31 Jul 2026,12,Göteborg,Vegan,202.0,49,Late,Returning
104653,2026-04-26,19,Uppsala,Pizza,221.0,30,On Time,Returning
113410,2026-08-22,11, Malmö,Burgers ,217,56,Late,Returning
107028,2026-05-28,19, Lund,Burgers,355.0,35,On time,New
113469,2026-08-23,12,Stockholm,Indian,245 SEK,31,On time, new
103765,14.04.2026,14,stockholm,Thai,244.0,43,On time,Returning
109953,2026-07-07,22,Lund,Sushi,358 kr,48,Late,Returning
102782,2026-04-01,12, Uppsala,Pizza,231.0,27,on time ,New
101936,21 Mar 2026,20,Malmö,Burgers,368.0,32,On time,Returning
107066,2026-05-29,20,Stockholm,Pizza,281.0,57,Late,returning
108563,2026-06-18,12,Stockholm,Burgers,SEK 338,37,ON TIME,NEW
108840,21 Jun 2026,12,lund,Burgers,164.0,31,On time,New
107178,2026-05-30,11,Lund,Thai,302.0,39,On time,Returning
100681,2026-03-04,13,Göteborg,Burgers,251 SEK,32,On time,Returning
104762,2026-04-28,12,Stockholm,Kebab,225.0,33,On time,New
100043,2026-02-23,18,Stockholm,Kebab,262.0,25,On time,New
108051,2026-06-11,11,Malmö,Kebab ,218.0,31,On time,Returning
101552,16 Mar 2026,14,Göteborg,Vegan,229 kr,28,On time,Returning
108343,2026-06-15,20,Stockholm,Pizza,256.0,36,On time,New
105513,8 May 2026,16,Stockholm,Vegan,258.0,67,Late,Returning
111547,2026-07-28,20,Malmö,Thai,237 SEK,34,On time,New
113024,17.08.2026,9,Stockholm,Sushi,291,49,Late,New
106370,2026-05-20,16,Göteborg,Pizza,246.0,35,On time,Returning
112006,4 Aug 2026,10,göteborg,thai,309,59,Late,Returning
105946,2026-05-14,14,STOCKHOLM,Thai,137.0,19,ON TIME,Returning
110440,14.07.2026,15,Stockholm,Burgers,232.0,24,on time,Returning
103933,2026-04-17,14,Göteborg,Pizza,213.0,38,On time,Returning
100969,08/03/2026,15,Göteborg ,burgers,166,35,On time,New
102281,2026-03-26,9,Stockholm,Pizza,"174,0",46,Late ,Returning
107882,09.06.2026,14,STOCKHOLM,Salad,290.0,43,ON TIME, Returning
109713,2026-07-04,13,Malmö,Thai,302.0,36,On time,Returning
110110,2026-07-10,19,Göteborg,Kebab,183.0,44,On time,Returning
100592,2 Mar 2026,11,,Thai,"327,0",36,On time,RETURNING
108657,2026-06-19,19,Stockholm,Sushi,"213,0",43,on time ,New
108292,14 Jun 2026,18, Malmö,Thai,"262,0",32,On time,New
104613,2026-04-26,10,Stockholm,Indian,SEK 274,22,On time,Returning
101138,10 Mar 2026,12,GÖTEBORG,Indian,253 kr,16,On time,Returning 
110982,2026-07-21,13,STOCKHOLM,Burgers,SEK 243,43,On time,Returning
103244,2026-04-07,19,,Sushi,201,51,Late,New
108087,12 Jun 2026,17,Göteborg,pizza,259.0,55,Late,Returning
100027,23 Feb 2026,9,Stockholm,Thai,339,46,Late,Returning
108512,17 Jun 2026,16,STOCKHOLM,Kebab,222.0,24,On time,Returning
113339,21 Aug 2026,11,Uppsala,Burgers,315.0,54,Late,New
110633,2026-07-16,12,Uppsala,Pizza,286.0,37,ON TIME,returning
101724,18.03.2026,13,Malmö,Kebab ,190.0,43,On Time,Returning 
100955,2026-03-07,13,Lund,Salad,"163,0",43,On time,Returning
103313,2026-04-08,14,Uppsala,Sushi,197.0,44,On time,Returning
106041,15 May 2026,11,Malmö ,Pizza,291.0,42,On time,Returning
110348,2026-07-13,20,Göteborg,Salad,310 SEK,25,On time,New 
106618,23.05.2026,22,Göteborg,Burgers,270,33,On time,Returning
106580,22/05/2026,10, Malmö,Sushi,109.0,49,LATE,Returning
106226,17.05.2026,14,Lund ,Pizza ,320.0,29,On time,Returning
107194,2026-05-31,16,göteborg,Thai,254.0,26,On time,Returning
106160,17 May 2026,15,Göteborg,Pizza,272 SEK,39,On time,Returning
110727,2026-07-18,21,Göteborg,Thai,266.0,49,Late, Returning
112345,2026-08-08,23,STOCKHOLM,Burgers,237 SEK,57,Late,Returning
112108,5 Aug 2026,17,Stockholm, Pizza,256.0,44,On time,Returning
100343,27 Feb 2026,14,malmö,Vegan,"223,0",52,Late,Returning 
113123,2026-08-18,12,Malmö, Vegan,142.0,41,On time,New
106169,17.05.2026,18,Sthlm,Pizza,292.0,40,On time,Returning
111767,31.07.2026,19,Lund,Pizza,143.0,43,On time,new
101879,2026-03-21,12, Göteborg,Sushi,319.0,29,On time,New
113460,2026-08-23,18,Stockholm,Burgers,SEK 195,42,On Time,Returning
104685,27.04.2026,18,Göteborg,Kebab,"155,0",48,Late,New
105150,2026-05-03,11,Stockholm,Vegan,143.0,40,On time,Returning
106107,2026-05-16,20,Malmö,Burgers,"231,0",38,ON TIME,Returning
110419,2026-07-14,19,Göteborg,PIZZA,313.0,30,On time,New
102637,30.03.2026,11,uppsala,kebab,191 SEK,21,On time,New
111455,27 Jul 2026,11,Stockholm,Indian,270.0,33,on time ,Returning
102872,3 Apr 2026,12,Gbg,indian,241.0,40,On time,New
104126,19.04.2026,14,Stockholm,Burgers,222.0,52,Late,New 
113063,18 Aug 2026,12,Göteborg,Burgers,255.0,42,On time,Returning
109731,4 Jul 2026,12, Uppsala,Kebab,195 SEK,35,On time,Returning
101981,2026-03-22,12,Stockholm,Pizza,240.0,25,ON TIME,Returning
107131,2026-05-30,13,Stockholm,Burgers,202.0,26,On Time,returning
108757,2026-06-20,12,Lund,Burgers,"206,0",45,On time,New
111153,2026-07-23,20,Malmö,Thai,320.0,59,late,New
113415,2026-08-22,22,Malmö,Kebab,244.0,45,On time, Returning
100958,2026-03-07,18,Lund,Sushi ,237,47,Late,Returning
103606,2026-04-12,13,Stockholm,Pizza,276.0,33,on time ,New
112525,2026-08-10,18,Sthlm,Burgers,305 kr,25,on time,Returning
100032,2026-02-23,14,Sthlm,Pizza,292,45,On time,Returning
110312,2026-07-12,17,Stockholm,Pizza,226.0,50,late,Returning 
100918,7 Mar 2026,12,Stockholm,Kebab,192.0,31,On time,New
107522,04.06.2026,12,Stockholm,Pizza,223.0,33,On time,New 
103352,9 Apr 2026,20,Stockholm ,Thai,296.0,32,On time,Returning
111968,2026-08-03,18,Stockholm,Thai,181,16,on time,Returning
110326,12 Jul 2026,12,Malmö,Burgers,"253,0",34,On time,Returning
112822,15 Aug 2026,19,Gbg,Sushi,374.0,36,ON TIME,Returning 
104627,2026-04-26,12,Stockholm,Indian,"269,0",23,on time,Returning
112344,2026-08-08,13,Stockholm, Salad,315.0,27,on time ,Returning
108650,2026-06-19,19,Stockholm ,Pizza,204 SEK,54,Late,New
112871,2026-08-15,13, Stockholm,Thai,359.0,45,On Time,Returning 
107782,2026-06-07,16,Malmö,pizza,314 kr,39,On time,Returning
109240,2026-06-27,18,Uppsala,Thai,276.0,38,On time,Returning
103695,2026-04-13,20,Stockholm,Salad,243.0,33,On time,New
107320,2026-06-01,20,Malmö,Indian,272.0,45,on time ,Returning
102356,2026-03-27,20,Stockholm,Burgers,298 SEK,21,On time,Returning
102052,23/03/2026,23,Göteborg,Pizza,293 kr,33,On time,Returning
111501,2026-07-28,15,Göteborg,Pizza,"237,0",28,Ontime,Returning
100538,2 Mar 2026,17,Göteborg,Indian,239.0,43,On time,New
100398,2026-02-28,13,Stockholm,Salad,231,32,On time,New
106019,15 May 2026,12,Stockholm,Kebab,191.0,33,On time,New
108365,15 Jun 2026,12,Stockholm,pizza,198,26,On Time,New
103007,2026-04-04,12,Uppsala,Kebab,352.0,15,On time,New
102148,24 Mar 2026,23,Stockholm,Sushi,193 kr,32,On time,New
101669,17 Mar 2026,12,Malmö,Pizza ,"339,0",30,On time,New
105859,13 May 2026,11,Göteborg,Pizza,202.0,999,,Returning
109618,2026-07-03,23,STOCKHOLM,Indian,206,43,Ontime,Returning
110644,2026-07-17,13,Göteborg,Pizza,263.0,37,On time,New
106776,25.05.2026,20, Stockholm,Salad,255.0,44,On Time,New
108722,2026-06-20,13,Stockholm,Pizza,231.0,39,On time,Returning
102399,2026-03-27,12,Lund, Burgers,109.0,46,Late,Returning
101222,11/03/2026,14,Stockholm,Kebab,266.0,51,Late,Returning
111526,28/07/2026,11,,Indian,170,41,On time,Returning
107877,2026-06-09,17,Göteborg,Burgers,"231,0",45,On time,New
105906,2026-05-13,13,Uppsala,Pizza,275.0,43,On time,Returning
104953,2026-05-01,20,Göteborg,Sushi,SEK 285,26,On time,Returning
105185,2026-05-03,11,Uppsala ,burgers,176 kr,45,On time,New
107458,03/06/2026,14,Stockholm,Thai,265.0,31,On time,returning
103501,2026-04-11,14,Stockholm,Thai,148.0,29,On time,Returning
111194,2026-07-24,14,Stockholm,Burgers,288 SEK,16,On time,Returning
104938,30.04.2026,16,lund,Indian,275.0,32,On time,returning
100262,2026-02-26,19,Stockholm,pizza,271.0,40,On time,New
100946,07/03/2026,11,Uppsala,Thai,267 SEK,35,On time,New
101852,2026-03-20,11,Sthlm,Burgers,"196,0",52,Late,Returning
102656,2026-03-31,21,göteborg,Salad,309 kr,35,On time,New
110181,11/07/2026,11,göteborg,Kebab,229 kr,36,On time,Returning
102792,2026-04-02,11,Göteborg,Kebab,291.0,43,ON TIME,Returning
102394,27 Mar 2026,14,lund,pizza,312,40,On Time,New
104869,2026-04-30,19,Göteborg,Vegan,"194,0",34,On time,Returning
104704,27 Apr 2026,11, Stockholm,Burgers,193.0,33,On time,Returning
107150,2026-05-30,17,MALMÖ,Pizza,186.0,40,On time,returning
108440,16.06.2026,19,Stockholm,Pizza,257.0,43,On time,New
105867,13/05/2026,17,Göteborg,Pizza,"307,0",38,on time,New
100399,2026-02-28,16,Stockholm,Burgers,330,42,On time,Returning
100571,2026-03-02,19,stockholm, Indian,278 kr,45,On time,Returning
100566,2 Mar 2026,19,Stockholm,salad,213.0,31,on time,RETURNING
102738,01/04/2026,16,Göteborg,Vegan,278,29,ON TIME,Returning
100912,2026-03-07,22,Stockholm,Burgers,261.0,44,On time,Returning
109151,26/06/2026,12,lund,Thai,160 SEK,32,on time ,Returning
103465,10.04.2026,12, Uppsala,Sushi,307,27,On time,New
100769,5 Mar 2026,15,Stockholm,Pizza,"236,0",34,On time,Returning
105519,2026-05-08,18,Malmö,Pizza,165.0,39,On time,Returning
102720,2026-03-31,15,Lund,thai,270.0,34,On time,Returning
106476,21 May 2026,17,Stockholm,Burgers,148.0,42,on time,New
111492,27 Jul 2026,19,Lund,Thai,"191,0",45,On time,Returning
110978,2026-07-21,12,Stockholm,Burgers,205.0,42,On time,New
104276,2026-04-21,18,Stockholm,Salad,305 kr,53,Late,New
112197,06.08.2026,16,malmö,Pizza,132.0,64,LATE,Returning
109957,2026-07-07,17,Lund,Sushi,328.0,35,On time,Returning 
105665,2026-05-10,12,Stockholm,Indian,322.0,17,On time,Returning 
103213,2026-04-07,19,Stockholm,Vegan,297.0,34,On time,Returning
103595,2026-04-12,21,STOCKHOLM,Vegan,211.0,46,Late ,returning
101964,2026-03-22,10,Göteborg,Burgers,326.0,49,Late,New
109698,2026-07-04,9,Stockholm,Thai,285.0,42,On time,Returning
112243,7 Aug 2026,18,Sthlm,Burgers,250,27,On time,Returning
103428,10 Apr 2026,11,Stockholm ,Burgers,256.0,35,on time,New
101944,2026-03-21,11, Uppsala, Sushi,239,50,Late,New
106783,2026-05-25,12,Stockholm ,Thai,201,26,On time,Returning
102255,26.03.2026,11,Göteborg,Salad,401.0,27,On time,New
103153,2026-04-06,22,Stockholm,THAI,339.0,23,On time,Returning
104495,24/04/2026,12,MALMÖ,Burgers,332.0,44,On time,Returning
111577,29 Jul 2026,19,Stockholm,Pizza,382.0,21,On time,New
104014,18/04/2026,14,Stockholm,THAI,324.0,38,On time,New
112058,4 Aug 2026,20,Malmö,VEGAN,244,31,On time,Returning
106674,23/05/2026,19, Lund,indian,301.0,42,On time,Returning
101514,15 Mar 2026,12,Stockholm,Burgers,169 kr,29,On time,New
100207,2026-02-25,19,,Thai,"236,0",46,Late,Returning
109217,27.06.2026,23,STOCKHOLM, Indian,232.0,33,On time,Returning
112432,2026-08-09,15,STOCKHOLM,Burgers,273,26,On time,Returning
105767,2026-05-11,14,Stockholm,Burgers,253.0,53,Late ,Returning
103918,2026-04-16,11,Uppsala,Sushi,228.0,16,on time,New
108425,16 Jun 2026,12,Stockholm, Pizza,SEK 315,40,on time,New
109393,29 Jun 2026,18,Uppsala,Thai,252.0,999,,New 
101770,19.03.2026,14,Stockholm ,Burgers,178.0,43,On time,Returning
100306,2026-02-27,11,Stockholm,Kebab,230 kr,37,on time , Returning
109019,24/06/2026,20,Uppsala,Pizza,241 SEK,56,Late,Returning
102798,02.04.2026,15,göteborg,THAI,236.0,37,On time,Returning
108768,2026-06-21,14,Göteborg,Pizza,"114,0",27,On time,New
104248,2026-04-21,13,Göteborg,Burgers,"262,0",40,On time,Returning 
112766,2026-08-14,11,Göteborg ,Pizza,"221,0",47,Late,NEW
100604,2026-03-02,22,Lund,Pizza,168.0,27,On time,New
113081,2026-08-18,17,Göteborg,Indian,247 kr,40,On Time,New
107708,2026-06-06,11,Lund,Vegan,305.0,-5,,New
100693,2026-03-04,18,Göteborg,Kebab,191.0,32,ON TIME,New
110020,8 Jul 2026,23,Uppsala,Indian,266.0,23,On time,New
109403,2026-06-30,12,Göteborg,Sushi ,347.0,37,On time,New
107983,10.06.2026,12,Malmö,Vegan,245.0,41,On time,New
110267,2026-07-12,11,Göteborg,Sushi,267.0,40,On time,Returning
100527,2026-03-01,10,Lund,Indian,187.0,43,On time,New
111121,23.07.2026,23,Sthlm,Burgers,287 SEK,49,Late,New
107317,2026-06-01,15,Malmö,Pizza,273.0,55,Late,Returning 
108013,2026-06-11,15,Göteborg,SALAD,209.0,30,On time,returning
101886,21/03/2026,19,Göteborg,Thai,220 kr,25,On time,Returning
104062,2026-04-18,22,Uppsala,Kebab,257.0,50,Late,Returning
104456,24.04.2026,11,Stockholm,Kebab,"259,0",42,On time,Returning 
107447,03/06/2026,13,Stockholm,Kebab,247.0,26,on time ,Returning
107499,2026-06-04,21,Göteborg, Burgers,255,36,On time,Returning 
100410,28 Feb 2026,21,Stockholm,Pizza,241.0,27,on time,Returning
112313,8 Aug 2026,18,Göteborg,Sushi,226.0,41,On time,New
104995,01/05/2026,18,Malmö,Thai,220,33,On time,Returning
112744,2026-08-13,17, Uppsala,Sushi,258.0,41,On time,New
103294,8 Apr 2026,10,Stockholm,Thai,219.0,35,On time,Returning
113088,2026-08-18,12,Stockholm,Burgers,192.0,43,On time,Returning
106336,2026-05-19,21,Stockholm,Burgers,318,33,On time,New
101996,22 Mar 2026,15, Stockholm,Indian,285.0,36,On time, Returning
108842,21/06/2026,11,Lund,Burgers,"193,0",35,On time,Returning
104301,2026-04-21,12,lund,Burgers,"290,0",32,Ontime,Returning
101476,2026-03-15,15,göteborg,Thai,225.0,50,Late ,New
112567,11/08/2026,21,Göteborg,Burgers,327 SEK,31,on time,Returning
100944,2026-03-07,15,Malmö,Thai,284 kr,29,On time,Returning
105892,2026-05-13,19,malmö,Burgers,265.0,34,on time,Returning
104769,2026-04-28,14,Stockholm,Burgers,409.0,19,On time,Returning
113230,20/08/2026,17,Stockholm,Burgers,217.0,27,On time,Returning
108298,14/06/2026,16,Uppsala,Pizza,257 SEK,22,on time ,New
109950,2026-07-07,23, Uppsala,Pizza,284.0,37,On time,Returning
110310,12 Jul 2026,18,Stockholm,Kebab,301.0,36,On time,Returning 
103230,2026-04-07,17,Malmö,Indian,271 SEK,39,on time ,Returning
106482,2026-05-21,20,Stockholm,Sushi,257,22,on time ,Returning
112513,10 Aug 2026,11,Stockholm, Thai,313.0,47,Late,New
109742,2026-07-05,12,Göteborg,Kebab ,272,31,On time,new
100517,2026-03-01,10,Uppsala,Thai,"295,0",35,on time ,Returning 
101619,2026-03-17,21,GÖTEBORG,Sushi,318.0,34,On Time,Returning 
108783,2026-06-21,11, Göteborg,indian,296.0,22,On time,New
112257,2026-08-07,10,Sthlm,Burgers,246,41,On time,Returning
100953,07/03/2026,18,Uppsala,Sushi,288.0,46,Late,Returning
102889,2026-04-03,9,Stockholm,Sushi,SEK 140,50,LATE,Returning
108178,13 Jun 2026,19,Stockholm,Pizza,250.0,54,Late,Returning
101375,2026-03-13,18,Uppsala,Indian ,310,20,On time,New
101137,10.03.2026,20,Göteborg,Thai,"233,0",37,On time,Returning
110686,17 Jul 2026,19,Malmö,Salad,281.0,38,On time,Returning
101640,17/03/2026,19,Stockholm,Pizza,229.0,46,Late ,Returning
106314,2026-05-19,19,Göteborg,Sushi,SEK 294,46,Late,New
111303,2026-07-25,17,Stockholm,Indian,"182,0",52,Late,Returning
109468,2026-07-01,11,Göteborg,Salad,198.0,44,on time ,New
100937,2026-03-07,16, Malmö,Indian,320.0,42,On time,Returning
101925,2026-03-21,12, Malmö,Burgers ,350.0,34,On time,Returning
103746,14.04.2026,12,Stockholm,Thai ,218.0,34,ON TIME,New
102673,2026-03-31,16,Stockholm,Pizza,258.0,29,On time,New
102947,4 Apr 2026,15,stockholm,Burgers,425,20,on time ,New
111532,28 Jul 2026,11,Stockholm,Pizza,207.0,39,On time,New
101077,2026-03-09,13,Stockholm,Pizza,340,37,On time,Returning
113356,22 Aug 2026,12,GÖTEBORG,Thai ,292 SEK,40,On time,Returning
106992,2026-05-28,11,Stockholm,Vegan,SEK 218,32,On time,Returning
103648,13/04/2026,18,Göteborg,indian,258 kr,48,Late, Returning
107809,8 Jun 2026,21,Göteborg,Thai,220.0,35,On time,Returning 
109382,29.06.2026,11,Malmö,Pizza,295.0,42,On time, new
103249,2026-04-07,21,Lund,Burgers,220.0,56, late, new
107753,07.06.2026,17,Stockholm,Kebab,304.0,33,On time,new
113447,23/08/2026,13,Gbg,Sushi,281 kr,20,on time ,New
111722,2026-07-31,10,Gbg,Pizza,289,37,On Time,New
105181,2026-05-03,12,Malmö,Burgers ,114,45,On time,Returning
100887,07.03.2026,19,Göteborg,Thai,253.0,41,on time,NEW
102025,2026-03-22,13,Uppsala,Pizza,339.0,35,On time,Returning
112987,2026-08-16,19,Uppsala,KEBAB,304 kr,47,Late,Returning
102963,4 Apr 2026,13,Stockholm,Burgers,180.0,45,On time,Returning
100481,01.03.2026,13,Stockholm,Thai,259.0,35,On time,Returning
105735,2026-05-11,19,göteborg,Kebab,200,32,On Time,Returning
112627,2026-08-12,20,Göteborg,Pizza,"303,0",44,On time,New
106585,2026-05-22,14,MALMÖ,burgers,338.0,25,On time,Returning
107631,2026-06-06,11,Göteborg,Vegan,233.0,34,On time, new
110971,2026-07-21,13,Göteborg,Sushi,"229,0",47,Late,Returning
111600,29 Jul 2026,18,Malmö,Burgers ,275 SEK,36,On time,New 
103022,05.04.2026,19,göteborg,Pizza,243.0,30,Ontime,Returning
100308,27/02/2026,17,Stockholm,Burgers,"240,0",44,On time,Returning
105238,04/05/2026,19,Stockholm,Burgers,248.0,30,On time,New
104652,26/04/2026,14,Uppsala,Sushi,"199,0",42,On time, new
112614,2026-08-11,12,Uppsala ,Burgers,283,38,On time,New
110410,2026-07-13,15,Uppsala,Vegan,211 kr,42,On Time,New
106369,2026-05-19,13,Lund ,Burgers ,"248,0",47,Late,New
108480,17 Jun 2026,13, Göteborg,Sushi,350.0,29,On time,New
102615,30/03/2026,11,stockholm,Vegan,263.0,36,On time,Returning
105121,2026-05-03,12,STOCKHOLM,Pizza,"286,0",38,On time,Returning
105058,2026-05-02,12,Malmö,Burgers,394.0,18,On time,Returning
105164,2026-05-03,20,Malmö ,BURGERS,249,30,On time,NEW
105208,2026-05-04,13,Göteborg,Indian,143.0,43,On time,New 
111130,23.07.2026,12,Stockholm,Pizza,330.0,39,On time,New
108500,2026-06-17,16, Stockholm,Kebab,326,40,Ontime,Returning
106134,2026-05-16,17,Lund,Sushi ,242.0,44,On time,Returning
105254,04/05/2026,12,Malmö,Kebab,173 kr,46, late,Returning
104474,2026-04-24,23,Stockholm, Kebab,259.0,43,on time,Returning
103330,2026-04-09,15,Göteborg,Pizza,189.0,18,On time,Returning
111535,28 Jul 2026,13,Stockholm,Burgers,212.0,52,Late,Returning
102493,2026-03-29,12,Göteborg,Salad,340.0,40,On time,New
108919,2026-06-23,12,Stockholm,Indian,108,43,Ontime,Returning
106331,2026-05-19,11,Stockholm,burgers,249.0,35,On time,Returning
109175,2026-06-27,21,Göteborg,SALAD,329.0,37,On time,New
110565,2026-07-16,18,GÖTEBORG,Thai ,SEK 250,26,on time,Returning
112027,04.08.2026,16,Göteborg,Burgers,253.0,41,On time, new
105656,2026-05-10,13,Göteborg, Pizza,275.0,25,On time,Returning
108569,18/06/2026,20,Stockholm,Pizza,343 kr,26,on time ,Returning
105159,2026-05-03,18,Stockholm,Indian,250,36,On time,Returning
113476,23.08.2026,17,Stockholm,Burgers,222.0,41,On time,Returning
101642,17/03/2026,12,Stockholm ,Sushi,SEK 329,42,On time, new
101817,2026-03-20,9,Göteborg,Vegan,299.0,31,On time,Returning
109129,26 Jun 2026,20,Stockholm, Thai,238.0,40,On time,New 
106210,17 May 2026,11, Malmö,Sushi,288.0,37,On time, Returning
113105,2026-08-18,11,Stockholm,Pizza,295 SEK,41,On time,Returning
104968,01.05.2026,13,Stockholm,Kebab,153.0,23,On time,Returning
113396,2026-08-22,12,Stockholm,Indian,"283,0",31,On time,New
104858,29/04/2026,19,Lund,Pizza,280.0,32,On time,New
112817,2026-08-14,12,Lund,Pizza,315.0,40,On time,Returning
111099,2026-07-22,14,Uppsala,Pizza,195 kr,32,On Time,New
100586,2026-03-02,14,Malmö,Indian,SEK 199,48, late,Returning
107084,2026-05-29,14,Uppsala,Sushi,202.0,31,On time,returning
101906,2026-03-21,12,Stockholm,pizza,331.0,36,On time,Returning
109307,2026-06-28,18,MALMÖ,burgers,"192,0",32,On time,Returning
107027,28.05.2026,13,Lund,Kebab,284.0,33,On time,Returning
106994,2026-05-28,14,STOCKHOLM,Sushi ,240.0,46,Late,New
112255,2026-08-07,13,Stockholm,sushi,245.0,24,On time,New 
103262,08.04.2026,12, Göteborg,Thai,242 SEK,51, late,Returning
101023,08.03.2026,11,Malmö, Kebab,209.0,29,On time,RETURNING
102370,27 Mar 2026,17,,Burgers,193.0,35,On time,new
101473,2026-03-15,19,Göteborg,Indian,164.0,48,Late,Returning
106272,18.05.2026,12,Stockholm,Indian,239.0,31,Ontime,New
101648,2026-03-17,11,stockholm,Burgers,246.0,26,On time,New
112657,2026-08-12,20,Stockholm,Burgers,266.0,40,On time,Returning
111360,26.07.2026,11,Stockholm,Burgers,133,24,On time, Returning
109193,2026-06-27,17,Stockholm,Pizza ,350.0,38,On time,RETURNING
103569,2026-04-12,19,Göteborg ,Burgers,173.0,42,On time,Returning
103356,2026-04-09,18,Stockholm ,Indian,246 kr,33,On time,New 
105054,2026-05-02,18,Stockholm, Pizza,212.0,38,On Time,Returning
105564,2026-05-09,19,göteborg,BURGERS,226.0,33,On time,Returning
102835,02.04.2026,13,Stockholm,Vegan,296.0,59, late,Returning
105173,03.05.2026,10,Malmö,Pizza,196,37,On time,new
105275,04/05/2026,17,Uppsala ,Pizza,"248,0",58,Late,Returning
107090,2026-05-30,19,,Pizza,289,35,On time,RETURNING
101273,12 Mar 2026,14,Stockholm,Salad,"304,0",24,On time,Returning
110307,12.07.2026,16,Stockholm,Vegan,165.0,37,On time,New
113186,2026-08-19,17,Malmö,Kebab,SEK 286,44,on time ,Returning
109111,2026-06-26,21,Stockholm,Pizza,261.0,47,Late,Returning 
110266,2026-07-12,14,Göteborg,Thai,247.0,40,On Time,Returning
112595,2026-08-11,12,Stockholm,Pizza,208.0,31,on time,Returning
105447,2026-05-07,15,Stockholm,Pizza,257.0,48,Late,New
106529,22 May 2026,13,Göteborg,Salad,287.0,31,On time,New
109246,27 Jun 2026,11,Lund,Sushi,194.0,38,On time,Returning
111919,2026-08-02,10,Malmö,Thai,"252,0",33,On time,Returning
111030,2026-07-21,10,Uppsala ,Kebab,"284,0",21,ON TIME,Returning
104879,2026-04-30,11,Göteborg,Kebab,299,53,Late,New
102096,2026-03-23,12,Malmö,Thai,301.0,39,on time,New
100805,06.03.2026,10,Göteborg,Pizza,234.0,22,On time,returning
110701,2026-07-17,20,Uppsala,Sushi,279 kr,29,On time,Returning
107643,6 Jun 2026,13,Stockholm,Burgers,265.0,26,On time,Returning
100949,2026-03-07,12,Uppsala,Burgers,193.0,37,On time,Returning
103076,2026-04-05,21, Stockholm,Kebab,265.0,33,ON TIME,New
102369,27.03.2026,14,Stockholm,Kebab ,280.0,36,on time ,Returning
102534,2026-03-29,12,Stockholm,Pizza,252.0,47,Late,New
105526,2026-05-08,18,Malmö,Kebab,248,34,On time,Returning
102603,30 Mar 2026,23,Stockholm,THAI,185 kr,25,On time,New
108231,2026-06-14,12,Göteborg,Pizza,SEK 239,46,Late,Returning
111386,26/07/2026,17,Stockholm,Pizza,162.0,50,Late,Returning
112607,11/08/2026,18,Malmö,Pizza ,324.0,37,on time ,New
111402,2026-07-26,16,Malmö, Kebab,"173,0",43,On time,Returning
102113,2026-03-24,20,Göteborg,BURGERS,241.0,45,On time,Returning
102052,23 Mar 2026,23,Göteborg,Pizza,293.0,33,On Time,Returning
112528,2026-08-10,10,Sthlm,Kebab,319,33,On time,New
106548,2026-05-22,19,Stockholm,Indian,229.0,36,On time,Returning
101011,2026-03-08,21,Stockholm,Kebab,330.0,41,on time,New
112883,15.08.2026,13,Malmö, Kebab,348.0,41,on time,New
108744,20.06.2026,12,Uppsala,Burgers,249,31,On time,Returning
109946,2026-07-07,18,Uppsala,Vegan,152.0,35,On time,RETURNING
100170,2026-02-25,17,Stockholm,Sushi,223.0,22,On time,Returning
100440,28/02/2026,11,Uppsala,Thai,368.0,41,On time,returning
103650,2026-04-13,17,Göteborg,vegan,"186,0",33,On time,New
108387,2026-06-15,14,Malmö,Indian,282 kr,44,On time,New
102345,2026-03-27,11,Stockholm,Thai,217 SEK,37,On time,New
111549,2026-07-28,13,Uppsala,Thai,241 kr,20,On time,Returning 
104776,2026-04-28,18,Malmö,Sushi,237.0,31,On time,Returning
109477,2026-07-01,19,Gbg,SALAD,283.0,37,On time,New
106638,2026-05-23,20,Stockholm,Pizza,168.0,56,Late,New
109044,25.06.2026,10,stockholm,Thai,152.0,40,On time,Returning
100142,2026-02-24,19,Lund,Thai,"300,0",43,On Time,Returning
108078,12.06.2026,13,Göteborg,Pizza,234.0,26,On time,Returning
107319,1 Jun 2026,14,malmö,Kebab,290 SEK,34,On Time,New 
108919,2026-06-23,12,Stockholm,Indian,108.0,43,On Time,Returning
105271,04/05/2026,13,Uppsala ,KEBAB,264,31,On time,Returning
102138,2026-03-24,18,Stockholm,Sushi,227 kr,24,On time,Returning
101151,2026-03-10,17,Stockholm,Thai,227.0,33,On time,Returning
100103,2026-02-24,13,Stockholm,Thai,"228,0",45,On time,New
106046,2026-05-15,11,Uppsala ,Burgers,"223,0",34,On time,New
110099,2026-07-09,12,Lund,Pizza,"289,0",23,On time,Returning
105360,06.05.2026,12,STOCKHOLM,Pizza,"256,0",45,On time,New
110158,10.07.2026,17,Malmö,Thai,206.0,38,On time,new
101479,2026-03-15,12,Göteborg,Kebab ,236.0,24,On time,Returning
104197,2026-04-20,15,Stockholm,Sushi,"217,0",40,On time,returning
112638,2026-08-12,12,Göteborg,Kebab,166,39,On time,New
102274,2026-03-26,13,Stockholm,Pizza,159,39,On time,New
101579,2026-03-16,11,Stockholm ,Kebab,178.0,27,On time,Returning
106288,2026-05-18,12,Malmö,Sushi,237.0,49, late,returning
100730,2026-03-04,17,Uppsala,Pizza,243.0,37,On time,Returning 
107289,2026-06-01,17,stockholm,Sushi,SEK 250,38,On time,New
109630,3 Jul 2026,12,Stockholm,Sushi,336.0,45,On time,Returning
112045,2026-08-04,9,Stockholm,Indian,251.0,37,On time, new
112488,2026-08-09,18,Lund,Pizza,234.0,53,Late ,Returning
111611,29/07/2026,12,Uppsala,Kebab,222.0,25,on time,Returning
108824,21 Jun 2026,13,Malmö,Thai,277.0,33,On time,Returning
106995,2026-05-28,12,stockholm,Thai,209,30,On time,Returning
105257,2026-05-04,10,,Burgers,340.0,41,On time,New
108241,14 Jun 2026,14,Göteborg ,Pizza,227.0,48,LATE,Returning
109014,24 Jun 2026,19,Malmö,Pizza,155.0,59,Late,Returning
103729,2026-04-14,20,Göteborg,Pizza,189.0,38,on time,Returning
112442,9 Aug 2026,12,Sthlm,SUSHI,"260,0",25,On Time,New
103744,2026-04-14,17,Stockholm,Kebab,118 SEK,37,on time,New
105179,2026-05-03,16,Malmö,Kebab,"259,0",32,On time,New
107817,08.06.2026,9,Stockholm,Kebab,358 kr,32,On time,New
111938,2026-08-02,12,Lund,Kebab,374.0,29,On time,Returning
103641,2026-04-12,12,Lund,Salad,213 kr,999,,Returning
101031,08.03.2026,21,Malmö,Kebab,240.0,38,On time,New
106487,2026-05-21,18,Stockholm,Sushi,"271,0",25,On time,New
103343,09/04/2026,19,Gbg,Pizza,281,40,On time,new
106238,18.05.2026,18,Göteborg ,Sushi,296.0,29,On time,Returning
106225,17 May 2026,12,Lund,Salad,351.0,39,On time,Returning
100583,2 Mar 2026,20,,Vegan,288.0,53,Late,Returning
101515,15.03.2026,13,Stockholm,Kebab,220.0,57,Late,Returning
106219,2026-05-17,16,uppsala,Indian,118.0,46,Late,Returning
112453,9 Aug 2026,11,Stockholm,Thai,SEK 243,26,On time,Returning
100601,2026-03-02,20,Lund,Pizza,204.0,26,On time,Returning
111493,28.07.2026,18,Göteborg,Burgers,229,34,On time,Returning
110152,2026-07-10,16,Malmö,Indian,246.0,36,On time,Returning
108312,14 Jun 2026,14,Lund,Pizza,276.0,0,,New
108813,2026-06-21,20,Stockholm ,Thai,205.0,54,LATE,New
107655,2026-06-06,18,STOCKHOLM,indian,340.0,29,Ontime,RETURNING
104214,20.04.2026,11,Stockholm,Burgers,293.0,53,Late,New
112728,2026-08-13,11,Stockholm,Sushi,231.0,53,Late,New
100018,2026-02-23,19,Stockholm,Pizza,291.0,25,On time,Returning
106100,16 May 2026,21,Stockholm,Sushi,170.0,50,Late,RETURNING
103269,2026-04-08,20,Göteborg,Sushi,264 kr,29,On time,New 
100518,2026-03-01,12,Uppsala,Indian,"234,0",46,Late,New 
106408,2026-05-20,19,Stockholm,Indian,204.0,47,Late,Returning
104834,29.04.2026,21,Stockholm ,Thai,236,27,On time,Returning
107454,2026-06-03,19,stockholm, Pizza,250 SEK,41,On time,Returning
108153,2026-06-13,13,Göteborg,Burgers,340.0,42,On time, Returning
103063,05/04/2026,9,stockholm,Burgers,254.0,63,Late,New
109184,27.06.2026,12,, Kebab,240.0,38,On time,Returning
110833,19 Jul 2026,16,Stockholm,Salad,330.0,46, late,Returning
111190,2026-07-24,12,Stockholm,Burgers,"248,0",42,On time,Returning
103876,16.04.2026,19,,Burgers,"283,0",29,On time,Returning
109727,04/07/2026,18,Uppsala,Indian,238.0,51,late,Returning
112996,16/08/2026,19,Lund,Salad,210.0,27,On time,Returning
107270,1 Jun 2026,14,Göteborg,Burgers,"302,0",19,On time,Returning
106675,23 May 2026,23,Lund,KEBAB,327.0,31,On time,Returning
109845,6 Jul 2026,20,STOCKHOLM, Indian,227.0,30,Ontime,Returning
102555,29.03.2026,21,Uppsala,Sushi,217.0,43,On time,returning
108837,21 Jun 2026,12,Uppsala,kebab,339 kr,49,Late,Returning
104398,2026-04-23,15,Stockholm,INDIAN,"286,0",32,On time,Returning
113046,17 Aug 2026,18,Malmö,Vegan,228,44,Ontime,RETURNING
106274,2026-05-18,15,Stockholm,Pizza,"213,0",28,On time,New
111423,2026-07-27,18,Göteborg,Thai,174.0,22,On time,Returning 
101405,2026-03-14,12,stockholm,Vegan,221.0,31,On time,Returning
101553,2026-03-16,11,Göteborg,Burgers,"380,0",44,On time,Returning
107216,2026-05-31,13, Stockholm,SUSHI,155 SEK,39,On time,Returning
107345,2026-06-02,19,Göteborg,Pizza,240.0,34,On time,New
112332,8 Aug 2026,12,Stockholm,Burgers,210.0,37,On time,Returning
111275,25/07/2026,15,Stockholm,Pizza,SEK 232,24,On time,Returning
112559,2026-08-10,19,Lund,Kebab,319.0,25,Ontime,Returning
109646,2026-07-03,12,STOCKHOLM,Burgers,276.0,34,On Time,Returning
101310,2026-03-12,18,Malmö,Burgers,172.0,41,On time,Returning
101075,09.03.2026,17,Stockholm,Indian,242.0,36,On time,New
109886,2026-07-07,22,Göteborg,Indian,316,38,On time,Returning
110879,2026-07-19,21,Uppsala ,Burgers,232,26,on time ,New
112816,2026-08-14,12,Lund,Kebab,225.0,44,On time,NEW
105971,2026-05-14,11,Malmö,sushi,199.0,30,On time,New
106952,27 May 2026,13,Malmö,Indian,218.0,16,On time,New
111673,30 Jul 2026,18,, Sushi,324.0,18,On time,New 
110373,2026-07-13,9,,Thai,280.0,23,On time,Returning
112371,2026-08-08,11,Malmö,Indian,136.0,16,On time,New
104847,29 Apr 2026,13,Malmö,Indian,269 kr,0,,New 
106341,19/05/2026,13,Stockholm,Indian,SEK 228,23,On Time,New
112167,6 Aug 2026,18,stockholm,Thai,167.0,39,On time,Returning
108173,13.06.2026,10,Stockholm,Kebab,231,41,On time,New
107754,07/06/2026,16,Stockholm,Kebab,214 kr,40,On time,Returning
101408,2026-03-14,11,Stockholm,Thai,281.0,40,On time,Returning
112035,2026-08-04,19,Stockholm ,Pizza,252 SEK,42,ON TIME,New
105819,12 May 2026,11,Stockholm,Indian,252.0,37,On time,Returning
104081,2026-04-19,17,GÖTEBORG,Sushi,343,37,On time,Returning
104313,2026-04-22,20,Göteborg,BURGERS,215.0,29,On time,Returning 
109407,30 Jun 2026,19,göteborg,Pizza,175.0,29,On time,Returning 
104556,2026-04-25,16,Stockholm,Kebab,"251,0",37,On time,New
110829,2026-07-19,21,Stockholm,Sushi,"212,0",42,On time,Returning
108405,2026-06-16,16,Göteborg,Burgers,259.0,37,On time,Returning
102504,2026-03-29,11,Stockholm,Sushi,366,31,on time ,Returning
112119,2026-08-05,21,Stockholm,Kebab,228 SEK,43,On time,Returning
108699,2026-06-20,12,Göteborg,Sushi,222 kr,35,On time,New
107719,2026-06-07,9,Göteborg,Kebab,206,32,On time,New
105596,09/05/2026,19,Stockholm,sushi,222.0,34,On time,New
111023,2026-07-21,18,Malmö,Pizza ,205.0,34,On time,New
110602,16.07.2026,19,Stockholm,Burgers,202.0,38,on time ,New
100333,27/02/2026,11, Stockholm,Vegan,234 kr,38,On time,new
113520,2026-08-23,20, Lund,Thai,"286,0",41,On time,Returning
103823,2026-04-15,20,Stockholm,Kebab,197 SEK,33,On time,New
112025,04.08.2026,14,göteborg,Pizza,176.0,33,On time,New
111685,2026-07-30,12,Malmö,Vegan,SEK 241,20,On time,Returning
102754,2026-04-01,12,Stockholm,Kebab,SEK 285,20,On time,Returning
112248,2026-08-07,12,Stockholm,Pizza ,233,44,On time,New
109552,2 Jul 2026,18,Stockholm,PIZZA,278 kr,35,On time,Returning
106162,17.05.2026,11,Stockholm,Pizza,194.0,41,on time ,Returning
101326,13 Mar 2026,17,Gbg,Pizza,338.0,40,On time,Returning
107740,2026-06-07,14,Stockholm,Indian,222.0,34,On time,Returning
106449,2026-05-21,18,Göteborg,Thai,318.0,34,On time,New
102810,2026-04-02,11,Göteborg,Kebab ,211.0,22,Ontime,Returning
110914,20 Jul 2026,10,Sthlm,Pizza,263,48,Late,New
109430,30/06/2026,12,Stockholm,Burgers ,166.0,36,On time,New 
112285,2026-08-07,22,Uppsala ,Burgers,144.0,28,On time,Returning
111704,2026-07-31,18,Göteborg,Burgers ,146.0,39,On time,New
104210,2026-04-20,10,Stockholm,Burgers,353,28,On time,returning
105131,3 May 2026,17,Stockholm,Kebab,227 SEK,35,On time,New
107426,03.06.2026,13,Stockholm,sushi,261.0,32,on time ,Returning
112467,2026-08-09,11,Malmö , Kebab,"169,0",41,On time,New
112877,2026-08-15,17,Malmö,Pizza,SEK 114,27,On time,Returning
106510,21/05/2026,12,Uppsala,Pizza,"238,0",42,On time,Returning
105993,2026-05-14,14,Lund,Thai,"257,0",39,On time,Returning
103946,17.04.2026,20,Stockholm,Vegan,329,51,Late,Returning
108730,20/06/2026,13,Stockholm,Kebab ,SEK 296,45,On time,Returning
112288,7 Aug 2026,10,Uppsala ,Burgers,247.0,38,On time,New
103703,2026-04-13,9,Malmö,Indian,"216,0",44,ON TIME,Returning
100782,5 Mar 2026,13,Malmö,Thai,298.0,35,on time,Returning 
113143,2026-08-19,21,Göteborg, Indian,365.0,37,On time,Returning
108829,2026-06-21,16,uppsala,Sushi,"249,0",21,On time,Returning
109811,2026-07-05,17,uppsala,Pizza,301 kr,59,Late,New
106751,2026-05-24,19,Lund,SUSHI,274 kr,32,On time,New
101993,22/03/2026,17,Stockholm,Pizza,288 SEK,36,On time,New
106854,26 May 2026,17,Stockholm,SUSHI,"268,0",39,on time ,Returning
102868,2026-04-03,11,Göteborg,Thai,299.0,40,On time,Returning
105503,2026-05-08,13,Stockholm,Thai ,243 SEK,25,On time,Returning
108834,2026-06-21,12,Uppsala,Indian,273.0,22,On time,New
108080,2026-06-12,21, Göteborg,Thai,285.0,27,On time, Returning
111014,2026-07-21,17,Malmö, Sushi,176.0,34,On time,New 
105211,2026-05-04,16,Göteborg,Kebab,213,35,On time,Returning
103899,16.04.2026,18,Stockholm,sushi,179,41,On time,Returning
111978,2026-08-03,16,stockholm,Salad ,"230,0",40,On time,New
112211,06.08.2026,16,uppsala,Vegan,119.0,30,On time,Returning
112783,2026-08-14,20,Stockholm, Pizza,"207,0",25,ON TIME,Returning
106365,2026-05-19,19,Lund,Vegan,256,50,Late,Returning
107846,2026-06-08,9,,Thai ,250 SEK,30,On Time,New
112068,2026-08-04,20,Lund,Burgers,301.0,44,On time,New
100405,2026-02-28,12,STOCKHOLM,Kebab,161,250,,Returning
103496,2026-04-11,12, Stockholm,Thai,"209,0",56, late,Returning 
108636,19.06.2026,13,,Pizza,309.0,29,On time,New 
106002,2026-05-15,11,Göteborg,Salad,377.0,36,On time,Returning
105006,2026-05-01,12,Lund, Pizza,208.0,31,On time,Returning
110609,2026-07-16,13,,Indian,252.0,16,On time,New
101107,2026-03-09,11,Malmö,Kebab,207.0,45,on time,NEW
107920,09/06/2026,19,Uppsala,Pizza,148,32,On time,New
107510,2026-06-04,14,Stockholm,Indian,237,51, late,New
100486,2026-03-01,13,Stockholm,Indian,"145,0",52,Late,Returning
105356,6 May 2026,19,Göteborg,Burgers,185.0,26,on time,Returning
112588,2026-08-11,20, Stockholm,Burgers,189.0,20,Ontime,Returning
102571,2026-03-30,18,göteborg,burgers,"246,0",33,On time,Returning
110103,9 Jul 2026,11,Lund,Kebab,"215,0",36,On time,Returning
102026,22.03.2026,15,Uppsala,pizza,"232,0",45,On time,New
109810,5 Jul 2026,9,Uppsala,Burgers,"260,0",35,On time,Returning
108034,2026-06-11,18,Stockholm, Sushi,SEK 257,40,on time,NEW
102503,2026-03-29,11,Stockholm,Sushi,318 SEK,34,On time,Returning
105654,2026-05-10,17,Göteborg,Thai,260,38,On time,Returning
106465,2026-05-21,9,Stockholm,Pizza,200.0,48,Late, Returning
106934,27/05/2026,13,Stockholm ,Burgers,243.0,38,On time,New
106941,2026-05-27,17,STOCKHOLM,Thai,244,28,On time, Returning
112789,2026-08-14,13,Stockholm,Sushi,306.0,36,On time,New
103827,2026-04-15,20,Stockholm,Thai,207.0,18,On time,Returning
109237,2026-06-27,10,,Pizza,292.0,29,On Time,New
107863,2026-06-09,14,Göteborg,Thai,305 SEK,30,On time,New
110406,2026-07-13,13,uppsala, Pizza,186.0,52,Late,Returning
108968,24.06.2026,11, Göteborg,Thai,"298,0",41,on time,Returning
108118,2026-06-12,12,Malmö,THAI,362 SEK,41,On time,Returning
111598,2026-07-29,18,Stockholm,Burgers,150,33,On time,New
107549,2026-06-05,13, Göteborg,Pizza ,257.0,46,Late,New
110768,2026-07-18,21,Malmö,Thai,244 kr,23,On time,Returning
106873,2026-05-26,20,Stockholm,Indian ,259,61,Late,Returning
108294,2026-06-14,18,Malmö,Burgers,210.0,33,On time,RETURNING
106837,26.05.2026,18,Göteborg,Burgers,268,32,On time,New
109487,2026-07-01,12,Stockholm,Indian,209.0,21,on time ,New
109368,2026-06-29,19,Stockholm,Salad,"213,0",45,On time,New
108037,2026-06-11,13,Stockholm ,Sushi,265 SEK,46,Late,New
102915,2026-04-03,13, Malmö,Sushi,137.0,46,Late,new
105201,4 May 2026,12,Göteborg,Burgers,273 SEK,31,on time ,Returning
107017,2026-05-28,18,Malmö,Indian ,254.0,37,On time,Returning
100986,2026-03-08,17,Stockholm,Kebab,239 kr,41,On time,Returning
111709,31/07/2026,11,Göteborg,Thai,"318,0",33,On time,Returning
100443,2026-02-28,17,Lund,Sushi,343.0,37,On time,Returning
106945,2026-05-27,11,Stockholm, Pizza,179 SEK,38,On time,New 
105623,9 May 2026,21,Malmö,Kebab,287 SEK,31,On time,Returning
112552,2026-08-10,13,Uppsala,Pizza,268.0,33,On time,New
106145,2026-05-17,18,göteborg,Thai,"208,0",48,Late,Returning
113323,2026-08-21,21,Malmö,pizza,257.0,43,On time,Returning
105220,2026-05-04,21,Göteborg,Pizza,163.0,36,On time,New
106430,2026-05-20,19,Malmö,Thai,263.0,45,On time,New
111712,31 Jul 2026,15,Göteborg,Pizza,222.0,53,Late,New
104622,2026-04-26,17,Stockholm,Pizza,225.0,34,Ontime,New
103414,10/04/2026,16,Göteborg,Kebab,234.0,33,On time,Returning
105071,2026-05-02,16, Malmö,Burgers,194 SEK,35,On time,Returning
104112,2026-04-19,19,Stockholm,Indian,341.0,39,On Time,Returning
109799,5 Jul 2026,11,Malmö,Thai,150 kr,37,ON TIME,Returning
109798,2026-07-05,19,Malmö,Salad,351.0,48,late,Returning
100792,2026-03-05,18,Uppsala, Sushi,186.0,38,On time,Returning
113457,2026-08-23,17,Stockholm,Pizza,"200,0",26,On time,Returning
102015,2026-03-22,21,Malmö,Sushi,352.0,42,On time,New 
112388,2026-08-08,22,Uppsala,Kebab,266.0,32,On time,Returning
102414,2026-03-28,11,Göteborg,Indian,SEK 297,54,Late,Returning
101727,2026-03-18,13, Malmö,Thai,273.0,34,On Time,Returning
109881,2026-07-07,13,Göteborg,Burgers,242.0,31,On time,Returning
106244,2026-05-18,21,Göteborg,Kebab,212,36,On time,Returning
110939,2026-07-20,13,Malmö,Sushi,181.0,35,On time,Returning
108827,21/06/2026,20,MALMÖ,Indian,"312,0",28,On time,RETURNING
100773,5 Mar 2026,9,MALMÖ,Kebab,246.0,34,On time,Returning 
108393,2026-06-15,18,Uppsala,Burgers,300.0,30,ON TIME,New
104139,2026-04-19,13,Malmö,Burgers,167.0,36,On time,Returning
108085,2026-06-12,13,Göteborg,Pizza,181.0,30,On time,Returning
111891,2026-08-02,19,Stockholm,Burgers,231,44,On time,New
112363,08/08/2026,20,Stockholm,Pizza,293 SEK,48,Late,New
100291,2026-02-27,10,Göteborg,Thai,"274,0",49,Late,Returning 
113449,23.08.2026,12,Göteborg,Salad,233.0,44,On time,New
107198,31.05.2026,12,Göteborg,Burgers,SEK 313,34,On Time,Returning
105299,5 May 2026,15,,Kebab,"221,0",46,Late,Returning
110770,2026-07-18,13,Malmö,Thai,297.0,44,On time,Returning
112828,2026-08-15,20,Göteborg,Pizza,185.0,25,On time,Returning 
109453,30.06.2026,23,uppsala,Thai,258.0,31,On time,New
109895,07.07.2026,11,Stockholm,Sushi ,295.0,18,On time,Returning
102746,2026-04-01,20,STOCKHOLM,Kebab,225.0,26,On time,Returning
107075,2026-05-29,13,Malmö,Thai,343.0,41,On time,Returning
107213,2026-05-31,13,Stockholm,Salad,SEK 235,46,Late,Returning
109778,2026-07-05,22,Stockholm,Pizza ,273.0,27,On time,Returning 
112874,2026-08-15,12,Stockholm,THAI,267.0,25,On time,Returning
105896,2026-05-13,12,Malmö,Burgers,SEK 310,36,On time,NEW
111733,31.07.2026,12,Stockholm,Kebab,236.0,31,on time ,New
103094,5 Apr 2026,19,Malmö ,Salad,267.0,44,On time,New
110681,2026-07-17,21,Stockholm,Burgers,200.0,37,On time,Returning
102084,23 Mar 2026,14,Stockholm,Burgers,220,40,On time,New
111772,1 Aug 2026,14,Göteborg,Vegan,378.0,23,On time,New
109408,2026-06-30,18,Göteborg,Pizza,336,37,On time,New
113034,17.08.2026,20,Stockholm,Pizza,130 kr,39,On time,Returning
101484,2026-03-15,17,Göteborg,Vegan,274,42,Ontime,Returning
106645,23/05/2026,21,MALMÖ,Sushi,319 kr,24,On time,New
107077,2026-05-29,17,Malmö,Vegan,"316,0",52,Late,Returning
106446,21 May 2026,12,Göteborg, Salad,342,35,On time,RETURNING
113451,2026-08-23,19,Göteborg,Sushi,230.0,40,On time,Returning
100999,2026-03-08,12,Stockholm,Burgers,312.0,45,On time,Returning
111980,2026-08-03,18,Stockholm,Thai,220.0,36,on time ,RETURNING
101966,2026-03-22,16,Göteborg,Pizza,298.0,37,ON TIME,Returning
101477,15 Mar 2026,11,Göteborg,Kebab,198.0,55,Late ,New
102978,2026-04-04,11,Stockholm,Indian,243,48,Late,Returning
107126,2026-05-30,11,Stockholm ,Pizza ,362.0,44,On time,Returning 
105801,12.05.2026,20,Göteborg,Kebab ,255,40,on time,Returning
113316,2026-08-21,21,STOCKHOLM,Pizza,230.0,31,On time,returning
105057,02.05.2026,17,,Pizza,225 SEK,41,On time, Returning
101513,2026-03-15,11,Stockholm,Pizza,246.0,39,ON TIME,Returning
104906,2026-04-30,17,STOCKHOLM,Burgers,"131,0",37,On time,Returning 
110174,2026-07-11,17,Göteborg,pizza,267,38,On time, Returning
104907,30.04.2026,13,Sthlm,Burgers,193.0,38,On time,Returning
101641,17 Mar 2026,13,Stockholm,Burgers,"301,0",40,On Time,NEW
108662,19.06.2026,18,Malmö,Indian,282 SEK,33,On time,returning
102884,2026-04-03,21,Stockholm,Burgers,"237,0",41,on time ,New
100982,2026-03-08,20,Göteborg,Sushi,307 SEK,32,On time,New
108002,2026-06-11,11,Gbg,Sushi,156.0,32,On time,Returning
107192,2026-05-31,14,Göteborg, Burgers,310 SEK,27,On time,Returning
101415,2026-03-14,13,Stockholm,Sushi,150 kr,24,On time,NEW
102983,4 Apr 2026,17,Stockholm,Burgers,"220,0",41,On time,Returning
107344,02.06.2026,12,Göteborg,Sushi,358 kr,24,On Time,Returning
109416,2026-06-30,10,Göteborg,Pizza ,"357,0",35,On time,Returning
107253,31 May 2026,13,Uppsala,Sushi,262.0,26,On time,RETURNING
100249,2026-02-26,19,Stockholm,Burgers,144,33,On time,Returning
113456,2026-08-23,20,Stockholm,Burgers,194.0,47,Late,Returning
102059,2026-03-23,19,,Thai,206,24,On time,Returning
104486,2026-04-24,12,Malmö,Indian,230.0,40,On time,Returning
109587,2 Jul 2026,17,Malmö,PIZZA,"299,0",32,On time,New
103154,2026-04-06,12,Stockholm,Kebab ,284.0,33,On time,new
106573,2026-05-22,18,Stockholm,Pizza,265.0,50,Late,Returning
111625,2026-07-30,12,Göteborg,Indian,244.0,26,On time,Returning
109821,5 Jul 2026,19,Lund,Burgers,213.0,40,On time,Returning
104039,2026-04-18,17, Malmö,Pizza,103,16,On time,New
105077,2 May 2026,10,Uppsala,Pizza,263.0,21,On time,New 
106628,2026-05-23,17,Stockholm,kebab,235.0,45,On time,Returning
112209,6 Aug 2026,20,Uppsala,Kebab ,241.0,30,On time,New
110459,2026-07-14,17,STOCKHOLM,Burgers,257.0,49,Late,returning
109843,2026-07-06,20,Stockholm,Burgers,316.0,56,Late,New
108299,2026-06-14,18,Uppsala,Sushi,360.0,41,on time ,Returning 
110795,18 Jul 2026,18,lund,Salad,"315,0",49,Late,Returning
113398,22/08/2026,19,Stockholm ,Vegan,"286,0",38,On time,Returning
112493,10/08/2026,13,göteborg,Vegan,330 SEK,36,On time,Returning
113352,2026-08-22,12,Göteborg,Sushi,325.0,32,On time,Returning
103752,2026-04-14,21,Stockholm,Pizza,171.0,26,On time,New
100382,2026-02-28,12,Gbg,Indian,242.0,56,Late,Returning
104321,2026-04-22,18,Göteborg,Pizza,271,62,LATE,Returning
103492,2026-04-11,18,Göteborg,Indian,261.0,39,On time,Returning
109283,28 Jun 2026,14, Stockholm,Pizza,224.0,34,on time,Returning
110464,14/07/2026,19,Stockholm,Sushi,182,42,On time,Returning
106050,2026-05-15,16,Lund,Kebab,248.0,15,On time,New
101816,2026-03-19,12,Lund ,Kebab,292.0,15,ON TIME,New
107747,2026-06-07,14,stockholm,Kebab,261,29,On time,Returning
111955,2026-08-03,20,Göteborg ,sushi,188 kr,30,On time,Returning
109341,2026-06-29,12,Göteborg,Indian,142.0,41,On time,New
106405,2026-05-20,20,Stockholm,Thai,313.0,47,Late,Returning
102305,2026-03-26,12,Malmö,Sushi,413.0,250,,Returning 
106333,19.05.2026,19,STOCKHOLM, Vegan,374.0,41,On time,New
104982,2026-05-01,14,Stockholm,Pizza,282.0,34,On time,New
107539,4 Jun 2026,23,uppsala,PIZZA,241.0,39,On time,Returning
111437,27 Jul 2026,19,GÖTEBORG,Thai,242.0,38,On time,New
111666,2026-07-30,17,stockholm,Thai,211.0,26,On time,New
102460,2026-03-28,12,Uppsala,Burgers,270,34,On time,New
104623,26/04/2026,17,Stockholm,Kebab,"296,0",33,on time,New
103325,2026-04-09,12,Göteborg,Burgers,274.0,46,Late,Returning
103283,2026-04-08,21,STOCKHOLM,Pizza,352,33,On time,New
103459,2026-04-10,11,Malmö,Thai,SEK 282,41,on time ,Returning
107427,03.06.2026,9,Stockholm,Pizza,195.0,0,,NEW
111638,2026-07-30,13, Göteborg,Salad,"310,0",32,On time,New
102378,2026-03-27,16,Malmö,Sushi,215.0,38,on time ,New
108340,15 Jun 2026,21,Stockholm,Burgers,154 SEK,33,ON TIME,NEW
110236,2026-07-11,12,Uppsala, Pizza,282.0,50,Late,Returning
106904,27 May 2026,19,Göteborg,Pizza ,217.0,30,Ontime,Returning
103596,2026-04-12,20,Stockholm,VEGAN,SEK 227,46,Late,Returning
108985,24 Jun 2026,11,,Indian,246,38,on time,New
111597,2026-07-29,21,STOCKHOLM,Pizza,218.0,43,On time,Returning
108934,2026-06-23,11,Stockholm,Kebab,"124,0",36,on time,New
101301,2026-03-12,21,Malmö,Sushi,403 kr,43,On time,New
102331,2026-03-27,9,Göteborg,Kebab ,222.0,43,on time ,New
110434,2026-07-14,17,Göteborg,Sushi ,302.0,41,On time,Returning
109682,2026-07-04,10,Göteborg,Burgers,198.0,-5,,Returning
106927,2026-05-27,13,Stockholm,Kebab,207 SEK,33,on time,New
108988,2026-06-24,12,,Burgers,242.0,33,On time, new
106842,2026-05-26,12,Göteborg,Burgers,231.0,27,On time,New
111627,2026-07-30,17,Göteborg,Thai,269.0,45,ON TIME,Returning
102899,03.04.2026,20,Stockholm,Sushi,184.0,43,On time, Returning
102470,2026-03-28,22,Uppsala,Thai,326.0,30,Ontime,RETURNING
101809,19 Mar 2026,19,Uppsala,Kebab,261.0,27,On time,Returning
111671,2026-07-30,22,Malmö,Pizza,200.0,51,Late,Returning
104487,2026-04-24,11,Malmö,Indian,219.0,40,On time,Returning
102474,2026-03-28,12,Lund,Kebab,234.0,47,Late,New 
102611,2026-03-30,12,Stockholm,Pizza,261.0,19,On time,Returning
108681,19 Jun 2026,11,Uppsala,Sushi,276.0,43,On time,new
101018,2026-03-08,17, Stockholm,Pizza,"235,0",32,On time,Returning
112504,10/08/2026,17,Göteborg,Burgers,201.0,35,on time ,New
105454,7 May 2026,21,Stockholm,Burgers,258.0,32,On time,New
106018,2026-05-15,15, Stockholm,Indian,266,38,On time,RETURNING
107714,07/06/2026,12,Göteborg,Burgers,"262,0",47,Late,returning
103273,2026-04-08,17,Stockholm,Pizza,169,25,On time,NEW
106745,24 May 2026,12,Uppsala,Burgers,SEK 184,48,Late,Returning
111678,2026-07-30,12,Malmö , Sushi,263.0,52, late,New
109663,2026-07-03,13,Lund,INDIAN,369.0,34,On time,Returning
106937,2026-05-27,13,Stockholm,Indian,134.0,53,Late ,Returning
107433,03.06.2026,11,Stockholm,Salad,244.0,24,On time,New
111505,2026-07-28,18,Göteborg,Kebab,SEK 298,57,Late,NEW
104235,2026-04-20,17,Lund,Burgers,243,41,On time,New
109738,05/07/2026,13,GÖTEBORG,Pizza,"231,0",24,On time,Returning
108066,2026-06-11,23,Uppsala,Pizza,SEK 152,24,On time,New 
106092,16/05/2026,10,Sthlm,THAI,232 kr,45,On time,New
108871,2026-06-22,13,Stockholm,Sushi,213.0,38,On time,Returning
110340,12 Jul 2026,17,Lund,Thai,256 kr,31,On time,New
103444,2026-04-10,20,Stockholm,Burgers,190.0,28,on time,Returning
111284,25.07.2026,12,Stockholm,Pizza,280.0,37,On time,Returning
111645,30.07.2026,13,Stockholm,Salad,168.0,46,Late,New
113278,2026-08-20,19,Uppsala,Pizza,249 SEK,38,On time,New
108376,15 Jun 2026,10,Malmö,Pizza,"268,0",31,Ontime,Returning
100886,07/03/2026,20,Göteborg,Pizza,282.0,51, late,RETURNING
111818,1 Aug 2026,13,Stockholm,Burgers,225 kr,46,late, Returning
102785,01/04/2026,13,Uppsala,Pizza,272.0,47,Late,New
105540,8 May 2026,11,Uppsala,Sushi,231,32,On time,Returning
112585,2026-08-11,19,STOCKHOLM,Pizza,204.0,35,On time,NEW
108718,20.06.2026,12,Stockholm,Vegan,292.0,36,On time,Returning
100225,26 Feb 2026,17,,Indian ,148.0,31,On time,Returning
101447,2026-03-14,19,Malmö,thai,126 kr,33,On time,Returning
111252,2026-07-25,19,Göteborg,pizza,SEK 253,35,On time,Returning
108063,2026-06-11,17,Uppsala,Kebab,280.0,28,ON TIME,New 
105439,7 May 2026,12,Stockholm,Thai,286.0,33,ON TIME,Returning
100021,23 Feb 2026,18, Stockholm,Burgers,308.0,61,Late,Returning
107211,31.05.2026,12,Stockholm,Pizza,"204,0",41,On time,Returning
103386,2026-04-09,15,Malmö,Indian,342.0,37,On time,Returning
108044,2026-06-11,11,Stockholm,PIZZA,288,41,on time,Returning
112106,2026-08-05,16,Stockholm,Burgers,329.0,36,On time,Returning
104857,29 Apr 2026,15,lund,Sushi,307.0,38,On time,Returning
105884,13.05.2026,13,Stockholm,Sushi,195 SEK,44,On time,Returning
107729,07.06.2026,11,Gbg,THAI,345,20,On time,New
111384,2026-07-26,12,Stockholm,Indian,244.0,51,Late,New
102316,26 Mar 2026,18,Uppsala,Pizza,222.0,46,Late,Returning
111574,29 Jul 2026,11,Göteborg,Burgers,211.0,41,On time,Returning
101000,08/03/2026,12,Stockholm,Kebab,288.0,22,On time,New
100966,8 Mar 2026,16,Göteborg,pizza,254.0,36,On time,Returning
106388,2026-05-20,23,Göteborg,sushi,"227,0",19,On time,Returning
100954,7 Mar 2026,11, Lund,Thai,238.0,38,On time,Returning
110268,2026-07-12,19,Göteborg,Pizza,315.0,33,On time,New
112750,13 Aug 2026,15,Lund,Sushi,265.0,43,Ontime,Returning
111571,29 Jul 2026,17,GÖTEBORG,Indian,312.0,29,On time,New
110493,15.07.2026,20,Göteborg,Pizza,207.0,34,On time,New
109158,2026-06-27,17,Göteborg ,Burgers,201 kr,21,ON TIME,New
103456,10.04.2026,17,Malmö,Thai,283.0,34,On time,Returning
103724,2026-04-13,12,Lund,Vegan,"270,0",50,Late,New
102372,27 Mar 2026,21,Malmö,Burgers,185.0,39,On time,Returning
107835,08/06/2026,19,Stockholm,Vegan,301.0,25,On time,New
105177,2026-05-03,12, Malmö,Sushi,307.0,34,On time,Returning
106433,20 May 2026,20,Uppsala,Kebab,212,42,Ontime,Returning
104957,1 May 2026,18,Sthlm,Thai,258.0,37,On Time,Returning 
108505,17.06.2026,16,Stockholm,Sushi,"283,0",27,On time,RETURNING
106295,2026-05-18,12,Uppsala,Sushi,156.0,36,on time,Returning
113073,18.08.2026,20,Göteborg,Kebab,176,28,on time,Returning
106890,26/05/2026,19, Uppsala,Sushi,281.0,45,on time ,New
106425,20 May 2026,22,Malmö,Salad ,263.0,27,On time,Returning
111269,2026-07-25,12,Stockholm ,Pizza,207,46,Late,Returning
104267,21 Apr 2026,12,Stockholm,SUSHI,280.0,47,Late,New
100143,2026-02-24,13,Lund,Burgers,223.0,24,On time,Returning
101602,16 Mar 2026,19,MALMÖ,Kebab,337,36,On time,New
106269,2026-05-18,19,,Sushi,"203,0",38,On time,Returning
112535,2026-08-10,13,Malmö,Pizza,"263,0",44,On time,Returning
101093,2026-03-09,14,Stockholm,Pizza,266.0,50,Late,New
109007,24 Jun 2026,18, Malmö,Sushi,365.0,37,On time,Returning
107005,2026-05-28,14,Stockholm,Kebab,194.0,48,Late,Returning
104030,18 Apr 2026,19,Stockholm,Pizza,229.0,33,On time,New
108933,2026-06-23,18,Stockholm,Pizza,193.0,42,On time,Returning
112105,2026-08-05,13,Stockholm,Pizza,343.0,37,On Time,Returning
111877,2026-08-02,11,stockholm,Sushi,304.0,30,On time,Returning
113191,2026-08-19,18,Uppsala,Thai,348.0,47,Late,Returning
103978,2026-04-17,21,Uppsala,Burgers,101.0,16,On time,Returning
106471,21 May 2026,13,Stockholm,Indian,319.0,34,On time,Returning
100665,2026-03-03,10,Uppsala,Thai ,207.0,40,On time,New
107030,28.05.2026,19,Lund,PIZZA,345.0,38,On time,Returning
106226,2026-05-17,14, Lund,PIZZA,"320,0",29,on time ,Returning
104599,2026-04-26,12,Göteborg,THAI,146.0,37,On time,New
112066,2026-08-04,12, Uppsala,Indian,184.0,43,On time,New
113096,2026-08-18,20,Stockholm,Burgers,137 kr,55,late,Returning
110764,2026-07-18,11,Stockholm,Pizza,189.0,16,On time, Returning
101371,13 Mar 2026,13,Uppsala,Pizza,237.0,47,Late,Returning
106622,23 May 2026,11,Stockholm, Thai,"276,0",18,ON TIME,Returning
109537,2026-07-02,19,Göteborg,Pizza,251,41,On time,Returning
108334,15.06.2026,18,Göteborg,Sushi,272 SEK,45,On time,New
101848,2026-03-20,19,Stockholm,Sushi,286 kr,34,On time,Returning
107342,2 Jun 2026,18,GÖTEBORG,Pizza,379,27,on time,Returning
108375,2026-06-15,17, Stockholm,Pizza,256.0,33,On time,New
103885,2026-04-16,10,Stockholm,Vegan ,300.0,31,On time,New
106200,17 May 2026,13,Malmö,Burgers,280.0,38,On time,New
108415,2026-06-16,22,Göteborg,Sushi,276.0,44,On time,Returning
108218,2026-06-13,11,Uppsala,Vegan,379 SEK,37,On time,Returning
108805,21 Jun 2026,14,stockholm,Burgers,146.0,49,Late, Returning
109983,8 Jul 2026,19,Stockholm,Salad,246 kr,43,On time,Returning
104120,19.04.2026,13,Stockholm,pizza,287.0,46,Late ,Returning
105839,12 May 2026,10,Malmö,Burgers,231.0,42,On time,Returning
105775,2026-05-11,23,stockholm,Burgers,272 kr,49,Late,Returning
109092,26 Jun 2026,21,Göteborg, Pizza,226.0,32,On time,Returning
104420,23.04.2026,10,Malmö,Indian ,207.0,45,On time,New
109642,2026-07-03,19,Stockholm,Salad,268.0,39,On time,New
100278,2026-02-26,18,uppsala,Thai,291.0,36,On time,Returning
105389,6 May 2026,18,malmö,Indian,274.0,29,On Time,New
111477,27 Jul 2026,10, Malmö,Kebab,206,35,On time,Returning
103193,2026-04-07,12,Göteborg,Pizza,250 kr,35,On time, Returning
110271,12 Jul 2026,18,Göteborg,Pizza,241,39,On time,Returning
109180,2026-06-27,12,Göteborg,Burgers,205 kr,46,Late,Returning
108067,2026-06-11,19,,Salad,308 kr,59,Late,Returning 
101094,9 Mar 2026,19,Stockholm,salad,284.0,33,On time,New
110751,2026-07-18,13,Stockholm,Thai,"215,0",38,On time,New
102070,2026-03-23,15,Stockholm ,Indian,"150,0",33,On time,Returning
100092,24 Feb 2026,11,Göteborg,Pizza,346.0,37,ON TIME,Returning
100422,2026-02-28,11, Malmö,Burgers,281.0,53,Late,New
106536,22.05.2026,22,Göteborg,Kebab,"276,0",31,On time,new
112714,13/08/2026,14,Sthlm,Burgers,SEK 230,54,Late,Returning
104840,29 Apr 2026,19,Malmö,Thai,SEK 266,44,On time,New
112270,7 Aug 2026,18,malmö,Thai,172.0,36,On time,New
104287,21.04.2026,12,Malmö,Kebab,"270,0",38,On time,Returning
110423,14 Jul 2026,18,Göteborg ,Vegan,196.0,36,On time,New
102381,27 Mar 2026,21,Malmö,Sushi,210 kr,30,On time,Returning
103180,2026-04-06,14, Lund,Kebab,303,41,On time,New
109006,24.06.2026,12,Stockholm,Indian ,276 SEK,29,ON TIME,NEW
104743,2026-04-28,20,Göteborg ,Pizza,SEK 244,999,,New
107680,2026-06-06,20,Malmö,Burgers,198.0,44,on time,RETURNING
101230,2026-03-11,21,Malmö,Thai,SEK 232,41,On time,Returning
108735,2026-06-20,20,Malmö,sushi,293,33,On time,Returning
112917,2026-08-16,18,Göteborg,Burgers,265.0,31,On time,New 
110377,2026-07-13,21,Stockholm,Pizza,267.0,47,late,Returning
110163,2026-07-10,18,Uppsala,kebab,290,45,on time ,Returning
109471,01.07.2026,16,Göteborg,pizza,148.0,30,On time,Returning
112186,06/08/2026,20,Stockholm,Kebab,235.0,38,ON TIME,Returning
107162,30 May 2026,13,MALMÖ,Pizza,225,33,On time,Returning
110683,2026-07-17,18, Malmö,Burgers,337.0,36,On time,Returning
106917,2026-05-27,11,Gbg,Pizza,186.0,32,on time,New
106777,2026-05-25,14,Stockholm,Indian,"327,0",47,Late,Returning
102154,24 Mar 2026,19,Stockholm,PIZZA,218.0,48,Late,Returning
110673,2026-07-17,17,Stockholm,Pizza,222,44,On time,New
110178,2026-07-11,17,göteborg,Kebab,376.0,66,Late,Returning
105136,2026-05-03,10,Stockholm,Salad,264 kr,21,On time,Returning
102079,23/03/2026,13,stockholm,Vegan,246.0,51,Late,Returning
104522,2026-04-25,11,Göteborg,Pizza,"247,0",33,On time,Returning
102232,2026-03-25,17,malmö,Kebab,"228,0",47,Late,New
109104,2026-06-26,12,Stockholm,Pizza,253 kr,35,Ontime, Returning
102931,2026-04-04,11,Göteborg,Burgers,228.0,49,Late,New 
103556,11.04.2026,21,Lund,Salad ,269.0,17,On Time,Returning
108936,2026-06-23,18,Stockholm,Vegan,279.0,23,On time,Returning
113379,2026-08-22,13,Stockholm,Pizza,124.0,24,on time,New
112203,2026-08-06,19,Malmö,Sushi,251.0,40,On time,Returning
112523,2026-08-10,13,Stockholm ,Pizza,228,39,On time,Returning
101754,2026-03-19,10,Göteborg,Indian,287.0,31,On time,New
108696,20.06.2026,11,göteborg,Sushi,259.0,39,On time,RETURNING
106795,25.05.2026,15,Stockholm,Thai,282.0,49,Late,Returning
108448,2026-06-16,20,Stockholm,Sushi ,268,43,On time,Returning
106214,17.05.2026,18,Malmö,Pizza,375,27,On time, Returning
102681,31.03.2026,19,Stockholm,Burgers,330.0,15,On time,New 
107661,6 Jun 2026,11,Stockholm,Sushi,271.0,42,On time,New 
105186,2026-05-03,14,uppsala,Pizza,229.0,43,On time,Returning 
102093,23 Mar 2026,12,Malmö,Burgers,"236,0",26,On time,New
107103,30 May 2026,12,Göteborg,Vegan,"251,0",41,On time,New
111388,2026-07-26,19,Stockholm,Kebab,251.0,48,LATE,Returning
108449,2026-06-16,17,Stockholm,Sushi,258.0,33,On Time,Returning
113355,2026-08-22,11,Göteborg,Vegan,287,17,On time,Returning
113406,2026-08-22,11,Malmö,Sushi,"305,0",43,On time,Returning
108165,2026-06-13,18,Stockholm,Salad,93.0,38,On time,Returning
104584,25.04.2026,20,Lund,Salad,249.0,41,On time,Returning
101465,2026-03-15,13,GÖTEBORG,Salad ,324.0,32,On time,New
103488,2026-04-11,12,Göteborg,Pizza,"270,0",52,Late,Returning 
104350,2026-04-22,14,Stockholm,Pizza,262.0,38,On Time,Returning
106898,26 May 2026,11,Lund ,Sushi,"150,0",36,On time,New
111771,2026-08-01,11,Göteborg,Kebab,329,38,On Time,Returning
110541,15 Jul 2026,19,Malmö,Burgers,183 kr,22,On time,Returning
100415,2026-02-28,11,Malmö,Pizza,SEK 331,52,Late,New
109490,2026-07-01,18,Stockholm,Pizza,288.0,38,on time ,Returning
106660,2026-05-23,20,Malmö, Indian,298,22,On time,New
106204,2026-05-17,19,Malmö,Pizza,"204,0",32,ON TIME,Returning
107478,2026-06-03,12,Uppsala,KEBAB,286 kr,25,On time,returning
103333,2026-04-09,11,Göteborg, Salad,302.0,37,On time,NEW
109794,2026-07-05,11,Malmö ,Thai,249.0,36,On time,Returning
106621,2026-05-23,17,Stockholm,Burgers ,SEK 255,38,On time, new
113114,18/08/2026,20,Malmö,Pizza,222.0,32,On time,Returning
103351,9 Apr 2026,15,Stockholm,Pizza,SEK 308,46,Late,Returning
112597,2026-08-11,22,Stockholm,Indian,210.0,42,On time,Returning
101472,2026-03-15,11,Göteborg,Burgers,297.0,36,on time,Returning
106353,2026-05-19,19,Malmö ,Thai,287 SEK,24,On time,Returning
109762,2026-07-05,15,Stockholm,Pizza ,273,41,On time,Returning
109380,2026-06-29,12,Malmö,Sushi,110,45,On time,Returning
106511,21.05.2026,16,Uppsala,KEBAB,258.0,43,On time, Returning
101104,2026-03-09,13, Malmö,Salad,245.0,33,On time, new
108021,11.06.2026,13,Stockholm,Sushi,215.0,34,on time,Returning
106650,2026-05-23,17,MALMÖ,Sushi,202,45,On time,Returning
106911,2026-05-27,10,Göteborg,Pizza,214.0,37,On time,Returning
111043,2026-07-22,18,Göteborg,pizza,270.0,46,Late,Returning
109027,2026-06-25,21,Göteborg,INDIAN,157.0,55,Late,New 
106421,20 May 2026,11,MALMÖ,Pizza,149 SEK,26,On time,New
100241,26.02.2026,18,Stockholm,Salad,234 kr,41,ON TIME,Returning
100768,2026-03-05,10,Stockholm,Indian,262.0,31,On time,New
107973,2026-06-10,12,Stockholm,Sushi,SEK 138,38,ON TIME,New
100678,2026-03-03,19, Lund,Indian,297.0,33,On time,New
100032,2026-02-23,14,Stockholm,pizza,292.0,45,ON TIME,Returning
103731,14.04.2026,18,Göteborg,Burgers,263.0,58,Late,RETURNING
107999,2026-06-11,17,Göteborg,Pizza,297 kr,38,ON TIME,New
109425,2026-06-30,17,Stockholm,Salad,186.0,33,On time,New 
111567,29 Jul 2026,13,Göteborg,Salad,224.0,41,on time,NEW
108778,2026-06-21,9,Göteborg,Thai,SEK 193,40,On time,Returning
106130,2026-05-16,15,Uppsala,Pizza,"274,0",27,On time,New
101818,2026-03-20,17,,Burgers,"231,0",43,On Time,Returning
107419,3 Jun 2026,11,Göteborg, Burgers,"227,0",44,On time,Returning
107451,03/06/2026,21,Sthlm,Salad,285,53,Late,Returning
106012,15.05.2026,10,Stockholm,Pizza,203.0,36,On time,Returning
105303,2026-05-05,14,stockholm,Kebab,"216,0",37,On time,Returning
104553,25 Apr 2026,17,Sthlm,Sushi,371.0,20,on time,New
108192,2026-06-13,14, Stockholm,Vegan,243.0,44,On time,Returning
100190,2026-02-25,16,Malmö,Thai,SEK 333,50,Late,New
108750,2026-06-20,21,uppsala,Sushi,186.0,25,On time,RETURNING
109402,2026-06-30,12,Göteborg,Pizza,233.0,30,On time,Returning
105803,2026-05-12,16,Göteborg,Pizza,267.0,36,On time,New
109455,30/06/2026,23,Uppsala,Kebab,197 kr,37,On time,New
104942,2026-05-01,9,Göteborg,Pizza ,SEK 218,45,on time ,New
104575,25/04/2026,18,Malmö,Burgers,225.0,38,On time,Returning
112233,2026-08-07,11,,Burgers,300.0,46, late,NEW
103775,2026-04-14,19,Malmö,Burgers,"184,0",44,On time,New
100856,06/03/2026,21,Malmö,Sushi,322,46,Late,New
103304,2026-04-08,12,Malmö,Vegan,279.0,27,On time,Returning
111537,2026-07-28,10, Malmö,Sushi,362.0,46,LATE,Returning
113318,2026-08-21,17,Stockholm,burgers,242,37,On time,New
102322,26.03.2026,20, Lund,Thai,111.0,28,ON TIME,Returning
107492,2026-06-04,21,Göteborg,Vegan,"432,0",33,ON TIME,New
101932,21.03.2026,20,Malmö,Sushi,200.0,19,On time,Returning
101145,2026-03-10,19,Stockholm,Pizza,218 kr,41,On time,New
103681,2026-04-13,18, Stockholm,Kebab,291,49,Late ,Returning
112296,08.08.2026,11,Göteborg,Burgers,240,37,On time,New
108874,2026-06-22,11,Stockholm,Kebab,"255,0",38,On time,Returning
109105,2026-06-26,18,Stockholm ,Burgers,303.0,30,On time,New
108004,2026-06-11,13,Göteborg,Sushi,201.0,50,Late,Returning
104275,2026-04-21,17,Stockholm,THAI,236.0,27,ON TIME,New
110397,2026-07-13,13,Malmö,Thai,"254,0",33,On time,New
109040,2026-06-25,12,stockholm,PIZZA,240 kr,41,on time ,Returning
101505,2026-03-15,11,Stockholm,Indian,253.0,36,On time,New
105258,2026-05-04,13,Malmö,Burgers,"300,0",59,Late,Returning
101199,11.03.2026,12,Stockholm,Pizza,237.0,50,Late,returning
107053,29 May 2026,13,Stockholm,Sushi,225.0,40,On time,Returning
105502,2026-05-08,20,Sthlm,Burgers,277.0,33,On time,Returning
106291,2026-05-18,9,Malmö , Pizza,233 SEK,44,On time,Returning
113152,2026-08-19,19,Stockholm,Vegan,184.0,45,Ontime, Returning
109072,25 Jun 2026,17,Malmö,Burgers ,252.0,38,on time ,RETURNING
104319,2026-04-22,20,Göteborg,Burgers,"173,0",37,On time,Returning
110622,16 Jul 2026,11,malmö,KEBAB,258.0,35,On time,New
107972,2026-06-10,19,Stockholm,Sushi,327.0,25,ON TIME,Returning
105871,2026-05-13,10,Stockholm,Indian,290.0,46,late,Returning
113166,2026-08-19,12,STOCKHOLM,Pizza,248.0,48,Late,Returning
104198,20/04/2026,10,stockholm,Pizza,312.0,27,On time,New
103536,2026-04-11,17,Malmö,Salad,318.0,32,On time,Returning
102085,2026-03-23,13,Stockholm,Pizza,"225,0",38,On time,New
113025,2026-08-17,11, Stockholm,Pizza,330 kr,51,Late,Returning
103426,2026-04-10,12,Stockholm,Thai,207 SEK,46,Late,New
104053,2026-04-18,11,Uppsala,Burgers,381.0,31,On time, Returning
106651,2026-05-23,20,Malmö,Burgers,255.0,28,On time,New
113174,19 Aug 2026,13,Stockholm,Pizza,315.0,35,On time,Returning
109422,30 Jun 2026,17,stockholm,Pizza,285.0,35,On time,Returning
109541,2026-07-02,15,Göteborg,Burgers,265,47,Late,New
103082,2026-04-05,10,Malmö,Kebab,233.0,24,On Time,New
106507,2026-05-21,15,Malmö,thai,231,47,Late,New
106269,2026-05-18,19,Stockholm,Sushi,203 kr,38,On time, Returning
110157,2026-07-10,11,Malmö,Thai,219.0,43,On time,Returning
101618,17.03.2026,20,Göteborg,Indian,218 SEK,29,On time,Returning
100694,2026-03-04,15,Göteborg,Sushi,256.0,40,On time,Returning
102922,2026-04-03,16,Uppsala,VEGAN,SEK 267,47,Late,Returning
103745,14 Apr 2026,17,Stockholm,Thai,254,38,On time,New 
107191,31 May 2026,11,Göteborg,Indian,174.0,30,On time,Returning
111696,2026-07-30,18,Lund,Kebab,311.0,34,Ontime,Returning
110645,2026-07-17,19,Göteborg,Burgers ,227.0,26,On time,Returning
101638,2026-03-17,13,STOCKHOLM,Sushi,"169,0",36,On time,Returning
106485,2026-05-21,17,Stockholm,Burgers,247.0,22,On time, Returning
105445,7 May 2026,11,Stockholm,Pizza,190 kr,49,Late,Returning 
110881,19 Jul 2026,12,Uppsala,Thai,262.0,45,On time,Returning
100514,2026-03-01,11,Malmö,Burgers,SEK 245,32,On time,Returning 
107360,2026-06-02,17,Stockholm,Pizza ,286.0,33,On time,New 
108860,22 Jun 2026,20,Göteborg,Pizza,264,0,,Returning
110386,2026-07-13,18,Stockholm,Thai,"296,0",39,On time, Returning
103627,12 Apr 2026,15,Malmö,burgers,250.0,31,On time,RETURNING
102271,26 Mar 2026,11,stockholm,Pizza,353.0,31,On time,Returning
103684,2026-04-13,12,Stockholm,Thai,173,47,Late,Returning
103851,15 Apr 2026,18,Uppsala,Indian,239,36,on time ,New 
100251,2026-02-26,10,Sthlm,Pizza,"205,0",29,On Time,Returning
111111,2026-07-23,14,,Indian,277.0,33,On time,Returning
113501,2026-08-23,20,Malmö,Burgers,264 kr,48, late,Returning
104169,20 Apr 2026,10,Göteborg,Pizza,289 SEK,22,On time,New
104460,2026-04-24,16,Stockholm,Indian,"264,0",34,On time,Returning
103468,2026-04-10,19,Uppsala,Pizza,194.0,37,on time ,New
113417,2026-08-22,12,Malmö,Indian,186.0,40,On time,Returning
109501,1 Jul 2026,11,Sthlm,Kebab,SEK 135,37,On time,New
101868,20 Mar 2026,12,Uppsala, Sushi,"258,0",44,On time,NEW
102000,2026-03-22,11,STOCKHOLM,Vegan,250,47,Late,Returning
110380,2026-07-13,14,Stockholm,Sushi,366 SEK,38,ON TIME,Returning
102679,2026-03-31,15, Stockholm,Sushi,233.0,29,On time,Returning
105521,8 May 2026,19,malmö,Burgers,"253,0",40,On time, Returning
102500,2026-03-29,21,GÖTEBORG,Sushi ,215,36,on time,New 
107671,6 Jun 2026,12,Stockholm,Pizza,356 kr,17,On time,Returning
103404,10 Apr 2026,17,Göteborg,Pizza,"124,0",35,Ontime,Returning
110590,16.07.2026,14,Stockholm,Burgers ,249.0,37,On time,RETURNING
106959,2026-05-27,22,Malmö,Pizza,180.0,38,On time,Returning
102053,23.03.2026,16,Göteborg,Burgers,274 SEK,45,On time,Returning
100221,2026-02-26,13,Göteborg,Pizza,"292,0",35,On time,Returning
110542,15 Jul 2026,14,Malmö,Pizza,206.0,54,Late,Returning
102515,2026-03-29,12,Stockholm,Salad,SEK 271,38,ON TIME,New
106412,20/05/2026,11,Stockholm,Sushi,296.0,44,On time, Returning
111533,2026-07-28,14,Stockholm,Pizza,365.0,42,On time,Returning
100326,27 Feb 2026,12,Sthlm,Burgers,SEK 298,46,Late,New
109385,2026-06-29,13, Malmö,Thai,291,34,On time,Returning
103621,12/04/2026,9,Malmö,Burgers,251 kr,45,On time,Returning
112466,2026-08-09,13,Malmö,Indian,319 kr,44,On time,new
104125,2026-04-19,13,Stockholm,Sushi ,308.0,48,Late,returning
100802,2026-03-06,19,Göteborg,Indian,301.0,35,on time ,New
106557,22.05.2026,21,Stockholm,Thai,310 kr,43,On time,New
102279,26 Mar 2026,13,Stockholm,Burgers,336.0,27,on time ,Returning
103749,14 Apr 2026,18, Stockholm,thai,311,39,On time,Returning
112925,2026-08-16,22,göteborg,Salad,147.0,27,On time,New
100700,4 Mar 2026,11,STOCKHOLM,Burgers ,233.0,64,late,Returning
109321,2026-06-28,21,Lund,Burgers,287.0,39,On time,Returning
112036,2026-08-04,17,Stockholm,Indian,265,51,Late ,Returning
102928,03.04.2026,18,Lund,Vegan,"230,0",43,on time ,Returning
113223,2026-08-20,11,Göteborg,Pizza,189.0,44,On time,New
101695,2026-03-18,14,,Salad,248.0,45,On time,Returning
105725,10 May 2026,18,Uppsala,kebab,228.0,42,On time,Returning
110207,2026-07-11,11,STOCKHOLM,Thai,"341,0",36,on time,New
101566,16 Mar 2026,12,Göteborg,burgers,231.0,47,Late,New
105042,2026-05-02,18, Stockholm,Vegan,184,15,On time,RETURNING
109415,30 Jun 2026,20,Göteborg,Vegan,"219,0",33,On time,Returning 
108469,2026-06-16,17,Uppsala,Pizza,228.0,22,On time,Returning
108346,15 Jun 2026,17,Stockholm, Sushi,269,43,On time,New
105421,7 May 2026,12,Göteborg,Indian,264 kr,29,On time,Returning
101106,9 Mar 2026,21,Malmö,Pizza,188.0,40,On time,New
101934,2026-03-21,11,Malmö,Indian ,257.0,41,On time,Returning
113387,22 Aug 2026,10,Stockholm,Sushi,187.0,23,On time,New
112742,2026-08-13,18,,Indian,"324,0",40,On time,Returning
110806,2026-07-19,12,Göteborg,Sushi,275 SEK,27,On time,Returning
111357,2026-07-26,20,GÖTEBORG,Pizza,307,47,Late,Returning
108020,2026-06-11,19,Stockholm,Thai,SEK 213,27,On time,Returning
100013,23.02.2026,18,Göteborg,Indian,"196,0",43,On time,New
105412,2026-05-07,18,Göteborg,Kebab,319.0,28,On time,Returning
107231,31 May 2026,16,Sthlm,Kebab,260.0,31,On time,New
112593,11 Aug 2026,10,Stockholm,Indian,258,27,On time,New
101235,2026-03-11,14,Malmö,Pizza,290,31,On time,Returning
107971,2026-06-10,11,Stockholm, Indian,275.0,35,On Time,Returning
110170,2026-07-11,13,Göteborg,burgers,216.0,26,on time ,Returning 
105667,2026-05-10,18,Stockholm,Sushi,243.0,56,Late,New
109939,2026-07-07,20, Malmö,Pizza,210.0,32,On time,Returning 
101704,18.03.2026,17,Stockholm,Pizza,264,21,on time ,Returning
100294,27/02/2026,14,Göteborg ,Sushi,"345,0",25,On time,New
111948,2026-08-03,19,Göteborg,Burgers,"261,0",22,On time,New
111494,2026-07-28,17,Göteborg, Pizza,239.0,38,on time ,Returning
106091,16 May 2026,22,STOCKHOLM, Indian,205 kr,51,Late,New
110880,19/07/2026,19,Uppsala,Kebab,274.0,36,On time,Returning
102136,24/03/2026,21,Stockholm,INDIAN,366.0,26,On time,Returning
108597,18/06/2026,11, Uppsala,Salad,"236,0",49,late,New
110791,2026-07-18,14,uppsala,Sushi,SEK 324,30,On time,Returning 
102424,28/03/2026,12,Stockholm,Salad,239 SEK,33,On time,Returning
100621,2026-03-03,17,Göteborg,Kebab,229.0,53,Late, new
105287,2026-05-05,12,Göteborg,Burgers,279.0,30,ON TIME,Returning
113055,17 Aug 2026,13,uppsala,Vegan,"230,0",40,On Time,Returning
101625,2026-03-17,11,GÖTEBORG,Burgers,"250,0",49,Late,Returning
108523,17 Jun 2026,23,Malmö,Salad,308.0,53,Late,New
113260,20 Aug 2026,14,Malmö,Vegan,222.0,35,On Time,New
106139,17.05.2026,11,GÖTEBORG,Sushi,296.0,29,On time,Returning
101764,2026-03-19,19,Göteborg,Kebab,193.0,30,On time,Returning
105601,2026-05-09,11,Stockholm,Pizza,273.0,44,On time,Returning
112185,6 Aug 2026,17,Stockholm,Thai ,151,15,On time,RETURNING
112065,2026-08-04,11, Uppsala,Sushi,233.0,42,On time,New
104671,2026-04-27,20,,Thai,"191,0",45,On time,Returning
105379,2026-05-06,19,Stockholm,Salad,234,49,Late,Returning
105171,03.05.2026,14,malmö,Sushi,268.0,22,On time,Returning
102158,24/03/2026,12,Stockholm,Pizza,323.0,29,On time,New
109890,7 Jul 2026,12,Göteborg,Kebab,225 SEK,36,On time,New
108021,11 Jun 2026,13,Sthlm,SUSHI,215,34,On time,Returning
103116,05.04.2026,10,,Thai,161 kr,24,On time,New
100951,2026-03-07,12,Uppsala,Thai,277.0,29,On time,New
108669,2026-06-19,17,,Thai,201,53,LATE,New
100642,2026-03-03,13,Stockholm ,Burgers,247 SEK,41,On time,Returning
103279,08/04/2026,17,stockholm,Burgers,302.0,36,On time,Returning
108517,2026-06-17,20,Stockholm,Kebab,196.0,37,On time,Returning
101111,09/03/2026,12,Malmö,Pizza,193 SEK,37,On time,New
105904,13 May 2026,17,Uppsala,Burgers,297.0,32,On time,Returning
102056,2026-03-23,12,Göteborg,Kebab,235.0,41,On time,New
110689,2026-07-17,18, Malmö,Pizza,SEK 210,50,late,Returning
111542,2026-07-28,19,Malmö,Kebab,180.0,30,On time,New
100998,2026-03-08,16,STOCKHOLM,Indian,285,47,Late,New
106052,2026-05-15,10,Lund,Sushi,"238,0",37,On time,New
102088,23 Mar 2026,11,Stockholm,Pizza,"205,0",35,on time ,Returning
107101,2026-05-30,12,Göteborg,Burgers ,229.0,45,On Time,Returning
111662,30 Jul 2026,19,Stockholm,Burgers,257.0,43,On time,Returning
112004,2026-08-03,11, Lund,Kebab,301 kr,39,On time, Returning
110053,09.07.2026,19,stockholm,Sushi,"224,0",39,On time,New
112082,05.08.2026,11,Göteborg,Indian,259.0,31,On time,Returning
111028,21 Jul 2026,16,Uppsala,Sushi,303.0,33,On time,Returning
111907,2026-08-02,19,Stockholm,Sushi,323.0,40,On time,Returning
112206,06/08/2026,20,Malmö,Burgers,308.0,22,On time,New
108258,14.06.2026,22,Stockholm,Indian,194 kr,29,On time,Returning
110964,21.07.2026,11,Göteborg ,Kebab,236 SEK,39,On time, new
104981,2026-05-01,9,Stockholm ,Indian,173.0,32,On time,Returning
106481,21.05.2026,18,Stockholm ,Burgers,287 SEK,36,On time,returning
100581,2026-03-02,20,malmö,pizza,"231,0",59,Late ,Returning
106184,2026-05-17,21,Stockholm,Kebab,"234,0",32,On time,Returning
100687,4 Mar 2026,11, Göteborg,Vegan,SEK 259,38,on time,New
104136,2026-04-19,14,Malmö ,Burgers,223.0,35,On time,New
100501,2026-03-01,18,Stockholm,Pizza,279 SEK,50,Late,New
105993,2026-05-14,14,Lund,Thai,257.0,39,On time,Returning
102774,2026-04-01,18,malmö,Sushi,246.0,37,On time,returning
112598,2026-08-11,23,Stockholm,Burgers,311,38,On time, Returning
103786,2026-04-14,20,Uppsala,Pizza,407.0,36,On time,New 
107874,2026-06-09,15,Göteborg,Thai,"222,0",53,Late,Returning
105377,2026-05-06,13,Stockholm,Burgers,182.0,16,On time,Returning
105695,10/05/2026,13,STOCKHOLM,Salad,172.0,40,ON TIME, new
109560,2026-07-02,12, Stockholm,Pizza,316,29,On time,New
100477,2026-03-01,17,Stockholm,Kebab,262.0,26,Ontime,Returning
110162,10/07/2026,19,Uppsala,Pizza,161.0,36,On time,Returning
112082,05/08/2026,11,Göteborg,Indian,259.0,31,On Time,Returning
102993,4 Apr 2026,19, Malmö,Salad,304 SEK,50,Late,Returning
110845,2026-07-19,12,stockholm,VEGAN,"272,0",46,Late,Returning
103120,2026-04-06,12,göteborg,Pizza,278.0,28,On time, Returning
109878,6 Jul 2026,9,Lund ,SUSHI,197,33,On time, new
100196,25.02.2026,20,Malmö,Indian,204,30,On time,Returning
111395,26/07/2026,22,Malmö,Sushi,287.0,47, late,Returning
108282,2026-06-14,19,stockholm,Indian,302.0,29,On time,New
103416,2026-04-10,15,göteborg,Salad,200,15,On time,Returning
105126,03.05.2026,20, Stockholm,Pizza,424.0,40,On time,Returning
112965,16.08.2026,10,stockholm,Indian,275 kr,44,On time,New
105025,2 May 2026,19,Göteborg,Kebab,158.0,50,Late,New
112972,2026-08-16,12,Malmö,Sushi,222,35,On time,Returning
100733,4 Mar 2026,11,Uppsala,Indian,170.0,40,on time ,Returning
101313,2026-03-12,18,Uppsala,Thai,"198,0",32,On time,Returning
108706,2026-06-20,15,Göteborg,Vegan,250 SEK,38,On time,NEW
102276,2026-03-26,19,Stockholm,Burgers,320.0,36,Ontime,Returning
112853,2026-08-15,21,STOCKHOLM,Burgers ,292.0,30,on time,Returning
104899,2026-04-30,15,Stockholm,Burgers ,193,45,On time,New
101144,2026-03-10,19,Stockholm ,Thai,201.0,47,Late,New
109662,2026-07-03,20,Uppsala,Vegan,178.0,38,On time,Returning
111176,2026-07-24,11,Göteborg,Pizza,372,50,Late,Returning
106223,2026-05-17,13,Uppsala,SUSHI,252.0,21,On time,Returning
111398,26/07/2026,16,Malmö,Burgers,268.0,19,On time, Returning
112612,11 Aug 2026,10,Uppsala,Pizza,185.0,41,Ontime,New
112022,2026-08-04,14,Göteborg,Burgers,200.0,40,On time,Returning
107914,9 Jun 2026,11, Malmö,Kebab,219 SEK,34,On time,New
106886,2026-05-26,14,MALMÖ,salad,212.0,50,Late,New
103645,2026-04-12,14,,Pizza,192.0,47,Late,Returning
110082,2026-07-09,20,Malmö,Sushi,"259,0",25,Ontime,Returning
111848,01/08/2026,12,Uppsala,Sushi,154 kr,53,Late,Returning
101506,2026-03-15,22,Stockholm,Kebab,334.0,46,Late,New
108288,14.06.2026,20,Malmö,Kebab,171,35,On time,New
101598,16 Mar 2026,11,malmö,Thai,232,24,On time,New
102198,2026-03-25,12,Göteborg,Sushi ,280.0,34,On time,New
100573,02.03.2026,14,Stockholm,Sushi,231.0,40,On time,Returning
111434,2026-07-27,13,Gbg,Pizza,343,25,on time,Returning
105891,13 May 2026,19,Malmö,Sushi,211.0,43,On time,Returning
112963,16 Aug 2026,12,Stockholm,Vegan,321.0,41,On time,Returning
108969,2026-06-24,12,göteborg,Pizza,359,33,On time,Returning
104431,2026-04-23,13,Uppsala,Pizza,176.0,37,On time,New
111305,25.07.2026,12,Stockholm,Burgers,214.0,31,On time,Returning
108970,2026-06-24,17,Göteborg,Salad,316.0,37,On time,Returning
107789,07/06/2026,20,Uppsala,Pizza,165 kr,40,On time,Returning
100363,2026-02-28,18,göteborg,Thai,"236,0",23,On time,RETURNING
107114,2026-05-30,21,Göteborg,Pizza,206.0,38,On time,New
107491,2026-06-04,14,Göteborg,Indian,236.0,34,ON TIME,Returning
106126,2026-05-16,14, Uppsala,Pizza,SEK 355,37,On time,Returning
101115,09/03/2026,10,Uppsala,Vegan,251,29,On time,Returning
102338,2026-03-27,15,Göteborg ,Pizza,232,36,On time,Returning
111324,2026-07-25,12,Uppsala,Thai,356.0,59,Late,Returning
100042,2026-02-23,19,Stockholm,Kebab,189.0,40,On time,Returning
100863,2026-03-06,17,uppsala,Pizza,217.0,24,on time ,Returning
106791,2026-05-25,22,Stockholm,KEBAB,222 kr,41,On time,New
106156,2026-05-17,17,Göteborg,Sushi,210 SEK,59,Late,Returning
103234,2026-04-07,12,Malmö,Pizza,218.0,56,Late,Returning
103191,2026-04-07,20,Göteborg,Burgers,"332,0",37,On time,Returning
103360,09/04/2026,13,, Pizza,202 kr,34,On time,Returning
110907,2026-07-20,17,Stockholm ,Sushi,318 kr,35,On time,Returning
112090,05.08.2026,14,Göteborg,Burgers,321.0,16,on time ,New
112922,2026-08-16,14,Göteborg,Kebab,327.0,52,Late,Returning
111815,1 Aug 2026,18,Stockholm,Burgers,205 SEK,49,late,Returning
104826,2026-04-29,14,Stockholm,Thai,216.0,36,ON TIME,New
101811,2026-03-19,10,Uppsala,Sushi,279.0,36,On time,New
109444,30.06.2026,16,Malmö,Sushi,290.0,42,On time,Returning
106868,26 May 2026,10, Stockholm,BURGERS,238.0,53,LATE,Returning
102236,2026-03-25,11,Malmö,pizza,169.0,53,Late,New
103882,16 Apr 2026,16,Stockholm,Pizza,262,43,On time,New
104525,2026-04-25,11,Göteborg,Thai,361 SEK,46,Late,Returning
111773,2026-08-01,23,Göteborg,Indian,218.0,31,On time,New
107827,8 Jun 2026,20,Stockholm,BURGERS,SEK 237,54,Late,NEW
100758,05/03/2026,21,Stockholm,Kebab,198 SEK,59,Late,Returning
104939,2026-05-01,15,Göteborg,Burgers,"262,0",41,On time,New 
112046,4 Aug 2026,12,Stockholm ,Pizza,163,37,On time,Returning 
102256,26.03.2026,13,Göteborg,pizza,191 kr,47,Late,New
104200,2026-04-20,13,Stockholm,Pizza,340,27,On time,Returning
101324,2026-03-13,20,Gbg,Burgers ,360.0,42,On Time,Returning
109317,2026-06-28,21,Uppsala,Sushi,217 SEK,34,on time ,New
110699,2026-07-17,16, Uppsala,Pizza,171.0,40,On time,Returning
107709,2026-06-06,18,Lund,Kebab,198 SEK,32,On time,Returning
105909,13 May 2026,19,Uppsala,kebab,284.0,33,ON TIME,Returning
112456,2026-08-09,22,Stockholm,Burgers,244.0,41,On time, Returning
109784,2026-07-05,9,Stockholm,Vegan,"211,0",40,On time,New
107691,2026-06-06,16,malmö,Pizza,265,57,Late,Returning
105266,2026-05-04,13,Malmö,thai,254.0,27,On time,Returning
111697,30 Jul 2026,21,Lund,Salad,218 kr,22,On time,Returning
111414,26 Jul 2026,10,Lund,Sushi,239.0,38,on time,Returning
103573,2026-04-12,20,Göteborg,Indian,216.0,41,On time,Returning
110278,2026-07-12,16,Stockholm,Kebab,240,44,On time,Returning
109867,2026-07-06,20,Uppsala,Indian,316.0,31,On time,Returning
107438,2026-06-03,11, Stockholm,Burgers,171.0,38,On time,Returning
107752,7 Jun 2026,15,Stockholm,Burgers,194.0,41,on time,returning
101890,21 Mar 2026,20,,Burgers,265.0,28,On time,Returning
112765,14 Aug 2026,20,Göteborg,Indian,SEK 129,27,on time ,New
107788,2026-06-07,10,Malmö,Kebab,335.0,39,On time,New
102790,1 Apr 2026,13,lund,Kebab,"240,0",56,Late,New
103282,2026-04-08,13,Stockholm,Vegan,234,31,On time,Returning
100330,2026-02-27,22,Stockholm,burgers,311.0,30,On time,Returning
102916,2026-04-03,23,Malmö,Vegan,241 SEK,33,On time,Returning
111059,22.07.2026,21,Stockholm,PIZZA,202.0,38,On time,New
111390,26 Jul 2026,23,Stockholm,Pizza,96.0,24,On time,Returning
105945,14.05.2026,18,Stockholm,Pizza,"166,0",38,On time,Returning
111235,2026-07-24,20,uppsala,Vegan,"345,0",39,On time,Returning 
107505,04.06.2026,12,Stockholm,Indian,306.0,22,On time,Returning
104185,2026-04-20,11,Göteborg,Pizza,117 kr,31,On time,Returning
107092,30 May 2026,17,Göteborg,Pizza,SEK 282,16,On time,Returning
110107,2026-07-10,22,göteborg, Thai,294.0,39,On time,Returning
101109,9 Mar 2026,14,Malmö,Sushi,336,34,On time,Returning
111880,2026-08-02,20,Stockholm,Kebab,176.0,44,On time,New
103495,2026-04-11,18,Stockholm,Burgers,159.0,20,On Time,Returning
107414,2026-06-03,10,Göteborg,Pizza,221.0,26,On time,Returning
113069,2026-08-18,20,GÖTEBORG,Pizza,224.0,30,On time,Returning
100226,2026-02-26,17,Göteborg ,Pizza,166,45,On time,New
109923,2026-07-07,13,Stockholm,Pizza,282.0,48,Late,Returning
109569,2026-07-02,13,Stockholm,Sushi ,170.0,30,On time,Returning
107349,02.06.2026,18,Stockholm,Indian,210.0,37,On time,New
103182,2026-04-07,22,Göteborg,Thai,302.0,63,Late, new
105306,5 May 2026,19,Stockholm,burgers,317,34,On time,Returning
111683,30 Jul 2026,11, Malmö,SUSHI,89.0,36,On time,Returning
108084,12 Jun 2026,12,Göteborg ,INDIAN,279.0,43,On time,Returning 
101352,2026-03-13,14,Stockholm ,Kebab,302.0,36,On time,New
105329,2026-05-05,12,Malmö ,Pizza,287.0,31,ON TIME,New
108670,2026-06-19,11,Malmö,Salad,302,44,On time,returning
110805,19 Jul 2026,12,Gbg,Pizza,262.0,22,Ontime,New
107450,2026-06-03,12,Sthlm,Sushi,"208,0",39,On Time,New
101425,2026-03-14,10,STOCKHOLM,Kebab,290,47,Late,New
104372,22/04/2026,11,Uppsala ,salad,399.0,37,On time,Returning
104724,27 Apr 2026,17,Uppsala,Salad,267.0,37,On time,Returning
101307,2026-03-12,13,Malmö,Indian,330.0,40,On time,Returning
108339,2026-06-15,19,Stockholm,Pizza,233.0,46,Late,New
104208,2026-04-20,20,Stockholm,Salad,265.0,33,Ontime,Returning
102701,31.03.2026,10,Malmö,Sushi,252 SEK,33,On Time,New
108255,14 Jun 2026,15,Stockholm, Kebab,298.0,34,Ontime,New
107284,2026-06-01,12,Stockholm, Sushi,232.0,52,Late,Returning
106441,20.05.2026,20,Lund,Kebab,323 kr,61, late,returning
102083,2026-03-23,23,Stockholm,Salad,205 SEK,39,Ontime,Returning
103609,2026-04-12,18,Stockholm,Pizza,289.0,35,On time,Returning
106862,2026-05-26,14,Stockholm,PIZZA,324.0,45,On time,Returning
113035,2026-08-17,12,Stockholm,PIZZA,285.0,48,late,Returning
109835,2026-07-06,12,Stockholm,Pizza,"271,0",999,,Returning
102699,2026-03-31,11,malmö,INDIAN,225,30,On time,New
106093,2026-05-16,12,Stockholm,Kebab,370.0,46,Late,Returning
112385,2026-08-08,18,Uppsala,PIZZA,274.0,40,On time,Returning
113499,23/08/2026,22,Malmö,Thai,130.0,38,On time,New
112398,8 Aug 2026,20,Lund,Burgers,"321,0",36,On time,Returning
103245,7 Apr 2026,12,Lund,Sushi,314.0,32,On time,New
101742,18 Mar 2026,18,Lund,Vegan ,296.0,65,Late,New
111539,28 Jul 2026,12,Malmö,Burgers,243.0,49,Late, Returning
112901,2026-08-15,18,Lund ,Vegan,"291,0",54,Late,New
108897,22/06/2026,12,Uppsala,Salad,300.0,24,On time,Returning
105863,2026-05-13,14,Göteborg,Thai,366 SEK,47,Late ,New
111405,2026-07-26,9,Uppsala,Burgers,257.0,57,Late ,New
104873,30.04.2026,17,Göteborg ,salad,314.0,39,On time,Returning
107528,2026-06-04,17,Malmö,Burgers,327.0,33,On time,Returning
109379,2026-06-29,12,Malmö,Burgers,244.0,16,On time,New
108210,13.06.2026,15,Malmö,Indian,235.0,38,On time, new
101525,2026-03-15,18,MALMÖ,Kebab,295.0,33,On time,RETURNING
105542,2026-05-08,13,Uppsala,Burgers,296.0,33,On time,Returning
103581,12/04/2026,13,stockholm,Burgers,232.0,31,on time,New
108992,24.06.2026,21,Stockholm,Pizza,"244,0",50,Late,New 
101292,12.03.2026,19,stockholm,kebab,386.0,47,Late,Returning
104576,2026-04-25,12,Malmö,Pizza ,131 kr,33,On time,New
109586,02.07.2026,17,Malmö,Salad,289 kr,31,On time,Returning
100112,24 Feb 2026,19, Stockholm,INDIAN,274,49,Late,Returning
109365,29 Jun 2026,11,Stockholm,Burgers,223.0,25,Ontime,Returning
104073,2026-04-19,11,Göteborg,Burgers,212,40,On time,Returning
112570,2026-08-11,12,Göteborg,Thai ,275 kr,30,On time,RETURNING
108263,2026-06-14,15,Stockholm, Pizza,323.0,40,On time,RETURNING
108731,20/06/2026,16,Stockholm,Pizza,240.0,42,On time,New
109475,2026-07-01,13,Göteborg,Burgers,334.0,33,On time,New
104725,2026-04-27,12,Lund,Sushi,200.0,38,Ontime,Returning
107264,2026-05-31,19,Lund,THAI,221.0,40,On time,New
100311,2026-02-27,18,Sthlm,Pizza,275.0,42,on time,Returning
102852,2026-04-02,9,Uppsala,Indian,322,15,On time,RETURNING
101391,14.03.2026,15,Göteborg, Pizza,231.0,33,On time,New
102244,2026-03-25,18,Lund,Sushi,220.0,30,On time,RETURNING
111619,2026-07-29,19,lund,BURGERS,245 SEK,32,On time,Returning
101173,2026-03-10,11,Uppsala,Burgers,169.0,34,ON TIME,Returning
100881,2026-03-07,13,Gbg,Burgers,287.0,44,On time, Returning
102475,2026-03-28,17,Lund ,BURGERS,115.0,36,on time,Returning
111029,2026-07-21,12,Uppsala,Kebab,232.0,29,On time,New
105582,2026-05-09,21,Stockholm,pizza,324.0,36,On time,Returning
101328,2026-03-13,16,Göteborg,Burgers,388.0,39,On time,Returning
100811,6 Mar 2026,12,GÖTEBORG,VEGAN,270 kr,50, late,Returning
107402,2026-06-02,12,Lund,Burgers,325 kr,37,On Time,New
101889,2026-03-21,12,Göteborg, Thai,302.0,22,On time,returning
109906,2026-07-07,12,,Pizza,"278,0",41,On time,Returning
102211,2026-03-25,11,Stockholm,Sushi,114,25,On time,Returning
109951,2026-07-07,20,Lund,Pizza,313 kr,25,On time,returning
109108,2026-06-26,12,STOCKHOLM, Sushi,204.0,17,On time,New
102768,2026-04-01,16,Malmö,Pizza,371,41,On time,New
102576,30 Mar 2026,17,Göteborg,Pizza,180.0,24,on time,New
104761,2026-04-28,17,stockholm,Burgers,188.0,33,on time ,New
112192,06/08/2026,16,Sthlm,Sushi,179 kr,30,On time,New
107639,2026-06-06,11,stockholm,Pizza,350.0,27,On time,Returning
112551,10 Aug 2026,13,Uppsala ,Pizza,253.0,43,On time,Returning
108187,13/06/2026,13,Sthlm,Sushi,237.0,45,On Time,returning
100960,2026-03-07,18,Lund,Pizza,268 kr,26,On time,Returning
106739,2026-05-24,21,Uppsala,Pizza,185.0,49,LATE,New
103553,2026-04-11,14,lund,Sushi,178.0,42,On Time,Returning
112155,2026-08-06,20,göteborg,Salad,291,37,On time,Returning
107226,31 May 2026,11,Stockholm,Thai,257.0,38,On time,New
111413,2026-07-26,21,Uppsala,Pizza,227.0,15,On Time,New
102452,28.03.2026,22,Malmö,Pizza,340,32,On time,Returning
100500,1 Mar 2026,19,Stockholm,Pizza,152 SEK,24,On time,Returning
106802,25 May 2026,18,Malmö, Thai,"255,0",34,On time,Returning
107806,2026-06-08,19,Göteborg,Kebab,244.0,28,On time,New
101298,12.03.2026,12,Malmö,Pizza ,141.0,41,on time ,New
112961,2026-08-16,12, Stockholm,Indian,"192,0",41,On time,Returning
108359,15 Jun 2026,19,Stockholm,sushi,234.0,40,On time,New
101236,2026-03-11,16,Uppsala,Salad,"329,0",49,Late,New
101991,2026-03-22,14,STOCKHOLM,Thai,153.0,25,ON TIME,New
106764,2026-05-25,11,Göteborg, Burgers,270 kr,48,Late ,Returning
110035,2026-07-09,12,Göteborg,Pizza,214.0,22,On time,Returning
106838,2026-05-26,17,Göteborg,Salad,359 SEK,33,On time,Returning
107974,10 Jun 2026,13,Stockholm, Salad,262.0,21,On time,Returning
108420,2026-06-16,10,Stockholm,Salad,"281,0",28,On time,Returning
106248,18/05/2026,13,Göteborg,Pizza,264.0,36,On time,Returning
103303,8 Apr 2026,19,Malmö,Sushi,226.0,47,LATE,Returning
102672,31.03.2026,20,Stockholm,Indian,325.0,40,On time,New
107292,01.06.2026,14,Stockholm,pizza,197.0,15,On time,Returning
112421,09.08.2026,18,stockholm,Pizza,262.0,48,Late,Returning
105996,2026-05-15,13,Göteborg,Indian,214.0,35,On time,Returning
104838,2026-04-29,11,Stockholm,Pizza,211 SEK,49,Late, new
100778,2026-03-05,20,Malmö,Indian,"284,0",37,On time,New
113301,2026-08-21,20,Göteborg,Sushi,"248,0",38,On time,New
103008,04.04.2026,21,Uppsala,Burgers,258.0,38,On time,Returning
107815,2026-06-08,12,Göteborg ,vegan,222.0,36,On time,New
107370,02.06.2026,17,Stockholm,Kebab,335.0,38,On Time,Returning
111835,2026-08-01,11, Malmö,Indian,234.0,41,Ontime,Returning
110393,13.07.2026,11,Malmö,Kebab,315,25,On time,Returning
109174,2026-06-27,19,Göteborg,pizza,"196,0",39,On time,New
102557,2026-03-29,12,Uppsala,Kebab,381.0,48,late,New
104484,24.04.2026,20,Stockholm,Pizza,224.0,26,On Time,New
111144,2026-07-23,14,Malmö, Kebab,222.0,38,On time,Returning
104773,28 Apr 2026,13,Malmö,Indian,332.0,41,On time, new
108949,2026-06-23,16,uppsala,Sushi,285.0,29,On time,New
107061,29.05.2026,17,Stockholm,Thai,196.0,44,On time,New
109781,5 Jul 2026,18,Stockholm ,Thai,203.0,27,On time,Returning
101361,13.03.2026,17,,Indian,309.0,42,On time, Returning
109163,2026-06-27,14,Göteborg,Vegan ,"223,0",25,On time,Returning
101722,18 Mar 2026,11,Malmö,Indian,SEK 250,47,Late, new
107561,2026-06-05,17,Göteborg,Kebab,159.0,33,On time,Returning
101851,2026-03-20,17,Stockholm,Indian,217.0,45,on time,Returning 
102019,22 Mar 2026,13,Malmö,Sushi,263.0,24,on time ,Returning
112594,2026-08-11,19,STOCKHOLM,Thai,"308,0",39,On time,Returning
105657,10 May 2026,22,Göteborg,Burgers,308.0,32,On time,New
111181,2026-07-24,17, Göteborg,Indian,229,45,ON TIME,Returning
111009,2026-07-21,18,MALMÖ,Kebab,238.0,32,On time,Returning
105188,3 May 2026,14, Uppsala,Pizza,150 SEK,34,On time,Returning
103476,2026-04-10,12,lund,Kebab,278.0,39,On time,Returning
112536,10 Aug 2026,11,Malmö,Indian,237.0,44,On time,New
111821,01/08/2026,10,Sthlm,burgers,310.0,18,Ontime,NEW
111720,2026-07-31,9,Göteborg,Burgers,259.0,51,Late,Returning
105098,03/05/2026,14,Göteborg,Sushi,224.0,49,Late,Returning
100872,2026-03-06,18,Lund,Pizza,226 kr,26,On time, Returning
108272,2026-06-14,16,Stockholm,Sushi,369,42,On time,returning
100009,23 Feb 2026,10,Göteborg,Burgers ,187 SEK,41,Ontime,New
102222,2026-03-25,13,Stockholm,Thai,256 SEK,33,On time,New
101289,12/03/2026,12,Sthlm,Pizza,326.0,42,On time,New
106259,2026-05-18,12,Stockholm, Burgers,227 kr,30,On time,returning
103388,2026-04-09,18,malmö,Vegan,"242,0",25,On time,Returning
112549,10 Aug 2026,22,Malmö, Indian,382.0,46,Late,New
105309,2026-05-05,12, Stockholm,Vegan,163,42,On time,Returning
100209,2026-02-25,18,Uppsala ,Sushi,298 SEK,40,On time,New 
103064,2026-04-05,17,Stockholm ,INDIAN,"247,0",33,On time,Returning
112669,12.08.2026,10,Malmö ,Pizza,"209,0",37,On time,Returning
108325,2026-06-15,13,Göteborg,Vegan,282.0,34,On time,New
112055,2026-08-04,18,Malmö,indian,196 kr,39,On time,New
110529,2026-07-15,14,Stockholm ,Pizza,188.0,25,on time ,Returning
110706,17.07.2026,11,Lund,Pizza,157,48,Late ,Returning
110156,10.07.2026,18,Malmö ,Burgers,246,28,on time ,Returning 
100988,08/03/2026,13,Stockholm,Vegan,310.0,37,On time,New
105134,2026-05-03,13,Stockholm ,Sushi,244.0,25,On time,New
110453,2026-07-14,19,Stockholm,Thai,205,24,On time,RETURNING
103158,06.04.2026,13,Stockholm,Burgers,267.0,44,On time,New
110454,2026-07-14,14,Stockholm,Pizza,299.0,36,On time,Returning
109828,2026-07-06,12,Göteborg, Kebab,373.0,33,On time,New 
107984,10/06/2026,17,malmö,Vegan,399,50,Late,New
103753,2026-04-14,11,Stockholm,Thai,240.0,38,On time,New
107482,2026-06-03,13,Lund,Pizza,196.0,40,On time,RETURNING
102816,2026-04-02,22,Stockholm,Salad ,186 kr,52,Late,Returning
111824,2026-08-01,11,Stockholm, Burgers,372.0,38,Ontime,Returning
109621,03/07/2026,17,Stockholm,Pizza,235 kr,39,ON TIME,Returning
103471,2026-04-10,22,Uppsala,Burgers,293.0,-5,,Returning
106960,2026-05-27,19,MALMÖ,Salad,275.0,48,Late,Returning
111723,2026-07-31,14,Stockholm, Pizza,"251,0",40,On time,New
112396,2026-08-08,19,Lund,Pizza,215.0,53,Late,Returning
102442,28 Mar 2026,12,Malmö ,Burgers,SEK 232,40,On time,New
102391,27 Mar 2026,18,Uppsala,Burgers,209.0,999,,Returning 
102415,2026-03-28,10,Göteborg,Pizza,239 kr,41,on time ,Returning
101596,2026-03-16,14,Malmö,Pizza,299.0,42,On time, Returning
103475,2026-04-10,19,,Pizza,175 kr,31,On time, Returning
105059,2026-05-02,18,MALMÖ,Salad,261.0,20,ON TIME,Returning
103350,09.04.2026,20,Stockholm ,Sushi,220,45,On Time,New
108586,18.06.2026,20,malmö,Thai ,249.0,41,On time,New
108242,2026-06-14,12,GÖTEBORG,Burgers,"194,0",28,On time,Returning
110231,11.07.2026,15,Malmö,Kebab,265.0,44,On time,Returning
109085,25.06.2026,9,,pizza,178.0,38,On time,New
110145,10.07.2026,15,Malmö,Pizza,210,21,On time,New
104464,24.04.2026,19,Stockholm,Indian,232.0,29,On time,Returning
109279,28/06/2026,17, Stockholm,Thai,"259,0",44,On time,Returning
104660,2026-04-26,19,Lund,Sushi,349,25,On time,New
106466,2026-05-21,21,Stockholm,kebab,311.0,46,Late,Returning 
108782,21/06/2026,16,Göteborg,Burgers,"280,0",42,ON TIME, Returning
106551,2026-05-22,14,Stockholm,Pizza,212.0,30,On time,Returning
102417,28 Mar 2026,18,Göteborg,Burgers,327,47,Late,New
100860,2026-03-06,17,Malmö,Burgers,262.0,40,On time,Returning
100819,2026-03-06,18,Stockholm,Sushi,176.0,32,On time,New
108341,15/06/2026,12,Sthlm,Thai,"205,0",29,On time,Returning
100957,2026-03-07,11,Lund,PIZZA,172 SEK,37,On time,new
100159,2026-02-25,18,Göteborg,Burgers,226 SEK,35,on time ,New
103406,2026-04-10,15,Göteborg,Pizza,"249,0",999,,Returning
101712,18/03/2026,19,Sthlm,Salad,212.0,36,On time,Returning
100413,2026-02-28,12,Malmö , Sushi,315.0,34,On time,New
103992,18.04.2026,17,Göteborg,Salad,256.0,42,On time,returning
107858,2026-06-08,19,,Thai,287,42,On time, new
107663,06/06/2026,12,Stockholm, Sushi,337.0,36,On time,Returning
103791,2026-04-14,16,Lund,Kebab,SEK 137,37,On time,Returning
109220,27.06.2026,12,Stockholm, Burgers,258.0,24,On time,returning
107915,2026-06-09,20,Malmö,Burgers,274.0,28,on time,Returning
111487,2026-07-27,14,Lund,Burgers,259 kr,21,On time,New
109538,2026-07-02,13,Göteborg,burgers,213.0,32,on time ,Returning
104954,1 May 2026,18,Göteborg,Burgers,278.0,27,On time,Returning
109457,30 Jun 2026,12,Lund,Pizza,232.0,250,,Returning
112084,2026-08-05,17,Gbg,SUSHI,SEK 255,44,On time,NEW
101499,2026-03-15,11,Stockholm,Indian,277.0,30,on time,Returning
108261,14.06.2026,19,stockholm,Sushi,217.0,44,On time,Returning
107425,3 Jun 2026,23,Stockholm,Kebab,254.0,47,Late,New 
111906,2 Aug 2026,10,Stockholm,Salad,300,-5,,New
101463,2026-03-15,19,göteborg,Burgers,293.0,26,On time,New
107677,2026-06-06,16,Malmö ,Pizza,285,37,On time,RETURNING
109165,2026-06-27,14,Göteborg,Burgers,189.0,26,On time,returning
110737,2026-07-18,12,Stockholm,thai,232 SEK,33,On time,New
107857,08/06/2026,19,Lund, Kebab,259,44,On time,New
100676,2026-03-03,19,Lund,Sushi,234,47,Late,Returning
103957,2026-04-17,12,Stockholm,Kebab,230.0,30,On time,Returning
106711,2026-05-24,12,Stockholm,Burgers,242.0,38,On time,Returning
104111,2026-04-19,19,Stockholm,Kebab,258.0,38,On time,Returning
112778,14 Aug 2026,18, Stockholm,Indian,180.0,42,On time,Returning
103145,6 Apr 2026,19, Stockholm,Burgers ,300.0,18,On time,New
112080,05.08.2026,11,Göteborg,Burgers,273.0,26,On time,Returning
100220,2026-02-26,21,Göteborg,Sushi,282.0,35,On time,Returning
111653,30.07.2026,20,Stockholm,Thai ,237.0,19,On time,Returning
111754,31/07/2026,17,Malmö,Thai ,278.0,45,On time,New
101992,22/03/2026,15,Stockholm,Thai,218.0,34,On time,Returning
102593,2026-03-30,20,Stockholm,Burgers ,"247,0",47,late,Returning
105520,2026-05-08,18,MALMÖ,PIZZA,252.0,40,On time,New
112094,05/08/2026,12,GÖTEBORG,Pizza ,"268,0",43,Ontime,New
109020,24 Jun 2026,11,Lund,Sushi,275.0,38,Ontime,NEW
104686,2026-04-27,18,Stockholm ,Kebab,SEK 244,40,On time,Returning
108603,18.06.2026,12,lund,Vegan,211.0,36,On time,Returning
104346,22.04.2026,10,Stockholm,Pizza,223.0,36,On time,Returning
105759,11 May 2026,20,Stockholm , Indian,398,27,On time,Returning
109246,2026-06-27,11,Lund,Sushi ,194.0,38,On time,Returning
107987,10 Jun 2026,11,Uppsala,Burgers,288.0,36,On time,Returning
109166,27 Jun 2026,19,Göteborg,Pizza,240.0,19,On time,Returning
100849,2026-03-06,9, Malmö,Sushi,SEK 210,40,On time,Returning
110284,12 Jul 2026,18,Sthlm,Indian,250 kr,25,On time,New
107759,2026-06-07,11,Stockholm,Burgers ,256.0,40,On time,Returning
101933,2026-03-21,11,Malmö,Indian,147 kr,51,Late,New
101740,18.03.2026,19,Uppsala,indian,231.0,47,Late,NEW
103877,2026-04-16,18,Göteborg,Burgers,203.0,47,late,Returning
104930,2026-04-30,12, Uppsala,Burgers,280.0,38,On time,Returning
112867,15.08.2026,13,Stockholm,Kebab,231.0,31,On time,New
112650,12 Aug 2026,20,Stockholm,Salad,285 SEK,41,on time, Returning
101631,17.03.2026,12,Göteborg, Pizza,169 kr,16,Ontime,Returning
110246,2026-07-11,19,lund,Pizza,218 SEK,47,Late,Returning
112164,2026-08-06,14,göteborg,Kebab ,220,29,On time,Returning
103697,2026-04-13,14,Stockholm,thai,280.0,38,On Time,Returning
100729,2026-03-04,23,Malmö ,Pizza,"261,0",42,On time,New
105030,2026-05-02,12,Stockholm ,Pizza,242.0,42,On time,Returning 
112769,2026-08-14,11,Göteborg, Kebab,213 kr,44,On time,Returning
107696,2026-06-06,13,Uppsala,Pizza,203.0,26,On time,RETURNING
105588,2026-05-09,12,Stockholm,Thai,"293,0",53,late,Returning
108562,18.06.2026,20,Stockholm,Indian,"202,0",49,Late,Returning
104655,26/04/2026,12,Uppsala,Pizza,254.0,36,ON TIME,Returning
105060,2026-05-02,12,Malmö,Pizza,305.0,42,On time,New
110054,09.07.2026,16,Stockholm,Thai ,137.0,15,on time,Returning
112439,2026-08-09,9,Stockholm,Burgers,206.0,31,on time , Returning
103410,2026-04-10,9,Göteborg,Salad,291 kr,49, late,returning
111421,2026-07-26,18,,Burgers,215.0,45,On time,New
100331,27 Feb 2026,18,Stockholm,Sushi,306.0,27,ON TIME,Returning
103036,2026-04-05,12,Stockholm,pizza,271.0,42,On time,New
100146,2026-02-25,18, Göteborg,Sushi,262.0,74,Late,Returning
112358,2026-08-08,22,Stockholm ,Indian,176.0,29,on time,New
104380,2026-04-22,18,Lund,Burgers,197 kr,38,on time,New
100297,2026-02-27,22,göteborg,Sushi,"271,0",22,On time,New 
102908,2026-04-03,13,Malmö,Sushi,256 SEK,39,On time,Returning
108752,20 Jun 2026,16,Uppsala,Thai,284.0,43,On time,NEW
106703,24 May 2026,13,Stockholm,Vegan,213.0,34,On time,Returning
110613,2026-07-16,17, Malmö,Burgers,192.0,26,On Time,Returning
106334,19.05.2026,18,STOCKHOLM,Kebab,292.0,26,On time,Returning
101048,2026-03-08,21,Lund ,Vegan,133.0,55,Late,Returning
102489,29 Mar 2026,12, Göteborg,Pizza,233.0,31,Ontime,New
109723,2026-07-04,17,Malmö,Burgers,259,33,On time,Returning
105879,2026-05-13,12,Stockholm,Burgers,246.0,43,On time,Returning
106080,16.05.2026,21,Stockholm,Pizza,209,37,On time,New
111036,22.07.2026,14,Göteborg,Pizza,245,48,Late,New
102541,2026-03-29,11,Malmö,Kebab,"343,0",49,Late,Returning
103863,2026-04-16,13,GÖTEBORG,Pizza,251.0,27,On time,Returning
111273,25 Jul 2026,13,Stockholm,Pizza,"234,0",24,On time,Returning
105269,2026-05-04,17,Uppsala ,Salad,188.0,52,Late,Returning
103888,16.04.2026,18,Stockholm ,Pizza,163.0,48,Late,Returning
110300,2026-07-12,13,Stockholm,Pizza,268.0,32,On time,New
102105,2026-03-23,14,uppsala,Burgers,320.0,17,On time,New
111592,2026-07-29,15,Stockholm,Indian ,295.0,38,On time, Returning
107734,2026-06-07,21,Göteborg ,Indian,"229,0",25,On time,Returning
110084,09.07.2026,19,Malmö,SUSHI,"231,0",35,On time,Returning
104766,28 Apr 2026,13,stockholm,THAI,197.0,33,On time, Returning
103155,2026-04-06,20, Stockholm,pizza,232.0,34,On time,Returning
101483,2026-03-15,19,Göteborg , Pizza,208.0,43,On time, Returning
104878,2026-04-30,10,Göteborg,Pizza,SEK 249,39,Ontime,Returning
103617,2026-04-12,13, Malmö,Sushi,208.0,34,on time, Returning
100336,2026-02-27,13,Stockholm,Pizza,317.0,34,On time,Returning
108117,2026-06-12,10,Malmö,Salad,183.0,34,On time,Returning
100580,2 Mar 2026,16, Malmö,Kebab ,"279,0",47,Late, Returning
100715,4 Mar 2026,21,Stockholm,Sushi,224.0,34,On time,RETURNING
109714,04/07/2026,12,Malmö ,Indian,210.0,30,On time,New
109625,2026-07-03,20,Stockholm,Indian,352.0,25,On time,New
108232,2026-06-14,18,Göteborg,Burgers,"287,0",42,On time,New
110711,2026-07-18,11,Göteborg,Sushi,189.0,39,On time,New 
113090,18.08.2026,18,Sthlm,Sushi,SEK 136,32,On time,New
110251,2026-07-12,11,Göteborg,Sushi,320 kr,35,On time,New
103763,2026-04-14,16,Stockholm,Salad,246.0,46,Late,New
101125,2026-03-10,19,Göteborg,Sushi,272 SEK,41,On time,Returning
101567,2026-03-16,18,GÖTEBORG, Salad,"305,0",0,, new
100626,2026-03-03,22,Sthlm,Indian,211.0,36,On time,Returning
112184,6 Aug 2026,12,Sthlm,Thai,"287,0",48, late,New
104266,2026-04-21,12,Stockholm,Burgers,277.0,36,ON TIME,New 
107428,3 Jun 2026,12,Stockholm,Pizza,298.0,47,Late,Returning
109994,08.07.2026,18,Stockholm,Thai,212.0,26,On time,New
105195,2026-05-03,10,Lund,Vegan,"298,0",48,Late,Returning
107540,2026-06-04,12,,Burgers,270 SEK,30,On Time,Returning
101402,14/03/2026,11,Stockholm,Pizza,265.0,45,On time,Returning
112148,2026-08-06,13,Göteborg,Thai,275,29,On time, Returning
103855,2026-04-15,13,Uppsala,Sushi,181,40,on time,New
100800,2026-03-05,14,Lund,Thai,184 kr,39,On time,Returning
108212,2026-06-13,21,Malmö ,Vegan,197.0,24,On time,New
112337,8 Aug 2026,18,Stockholm ,Vegan ,224.0,44,On time,Returning
110086,9 Jul 2026,14,Malmö,Salad,278.0,58,late,Returning
101751,2026-03-19,19,Göteborg,Kebab,192.0,43,Ontime,New 
109131,2026-06-26,12,Stockholm,Vegan,224.0,29,on time,New
112978,2026-08-16,14,malmö,Kebab,272.0,58,Late,Returning
110687,2026-07-17,12,Malmö,Indian,300.0,25,On time,Returning
110621,16 Jul 2026,14,Malmö,Burgers,281 kr,35,On time,Returning
104256,2026-04-21,11,Göteborg ,Kebab,281.0,24,On time,New
113026,17.08.2026,20,Stockholm,Sushi,304.0,40,On time,Returning
106087,2026-05-16,16,stockholm,Pizza,"195,0",42,On time,Returning
105638,2026-05-09,13,Lund,Burgers,244.0,29,On time,Returning
109664,3 Jul 2026,13,Lund,Sushi,"262,0",23,On time,Returning
112685,2026-08-13,11,Göteborg,pizza,255 kr,29,On time,NEW
104137,2026-04-19,11,Malmö,Burgers,194.0,38,On time,New
111080,22/07/2026,13,Malmö,Salad,227.0,25,On time,New
110627,16 Jul 2026,13,Uppsala,Indian,183.0,50,Late,New
102517,2026-03-29,20,Stockholm,Pizza ,228.0,22,On time,Returning
105660,10 May 2026,19, Göteborg,Kebab,276,33,On Time,returning
112682,2026-08-12,17,Lund,Thai,310.0,39,on time,Returning 
102468,2026-03-28,15,Uppsala,Burgers,179.0,41,On time,Returning
105096,2026-05-03,22,Göteborg, Kebab,260.0,30,On time,Returning
111134,2026-07-23,13,,Burgers,243.0,45,On Time, Returning
100793,2026-03-05,14,uppsala,Burgers,263.0,29,On time,New
106296,18 May 2026,12,Uppsala ,Vegan,266.0,31,Ontime,NEW
109600,2026-07-03,19,Göteborg,Burgers,194.0,32,On time,Returning
100243,2026-02-26,10,Stockholm,Pizza,"210,0",44,On time,Returning
103917,16 Apr 2026,12, Uppsala,PIZZA,190 SEK,47,late,Returning
111335,2026-07-25,9,Lund,Burgers,"317,0",56,Late,NEW
105005,01.05.2026,22,Lund,Burgers,207.0,45,on time,New
106330,19 May 2026,18,stockholm,KEBAB,269.0,36,On time,Returning 
105622,2026-05-09,13,Malmö,Thai,240,42,On time,returning
109937,2026-07-07,15, Malmö,Salad,217,999,,new
113033,2026-08-17,10,Stockholm,Indian,SEK 274,43,On time,Returning
104244,21 Apr 2026,17,Göteborg,THAI,197.0,53,Late,New
107723,2026-06-07,14,,Indian,165.0,21,On time,Returning
102512,2026-03-29,17,Stockholm,Pizza,276.0,26,On time,Returning
100234,2026-02-26,14,Göteborg,INDIAN,211 SEK,33,On time,Returning
104739,2026-04-28,16,GÖTEBORG, Burgers,352,51,Late,Returning
102228,2026-03-25,21,Sthlm,Burgers,227 kr,37,On time,New
103847,2026-04-15,21,Malmö,Burgers,"253,0",34,On time,Returning
100980,2026-03-08,13,Göteborg,Vegan,SEK 240,41,On time,New
103614,12 Apr 2026,21,Stockholm,Sushi,296.0,47,Late ,Returning
102836,2026-04-02,20,STOCKHOLM,Kebab,184 SEK,31,ON TIME,New
111391,2026-07-26,12,,Pizza,234 kr,39,Ontime,NEW
111507,28 Jul 2026,16,Göteborg,Sushi,246 kr,47,Late,RETURNING
105149,2026-05-03,11,Stockholm ,Vegan,226 SEK,29,On time,Returning
104998,2026-05-01,19,Uppsala,Burgers,261.0,38,On time,Returning
108285,2026-06-14,21,Malmö,Pizza,"296,0",32,On time,Returning
106030,2026-05-15,14,Stockholm,Pizza,286,42,On time,Returning
100174,2026-02-25,20,Stockholm, Burgers,"237,0",30,On time,Returning
100230,26/02/2026,17,göteborg,Sushi,"241,0",43,On Time,returning
106188,2026-05-17,11,Sthlm,Kebab,"306,0",36,ON TIME,Returning
105029,2026-05-02,19,Stockholm,Indian,233.0,52, late,Returning
111199,2026-07-24,13,Stockholm,Sushi,"188,0",37,On time,New
101025,8 Mar 2026,13,Malmö,Kebab,289 kr,42,Ontime,New
104643,2026-04-26,14,Malmö,Pizza ,317,36,On time,Returning
102384,27 Mar 2026,11, Malmö,Salad,165.0,32,On time,New
106605,2026-05-23,18,Göteborg,Pizza,209 kr,35,ON TIME,Returning
111409,26 Jul 2026,10,Uppsala, Kebab,"213,0",0,,Returning
103934,17.04.2026,10,Göteborg,Sushi,236.0,40,ON TIME,Returning
111010,2026-07-21,14,Malmö,Burgers,273,46,Late ,Returning
108017,11/06/2026,19,Göteborg,Indian ,251,41,On time,Returning
107087,29/05/2026,10,Lund,Kebab,173,46,late,Returning
104203,2026-04-20,12,Stockholm ,Pizza,271.0,42,On time,New
107327,2026-06-01,10, Uppsala,Sushi,221.0,44,ON TIME,Returning
108014,11 Jun 2026,18,GÖTEBORG,Sushi,242 kr,48,Late,Returning
110448,14.07.2026,17,Stockholm,indian,211 SEK,34,On time,Returning
106712,24 May 2026,10,Stockholm,Sushi,345.0,0,,Returning
102289,26 Mar 2026,12, Stockholm,Pizza,192 SEK,31,ON TIME,Returning
111612,2026-07-29,19,Uppsala ,Pizza,195.0,46,Late,New
100844,06.03.2026,17,stockholm,Salad,192.0,36,On time,New
105640,2026-05-09,11,Lund,Burgers,"347,0",30,On time,Returning
101381,13 Mar 2026,21,Lund,Indian,319.0,62,Late,New
106979,2026-05-28,17,göteborg,Burgers,279.0,33,On time,New
111326,25 Jul 2026,11,Uppsala,Kebab,208 SEK,30,On time,Returning
102953,4 Apr 2026,13,STOCKHOLM,Pizza,147.0,23,ON TIME,New
104423,2026-04-23,22,Malmö ,Pizza,235.0,46,Late,Returning
107233,31 May 2026,17,Stockholm,Indian,248.0,40,On time,Returning
104471,24.04.2026,19,Stockholm,Thai,228,35,On time,Returning
105319,2026-05-05,11,Stockholm,Pizza,293,38,On time,Returning
104455,2026-04-24,19,Göteborg,Indian,292.0,32,On time,Returning
105617,2026-05-09,18,Malmö,Vegan,253.0,47,LATE,New
109254,2026-06-28,18,Göteborg,Pizza,298.0,46,Late ,RETURNING
102038,22.03.2026,14,Lund,Kebab,257,40,on time,Returning
102588,2026-03-30,19,Göteborg,Pizza,244 SEK,48,late,Returning
104416,23 Apr 2026,12,Stockholm,Burgers,213.0,47,Late,Returning
112632,2026-08-12,13,Göteborg,pizza,182 kr,45,Ontime,Returning
112893,2026-08-15,12,Uppsala,Pizza,SEK 345,30,On time,Returning
106863,2026-05-26,17,Stockholm,PIZZA,195.0,41,On time, Returning
104054,2026-04-18,17,Uppsala,Burgers,312.0,45,On time,Returning
100273,26.02.2026,11,Malmö,Pizza,332,44,On time,Returning
111038,2026-07-22,13,Göteborg,Kebab,272 SEK,43,On time,Returning
100688,4 Mar 2026,18,göteborg,Pizza,231.0,53,Late,Returning
110505,15 Jul 2026,13,Göteborg,Kebab,222.0,53,Late,Returning
112216,2026-08-06,14,Lund,Pizza,246,42,On time,Returning
100432,28 Feb 2026,10,Uppsala, Thai,"291,0",34,ON TIME,Returning
111764,2026-07-31,17,Lund,Indian,210.0,28,On time,New
112700,13 Aug 2026,16,Göteborg ,Salad,329.0,47,Late,Returning
104845,2026-04-29,19,Malmö,Sushi,259.0,24,On time,Returning
107326,1 Jun 2026,15,Uppsala,Thai,SEK 225,43,On time,Returning
111941,2026-08-02,9,lund, Kebab,307,26,On time,New
102585,2026-03-30,16,Göteborg,Sushi,258.0,31,ON TIME,Returning
104649,2026-04-26,17, Malmö,Thai,249 kr,36,On time,Returning
107995,2026-06-10,13,Lund,Pizza,256.0,34,On time,Returning
111998,2026-08-03,18,Uppsala,Burgers,258 SEK,28,Ontime,Returning
106913,2026-05-27,21,Göteborg,kebab,260.0,41,On time,Returning
105684,2026-05-10,19,Stockholm,Sushi,231.0,40,On time,Returning
105730,2026-05-10,18, Lund,Pizza,235.0,40,On time,Returning
113412,2026-08-22,17,Malmö,Sushi,290.0,33,on time,New
104777,28.04.2026,14,Malmö,Kebab,176 kr,52,Late,returning
110169,11/07/2026,12,Gbg,Kebab,285.0,42,On time,New
110557,2026-07-15,11,uppsala,Thai,214.0,33,on time,Returning
113275,2026-08-20,14,Uppsala ,Pizza,"270,0",35,Ontime,Returning
111719,2026-07-31,12,GÖTEBORG,Burgers,275.0,47,Late,New
111887,02.08.2026,14,Stockholm,Sushi,155.0,41,On time,New
109733,04/07/2026,12,Lund,Pizza,278.0,35,On time,new
113236,2026-08-20,19,Stockholm,Kebab,SEK 177,39,on time ,New
111785,2026-08-01,12,GÖTEBORG,Burgers,203,57, late,New
102249,2026-03-25,20, Lund,Indian,221 kr,40,On time,New
104031,2026-04-18,11, Stockholm,Sushi,"219,0",27,On time,New
106997,2026-05-28,19,stockholm, Kebab,226.0,42,On time,Returning
103792,14 Apr 2026,20,Lund,SUSHI,257.0,39,On Time,Returning
104895,2026-04-30,14,Sthlm,Sushi,281,43,On time,returning
100935,2026-03-07,21,Malmö,Kebab,312.0,43,On time, Returning
112087,5 Aug 2026,12,Göteborg,Pizza,SEK 207,32,On time,Returning
101760,19 Mar 2026,13,,Pizza ,261.0,30,On time,RETURNING
113493,2026-08-23,18,Malmö,Vegan,265.0,44,On time,Returning
107372,2 Jun 2026,10,,Indian,243,29,On time,New
110471,2026-07-14,11,Malmö,Kebab ,203.0,31,On Time,New
102180,2026-03-24,11, Uppsala,Burgers,290,47,Late,New
111805,2026-08-01,19, Stockholm,Pizza,"223,0",26,On time,Returning
105565,2026-05-09,14,Göteborg,Pizza,"210,0",39,On time,New
103221,2026-04-07,22,stockholm,Indian,257 SEK,43,On time,Returning
109479,1 Jul 2026,11,Göteborg, Kebab,342.0,54,Late,Returning
109179,27.06.2026,16,Göteborg,Burgers,209.0,43,on time ,Returning
110589,2026-07-16,17,Stockholm,Indian,244 kr,32,On Time,New
107318,2026-06-01,12,Malmö ,Pizza,301.0,41,On time,Returning
103150,2026-04-06,20,Stockholm,Indian,252.0,31,Ontime,New
112041,2026-08-04,20,Sthlm,Pizza,182.0,44,On time,Returning
102663,31.03.2026,18,stockholm,Indian ,"295,0",39,On time,New
105087,2026-05-02,18,Lund,salad,270,37,On time,returning
112846,2026-08-15,22,Stockholm,Kebab,312.0,48,Late,New
107596,2026-06-05,19,Malmö,Kebab,356.0,59,LATE,Returning
111322,25.07.2026,11,Uppsala,Pizza,158.0,34,On time,Returning
105550,2026-05-09,12,Göteborg,Pizza,247.0,37,On time,Returning
108236,2026-06-14,12,Göteborg,PIZZA,232.0,38,on time,New
111396,2026-07-26,19,,Burgers,"256,0",33,On time,New
110965,21 Jul 2026,20,Göteborg,BURGERS,240 SEK,34,On Time,New
111950,2026-08-03,18,Göteborg,Kebab,"294,0",50,Late,Returning
103591,2026-04-12,12,Stockholm,Indian ,261 kr,24,On time, Returning
104608,2026-04-26,18,Stockholm, Pizza,SEK 222,27,On time,Returning
106817,2026-05-25,17,Uppsala,Kebab,"222,0",32,On time,New
111758,2026-07-31,12,malmö,Pizza,194,35,On time,Returning
103930,2026-04-17,18,GÖTEBORG,Kebab,"216,0",41,On time,NEW
109968,08/07/2026,17,göteborg,Pizza,152,40,on time ,New
102671,31.03.2026,14,Stockholm,Kebab,195.0,23,On time,Returning
108888,2026-06-22,10,Malmö,Pizza,242.0,31,On time,Returning
100938,2026-03-07,13,Malmö,Pizza,219,22,On time,New
102767,2026-04-01,18,malmö,Pizza,199 kr,44,On time, new
112701,13/08/2026,16, Göteborg,Pizza,216,37,On time,New
100112,2026-02-24,19,Stockholm,Indian,274.0,49,Late,Returning
110717,2026-07-18,12,Göteborg,Kebab,258,21,On time,New
106129,16 May 2026,16,Uppsala,Salad,"236,0",29,On time,New
101788,2026-03-19,12,Stockholm,Pizza,"239,0",28,Ontime,Returning
104083,2026-04-19,19,Göteborg,Indian,290.0,43,On time,Returning
107989,2026-06-10,19,uppsala,Kebab,266.0,39,on time ,RETURNING
101206,2026-03-11,17,Stockholm,Kebab,278.0,42,On time,Returning
111372,2026-07-26,12,Stockholm,PIZZA,295 SEK,27,on time,Returning
111626,30/07/2026,17, Göteborg,Thai,314.0,36,On time,Returning
111450,2026-07-27,10,Stockholm,Pizza,165 kr,55,late,Returning
100185,25.02.2026,11, Stockholm,Pizza,262.0,999,,Returning
100175,2026-02-25,15,Stockholm,Kebab,SEK 246,28,On time,Returning
113443,23.08.2026,12,Göteborg,Pizza,232.0,52,Late,New
105956,14 May 2026,9,Stockholm,PIZZA,"248,0",17,Ontime,Returning
105602,9 May 2026,14,Stockholm,Pizza,"287,0",32,Ontime,New 
102040,22.03.2026,13, Lund,Indian,"288,0",43,On time,Returning
105978,2026-05-14,13,Malmö, Pizza,"319,0",34,On time,Returning
103676,13 Apr 2026,11,stockholm,Sushi ,318.0,33,on time ,Returning
112582,11.08.2026,19,Stockholm,Pizza,240.0,43,On time,Returning
109885,2026-07-07,14,Göteborg,Thai,221.0,44,On time,returning
109318,2026-06-28,13,Lund,Sushi,317,46,Late,Returning
105977,14/05/2026,19,MALMÖ, Sushi,318,45,On time, Returning
112478,09.08.2026,10,uppsala,Indian,287.0,52,Late,Returning
102873,2026-04-03,12,Göteborg,Vegan,"257,0",32,On time,Returning
104499,24 Apr 2026,11,Malmö,Thai,260.0,32,On time,Returning
101940,21.03.2026,15, Uppsala,Sushi,148.0,32,On time,Returning
100534,2026-03-02,22,Göteborg,Sushi,236.0,53,Late,Returning
100984,2026-03-08,17,Göteborg,Salad,"230,0",34,On time,Returning
109038,2026-06-25,12,GÖTEBORG,Sushi,179.0,27,On time,Returning
106221,2026-05-17,11,Uppsala,Pizza,191 SEK,48,LATE,Returning 
111355,2026-07-26,10,Göteborg,Indian,267,37,On time,Returning
106489,21/05/2026,11,Stockholm,Sushi,208,46,late,returning
101943,21 Mar 2026,19,Uppsala,Burgers,253.0,36,Ontime,Returning
102371,27 Mar 2026,13,Malmö,Sushi,"333,0",37,On Time,New
106962,2026-05-27,13,Uppsala,Thai,281 kr,43,On time,Returning
112753,2026-08-13,18,Lund,Kebab,330.0,43,On time,New
106560,2026-05-22,20,Stockholm,Kebab,269.0,15,On time,New
111222,24 Jul 2026,15,Malmö,Thai,177.0,51,Late,Returning
103897,2026-04-16,19,Stockholm,Thai,160.0,39,ON TIME,Returning
101732,2026-03-18,13,Malmö,Indian,265.0,27,on time,Returning
109771,05.07.2026,17,Stockholm,Kebab ,"309,0",32,On time,Returning
103414,2026-04-10,16,Göteborg,Kebab,234.0,33,On time,Returning
101209,2026-03-11,16,Stockholm,Thai,286 kr,42,On time,Returning
112739,2026-08-13,10,Malmö, Burgers,271.0,39,on time ,Returning
102804,02/04/2026,12,Göteborg,Vegan,206,41,On time,Returning
104354,2026-04-22,21,Malmö,Pizza,202 SEK,28,On time,Returning
110592,2026-07-16,20,Stockholm,Pizza,249.0,45,On time,New
100434,28/02/2026,12,Uppsala ,Thai,271.0,38,On time,new
107896,09/06/2026,18,Stockholm,Burgers,324.0,44,On time,New
102423,2026-03-28,14,Stockholm,Thai,102.0,44,On time,Returning
110119,10.07.2026,14,Göteborg,Thai,"171,0",35,On time,Returning
105899,13.05.2026,12,Malmö,Pizza,159 kr,42,on time ,New
101691,2026-03-18,12,Göteborg,Kebab,"223,0",35,On time,Returning
107732,7 Jun 2026,20,Göteborg,Indian,SEK 214,43,on time ,New
103920,2026-04-16,12,Uppsala,Kebab,254.0,41,On time,Returning
102674,31.03.2026,13,Stockholm,Thai,209.0,32,On time,Returning
100686,2026-03-04,18,Göteborg,Pizza,185.0,36,On time,RETURNING
112637,12 Aug 2026,11,Göteborg,Pizza,371,41,On time,Returning
100798,05.03.2026,22,Lund,Thai,179.0,40,ON TIME,New
110863,2026-07-19,17,Malmö,burgers,309.0,36,On time,Returning
103542,11 Apr 2026,11,Uppsala,Thai,SEK 230,51,Late,Returning
106189,2026-05-17,18,Stockholm, Vegan,281.0,44,On time,Returning
110835,2026-07-19,22,Stockholm,Sushi,233.0,38,on time ,New
100309,27/02/2026,17,Stockholm,Salad,239.0,43,ON TIME,New
110467,14/07/2026,22,Malmö,Pizza,219.0,38,On time,New
109521,1 Jul 2026,13,Uppsala,Sushi,208.0,45,On time,Returning
108200,13.06.2026,20,Malmö,Thai,205.0,45,On time,Returning
106630,2026-05-23,13,Stockholm,Pizza,279.0,42,On time, Returning
102798,2026-04-02,15,Göteborg,Thai,"236,0",37,On time,returning
102480,29.03.2026,18,Göteborg,Vegan,310.0,41,on time,Returning
104213,20.04.2026,19,Stockholm,Vegan,"309,0",28,On time,Returning
102762,2026-04-01,17,Stockholm,Burgers,"287,0",23,On Time,New
112489,2026-08-09,11,Lund, Burgers,"293,0",47,Late,NEW
107156,30 May 2026,15,Malmö,Sushi,194 SEK,37,On time,RETURNING
113337,2026-08-21,20,Uppsala ,Salad,230.0,27,On time,Returning
109639,3 Jul 2026,16,Stockholm,Pizza,308.0,41,On time,Returning
104410,2026-04-23,20, Stockholm,Sushi,207.0,30,On time,Returning
105475,2026-05-07,22,Uppsala,sushi,341.0,34,On time,Returning
112924,2026-08-16,14,Göteborg,Burgers,185 kr,15,On time,NEW
100975,8 Mar 2026,18,Göteborg,PIZZA,237,41,On time,Returning
107587,05/06/2026,22,Stockholm,Pizza,184.0,20,on time,Returning
105491,2026-05-08,13,Göteborg,Indian,344.0,42,On time,New
100659,03/03/2026,13,Malmö ,Vegan,283 kr,25,ON TIME,New
112866,2026-08-15,12,Stockholm,SUSHI,205.0,49,Late, Returning
105711,2026-05-10,12,Malmö,Burgers,244.0,27,on time,New
111118,23.07.2026,12,Göteborg,Kebab,220 kr,34,Ontime,Returning
103549,2026-04-11,17,Lund,Pizza,"313,0",42,On time,Returning
108417,2026-06-16,17,Göteborg,Pizza,295.0,34,On time,Returning
108296,14 Jun 2026,17, Malmö,Pizza,238.0,33,On time,Returning
104795,2026-04-28,19,Lund,Pizza,229,46,Late,New
101672,17.03.2026,18, Malmö, Kebab,301.0,19,On time,Returning
109633,2026-07-03,11,STOCKHOLM,Kebab,SEK 114,35,On time,New
109879,2026-07-07,12,Göteborg,Salad,"308,0",30,On time,Returning
113217,2026-08-20,12,Göteborg,Kebab,273,52, late,New
106832,2026-05-26,14,Göteborg,Salad,300,33,On time,RETURNING
112081,5 Aug 2026,13,Göteborg,Burgers,SEK 248,34,ON TIME,Returning
113076,2026-08-18,18,Göteborg,KEBAB,279.0,25,On time,New
102186,24.03.2026,11,Lund,Burgers,226.0,54,Late,New 
110270,2026-07-12,11, Göteborg,vegan,"323,0",38,On time,New
107400,2026-06-02,12,Lund,Thai,307.0,47,Late,Returning
110004,8 Jul 2026,11, Malmö,Sushi,107,38,On time,Returning
102536,2026-03-29,12,stockholm,Burgers,255.0,45,On time,returning
103778,2026-04-14,17,Malmö,Sushi,292.0,31,On time,New
107401,2026-06-02,11,Lund,Burgers,208.0,48,Late,Returning
103507,2026-04-11,11,Stockholm,Vegan,"241,0",27,On time,Returning
105250,2026-05-04,18,Stockholm,Sushi,263.0,24,On time,New
106109,16/05/2026,10,Malmö,salad,244.0,48,Late,Returning
102317,2026-03-26,13,Uppsala,Pizza,300.0,40,on time ,Returning
111127,2026-07-23,15,Stockholm,Burgers,333.0,37,On time,New
112772,2026-08-14,19,Göteborg,Pizza,164,43,On time,Returning
106588,22.05.2026,19,Uppsala,Burgers,SEK 262,27,On time,Returning
100726,2026-03-04,15,Malmö,Kebab ,"209,0",41,On time,RETURNING
106179,2026-05-17,14,Stockholm,PIZZA,227,42,On time,Returning
106174,2026-05-17,13,Stockholm,Thai,197.0,31,On time,New
105772,11 May 2026,11,Stockholm,Burgers,SEK 278,32,On time,New
111514,2026-07-28,15, Stockholm,Burgers,283 kr,43,On time,Returning
110304,12.07.2026,18,Stockholm,Burgers,208 kr,26,On time,Returning
109570,2026-07-02,12,Stockholm,Burgers,189.0,40,On time,Returning
106768,25/05/2026,11,Göteborg,Indian ,189.0,30,Ontime,Returning
108674,19.06.2026,13,uppsala,Burgers,215.0,34,ON TIME,New
102137,24 Mar 2026,11,Stockholm,Sushi,215.0,18,On time,Returning
112957,16 Aug 2026,13,Stockholm,Pizza,248.0,30,ON TIME,Returning
109533,2026-07-02,21,Göteborg,Pizza,299 kr,32,On time,Returning
109276,28 Jun 2026,18,Stockholm,Thai,284.0,49,Late,NEW
100068,2026-02-23,19,Uppsala,Pizza,223.0,29,On time,Returning
103530,11.04.2026,9,Malmö,Burgers,262 kr,28,On time,New
108155,2026-06-13,10,Göteborg,Indian,314 SEK,43,On time,Returning
109972,8 Jul 2026,22,GÖTEBORG,Indian,238.0,39,on time,Returning
106575,2026-05-22,13,Stockholm,THAI,159.0,44,On time,new
110743,18 Jul 2026,16,Stockholm,Kebab,"275,0",45,on time ,New
105457,2026-05-07,20,Stockholm,Pizza,SEK 271,36,Ontime,returning
102193,2026-03-25,21,Göteborg,Burgers,222,45,On time,Returning
111385,2026-07-26,18,Stockholm,INDIAN,251.0,34,On time,New
108465,16 Jun 2026,18, Uppsala,Salad,224,29,Ontime,New
113372,2026-08-22,18,Stockholm,thai,"223,0",35,On time,Returning
102579,30/03/2026,12,Göteborg,salad,313.0,42,On time,New
112333,08.08.2026,12,STOCKHOLM,PIZZA,277.0,42,On time,Returning
108996,24.06.2026,20,Stockholm,Burgers,209 kr,250,,New
105605,09.05.2026,18,Stockholm,Pizza,"276,0",37,On time,New
105458,2026-05-07,12,Malmö,Indian,89.0,34,On time,New
110599,16.07.2026,10,Stockholm, Sushi,"239,0",46,Late,New
110140,2026-07-10,19,Stockholm,PIZZA,319,37,On time,Returning
107242,2026-05-31,16,Malmö,Pizza,312.0,30,On time,Returning
102377,2026-03-27,20,malmö,Pizza ,220.0,41,On time,New
101772,2026-03-19,13,STOCKHOLM,Thai,322.0,43,On time,Returning
102595,2026-03-30,22,Stockholm,Burgers,SEK 317,53,LATE,New
107194,2026-05-31,16,Göteborg,Thai,254.0,26,On time,Returning
102262,26/03/2026,12, Göteborg,Vegan,165 kr,41,On time,New
104793,2026-04-28,14,Lund,Sushi,215.0,36,On time,Returning
101478,15.03.2026,21,Göteborg,Indian,287 kr,39,On time, Returning
104949,01.05.2026,11,Göteborg,Sushi,SEK 274,44,On time,New
111131,23.07.2026,20, Stockholm,Pizza,SEK 234,20,On time,New
102441,28 Mar 2026,18,malmö,Sushi,301 kr,30,On time,New
103462,10/04/2026,20,,Burgers,287.0,37,ON TIME,Returning
106500,2026-05-21,22,Malmö,Thai,283.0,39,On time,Returning 
110788,2026-07-18,18,Uppsala,Pizza,232.0,40,On time,New
108530,2026-06-17,18,Malmö,PIZZA,194,53,Late,Returning 
100375,2026-02-28,20,Göteborg,Pizza,276.0,45,On time,returning
103777,2026-04-14,12,Malmö,Indian,305.0,30,on time ,Returning
108743,2026-06-20,11,Malmö,Thai,223.0,37,On time,Returning
103599,12/04/2026,11,Stockholm,Burgers,"198,0",36,On time,Returning
111490,2026-07-27,15,Lund,Burgers,251.0,29,On time,Returning
102530,29.03.2026,16,stockholm,Pizza,303.0,24,On time,RETURNING
109125,2026-06-26,17,Stockholm,Salad,174,37,On time,Returning
108367,15 Jun 2026,20,Stockholm ,Sushi,362.0,15,On time,Returning
104381,2026-04-23,12,Göteborg,Sushi,244 kr,38,On time,Returning
111799,01/08/2026,12,Stockholm,Sushi,265,28,On time,New
112075,5 Aug 2026,12,Göteborg,Indian,"191,0",27,On time,Returning 
103004,2026-04-04,17,uppsala,Vegan ,338.0,42,On time,New
104729,27/04/2026,14, Lund,Indian,284.0,39,On time,Returning
109080,2026-06-25,13,Uppsala,Sushi,"115,0",26,On time,Returning
111850,01/08/2026,17,Lund , Indian,218.0,48,Late,Returning
106531,2026-05-22,17,Göteborg,Salad,239 kr,41,On time,Returning
109690,2026-07-04,17,Stockholm ,pizza,261 SEK,27,On time,Returning
111635,2026-07-30,16,GÖTEBORG,Indian ,222.0,27,On time,Returning
104060,18 Apr 2026,15,uppsala,Pizza,"286,0",50,Late,Returning
101814,19 Mar 2026,16,Lund ,kebab,248.0,46,Late,New
107981,10 Jun 2026,12,Malmö,Indian,319.0,48, late,Returning
111793,2026-08-01,17,Göteborg,Burgers,247.0,39,On time,Returning
110465,2026-07-14,12,,Kebab,199,34,On time,Returning
110955,2026-07-20,11,Lund ,Vegan,SEK 308,22,Ontime,returning
105575,2026-05-09,12,Göteborg,Thai,249.0,38,On time,Returning
102058,2026-03-23,9,STOCKHOLM,Pizza,"245,0",41,On time,Returning
112461,2026-08-09,16,Malmö,Pizza,283.0,37,On Time,Returning
106971,2026-05-27,11,Lund ,Kebab,207.0,29,On time,Returning
101856,20 Mar 2026,12,Malmö,Vegan,218,38,On time,New
112927,2026-08-16,19,Göteborg,Kebab,"279,0",30,On time,New
111050,22.07.2026,14,Stockholm,Pizza,"296,0",43,On time,Returning
110794,18.07.2026,11,Uppsala,Burgers,257 SEK,44,On time, new
101013,8 Mar 2026,19,Stockholm,Kebab,173.0,45,On time,New
109866,06.07.2026,14,uppsala,PIZZA,341.0,31,On time,Returning
106601,2026-05-23,11,Göteborg ,Kebab,165.0,48,LATE,Returning
108656,19/06/2026,12,stockholm,Indian,"308,0",29,On time,New
102648,2026-03-31,13,Göteborg,Burgers,246.0,60,Late,New
105893,2026-05-13,12,Malmö,Thai,260.0,41,On time,New
108650,19.06.2026,19,Stockholm,pizza,"204,0",54,Late,New
100833,06.03.2026,17,Stockholm,Vegan,198.0,44,On time,Returning
103838,2026-04-15,20,MALMÖ,Salad,174,60,LATE,RETURNING
113391,22.08.2026,12,stockholm,Burgers,SEK 321,40,On time,Returning
100513,1 Mar 2026,18,Malmö,Kebab ,252.0,32,On Time,New
111941,2026-08-02,9,Lund,Kebab,307.0,26,on time,New
106019,15.05.2026,12,Stockholm,kebab,SEK 191,33,On time,New
112235,2026-08-07,11,Göteborg,Pizza,"208,0",38,Ontime,Returning
107762,07.06.2026,19,Stockholm,Thai,306.0,37,On time,Returning
101633,17.03.2026,10,Stockholm,Burgers,"284,0",38,On time,Returning
104438,2026-04-23,10,Lund,salad,283.0,38,On time,Returning
100371,28.02.2026,18,Göteborg,Kebab,"268,0",38,On time,Returning
107089,2026-05-29,22,Lund,Burgers,234,29,on time ,Returning
110789,18.07.2026,12,Uppsala,Salad,261.0,33,On time,Returning
108853,22 Jun 2026,17,Göteborg,Burgers,"246,0",39,On time,Returning
112390,8 Aug 2026,11,Uppsala ,Burgers,258.0,27,On time,Returning
104799,29/04/2026,17,Göteborg ,pizza,268 kr,31,On time,New
111954,2026-08-03,20,Göteborg,Pizza,"210,0",34,On time,RETURNING
110785,2026-07-18,11,Uppsala,Kebab,SEK 185,35,On time,new
104090,2026-04-19,18, Göteborg,Thai,223.0,33,On time,Returning
111415,26 Jul 2026,16,Lund, Pizza,295.0,40,On time,Returning
103807,2026-04-15,10,Göteborg,Burgers,271.0,24,On time,Returning
103928,2026-04-17,16,göteborg,Kebab,180.0,27,ON TIME,RETURNING
110350,2026-07-13,21,Gbg,Salad,249.0,25,On time,Returning
105357,06.05.2026,14,Göteborg,Pizza,190,37,On time,Returning
110878,19 Jul 2026,21,Uppsala,Pizza,326.0,43,On time,NEW
106692,24.05.2026,13,Göteborg,Thai,SEK 343,39,On time,New
108917,2026-06-23,22,Stockholm, Sushi,289.0,19,On time,New
111839,01/08/2026,12, Malmö,Pizza,186.0,49,Late,New
102123,24 Mar 2026,12, Göteborg,Salad,"265,0",36,On time,returning
109392,2026-06-29,13,Uppsala,Indian,225.0,20,On time,Returning
106671,2026-05-23,11, Lund, Pizza,"223,0",37,On time,Returning
105373,06/05/2026,12,Stockholm,Pizza,"197,0",44,On time,New
106338,19/05/2026,10,Stockholm,KEBAB,"179,0",40,On time,Returning
108616,2026-06-19,19,Göteborg,Burgers,328,19,Ontime,Returning
110343,12.07.2026,19,Lund, Pizza,"229,0",28,On time,Returning
106454,21.05.2026,23,Gbg,Sushi ,SEK 208,36,On time,Returning
111498,2026-07-28,19,Göteborg ,KEBAB,304.0,38,On time,Returning
111166,2026-07-23,21,Lund,Burgers,339.0,27,On time,Returning
104555,25 Apr 2026,16,Stockholm,Sushi,"240,0",33,On time,New
102711,2026-03-31,20,Uppsala,Pizza,265.0,41,On time,Returning
113207,20.08.2026,16,Göteborg,Sushi,227.0,33,On time,returning
111750,2026-07-31,12,Malmö,SUSHI,193,47,Late,New
103419,2026-04-10,9,Göteborg ,Burgers,229.0,28,on time,New
106094,2026-05-16,18,Stockholm,Thai,227.0,47,Late,Returning
108831,21 Jun 2026,18,Uppsala,Thai,"173,0",39,On time,Returning
112278,2026-08-07,18,MALMÖ,Burgers,213.0,30,On time,Returning
103515,2026-04-11,16,Stockholm,Sushi,155.0,35,On time,Returning
100467,2026-03-01,19,Göteborg,Thai,"227,0",41,On Time,Returning
104502,2026-04-24,14,Uppsala ,Burgers,"237,0",40,On time,Returning
108412,16.06.2026,12,göteborg,Burgers,356,37,On time,Returning
110974,2026-07-21,12,Göteborg,Thai,120.0,50,Late,Returning
107225,2026-05-31,20,Stockholm,Sushi,261.0,39,On time, Returning
103437,2026-04-10,13,Stockholm,Pizza,"203,0",42,Ontime,Returning
102063,2026-03-23,19,Stockholm, Indian,215.0,46,Late,Returning
104978,2026-05-01,11,Sthlm,Salad,234 SEK,37,On time,Returning
103590,2026-04-12,11,Stockholm,Burgers,"290,0",31,On time,Returning
104889,30 Apr 2026,14,Stockholm,Sushi,218.0,36,on time ,returning
109740,2026-07-05,20,Göteborg,PIZZA,233,32,On time,Returning
109757,2026-07-05,11,Stockholm,Sushi,254 SEK,30,On time,Returning
100699,2026-03-04,22,Stockholm,Thai,182 kr,39,On time,Returning
111149,23.07.2026,20,Malmö,kebab,253,24,On time,Returning
108835,2026-06-21,19,Uppsala,Burgers,264.0,25,On time, new
104772,28 Apr 2026,15,Stockholm,Burgers,222,38,On time,New
110943,20/07/2026,21,MALMÖ,Pizza,197,36,On time,Returning
109865,2026-07-06,19,Uppsala,Burgers,250,39,On time,New
112232,2026-08-07,16,Göteborg,pizza,178.0,49,Late,Returning
110562,15 Jul 2026,12,lund,Burgers,324 SEK,24,on time ,RETURNING
108788,21/06/2026,22,Stockholm,Indian,272.0,37,On time,New
106097,2026-05-16,16,Stockholm,Burgers,256.0,37,On time,Returning
112018,4 Aug 2026,18,Göteborg,burgers,218.0,33,On time,Returning
111382,26 Jul 2026,15,Stockholm,Pizza,279.0,15,On time,Returning
111223,2026-07-24,12,Malmö,Indian,202.0,39,On time, Returning
109737,4 Jul 2026,17,Lund,Kebab,272.0,39,On time,Returning
104099,2026-04-19,18,Göteborg,burgers,200.0,41,On time,Returning
103604,12/04/2026,17,Stockholm,Indian,188.0,35,On time,Returning
105453,2026-05-07,16,,Vegan,275.0,28,On time,New
107819,2026-06-08,11,Stockholm,Pizza,187.0,35,On time,New
108773,21 Jun 2026,15,Göteborg,Vegan,216.0,38,On time,Returning
108295,2026-06-14,12,Malmö,Burgers,218.0,39,On time,New
112047,2026-08-04,17,Stockholm,Kebab,189.0,37,On time,New
107424,2026-06-03,14,Stockholm,Pizza,"350,0",33,On time,Returning
107973,10 Jun 2026,12, Stockholm,Sushi,138.0,38,On time,New
112932,2026-08-16,16,Göteborg,Pizza,287,40,on time,Returning
102455,28.03.2026,22,Malmö,Indian,284.0,36,On time,New
102602,30 Mar 2026,20,stockholm,Pizza ,259.0,250,,NEW
106864,2026-05-26,11,stockholm,Sushi,223.0,41,ON TIME,New
100534,2 Mar 2026,22,Göteborg,Sushi,236.0,53,Late,Returning
102257,2026-03-26,17,Göteborg, Thai,279,57,Late,New
100125,2026-02-24,16,Malmö,Pizza,"295,0",37,ON TIME,Returning
108130,2026-06-12,13,Uppsala ,Kebab,243,50,Late,Returning
111302,2026-07-25,18,stockholm,Kebab ,207.0,32,On time,Returning
107615,05.06.2026,18,,Burgers,253.0,41,On time,Returning
112315,08/08/2026,21,Göteborg,Salad,224 SEK,41,On time,New
109115,2026-06-26,15,stockholm,Sushi,265.0,27,On time,Returning 
104868,2026-04-30,12, Göteborg,thai,277.0,35,On time,New
105014,2026-05-02,14,Göteborg,Vegan,258.0,53,Late,Returning
104476,2026-04-24,12,Stockholm,Burgers,SEK 350,36,On time, new
100608,03.03.2026,13,Göteborg,Pizza,239 SEK,40,On time,Returning
106433,2026-05-20,20,Uppsala ,Kebab,212.0,42,On time,Returning
107033,29.05.2026,12,GÖTEBORG,indian,244.0,53,Late,Returning
107662,2026-06-06,16,Stockholm ,Pizza,"191,0",30,On time,Returning
108290,2026-06-14,11,Malmö,Vegan,158.0,35,On time,Returning
107354,2 Jun 2026,17,Stockholm,Burgers,199.0,34,On time,Returning
106691,2026-05-24,20,Göteborg,Burgers,284.0,15,On time,New
100878,6 Mar 2026,10,Lund,Pizza,241.0,39,On time,New
108769,21 Jun 2026,19,Gbg,Kebab,279.0,46,Late,Returning
106491,2026-05-21,22,Stockholm,Thai,263,36,On time,New
110623,2026-07-16,16,Malmö,Burgers,"273,0",43,On time,New
102339,2026-03-27,20,Göteborg,Pizza,255,45,On time,Returning
105272,04/05/2026,10,Uppsala,Burgers,254.0,39,On time,Returning
110851,19/07/2026,13,Stockholm,Salad,340.0,45,On time,New
103651,2026-04-13,18,Göteborg,Sushi,335 kr,36,On time,New
112959,16 Aug 2026,17,Stockholm,Kebab ,303.0,44,On time,New
101072,9 Mar 2026,23,Stockholm,Burgers,284.0,40,On time,New
101806,19.03.2026,13,Uppsala,Salad,255.0,46,Late,Returning
106668,2026-05-23,20,Uppsala,Pizza,265.0,999,,Returning
105371,06/05/2026,17,Stockholm,Pizza,185.0,28,On time,Returning
105087,02.05.2026,18,Lund,Salad,270.0,37,ON TIME,Returning
103256,2026-04-08,15,Göteborg,Sushi,268,37,On time,Returning
102955,2026-04-04,18,STOCKHOLM,Pizza,278.0,33,on time,Returning
110402,2026-07-13,16,malmö, Burgers,"240,0",38,On time,Returning
111842,2026-08-01,16, Uppsala,Pizza,208,39,On time,Returning
106022,15.05.2026,22,Stockholm,Burgers,250.0,27,On time,Returning
101988,22 Mar 2026,18,Stockholm,burgers,"335,0",35,On time,Returning
107056,29/05/2026,13,Stockholm,THAI,151 SEK,44,On time,Returning
112062,2026-08-04,19,,Burgers,287.0,44,On time,Returning
104806,29.04.2026,13,Göteborg, Sushi,154,53,Late,New 
108751,20.06.2026,13,uppsala,Sushi,228,27,On time,New
109597,2026-07-02,14,Lund,Pizza,268,30,On time,New
112357,2026-08-08,19,Stockholm,Indian,149.0,39,on time , Returning
104615,26 Apr 2026,18,Sthlm,Kebab,189.0,37,On time,Returning
111331,25 Jul 2026,13,Uppsala,Pizza,308.0,23,on time ,Returning
111394,2026-07-26,14,Malmö,Kebab,314.0,41,On time,returning
104619,26 Apr 2026,12,STOCKHOLM,Indian,253.0,42,ON TIME,Returning
113019,2026-08-17,13,Stockholm,SUSHI,227 kr,38,On time, Returning
101846,2026-03-20,18,Sthlm,Salad,238.0,43,On time,New
107568,05/06/2026,11,Stockholm,Pizza,285.0,32,Ontime,Returning
108271,2026-06-14,15,stockholm,Pizza,233.0,26,On time,New
104061,2026-04-18,23,Uppsala,Salad,290.0,29,On time,Returning
101098,9 Mar 2026,19,Stockholm,Thai ,"281,0",16,On time,New
107479,3 Jun 2026,13,Uppsala ,Kebab,284 kr,38,On time,Returning
102422,2026-03-28,14,Stockholm,Kebab,323.0,68,Late,Returning
106976,2026-05-28,21,göteborg,sushi,165.0,37,On time,Returning
101664,2026-03-17,17,Malmö,Pizza,304.0,27,On time,Returning
106965,27.05.2026,10, Uppsala,Kebab,SEK 264,42,On time,New
113157,19 Aug 2026,11,Stockholm,Sushi,291.0,36,On time,New
109749,2026-07-05,18,Göteborg,SUSHI,245.0,38,on time ,New
109377,2026-06-29,20,malmö,Burgers,290.0,45,On time, new
113004,2026-08-17,12,Göteborg,Vegan,273.0,27,On Time,Returning
106698,2026-05-24,14,Stockholm, Sushi,222.0,34,On time,New
107158,2026-05-30,18,Malmö,Kebab,296 SEK,39,On time,Returning
111212,24.07.2026,12,Stockholm,Sushi,298.0,35,On time,Returning
100822,06.03.2026,18,Stockholm,Sushi,190.0,37,On Time,Returning
111581,2026-07-29,16,Stockholm,burgers,306.0,45,On time,Returning
104516,25.04.2026,13,Göteborg,Burgers,291.0,29,On time,New
102005,2026-03-22,21,STOCKHOLM,Burgers,360 SEK,46,Late,New
108698,20 Jun 2026,14,göteborg,Burgers,"273,0",36,On time,New
100882,07.03.2026,12,Göteborg,Thai,238 SEK,29,On time,Returning
106610,2026-05-23,12,Göteborg,Sushi,379 kr,25,On time,returning
111418,26 Jul 2026,22,Lund,Kebab,181,47,Late,Returning
104493,2026-04-24,19,Malmö ,KEBAB,299,42,On time,Returning
113054,17.08.2026,20,Uppsala, Vegan,184.0,36,Ontime,RETURNING
103850,2026-04-15,15,uppsala, Sushi,320,22,On time,New
109855,6 Jul 2026,10,Malmö,Sushi,"314,0",36,On time,Returning
108435,2026-06-16,20,Stockholm,Pizza,251,26,Ontime,Returning
111739,2026-07-31,19,Stockholm,Burgers,321.0,47,Late,NEW
100616,2026-03-03,12,Göteborg,Pizza,184,41,On time,New
104441,24 Apr 2026,12,Göteborg,Pizza,314.0,35,On Time,Returning
103336,2026-04-09,9,Göteborg,Sushi ,277,23,On time,Returning
103904,2026-04-16,12,malmö,Indian,241.0,24,on time ,Returning
107472,2026-06-03,21,Malmö,Sushi,301.0,47,Late,Returning
103687,2026-04-13,12,STOCKHOLM,Indian,308.0,36,On Time,New
109515,2026-07-01,15,Malmö,Burgers,"187,0",24,on time,Returning
102591,2026-03-30,12,Stockholm,Indian,"313,0",26,On time,New
110477,2026-07-14,12, Malmö,Indian,217.0,23,ON TIME,New
109272,28/06/2026,21,Stockholm,Burgers,224.0,40,On time,New
113421,2026-08-22,15,Uppsala, Pizza,315.0,42,On time,New
101251,2026-03-12,21,Göteborg,Sushi,127.0,31,ON TIME,New
101586,16.03.2026,22,Stockholm,Indian,265.0,34,On time,New
106082,2026-05-16,17,Stockholm,Kebab,"304,0",29,On time,Returning
109331,29.06.2026,16,Göteborg,Pizza,"209,0",41,On time,Returning
110782,2026-07-18,17, Malmö,Vegan,195.0,30,On time,New
106680,2026-05-24,12,Göteborg,Indian,268 kr,35,On time,Returning
106514,21/05/2026,16,Uppsala,Pizza,202.0,33,On time,Returning
109330,2026-06-29,22,Göteborg,salad,"307,0",44,On time,Returning
112532,10.08.2026,13,Stockholm,KEBAB,221.0,42,On time,Returning
113342,2026-08-21,10,Lund,Indian,"165,0",40,Ontime,NEW
111900,2026-08-02,10,Stockholm,Pizza,325.0,25,On time,New
107041,2026-05-29,10,Göteborg,Sushi,214.0,34,On time,Returning
105075,2026-05-02,20,Uppsala ,Pizza,294.0,35,On time, Returning
101132,10 Mar 2026,18,Göteborg,Burgers,291,36,On time,Returning
110064,2026-07-09,12,stockholm,Thai,215 SEK,42,On time,Returning
107578,2026-06-05,20,Stockholm,Thai,313,27,on time,New
104975,2026-05-01,19,STOCKHOLM,Kebab ,"284,0",29,Ontime,Returning
104971,2026-05-01,12,Stockholm,Pizza,200.0,41,On time,New
109853,2026-07-06,18,Malmö,Sushi,"310,0",31,On time,Returning
107054,2026-05-29,10,Stockholm,Pizza,168 kr,38,On time, Returning
103147,2026-04-06,20,Stockholm,Burgers,389.0,51,late,Returning
109930,7 Jul 2026,20,,Thai,295.0,43,On time,Returning
110758,18/07/2026,17, Stockholm,kebab,149.0,44,On time,Returning
108753,2026-06-20,10,Uppsala,Kebab,244.0,38,On time, Returning
112498,2026-08-10,10,göteborg,Burgers,155.0,32,On time,Returning
112477,2026-08-09,10,Uppsala,Sushi,"250,0",34,On time,Returning 
112517,2026-08-10,11,Stockholm,Sushi,"271,0",39,On time,Returning
109322,2026-06-28,18,Lund,Pizza,232.0,27,On time,Returning
107258,2026-05-31,13,Uppsala,Vegan,244 SEK,34,On time,Returning
112752,2026-08-13,19,Lund ,Burgers,247 kr,46,Late,New
104472,2026-04-24,18,Stockholm,Indian,256,32,On time,New
102557,2026-03-29,12,uppsala,KEBAB,SEK 381,48,Late,New
109238,27.06.2026,13,Uppsala,Vegan,271 kr,47,Late,Returning
110071,09.07.2026,21,Stockholm,Pizza,262.0,33,ON TIME,New
105776,2026-05-11,11,Malmö,PIZZA,170 SEK,41,Ontime,NEW
108922,2026-06-23,19,Stockholm,Sushi,231.0,36,On time,Returning
106181,2026-05-17,18,Stockholm,Burgers ,284.0,35,On time, new
101537,2026-03-15,21,Uppsala,Burgers,277.0,42,On time,New
105807,12 May 2026,12,Göteborg,Sushi ,161,36,On Time,Returning
108503,17.06.2026,20,Stockholm,Sushi,SEK 147,32,ON TIME,Returning
103261,2026-04-08,18,Gbg,Burgers,233.0,34,On time,Returning
112072,2026-08-04,20,Lund,Pizza,229,42,On time,New
109255,2026-06-28,17,Göteborg,Indian,321.0,50,Late,Returning 
111401,26 Jul 2026,19, Malmö,Kebab ,137 kr,30,On time,New
112354,2026-08-08,13,stockholm,BURGERS,288.0,23,On time,Returning
103411,10 Apr 2026,12,Göteborg,Salad,282,47,LATE,Returning
110051,9 Jul 2026,13,,Pizza,326,41,On time,Returning
103024,2026-04-05,17,Göteborg,Kebab,277.0,26,ON TIME,New
113383,22.08.2026,21,Stockholm,PIZZA,327 SEK,45,On time,Returning
106304,18.05.2026,20,Uppsala,Burgers,SEK 289,28,On Time,New
104635,2026-04-26,11,stockholm,Burgers,299.0,26,on time,Returning
101255,2026-03-12,18,Göteborg,Pizza,"249,0",38,on time ,New
105618,2026-05-09,13,Malmö,Kebab,316 kr,52,Late,New
112930,2026-08-16,12,Göteborg,Pizza,309.0,40,On time,Returning
112316,2026-08-08,18,Stockholm,Sushi,268.0,37,On time,Returning
109268,2026-06-28,17,Göteborg,Thai,211,30,On time,Returning
103179,06.04.2026,19,Lund,Sushi,289,34,On time,Returning
105409,2026-05-06,14,Lund,Pizza,276,39,On time,New
101709,2026-03-18,19,Stockholm,pizza,411,44,On time,Returning
113509,23/08/2026,14,Malmö,Sushi,"206,0",34,On time,Returning
112187,2026-08-06,18,STOCKHOLM,Kebab,364.0,51,Late ,Returning
100108,2026-02-24,19,Stockholm,Vegan,151.0,33,On time,New
103214,07/04/2026,11,Stockholm,Pizza,349.0,38,On time,New
100149,2026-02-25,19,Göteborg,Indian,288.0,46,Late,New
110478,2026-07-14,20,Uppsala, Indian,"257,0",31,On time,NEW
102641,2026-03-30,16,Lund ,Vegan,308 kr,28,On time,Returning
111459,27 Jul 2026,12,Stockholm,Kebab,297.0,35,On time,Returning
109938,7 Jul 2026,13,malmö,Salad,348,29,On time,Returning
110994,21 Jul 2026,13,Stockholm,Salad,276.0,33,On time,Returning
105053,2026-05-02,13, Stockholm,Sushi ,148.0,60,Late,Returning
112392,08/08/2026,18,Lund,Pizza,248 SEK,42,On time,Returning
108556,2026-06-18,23,Gbg,Burgers,262.0,50,Late,RETURNING
110960,21.07.2026,16,Göteborg,Pizza,"288,0",50,Late,New
101168,2026-03-10,17,Malmö,Kebab,222.0,36,On Time,Returning 
110362,2026-07-13,10,Stockholm, Indian,334.0,42,On time,new
102511,29/03/2026,20,Stockholm,Sushi,165,38,On time,Returning
106423,20 May 2026,19,malmö,Pizza,"236,0",28,On time,Returning
108177,2026-06-13,21,STOCKHOLM,Thai ,249,44,On time,New
106872,26 May 2026,13,Stockholm,Burgers,298 kr,39,On time,Returning
112403,2026-08-09,22,Göteborg,Thai,363 kr,46,LATE,New
106372,2026-05-20,12,Göteborg,Thai,223,22,On time,New
105615,2026-05-09,20,malmö,Pizza,234.0,23,On time,Returning
110506,2026-07-15,20,Göteborg,Vegan,282.0,58,LATE,Returning
110075,2026-07-09,18,Stockholm,Pizza,179,39,On time,Returning
102871,2026-04-03,18,Göteborg,Sushi,195,34,On time,Returning
111188,24 Jul 2026,11,Stockholm,Thai,202.0,15,On time,Returning
101246,2026-03-11,12,Lund,Indian ,302.0,42,On time, Returning
102246,2026-03-25,21,,Indian,176.0,60,Late,New
111272,2026-07-25,10,Stockholm,Kebab,282.0,31,On time,Returning
105292,05/05/2026,13,Göteborg,Burgers,403.0,45,On time,Returning
110436,14.07.2026,18,Göteborg,KEBAB,295 kr,29,On time,Returning
106297,18/05/2026,12,Uppsala,Indian,"345,0",51,Late,Returning
101995,22.03.2026,12,Stockholm,Pizza,SEK 183,999,,Returning
106282,18 May 2026,18,Stockholm,Kebab,288,33,On time,Returning
105008,2026-05-01,10,Lund, Thai,290.0,42,On time,Returning
107529,04.06.2026,22,Malmö,Indian,258,28,On time,New
105690,10 May 2026,10,stockholm,Sushi,279 kr,33,On time,New 
105036,2026-05-02,16,Stockholm,Pizza,205,47,Late,Returning
110559,2026-07-15,18,uppsala,Sushi,250.0,18,On time,Returning
107935,2026-06-10,14,Göteborg,Burgers,265,57,Late,New
108977,2026-06-24,12,GÖTEBORG,Sushi,182.0,34,On time,Returning
112559,10/08/2026,19,Lund,Kebab,319.0,25,On time,Returning 
108914,2026-06-23,20,Göteborg,burgers,326.0,23,On time,Returning
110288,2026-07-12,18,Stockholm,Thai,160.0,31,ON TIME,Returning 
111265,2026-07-25,12,Stockholm,Vegan,247 kr,27,on time,Returning
107772,2026-06-07,13,malmö, Indian,289.0,36,On time,RETURNING
100346,27 Feb 2026,11,Malmö , Thai,316.0,47, late,Returning
105332,2026-05-05,21,Malmö,Thai,"176,0",38,On Time,Returning
110666,2026-07-17,18,Stockholm,Indian,262 kr,34,Ontime,New
110364,13/07/2026,17,Sthlm,Burgers,327.0,26,ON TIME,New
104507,2026-04-24,11,Uppsala,Pizza,259.0,250,,Returning
104178,2026-04-20,16,Göteborg,Pizza ,292.0,37,On time,returning
104101,2026-04-19,14,GÖTEBORG,Pizza ,249,24,Ontime,New
109913,2026-07-07,18,Stockholm,Sushi,342 kr,47,Late,New
112775,2026-08-14,17,Göteborg,Sushi,362.0,35,on time ,New
103114,2026-04-05,23,Lund,Sushi,234 SEK,46,Late,New
112338,2026-08-08,10,stockholm,SUSHI,174,34,On time,Returning
108869,22.06.2026,18,Stockholm,Salad,"239,0",20,On time,Returning
110899,2026-07-20,10,Göteborg,Sushi,334.0,41,On time,Returning
103217,2026-04-07,21,Stockholm ,Burgers,245 SEK,24,On time,New
110715,18 Jul 2026,20,Göteborg,Pizza,283.0,40,On time, Returning
108438,2026-06-16,23,Stockholm,Kebab,239.0,25,On time,Returning
108231,14/06/2026,12,Göteborg,Pizza,239.0,46,Late,Returning
112884,2026-08-15,20,,Thai,155.0,20,On time, Returning
106655,2026-05-23,12,malmö,Indian,268.0,43,On Time,New
108092,12/06/2026,11,Stockholm ,Salad,278.0,29,On time,New
110296,2026-07-12,11,STOCKHOLM,Burgers,262.0,28,On time,returning
102333,27 Mar 2026,13,Göteborg,Kebab,246.0,29,On time,New
109089,2026-06-26,13,Göteborg, Kebab,213,38,On time,Returning
102323,2026-03-26,19,Lund,Burgers,"216,0",21,Ontime,new
103477,10/04/2026,15, Lund,Sushi,284,28,On Time,Returning
107537,04/06/2026,19,Uppsala,Burgers,261.0,29,On time,Returning
107394,02/06/2026,19,uppsala,Pizza ,141.0,27,On time,Returning
103167,06.04.2026,20,Malmö,Sushi,218,22,on time ,Returning 
101337,2026-03-13,16, Göteborg,Thai,"312,0",34,Ontime,Returning
108241,2026-06-14,14,Göteborg,Pizza,227.0,48, late,Returning
109328,2026-06-29,18, Göteborg,BURGERS,218 SEK,38,On time,New
111397,26 Jul 2026,18,Malmö,Sushi,"336,0",21,On time,New
104990,1 May 2026,13,Malmö, Pizza,310 kr,51, late,Returning
110755,18 Jul 2026,19, Stockholm,Sushi,232,48,Late,Returning
109651,2026-07-03,13,Malmö, Pizza,274.0,49,Late,Returning 
103656,2026-04-13,17,Göteborg,INDIAN,235 SEK,43,On Time,Returning
106963,27.05.2026,18,uppsala, Kebab,293 SEK,38,on time,Returning
111107,22/07/2026,12,Lund,Indian,221 kr,26,on time,Returning
109190,2026-06-27,18,Stockholm,Burgers,259 kr,26,On time,New
110595,2026-07-16,10,Stockholm,INDIAN,193 SEK,37,on time ,New
104983,01.05.2026,9,Stockholm ,Sushi,"301,0",34,On time,Returning
101019,8 Mar 2026,9,Stockholm,Pizza,270.0,35,On Time,RETURNING
105398,6 May 2026,12,Malmö,sushi,252.0,36,On time,Returning
105561,09/05/2026,15,Göteborg,Pizza,221,25,on time,Returning
109289,28 Jun 2026,19,Stockholm,Sushi,"336,0",21,On time,Returning
106445,2026-05-21,14,göteborg,Thai,290.0,39,On time, Returning
101504,15 Mar 2026,18,Stockholm,Indian,316.0,45,On time,Returning 
107115,2026-05-30,18,Stockholm,Burgers,SEK 248,27,On time,New
103276,2026-04-08,12,Stockholm,SUSHI,168.0,25,On time,Returning
112312,2026-08-08,10,Göteborg,Pizza,212.0,42,On time,returning
110825,19 Jul 2026,13,Sthlm,Kebab,"290,0",27,On time,Returning
101906,2026-03-21,12,Stockholm,Pizza,331.0,36,On time,Returning
100548,02/03/2026,17,Göteborg,Pizza,210.0,42,On time,New 
101829,2026-03-20,11,Göteborg,Burgers,206,26,On time,Returning
110740,18 Jul 2026,13,Stockholm,Kebab ,267 SEK,25,on time ,RETURNING
106538,2026-05-22,21,Göteborg,Salad,288.0,38,ON TIME,New
107931,2026-06-10,17,GÖTEBORG,Indian,200.0,30,On time,Returning
112935,2026-08-16,18,Stockholm,Pizza,277.0,36,on time ,Returning
102517,29 Mar 2026,20,Sthlm,Pizza,228,22,On time,Returning 
110630,2026-07-16,16,Uppsala,Kebab,225.0,34,On time,New
103412,2026-04-10,18,Göteborg,THAI,170.0,36,On time,Returning
111803,01.08.2026,19,Stockholm,Indian,"218,0",35,On time,New
108380,15 Jun 2026,12, Malmö,Thai,SEK 283,39,On time,returning
107604,5 Jun 2026,19,Malmö,Pizza,260.0,58,Late,Returning
112780,14 Aug 2026,12,STOCKHOLM,Vegan,244,26,On time,Returning
102930,3 Apr 2026,11,Lund,pizza,"252,0",34,On time,returning
100290,2026-02-27,19,GÖTEBORG,Thai,278.0,57,Late,Returning
109963,2026-07-08,19,Göteborg,Pizza,"270,0",38,On time,Returning
101956,2026-03-21,16,Lund,Pizza,278.0,36,On time,Returning
112785,2026-08-14,13,Stockholm,Pizza ,291.0,32,On time,New
112710,2026-08-13,12,Stockholm,Burgers,252.0,27,On time,New
111807,01.08.2026,22,Stockholm,Indian,253.0,31,On time,Returning 
101471,2026-03-15,18,Göteborg,Kebab,"327,0",52,Late,Returning
105078,2026-05-02,20,uppsala,Pizza,231,59, late,Returning
107777,07.06.2026,13,,Salad,"283,0",31,On time,Returning
112970,2026-08-16,10,Malmö,Pizza,"271,0",28,On time,Returning
108083,2026-06-12,18,göteborg,Thai,274.0,28,On time,Returning
109096,2026-06-26,11,Göteborg,thai,183 SEK,42,On time,Returning
108540,17.06.2026,12,Lund,Sushi,302 kr,48,Late,Returning
104682,2026-04-27,21,Göteborg,indian,156.0,-5,,New
100488,2026-03-01,13,Stockholm,Sushi,"235,0",29,On time,New
106059,16 May 2026,18,Göteborg,Pizza,"151,0",30,On time,New
100101,2026-02-24,13,Stockholm,Thai,308.0,42,On time, new
102514,2026-03-29,17,Stockholm, Kebab,180.0,29,On time,Returning
103162,2026-04-06,18,Malmö ,Pizza,152.0,18,On time,Returning
105133,2026-05-03,20,Stockholm,Indian,SEK 189,57, late,New
107938,2026-06-10,19,Göteborg,Vegan,"270,0",34,ON TIME,New
101680,2026-03-17,22,Uppsala,Thai,"202,0",21,ON TIME,Returning
105754,2026-05-11,17,Stockholm,Sushi,253 SEK,24,On time,New
104742,28.04.2026,11,GÖTEBORG,Pizza,180.0,41,On time,returning
100545,2026-03-02,18,Göteborg,Indian,SEK 192,50,Late,Returning
112470,2026-08-09,11,MALMÖ,Burgers,160.0,33,On time, new
106738,2026-05-24,18,Malmö ,Indian,"192,0",41,On time,Returning
104916,30 Apr 2026,20,Malmö,Sushi,335.0,25,On time,Returning
100866,2026-03-06,21,Uppsala,PIZZA,218.0,39,On time,Returning
109612,03.07.2026,18,Göteborg,Indian,202.0,39,On time,Returning
103637,2026-04-12,13, Uppsala,Sushi,305.0,48,Late ,New
107954,2026-06-10,12,Stockholm ,Burgers,236.0,52,Late, new
107057,2026-05-29,17,Stockholm,Kebab,210.0,46,Late,New
105732,10/05/2026,12,lund,Sushi,266,51,Late, Returning
107751,2026-06-07,10,Stockholm,Kebab,240 SEK,36,on time ,Returning
102484,2026-03-29,20,Göteborg,Burgers,244.0,49,Late,RETURNING
103309,2026-04-08,12,Malmö,Pizza,229.0,45,On time,Returning
108342,2026-06-15,20,stockholm,Salad,217,28,On time,Returning
104473,2026-04-24,12,Stockholm,Thai,119,46,Late,Returning
113177,2026-08-19,13,Stockholm,PIZZA,328,45,Ontime,New 
102830,2 Apr 2026,21,Stockholm,Thai,SEK 249,37,On time,Returning
103779,14.04.2026,16, Malmö,Kebab,278.0,24,On time,Returning
102680,2026-03-31,23,Stockholm,Thai,332.0,38,On time,Returning
110629,2026-07-16,16,Uppsala,Pizza,303 SEK,43,On time,Returning
101261,2026-03-12,13,Göteborg,Kebab,210,38,On time,Returning
111844,01/08/2026,12,Uppsala,Indian,283,35,On time,Returning
106584,2026-05-22,13,Malmö,Sushi,270 SEK,33,On time,Returning
105175,2026-05-03,18,Malmö ,Burgers,340.0,36,On time,Returning
109070,25 Jun 2026,18,Malmö,Pizza,268.0,42,On time,new
102329,2026-03-27,19,Göteborg,Pizza,165.0,35,on time ,New
102769,2026-04-01,20,malmö,Burgers,268 kr,31,Ontime,New
103563,12/04/2026,17,Göteborg,THAI,204 kr,40,On time,Returning
111995,2026-08-03,15,Uppsala,PIZZA,237.0,50,Late,Returning
110597,2026-07-16,22,Stockholm,Burgers,210.0,35,On time,Returning
111249,25 Jul 2026,20, Göteborg,Pizza,280,62,Late ,Returning
102740,2026-04-01,23,Göteborg,Sushi,217.0,33,On time, new
100497,2026-03-01,14, Stockholm,Thai,256 kr,26,On time,New
101926,2026-03-21,10,Malmö,Indian,330.0,22,On time,Returning
113249,20 Aug 2026,21,Stockholm,sushi,214 kr,38,On time,New
107545,04.06.2026,18,Lund,Pizza,"338,0",42,On time, new
105361,2026-05-06,17,Stockholm,Pizza ,253.0,40,On time,Returning
112632,2026-08-12,13,Göteborg ,pizza,"182,0",45,On Time, Returning
102698,31/03/2026,23,Malmö,Pizza,"237,0",42,On Time,New
104877,30 Apr 2026,18,Göteborg,Sushi,309.0,48,Late,New
101841,2026-03-20,17,Stockholm,Sushi,247.0,45,On Time,Returning
112636,12 Aug 2026,18, Göteborg,Pizza,118 kr,35,on time ,Returning
101155,2026-03-10,17,Stockholm,vegan,287,32,ON TIME,New
110639,16/07/2026,12,Lund,Salad,"225,0",31,On time,new
112687,13 Aug 2026,12,Gbg,BURGERS,298.0,17,Ontime,returning
108419,16.06.2026,9,Göteborg,Pizza,"221,0",38,On time,Returning
104058,2026-04-18,17,Uppsala, Vegan,"190,0",55,Late, new
105202,04.05.2026,11,Göteborg,Vegan ,264.0,42,On time,Returning
106771,2026-05-25,19,Göteborg ,Burgers,236.0,40,ON TIME,Returning
101807,2026-03-19,19,Uppsala,Burgers,283.0,39,On time,New
111714,2026-07-31,19,Göteborg,Pizza,"216,0",42,On time,New
100835,06.03.2026,17,Stockholm,Sushi,324.0,33,On time, Returning
104680,27 Apr 2026,19,Göteborg,Pizza,335 kr,48,Late ,Returning
100039,2026-02-23,19,Stockholm,Pizza,250.0,32,On time,New
103257,2026-04-08,11,Göteborg,Kebab,268 kr,54,Late,Returning
109421,2026-06-30,10,Stockholm,Kebab,286.0,26,On time,Returning
100090,2026-02-24,21,Göteborg,Pizza,"194,0",45,On time,Returning
108671,2026-06-19,12,Malmö,Vegan,254,29,On time,NEW
105556,9 May 2026,12,Gbg,Pizza,323,24,On time,New
110894,2026-07-20,20,Göteborg,Indian,SEK 255,32,On time,New
105331,2026-05-05,17,Malmö,SALAD,133.0,52, late,Returning
102385,2026-03-27,12,Uppsala,BURGERS,188.0,32,On Time,New
111856,2026-08-01,18,Lund,Pizza,269.0,28,On time, new
101706,2026-03-18,14,Stockholm,Vegan,301.0,20,On time,New
102149,24.03.2026,22,Sthlm,Pizza,"343,0",45,On time,Returning
106192,2026-05-17,19,Stockholm ,Burgers,337.0,40,On time,Returning
102383,2026-03-27,16,malmö,Thai,"322,0",52,Late,New
107621,2026-06-06,18,Göteborg,Vegan,245.0,38,On time,NEW
108070,2026-06-11,16,uppsala,Burgers,184 SEK,37,On time,New
111079,22.07.2026,17,Malmö,Kebab,150.0,40,On time,Returning
110721,18 Jul 2026,18,Göteborg,Vegan,SEK 314,44,On time,New
102684,31 Mar 2026,19,Stockholm,Sushi,241,28,On time,Returning
108015,2026-06-11,14,Göteborg,Thai,SEK 314,41,on time,New
107443,2026-06-03,18,Stockholm,Indian,255,47,Late,Returning
108238,2026-06-14,13,göteborg,Pizza,192.0,43,On time,Returning
104734,2026-04-28,19,Göteborg,Sushi,"128,0",45,On time,NEW
113279,2026-08-20,11,Lund,Burgers,173.0,36,On time,Returning
103520,11.04.2026,13,STOCKHOLM,Indian ,266.0,42,On time,Returning
102623,30/03/2026,13,Malmö,kebab,261.0,42,On time,Returning
102491,29 Mar 2026,20,göteborg,Burgers,224 kr,36,On time,Returning
110432,2026-07-14,18, Göteborg,Thai,"403,0",22,On time,Returning
107013,28 May 2026,14,MALMÖ,burgers,265.0,57,Late,Returning
113458,2026-08-23,11,Stockholm ,Sushi,235 kr,40,Ontime,Returning
110625,16/07/2026,12,Malmö,Kebab,155.0,28,On time,Returning
103070,2026-04-05,17,stockholm,Burgers,330.0,32,ON TIME,returning
101232,11 Mar 2026,11,Malmö,Burgers ,204.0,45,On time,Returning
113211,2026-08-20,20,Göteborg ,Burgers,161.0,40,On time,New
109041,25 Jun 2026,16,Stockholm,Burgers,215,39,On time,Returning
110293,2026-07-12,15,STOCKHOLM,Burgers,188.0,26,On time,Returning
109566,2026-07-02,11,Stockholm,pizza,182.0,36,On Time,NEW
108618,2026-06-19,12,GÖTEBORG,INDIAN,166.0,43,On time,New
112562,2026-08-11,20,GÖTEBORG,Burgers,315 kr,25,On time,New
107135,2026-05-30,13,Stockholm,Pizza,267,28,On time, Returning
107421,03.06.2026,13,Göteborg,Pizza,236.0,32,On time,Returning
103469,2026-04-10,14,Uppsala,Vegan,"150,0",36,On time,Returning
100664,3 Mar 2026,17,Malmö,Thai,124.0,32,On time,Returning
104227,2026-04-20,10,uppsala,Burgers,285 kr,34,Ontime,Returning
108595,18 Jun 2026,19,Uppsala,Burgers,121.0,33,On time,New
109858,06/07/2026,19,Malmö,Burgers,315.0,32,On time,New
109908,2026-07-07,11,stockholm,Vegan,252.0,39,On Time,Returning
100569,02/03/2026,19,Stockholm,Vegan,164.0,29,On time,Returning
109589,2 Jul 2026,20,Uppsala,Pizza,196.0,36,On time,New
103560,2026-04-12,12,Göteborg,Burgers,"263,0",32,On time,New
111494,2026-07-28,17,Göteborg,Pizza,239.0,38,On time,Returning
107246,31/05/2026,20,malmö,Pizza,272.0,36,On time,New
103056,05.04.2026,14,Stockholm, Burgers,395,250,,Returning
107941,2026-06-10,10,GÖTEBORG,Burgers,"168,0",26,On time,RETURNING
112286,2026-08-07,9, Uppsala,Burgers,307 SEK,37,On time,Returning
105700,2026-05-10,14,Malmö,Thai,240.0,53, late, Returning
111633,2026-07-30,13,Göteborg,Burgers ,233 kr,44,On time, Returning
105636,2026-05-09,18,Lund,Thai,"415,0",43,On time,New
105931,14/05/2026,10,Stockholm,thai,309,51,Late,New
110433,14.07.2026,9, Göteborg,Thai,258.0,34,On time,Returning
102858,2026-04-02,13,Lund,Pizza,250.0,50,Late,Returning
112631,2026-08-12,21,Göteborg,Kebab,259.0,26,On time,New
109218,2026-06-27,12,Stockholm ,Burgers,"247,0",51,Late,Returning
100465,01/03/2026,12,Göteborg,sushi,"243,0",45,on time ,New
104299,21 Apr 2026,14,Uppsala,Pizza,288.0,36,On time,New
110710,18.07.2026,12,Göteborg,Thai,239.0,46,LATE,New 
112455,9 Aug 2026,18,Stockholm ,Pizza,210 SEK,39,ON TIME,New
111296,2026-07-25,14, Stockholm,Pizza,222.0,39,On Time,Returning
101683,2026-03-17,21, Lund,Indian,321,44,On time,Returning
105210,04.05.2026,19,Göteborg,Pizza,275 SEK,21,On time,Returning
101081,9 Mar 2026,20,Stockholm,Burgers,335.0,45,On time,New
103283,8 Apr 2026,21,Stockholm,Pizza,352,33,On time,New
112322,8 Aug 2026,17,Sthlm,Pizza,"204,0",32,On time,New
111189,2026-07-24,11,Stockholm,Sushi,222.0,37,On time,Returning
105843,2026-05-12,12,Uppsala,Burgers ,290.0,53,Late,Returning
104277,21.04.2026,10,Sthlm,Sushi,300 kr,40,On time,NEW
113078,2026-08-18,13,Göteborg,Pizza,203.0,41,On time,RETURNING
109420,2026-06-30,14, Stockholm, Kebab,257.0,39,On Time,New
100874,6 Mar 2026,17,Lund ,Burgers,143.0,30,On time,New
109644,2026-07-03,19,Stockholm,Sushi,"288,0",28,On time,New
112805,14 Aug 2026,11,Malmö,sushi,298.0,20,On time,Returning
100451,2026-03-01,18,Göteborg ,Vegan,264.0,37,On time,Returning
107779,7 Jun 2026,21,Malmö,Burgers,252.0,25,On time,New
102820,02/04/2026,18,Stockholm,Vegan,275.0,0,,Returning
110748,2026-07-18,19,Stockholm,Burgers,"224,0",32,On time,Returning
108905,23/06/2026,19,Göteborg,Burgers,240 kr,43,on time,Returning
102134,24 Mar 2026,23,Stockholm,Indian,192.0,20,Ontime,Returning
107629,06.06.2026,16,Göteborg,Pizza,"199,0",41,On time,Returning
105043,02.05.2026,14,Stockholm,Salad,"261,0",40,On time,Returning
111300,2026-07-25,21,Stockholm,Pizza,"169,0",26,ON TIME,Returning
111563,2026-07-29,20, Göteborg,Pizza,225,51, late,RETURNING
107891,2026-06-09,19,Stockholm,Thai,197.0,46,LATE,New
105795,11 May 2026,17,Lund,SUSHI,313,30,ON TIME,Returning
105003,2026-05-01,16,Uppsala,Indian,277,50, late,Returning
111963,2026-08-03,13,Stockholm,Burgers ,326,41,Ontime,Returning
103029,05.04.2026,18,göteborg,Vegan,254.0,44,On time,returning
109340,29.06.2026,16,Göteborg,Vegan,239.0,37,On time, Returning
112320,8 Aug 2026,11,Stockholm,Vegan,200.0,22,On time,returning
103633,2026-04-12,10,,Burgers,198.0,43,On time, new
106524,22.05.2026,11,Göteborg,Pizza,273.0,38,On time,Returning
108107,12/06/2026,23,stockholm, Pizza,321.0,36,Ontime,Returning
103102,2026-04-05,18,Uppsala,Vegan,254.0,43,On time,Returning
107668,2026-06-06,17,Stockholm,Pizza,148.0,36,On time,New
108488,17.06.2026,9,Göteborg,Pizza,SEK 237,20,Ontime,New
100466,2026-03-01,12,Göteborg,Burgers,174.0,27,On time,Returning
106591,22 May 2026,18,Uppsala, Burgers,241.0,30,On time,new
100858,2026-03-06,12,Malmö,Pizza,"221,0",41,On time,Returning
104108,2026-04-19,12,Stockholm,Kebab,204.0,36,on time,Returning
110773,2026-07-18,12,Malmö ,Thai ,293.0,28,On time,New
113145,19 Aug 2026,18, Göteborg,Burgers,216.0,52,late,NEW
103572,2026-04-12,12,Göteborg,salad,315.0,39,On time,Returning
109265,28/06/2026,11,Göteborg,Sushi,291,32,on time,Returning
107517,2026-06-04,12,Stockholm,Kebab ,244.0,48,Late,New
101697,18.03.2026,18,Göteborg,Pizza,348.0,42,on time,New
102007,2026-03-22,13,Stockholm,Indian,177.0,28,On time,Returning 
110356,2026-07-13,20,Göteborg,Thai,198.0,42,On time,New
112465,09/08/2026,11,Malmö,Indian,310,33,On time,New
101019,2026-03-08,9,Stockholm,Pizza,270.0,35,on time,Returning
110910,2026-07-20,11,Stockholm,Salad,318.0,53,Late,New
106792,2026-05-25,9,Stockholm,Vegan,348.0,32,On time,New
108815,21 Jun 2026,19,Malmö,Kebab,252,37,On time,New
105478,7 May 2026,12,Lund,Pizza,210.0,32,Ontime,New
108032,11.06.2026,18,Stockholm,Pizza,"301,0",25,On Time,New
100775,2026-03-05,13,Malmö,Thai,313.0,38,ON TIME,Returning
102230,2026-03-25,17,Stockholm,Sushi,SEK 300,63,Late,New
112541,2026-08-10,17,Malmö, Pizza,200.0,27,On time,New
104209,20/04/2026,17,Stockholm,Sushi,"226,0",40,On time,New
113381,2026-08-22,20,Stockholm,Kebab,236.0,42,Ontime,Returning
112010,2026-08-04,20,GÖTEBORG,Thai,293.0,32,On time,Returning
108428,2026-06-16,10,Stockholm,Indian,"271,0",38,ON TIME,Returning
112273,2026-08-07,18,Malmö,Indian,184 SEK,29,On time,Returning
101524,15 Mar 2026,23,Malmö,Burgers,"258,0",43,On time,Returning 
106071,2026-05-16,14,Göteborg,Pizza,265.0,19,On time,New
110790,18 Jul 2026,12,Uppsala,Indian,203.0,39,on time,New
108664,2026-06-19,20,Malmö,Sushi,114.0,32,Ontime,Returning
110970,2026-07-21,18,Göteborg,Pizza,307,33,On time,Returning
109383,29 Jun 2026,16,malmö,Kebab,189.0,41,On time,Returning 
101878,21 Mar 2026,13,Göteborg ,Pizza,241.0,54,Late,returning
101095,2026-03-09,20,Stockholm,Salad,150.0,33,On time,RETURNING
106133,16 May 2026,12,Lund,Burgers,265 SEK,42,On time,Returning
107265,31.05.2026,21,lund,Burgers,297.0,23,On Time, Returning
113258,2026-08-20,11, Malmö,Vegan,343.0,35,On time,Returning
111364,26 Jul 2026,16,Stockholm,Indian,239.0,34,On time,Returning
109204,27 Jun 2026,11,Stockholm,Burgers,220.0,48,Late,New
102678,2026-03-31,12,Stockholm,Pizza,373.0,34,on time,New
111961,2026-08-03,20,Stockholm ,Indian,"289,0",49,Late,Returning
101067,2026-03-09,20,Stockholm,Pizza,269.0,52,Late,Returning
111718,2026-07-31,13,Göteborg,Kebab,182.0,42,On time, Returning
101800,19 Mar 2026,10,Malmö,Sushi,321.0,56,Late,Returning
102474,28 Mar 2026,12,Lund,Kebab,234.0,47,Late,New
113248,2026-08-20,12,Stockholm,Vegan,329,39,on time ,New
105132,03/05/2026,15,Stockholm,SUSHI,235.0,40,on time ,Returning
104293,21/04/2026,11, Uppsala,burgers,172,37,On time,New
112615,2026-08-11,18, Lund,Burgers,231.0,24,On time,Returning
111416,2026-07-26,20,Lund ,Pizza,214.0,34,On time,Returning
107569,2026-06-05,12,Stockholm,Indian,272.0,40,On time,new
112565,11/08/2026,19,Göteborg ,Burgers,233.0,42,On time,Returning
104027,2026-04-18,10,Stockholm,Kebab,215.0,42,On time,New
110105,10 Jul 2026,18,Göteborg,Pizza,341.0,46,Late,New
101356,13/03/2026,18,Stockholm,Indian,"222,0",40,Ontime,Returning
109162,27 Jun 2026,11,Göteborg,Thai,426.0,39,On time,Returning
113494,23.08.2026,16,Malmö,Pizza,184.0,44,Ontime,New
104233,2026-04-20,12,Lund,Thai,235.0,24,On Time,Returning
103402,2026-04-09,13,Lund,VEGAN,340.0,44,On time,returning
111468,2026-07-27,17,malmö,Sushi,175.0,43,On time,Returning
100095,24.02.2026,18,Göteborg,INDIAN,268,34,on time,New
102479,2026-03-28,12, Lund,VEGAN,211,35,On time,Returning
108297,2026-06-14,11,Malmö,Pizza ,276,46,Late,New
110568,16.07.2026,12,Göteborg ,Thai,312.0,36,on time,Returning
105100,2026-05-03,17,Göteborg,Burgers,247.0,37,on time,Returning
102824,2026-04-02,21,Stockholm,Kebab,"261,0",0,,Returning
107002,2026-05-28,18,Stockholm,Vegan,311.0,38,Ontime,New
108983,2026-06-24,13,Stockholm,Indian,294,42,On time,New 
105631,2026-05-09,18,Uppsala,Sushi,267,33,On time,returning
102596,30.03.2026,18,Stockholm,Pizza,150.0,27,On time,New
101332,2026-03-13,17,GÖTEBORG,Kebab,215.0,33,On time,NEW
100542,2026-03-02,17,Göteborg ,Sushi,220,35,On time,New
103991,18 Apr 2026,19,Göteborg ,Vegan ,238.0,33,on time,Returning
100735,2026-03-04,13,,Sushi,319.0,45,on time ,New
102311,2026-03-26,15,Uppsala,Salad,259.0,23,On time,Returning
102877,2026-04-03,11,Göteborg, Sushi,221.0,29,On time,Returning
107962,10.06.2026,13,Stockholm,Sushi,291,47,Late,Returning
100521,01.03.2026,17,Uppsala,Burgers,296.0,49,Late,Returning
109744,2026-07-05,13,,Pizza,279 kr,45,on time ,Returning
101239,11 Mar 2026,15,Uppsala ,Sushi,275 SEK,32,on time ,Returning
107669,2026-06-06,13,Sthlm,Pizza,SEK 297,19,On time,Returning
102727,2026-04-01,12,Göteborg,Kebab,282.0,30,On time, Returning
101976,2026-03-22,23,göteborg,Kebab,261.0,35,On time,Returning
105894,13.05.2026,20,Malmö,Kebab,364 kr,41,On time,New
109224,27 Jun 2026,18,Stockholm,Sushi ,176,30,On time,Returning
109549,2026-07-02,19,Stockholm,Burgers,202.0,37,On time,Returning 
111525,2026-07-28,14,STOCKHOLM,kebab,301 kr,39,On time,New
105681,2026-05-10,12,Stockholm,Indian,196,38,On time,Returning
105056,2026-05-02,11,Malmö,Indian,"358,0",49,Late,RETURNING
112364,2026-08-08,20,Stockholm,Indian,SEK 205,-5,, new
106265,18/05/2026,13,Stockholm,Pizza,SEK 204,45,On time,Returning
108605,18/06/2026,13,Lund,Pizza,287.0,33,On time,Returning
108099,12/06/2026,13,Stockholm,Indian,179.0,36,On time,Returning
110447,14 Jul 2026,13,STOCKHOLM,KEBAB,215,31,On time,New
106883,2026-05-26,17,Malmö,Burgers,212,34,On time,Returning
108048,2026-06-11,13,MALMÖ, Pizza,269,40,On time,New
103959,17/04/2026,17,Stockholm,Burgers,275.0,40,on time,Returning
113046,2026-08-17,18,Malmö,Vegan,228,44,on time ,returning
108086,2026-06-12,11,göteborg,THAI,234.0,38,On time,Returning
104662,2026-04-26,22,Lund,Indian,336 SEK,24,On time,Returning
100714,04.03.2026,13,stockholm, Pizza,202 kr,42,On time,Returning
106172,2026-05-17,14,Stockholm,Pizza,272.0,31,Ontime,Returning
107221,31 May 2026,12,Stockholm,Kebab,242,30,on time ,RETURNING
100661,3 Mar 2026,13,Malmö,Salad,255,44,On time,New
104024,2026-04-18,20,Stockholm,Pizza,240.0,24,On time,Returning
110523,15.07.2026,20,stockholm,Vegan ,315.0,32,On time,Returning
100219,25.02.2026,12,Lund,Vegan,"247,0",33,On time,New
111294,2026-07-25,13,STOCKHOLM,Kebab,"285,0",15,On time,Returning
113131,2026-08-18,11,Uppsala,pizza,243.0,25,On time, Returning
108022,2026-06-11,12,Stockholm,Pizza,186 SEK,46,Late,Returning
108816,2026-06-21,14,Malmö,Burgers,SEK 275,39,On time,New
102932,2026-04-04,20,Göteborg,Vegan,"326,0",53,Late,New
108037,11/06/2026,13,STOCKHOLM,Sushi,265 SEK,46,Late,New
111527,2026-07-28,12,Stockholm,Pizza,234.0,33,On time,New 
109363,2026-06-29,17,Stockholm,Vegan,186 SEK,42,On time,Returning
113040,2026-08-17,13,Malmö,Thai,219 SEK,47,Late ,returning
105233,2026-05-04,12,STOCKHOLM,Burgers,274,48,LATE,returning
102584,2026-03-30,19, Göteborg,Burgers,335.0,38,On time,Returning
101496,2026-03-15,12,Stockholm,Indian,274.0,34,On time,Returning
104074,19 Apr 2026,11,Göteborg,Burgers ,365.0,39,On time,New 
106138,16.05.2026,18,Lund,Thai,"240,0",32,On time,Returning
100977,2026-03-08,11,Göteborg,Pizza,201.0,40,On time,RETURNING
101703,18.03.2026,21,Stockholm,Pizza,"206,0",40,ON TIME,Returning
108029,2026-06-11,17,Stockholm,Sushi,"265,0",44,On time,Returning
103659,2026-04-13,11,göteborg,Thai,212.0,38,On time,Returning
113293,21.08.2026,12,GÖTEBORG,Sushi,284.0,24,On Time,Returning
113424,22 Aug 2026,11,Uppsala,Sushi,"265,0",27,On Time,Returning
102745,01/04/2026,18,Stockholm,Pizza,197.0,41,on time,Returning
101757,2026-03-19,18,Göteborg,Pizza,234 SEK,48,Late,Returning
108961,24/06/2026,17,Göteborg,vegan,291 kr,21,On time,RETURNING
102607,2026-03-30,11,Stockholm,Burgers,283.0,38,On time,Returning
109445,2026-06-30,17,Malmö,Burgers,296,51,Late,New
103122,2026-04-06,13,Göteborg,Pizza,265 kr,37,On time,Returning
102008,22.03.2026,16,Stockholm,Indian,358 kr,39,On time,Returning
104336,2026-04-22,20,Stockholm,salad,288,31,On Time,New
104156,2026-04-19,18, Uppsala,Pizza,SEK 256,41,on time ,Returning 
107650,06/06/2026,19,Stockholm,Burgers,277.0,26,On time,New
112939,16 Aug 2026,12,Stockholm,Burgers,197.0,44,On time,New 
108039,2026-06-11,15,Stockholm,Pizza,189,32,On time,RETURNING
110219,2026-07-11,20,Sthlm,SUSHI,"310,0",15,On time, new
110469,14 Jul 2026,13,Malmö,Sushi,SEK 211,39,On time, Returning
109366,29/06/2026,19,Stockholm,Burgers,198.0,39,On time,Returning
110189,11 Jul 2026,23,,Thai,369.0,31,On time,Returning
100810,2026-03-06,17,Göteborg,Thai,304,42,ON TIME,New
106114,2026-05-16,11,Malmö, Kebab,273 kr,33,On time,Returning
100996,2026-03-08,14,Stockholm,Burgers,"297,0",27,On time,Returning
101858,20.03.2026,14,Malmö,Kebab,217.0,18,On time,Returning
108790,21 Jun 2026,18,Stockholm,Pizza,321 kr,48,Late,NEW
108527,17.06.2026,19,Malmö,Burgers,217,27,On time,Returning
110275,2026-07-12,10,Göteborg,Pizza,293 kr,28,ON TIME,New
112040,2026-08-04,12,Stockholm,Pizza,203 kr,40,On time,Returning
102683,31 Mar 2026,11,Stockholm,Burgers,225.0,36,On time,Returning
104972,1 May 2026,15,Stockholm,Burgers,SEK 224,40,On time,Returning
103374,2026-04-09,12,Stockholm,Sushi,292.0,43,On time,Returning
112469,9 Aug 2026,11,Malmö, Sushi,SEK 231,46,Late,New 
105651,2026-05-10,15,GÖTEBORG,Pizza,155.0,26,Ontime,Returning
102493,29 Mar 2026,12,Göteborg,Salad,"340,0",40,On time,New
104113,19 Apr 2026,14, Stockholm,Burgers,251.0,46,Late,Returning
104811,2026-04-29,19,Stockholm, Pizza,280.0,0,,NEW
109473,1 Jul 2026,19,Gbg,PIZZA,SEK 277,38,on time ,Returning
101037,2026-03-08,18,Uppsala,Burgers,309.0,28,Ontime,Returning
102207,2026-03-25,19,Göteborg,Pizza,293.0,35,Ontime,Returning
106417,20/05/2026,18,STOCKHOLM,Pizza,256 kr,36,On time,New
102609,30.03.2026,11,Stockholm,Kebab,233.0,51,Late,New
106784,2026-05-25,18,Stockholm, Kebab,186,31,On time,New
107534,4 Jun 2026,9,Uppsala,Burgers,SEK 210,45,On time,Returning
107696,2026-06-06,13,Uppsala,Pizza ,203.0,999,,Returning
105901,13.05.2026,10,Malmö,Kebab,336.0,31,On time,Returning
109265,2026-06-28,11,Göteborg,Sushi,291,32,On time,Returning
103422,2026-04-10,18,Gbg,Burgers,"240,0",36,On time,Returning
105207,2026-05-04,13,Göteborg,Sushi ,202.0,43,On time,Returning
104249,21/04/2026,13,Göteborg,sushi,255.0,48,Late,Returning
100582,02.03.2026,13,Malmö,Salad,202.0,29,On time,New
106702,2026-05-24,13,Sthlm,Indian,241.0,29,ON TIME,New
111618,2026-07-29,18,lund,Salad,218.0,39,On time,Returning
111308,2026-07-25,23,Malmö,Sushi,211 SEK,42,On time,New
105621,2026-05-09,15,MALMÖ,Vegan,186.0,29,On time,Returning
107713,2026-06-07,18,Göteborg,Pizza,248.0,999,,RETURNING
109302,28.06.2026,20,Malmö,Pizza,192 SEK,43,On time,Returning
102194,2026-03-25,14,Gbg,Sushi,233.0,52,Late,New
100248,2026-02-26,12,STOCKHOLM,Burgers,280 SEK,46,Late,Returning
105274,04.05.2026,12,Uppsala,SUSHI,226 kr,28,On time,New
110338,2026-07-12,17,Uppsala,Burgers,270.0,45,On time,RETURNING
106276,2026-05-18,12,Stockholm,Burgers,319.0,42,On time,New 
103796,14/04/2026,17,Lund,Pizza,383.0,34,On time,New
100017,23.02.2026,18,Göteborg,Pizza,277.0,45,On time,Returning
105827,2026-05-12,12, Stockholm,Burgers,189.0,32,On Time,Returning
109480,2026-07-01,19,Göteborg,Burgers,245.0,50, late,Returning
108414,16 Jun 2026,20,Gbg,Sushi,300.0,29,On time,NEW
107403,2026-06-02,12, Lund,Vegan,"259,0",52,Late ,RETURNING
111640,2026-07-30,9,Sthlm,Kebab,340.0,50, late,Returning
104332,2026-04-22,11,Stockholm,Pizza,279.0,47,Late,New
104884,30.04.2026,11,Stockholm,pizza,282.0,27,On time,returning
109143,2026-06-26,9,Uppsala ,Burgers,242.0,45,On Time,returning
113168,2026-08-19,12,Stockholm,Salad,"341,0",35,On time,Returning
109783,5 Jul 2026,18,Stockholm,Pizza,"204,0",23,On time,Returning
101628,2026-03-17,11,Göteborg,Thai,306.0,39,On time,Returning
101306,2026-03-12,11,MALMÖ,Vegan,244,39,On time,Returning
105116,03/05/2026,19, Göteborg,Kebab,347.0,34,On time,Returning
104846,29 Apr 2026,15,Malmö,Thai,276 kr,35,On time, Returning
108364,2026-06-15,20,Sthlm,Burgers,310.0,33,On time,New
113002,17.08.2026,18,Göteborg,Sushi,"293,0",43,On time,Returning
101171,2026-03-10,21,Malmö, Pizza,217.0,38,ON TIME,Returning
109912,2026-07-07,17,Stockholm,Burgers,169.0,25,On time,Returning
102020,2026-03-22,16, Malmö,Burgers,197.0,27,On time,Returning 
107773,7 Jun 2026,17,Malmö,Sushi,275.0,40,On time,Returning
107531,2026-06-04,12,Malmö,Sushi,281,48, late,Returning
108205,2026-06-13,14,Malmö,Burgers,238,42,Ontime,Returning
112949,2026-08-16,10,Stockholm, Sushi,249.0,20,On time,Returning 
110579,2026-07-16,11,,Thai,SEK 371,49,Late,Returning
103616,12 Apr 2026,16,Malmö,Sushi,314.0,21,On time,New
102578,2026-03-30,12,Göteborg,Sushi,237 kr,46,Late,Returning
109239,2026-06-27,20,Uppsala,Sushi,163.0,22,On time,new
110890,2026-07-20,11,Göteborg, Indian,241.0,47,Late,New
100252,26.02.2026,13,Stockholm,Indian,350.0,37,On time,Returning
110847,2026-07-19,13,Stockholm, Thai,185,36,ON TIME,New
113300,2026-08-21,10,göteborg,Kebab,"200,0",29,On Time,New
112464,2026-08-09,16,Malmö,Indian,312,39,On time,Returning 
108406,16/06/2026,13,Göteborg,Burgers,262.0,33,ON TIME,Returning
108142,2026-06-12,11,Lund,Burgers,188.0,38,On time,Returning
107155,2026-05-30,17,Malmö,Burgers,"278,0",38,On time,Returning
104019,2026-04-18,11,Stockholm,Salad,288 kr,31,on time,New
112677,2026-08-12,13,Uppsala, Thai,205.0,38,On time,Returning
104043,2026-04-18,10,Malmö, Pizza,259 kr,42,On time,Returning
103224,2026-04-07,13,Stockholm,Vegan,254,35,Ontime,Returning
101735,2026-03-18,11,uppsala,Burgers,159.0,44,on time,Returning
106409,2026-05-20,16,Stockholm, Indian,199,-5,,New
107932,10 Jun 2026,9,Göteborg,Sushi,195.0,18,On time,Returning
106836,2026-05-26,19,Göteborg ,Pizza,259.0,23,on time,Returning
105799,2026-05-12,11, Göteborg,Pizza,"221,0",26,On time,Returning
110147,2026-07-10,21,Malmö,Burgers,SEK 315,35,On time,Returning
104911,30.04.2026,20,Malmö,Pizza,149.0,39,On time,New
110887,19.07.2026,22,Lund,Salad,293.0,39,On time,New
100830,6 Mar 2026,11,Stockholm, Burgers,186.0,39,On time,Returning
108710,20.06.2026,12,Stockholm,Kebab,317.0,41,On time,New
106056,2026-05-15,16,Lund ,Pizza,277,43,On time,New
103331,2026-04-09,12,Göteborg,Pizza,299.0,38,On time,Returning
112524,2026-08-10,16,Stockholm,Pizza,198.0,37,On time,New
110273,2026-07-12,17,Göteborg,Pizza,"263,0",48,Late,Returning
103932,17.04.2026,14,Göteborg, Vegan,422.0,42,On time, Returning
104302,2026-04-21,19,Lund,Pizza,308.0,55,Late,Returning
103891,2026-04-16,21,Stockholm, Kebab,"264,0",39,On time, new
111234,2026-07-24,10,Uppsala, Burgers,294.0,29,On time,Returning
104308,22.04.2026,17,Göteborg,Kebab,244.0,60,LATE,New
112331,08.08.2026,17,Stockholm,Thai,192.0,45,On time,New
110557,15 Jul 2026,11,Uppsala,Thai,214.0,33,On time,Returning
104232,2026-04-20,11,Lund,Thai,275 SEK,36,ON TIME,Returning
101150,10/03/2026,13,Stockholm ,SALAD,255,39,On Time,New
106384,20.05.2026,12,Göteborg ,Sushi,352.0,31,on time ,Returning
108957,23 Jun 2026,18,Lund,thai,206.0,39,On time,New
109424,2026-06-30,11,Stockholm,Pizza,243.0,43,On time,Returning
105964,2026-05-14,18,Stockholm,Pizza,220 kr,28,ON TIME,Returning
107237,31 May 2026,18,stockholm,Indian,"148,0",32,On time,Returning
111439,27/07/2026,20,Göteborg,Burgers,290,35,On Time,New
105086,2026-05-02,13,Lund,Burgers,132.0,30,On time,Returning
107978,2026-06-10,9,Malmö,Sushi,264 SEK,31,on time,Returning
110037,2026-07-09,23,Göteborg,Burgers,"345,0",38,Ontime,Returning
100260,26/02/2026,19,Stockholm,THAI,133.0,28,On time,New
113291,2026-08-21,14,Göteborg,Pizza,202.0,55,late,New
106812,25/05/2026,12,Malmö,Pizza,258.0,33,On time,NEW
104025,2026-04-18,17,Stockholm,PIZZA,246,41,On time, Returning
105957,2026-05-14,16,Stockholm,PIZZA,219.0,61,Late,New
104375,2026-04-22,13,Uppsala,Thai ,168.0,39,On time, Returning
107446,2026-06-03,19,Stockholm ,Burgers,290,58,Late,Returning
100093,2026-02-24,20,GÖTEBORG,Pizza,145,37,On time,Returning
106955,2026-05-27,19,Malmö,Kebab,219.0,35,Ontime,Returning
107393,2026-06-02,13, Uppsala,Burgers,192.0,39,On time,Returning
105261,2026-05-04,10,Malmö, Indian,195.0,32,On time,New
103202,2026-04-07,13,Stockholm,Vegan,313.0,40,On time,New
105528,08.05.2026,19,Malmö,Pizza,"387,0",37,On time,Returning
107214,2026-05-31,10,Stockholm,PIZZA,279,57,Late,Returning
110531,15/07/2026,19,Stockholm, Indian,244 SEK,36,On time,Returning
101877,2026-03-20,15, Lund,Pizza,"298,0",32,On time,NEW
103400,9 Apr 2026,20,Lund,THAI,"348,0",29,On time,New
103034,2026-04-05,17,Göteborg,Indian,262.0,30,On time,Returning
106561,2026-05-22,13,Stockholm,Thai,316.0,22,On time,RETURNING
111975,3 Aug 2026,18,Sthlm,Sushi,290 SEK,32,On time,Returning 
109793,05.07.2026,16,Malmö,Burgers,248,22,On Time,Returning
111412,2026-07-26,17,uppsala,Burgers,332 SEK,38,On time,returning
112020,2026-08-04,13,Göteborg ,Indian,253,43,On time,Returning 
108974,24 Jun 2026,13,Göteborg,PIZZA,152.0,32,On time,Returning
100537,02.03.2026,11,Göteborg,Salad,230.0,22,ON TIME,Returning
108720,20 Jun 2026,23,Stockholm,salad,188.0,39,On time,New
111200,2026-07-24,19,Stockholm,Salad,166,49,Late,Returning
113460,2026-08-23,18,STOCKHOLM,Burgers,195 SEK,42,On time,Returning
106619,23/05/2026,12,Stockholm,Sushi,253 kr,31,On time,Returning
102483,2026-03-29,19,Göteborg,Pizza,153.0,44,On time,RETURNING
101810,2026-03-19,11, Uppsala,pizza,172.0,50,LATE,New
111186,24 Jul 2026,17,Stockholm,Thai,224.0,45,On Time,New
113065,2026-08-18,19,Göteborg,Indian,305.0,20,On time,New
106547,2026-05-22,10,stockholm,Kebab,SEK 290,40,On time,Returning
106252,2026-05-18,21,GÖTEBORG,Burgers,"284,0",33,On time,New
101414,14/03/2026,22,Stockholm,PIZZA,326.0,40,On time,New
111986,03.08.2026,20,Malmö,Indian,325 kr,26,On time,Returning
103662,2026-04-13,16,Göteborg,Indian,225.0,43,On time,Returning
105333,05.05.2026,13,Uppsala,Sushi,375 SEK,40,On time,Returning 
111798,1 Aug 2026,17,Sthlm, Burgers,270,49,Late,New
113125,2026-08-18,12,Malmö,Kebab,347.0,35,On time,returning
107961,2026-06-10,12,Stockholm,Burgers,"273,0",35,On time,New
102017,22/03/2026,12,Malmö ,Indian,223.0,44,On time,New
109260,2026-06-28,19, Göteborg,Thai,239,37,On time,RETURNING
102028,2026-03-22,12, Uppsala,Pizza,279.0,37,On time,Returning
111370,26 Jul 2026,22,Stockholm,Salad,190.0,52,Late,Returning
105937,14 May 2026,12,Stockholm,Thai,259,41,On time,New
113274,2026-08-20,20,Uppsala,Indian,297.0,28,On time,RETURNING
105778,11 May 2026,18,Malmö,Burgers,223.0,52,Late,Returning
106950,27 May 2026,12,Malmö,Vegan,176 kr,27,On time,new
112812,14.08.2026,20,Uppsala,Salad,209.0,44,On time,Returning 
109100,26 Jun 2026,16, Göteborg,Indian,338,999,,Returning
107758,2026-06-07,18,STOCKHOLM,Salad,312,26,On time,new
103052,05.04.2026,13,Stockholm, Kebab,183.0,26,On time,Returning
112070,2026-08-04,14,Lund,sushi,SEK 301,61,Late,Returning
106016,2026-05-15,13,Sthlm,Pizza,272.0,43,On time,Returning
107488,2026-06-04,20, Göteborg,Indian,267.0,36,On time,New
109250,2026-06-27,19,,Vegan,417.0,34,On time,Returning
111562,2026-07-29,18, Göteborg,Burgers,261,56,Late,Returning
106096,2026-05-16,23,Stockholm,Thai,220.0,38,on time,Returning
